 
****************************************
Report : reference
Design : system
Version: X-2025.06-SP1
Date   : Fri Oct 31 17:32:26 2025
****************************************

Attributes:
    b - black box (unknown)
   bo - allows boundary optimization
    d - dont_touch
   mo - map_only
    h - hierarchical
    n - noncombinational
    r - removable
    s - synthetic operator
    u - contains unmapped logic

Reference          Library       Unit Area   Count    Total Area   Attributes
-----------------------------------------------------------------------------
SAEDHVT14_BUF_S_0P75 saed14hvt_tt0p8v25c     0.266400       1     0.266400
SAEDHVT14_INV_0P5  saed14hvt_tt0p8v25c     0.177600       1     0.177600
SAEDRVT14_INV_0P5  saed14rvt_tt0p8v25c     0.177600       1     0.177600
SAEDRVT14_INV_S_0P75 saed14rvt_tt0p8v25c     0.177600       1     0.177600
a25_core_0                    28828.883533       1  28828.883533  b, h, n
a25_core_1                    28809.169939       1  28809.169939  b, h, n
boot_mem_wrapper              21355.076031       1  21355.076031  b, h, n
clocks_resets                     3.862800       1      3.862800  h, n
eth_top                        7152.147254       1   7152.147254  b, h, n
generic_iobuf                  5000.444000       1   5000.444000  h, n
interrupt_controller_0          290.375997       1    290.375997  h, n
interrupt_controller_1          290.331597       1    290.331597  h, n
test_module                     161.127599       1    161.127599  h, n
timer_module                    467.798394       1    467.798394  h, n
uart_0                          724.297187       1    724.297187  h, n
uart_1                          724.208387       1    724.208387  h, n
wb_rr_arb2                       69.264000       1     69.264000  h, n
wishbone_arbiter                219.247204       1    219.247204  h, n
-----------------------------------------------------------------------------
Total 18 references                                 94097.033124

****************************************
Design: a25_core_0 
****************************************
Reference          Library       Unit Area   Count    Total Area   Attributes
-----------------------------------------------------------------------------
SAEDHVT14_BUF_U_0P5 saed14hvt_tt0p8v25c     0.266400       2     0.532800
SAEDHVT14_INV_0P5  saed14hvt_tt0p8v25c     0.177600       2     0.355200
SAEDHVT14_MUX2_U_0P5 saed14hvt_tt0p8v25c     0.444000       1     0.444000
SAEDHVT14_ND2_CDC_0P5 saed14hvt_tt0p8v25c     0.222000       1     0.222000
SAEDLVT14_AO21B_0P5 saed14lvt_tt0p8v25c     0.355200       8     2.841600
SAEDLVT14_BUF_1P5  saed14lvt_tt0p8v25c     0.310800       1     0.310800
SAEDLVT14_BUF_U_0P5 saed14lvt_tt0p8v25c     0.266400       2     0.532800
SAEDLVT14_MUX2_U_0P5 saed14lvt_tt0p8v25c     0.444000      27    11.988000
SAEDLVT14_ND2B_U_0P5 saed14lvt_tt0p8v25c     0.310800       1     0.310800
SAEDLVT14_OR2_1    saed14lvt_tt0p8v25c     0.310800       1     0.310800
SAEDRVT14_MUX2_U_0P5 saed14rvt_tt0p8v25c     0.444000       4     1.776000
a25_coprocessor_0               317.371193       1    317.371193  h, n
a25_decode_0                   1048.017588       1   1048.017588  h, n
a25_execute_0                  4882.135127       1   4882.135127  h, n
a25_fetch_0                   11025.478615       1  11025.478615  b, h, n
a25_mem_0                     11128.042613       1  11128.042613  b, h, n
a25_wishbone_0                  344.987997       1    344.987997  h, n
a25_write_back_0                 63.225600       1     63.225600  h, n
-----------------------------------------------------------------------------
Total 18 references                                 28828.883533

****************************************
Design: a25_coprocessor_0 
****************************************
Reference          Library       Unit Area   Count    Total Area   Attributes
-----------------------------------------------------------------------------
SAEDHVT14_AO32_U_0P5 saed14hvt_tt0p8v25c     0.444000      15     6.660000
SAEDHVT14_BUF_U_0P5 saed14hvt_tt0p8v25c     0.266400       6     1.598400
SAEDHVT14_FDPQB_V2LP_0P5 saed14hvt_tt0p8v25c     0.843600       5     4.218000 n
SAEDHVT14_FDPQB_V2LP_1 saed14hvt_tt0p8v25c     0.843600      31    26.151599 n
SAEDHVT14_FDPQB_V3_1 saed14hvt_tt0p8v25c     0.976800       5     4.884000 n
SAEDHVT14_INV_0P5  saed14hvt_tt0p8v25c     0.177600     106    18.825600
SAEDHVT14_ND2_CDC_0P5 saed14hvt_tt0p8v25c     0.222000       5     1.110000
SAEDHVT14_ND2_MM_0P5 saed14hvt_tt0p8v25c     0.310800       9     2.797200
SAEDHVT14_ND3B_0P75 saed14hvt_tt0p8v25c     0.532800       1     0.532800
SAEDHVT14_NR2_MM_0P5 saed14hvt_tt0p8v25c     0.222000       4     0.888000
SAEDHVT14_OA22_U_0P5 saed14hvt_tt0p8v25c     0.399600      16     6.393600
SAEDHVT14_OAI22_0P5 saed14hvt_tt0p8v25c     0.310800       8     2.486400
SAEDHVT14_OAI32_0P5 saed14hvt_tt0p8v25c     0.577200       1     0.577200
SAEDHVT14_OR2_MM_0P5 saed14hvt_tt0p8v25c     0.310800       1     0.310800
SAEDLVT14_AO21B_0P5 saed14lvt_tt0p8v25c     0.355200       1     0.355200
SAEDLVT14_AO32_U_0P5 saed14lvt_tt0p8v25c     0.444000       8     3.552000
SAEDLVT14_AOI21_0P75 saed14lvt_tt0p8v25c     0.266400       8     2.131200
SAEDLVT14_BUF_ECO_1 saed14lvt_tt0p8v25c     0.266400       4     1.065600
SAEDLVT14_BUF_S_0P75 saed14lvt_tt0p8v25c     0.266400       3     0.799200
SAEDLVT14_BUF_U_0P5 saed14lvt_tt0p8v25c     0.266400      16     4.262400
SAEDLVT14_FDPQB_V2LP_1 saed14lvt_tt0p8v25c     0.843600     125   105.449997 n
SAEDLVT14_FDP_V2_1 saed14lvt_tt0p8v25c     0.932400      37    34.498800 n
SAEDLVT14_INV_0P5  saed14lvt_tt0p8v25c     0.177600      45     7.992000
SAEDLVT14_INV_0P75 saed14lvt_tt0p8v25c     0.177600       1     0.177600
SAEDLVT14_ND2B_U_0P5 saed14lvt_tt0p8v25c     0.310800       5     1.554000
SAEDLVT14_ND2_CDC_0P5 saed14lvt_tt0p8v25c     0.222000      42     9.324000
SAEDLVT14_NR2_MM_0P5 saed14lvt_tt0p8v25c     0.222000      28     6.216000
SAEDLVT14_NR2_MM_1 saed14lvt_tt0p8v25c     0.222000       1     0.222000
SAEDLVT14_NR3B_U_0P5 saed14lvt_tt0p8v25c     0.532800       1     0.532800
SAEDLVT14_OAI21_0P5 saed14lvt_tt0p8v25c     0.266400      13     3.463200
SAEDLVT14_OAI22_0P5 saed14lvt_tt0p8v25c     0.310800     152    47.241598
SAEDLVT14_OAI22_1  saed14lvt_tt0p8v25c     0.310800       3     0.932400
SAEDLVT14_OR3_0P5  saed14lvt_tt0p8v25c     0.355200       4     1.420800
SAEDLVT14_OR4_1    saed14lvt_tt0p8v25c     0.399600       3     1.198800
SAEDRVT14_AN2_MM_0P5 saed14rvt_tt0p8v25c     0.310800       1     0.310800
SAEDRVT14_BUF_ECO_1 saed14rvt_tt0p8v25c     0.266400       1     0.266400
SAEDRVT14_FDPQB_V3_1 saed14rvt_tt0p8v25c     0.976800       2     1.953600 n
SAEDRVT14_FDP_V2LP_0P5 saed14rvt_tt0p8v25c     0.932400       1     0.932400 n
SAEDRVT14_FDP_V2LP_1 saed14rvt_tt0p8v25c     0.932400       2     1.864800 n
SAEDRVT14_INV_0P5  saed14rvt_tt0p8v25c     0.177600       6     1.065600
SAEDRVT14_ND2_ECO_1 saed14rvt_tt0p8v25c     0.355200       1     0.355200
SAEDRVT14_OR3_1    saed14rvt_tt0p8v25c     0.355200       1     0.355200
SAEDRVT14_OR4_2    saed14rvt_tt0p8v25c     0.444000       1     0.444000
-----------------------------------------------------------------------------
Total 43 references                                   317.371193

****************************************
Design: a25_decode_0 
****************************************
Reference          Library       Unit Area   Count    Total Area   Attributes
-----------------------------------------------------------------------------
SAEDHVT14_AN2B_MM_6 saed14hvt_tt0p8v25c     0.710400       1     0.710400
SAEDHVT14_AN2_MM_0P5 saed14hvt_tt0p8v25c     0.310800       1     0.310800
SAEDHVT14_AN3_0P5  saed14hvt_tt0p8v25c     0.355200       1     0.355200
SAEDHVT14_AN4_0P75 saed14hvt_tt0p8v25c     0.399600       1     0.399600
SAEDHVT14_AN4_2    saed14hvt_tt0p8v25c     0.444000       1     0.444000
SAEDHVT14_AO2BB2_0P5 saed14hvt_tt0p8v25c     0.621600       2     1.243200
SAEDHVT14_AO2BB2_V1_1 saed14hvt_tt0p8v25c     0.621600       1     0.621600
SAEDHVT14_AO22_1   saed14hvt_tt0p8v25c     0.532800       2     1.065600
SAEDHVT14_AO32_U_0P5 saed14hvt_tt0p8v25c     0.444000      40    17.760000
SAEDHVT14_AOI21_0P5 saed14hvt_tt0p8v25c     0.266400       5     1.332000
SAEDHVT14_BUF_S_0P75 saed14hvt_tt0p8v25c     0.266400       1     0.266400
SAEDHVT14_BUF_S_3  saed14hvt_tt0p8v25c     0.399600       1     0.399600
SAEDHVT14_BUF_U_0P5 saed14hvt_tt0p8v25c     0.266400       9     2.397600
SAEDHVT14_EO2_V1_0P75 saed14hvt_tt0p8v25c     0.444000       1     0.444000
SAEDHVT14_FDPQB_V2LP_0P5 saed14hvt_tt0p8v25c     0.843600       7     5.905200 n
SAEDHVT14_FDPQB_V2LP_1 saed14hvt_tt0p8v25c     0.843600      45    37.961999 n
SAEDHVT14_FDPQB_V3_1 saed14hvt_tt0p8v25c     0.976800       8     7.814400 n
SAEDHVT14_FDP_V2LP_0P5 saed14hvt_tt0p8v25c     0.932400      12    11.188800 n
SAEDHVT14_FDP_V2LP_1 saed14hvt_tt0p8v25c     0.932400       1     0.932400 n
SAEDHVT14_INV_0P5  saed14hvt_tt0p8v25c     0.177600     182    32.323199
SAEDHVT14_INV_0P75 saed14hvt_tt0p8v25c     0.177600       2     0.355200
SAEDHVT14_ND2_CDC_0P5 saed14hvt_tt0p8v25c     0.222000       5     1.110000
SAEDHVT14_ND2_MM_0P5 saed14hvt_tt0p8v25c     0.310800      22     6.837600
SAEDHVT14_NR2_MM_0P5 saed14hvt_tt0p8v25c     0.222000      16     3.552000
SAEDHVT14_NR3B_0P75 saed14hvt_tt0p8v25c     0.577200       1     0.577200
SAEDHVT14_OA21B_1  saed14hvt_tt0p8v25c     0.355200       2     0.710400
SAEDHVT14_OA21_1   saed14hvt_tt0p8v25c     0.355200       1     0.355200
SAEDHVT14_OA22_U_0P5 saed14hvt_tt0p8v25c     0.399600      12     4.795200
SAEDHVT14_OA31_1   saed14hvt_tt0p8v25c     0.399600       4     1.598400
SAEDHVT14_OAI21_0P5 saed14hvt_tt0p8v25c     0.266400       6     1.598400
SAEDHVT14_OAI22_0P5 saed14hvt_tt0p8v25c     0.310800      28     8.702400
SAEDHVT14_OR3_0P5  saed14hvt_tt0p8v25c     0.355200       2     0.710400
SAEDHVT14_OR4_1    saed14hvt_tt0p8v25c     0.399600       1     0.399600
SAEDLVT14_ADDF_V1_1 saed14lvt_tt0p8v25c     1.021200       1     1.021200 r
SAEDLVT14_AN2B_MM_1 saed14lvt_tt0p8v25c     0.399600       2     0.799200
SAEDLVT14_AN2_MM_0P5 saed14lvt_tt0p8v25c     0.310800       5     1.554000
SAEDLVT14_AN3_0P5  saed14lvt_tt0p8v25c     0.355200       8     2.841600
SAEDLVT14_AN3_0P75 saed14lvt_tt0p8v25c     0.355200       1     0.355200
SAEDLVT14_AN3_2    saed14lvt_tt0p8v25c     0.399600       1     0.399600
SAEDLVT14_AN4_0P75 saed14lvt_tt0p8v25c     0.399600       8     3.196800
SAEDLVT14_AO2BB2_0P5 saed14lvt_tt0p8v25c     0.621600       4     2.486400
SAEDLVT14_AO2BB2_V1_0P5 saed14lvt_tt0p8v25c     0.621600       1     0.621600
SAEDLVT14_AO2BB2_V1_2 saed14lvt_tt0p8v25c     0.666000       1     0.666000
SAEDLVT14_AO21B_0P5 saed14lvt_tt0p8v25c     0.355200       8     2.841600
SAEDLVT14_AO21_1   saed14lvt_tt0p8v25c     0.355200       5     1.776000
SAEDLVT14_AO21_U_0P5 saed14lvt_tt0p8v25c     0.355200      43    15.273600
SAEDLVT14_AO22_0P5 saed14lvt_tt0p8v25c     0.532800      10     5.328000
SAEDLVT14_AO32_U_0P5 saed14lvt_tt0p8v25c     0.444000      73    32.412000
SAEDLVT14_AO221_0P5 saed14lvt_tt0p8v25c     0.488400       7     3.418800
SAEDLVT14_AO221_1  saed14lvt_tt0p8v25c     0.488400       8     3.907200
SAEDLVT14_AO221_2  saed14lvt_tt0p8v25c     0.577200       3     1.731600
SAEDLVT14_AOI21_0P5 saed14lvt_tt0p8v25c     0.266400       4     1.065600
SAEDLVT14_AOI21_0P75 saed14lvt_tt0p8v25c     0.266400     195    51.948002
SAEDLVT14_AOI21_1  saed14lvt_tt0p8v25c     0.310800       2     0.621600
SAEDLVT14_AOI31_0P75 saed14lvt_tt0p8v25c     0.488400       1     0.488400
SAEDLVT14_BUF_1P5  saed14lvt_tt0p8v25c     0.310800       2     0.621600
SAEDLVT14_BUF_ECO_1 saed14lvt_tt0p8v25c     0.266400       5     1.332000
SAEDLVT14_BUF_ECO_2 saed14lvt_tt0p8v25c     0.488400       1     0.488400
SAEDLVT14_BUF_S_0P75 saed14lvt_tt0p8v25c     0.266400       7     1.864800
SAEDLVT14_BUF_S_3  saed14lvt_tt0p8v25c     0.399600       1     0.399600
SAEDLVT14_BUF_U_0P5 saed14lvt_tt0p8v25c     0.266400      10     2.664000
SAEDLVT14_CLKSPLT_1 saed14lvt_tt0p8v25c     1.154400       6     6.926400
SAEDLVT14_EO2_0P5  saed14lvt_tt0p8v25c     0.488400       1     0.488400
SAEDLVT14_EO2_V1_0P75 saed14lvt_tt0p8v25c     0.444000       2     0.888000
SAEDLVT14_FDPQB_V2LP_1 saed14lvt_tt0p8v25c     0.843600     226   190.653594 n
SAEDLVT14_FDPQB_V3_1 saed14lvt_tt0p8v25c     0.976800       5     4.884000 n
SAEDLVT14_FDP_V2LP_1 saed14lvt_tt0p8v25c     0.932400      19    17.715600 n
SAEDLVT14_FDP_V2_1 saed14lvt_tt0p8v25c     0.932400     201   187.412398 n
SAEDLVT14_INV_0P5  saed14lvt_tt0p8v25c     0.177600     207    36.763199
SAEDLVT14_INV_0P75 saed14lvt_tt0p8v25c     0.177600      22     3.907200
SAEDLVT14_INV_1P5  saed14lvt_tt0p8v25c     0.177600      17     3.019200
SAEDLVT14_INV_2    saed14lvt_tt0p8v25c     0.222000       2     0.444000
SAEDLVT14_INV_S_1P5 saed14lvt_tt0p8v25c     0.222000       2     0.444000
SAEDLVT14_INV_S_3  saed14lvt_tt0p8v25c     0.310800       1     0.310800
SAEDLVT14_MUX2_1   saed14lvt_tt0p8v25c     0.488400       1     0.488400
SAEDLVT14_MUX2_U_0P5 saed14lvt_tt0p8v25c     0.444000       1     0.444000
SAEDLVT14_MUXI2_U_0P5 saed14lvt_tt0p8v25c     0.399600       3     1.198800
SAEDLVT14_ND2B_U_0P5 saed14lvt_tt0p8v25c     0.310800      10     3.108000
SAEDLVT14_ND2_CDC_0P5 saed14lvt_tt0p8v25c     0.222000     146    32.412000
SAEDLVT14_ND2_CDC_2 saed14lvt_tt0p8v25c     0.310800       1     0.310800
SAEDLVT14_ND2_ECO_1 saed14lvt_tt0p8v25c     0.355200       8     2.841600
SAEDLVT14_ND3_0P5  saed14lvt_tt0p8v25c     0.444000       1     0.444000
SAEDLVT14_NR2_1    saed14lvt_tt0p8v25c     0.222000      45     9.990000
SAEDLVT14_NR2_MM_0P5 saed14lvt_tt0p8v25c     0.222000      66    14.652000
SAEDLVT14_NR2_MM_1 saed14lvt_tt0p8v25c     0.222000      19     4.218000
SAEDLVT14_NR3_0P5  saed14lvt_tt0p8v25c     0.444000       1     0.444000
SAEDLVT14_OA21B_1  saed14lvt_tt0p8v25c     0.355200       4     1.420800
SAEDLVT14_OA21_1   saed14lvt_tt0p8v25c     0.355200       1     0.355200
SAEDLVT14_OA22_0P75 saed14lvt_tt0p8v25c     0.399600      18     7.192800
SAEDLVT14_OA31_1   saed14lvt_tt0p8v25c     0.399600       9     3.596400
SAEDLVT14_OA31_U_0P5 saed14lvt_tt0p8v25c     0.621600       5     3.108000
SAEDLVT14_OA221_1  saed14lvt_tt0p8v25c     0.710400       1     0.710400
SAEDLVT14_OA221_U_0P5 saed14lvt_tt0p8v25c     0.488400       1     0.488400
SAEDLVT14_OAI21_0P5 saed14lvt_tt0p8v25c     0.266400     179    47.685602
SAEDLVT14_OAI21_1  saed14lvt_tt0p8v25c     0.355200       5     1.776000
SAEDLVT14_OAI22_0P5 saed14lvt_tt0p8v25c     0.310800     273    84.848396
SAEDLVT14_OAI22_0P75 saed14lvt_tt0p8v25c     0.310800       5     1.554000
SAEDLVT14_OAI22_1  saed14lvt_tt0p8v25c     0.310800      59    18.337199
SAEDLVT14_OR2_0P5  saed14lvt_tt0p8v25c     0.310800       3     0.932400
SAEDLVT14_OR2_1    saed14lvt_tt0p8v25c     0.310800       2     0.621600
SAEDLVT14_OR3_0P5  saed14lvt_tt0p8v25c     0.355200      13     4.617600
SAEDLVT14_OR3_1    saed14lvt_tt0p8v25c     0.355200       2     0.710400
SAEDLVT14_OR3_2    saed14lvt_tt0p8v25c     0.399600       1     0.399600
SAEDLVT14_OR4_1    saed14lvt_tt0p8v25c     0.399600      19     7.592400
SAEDLVT14_TIE0_V1_2 saed14lvt_tt0p8v25c     0.488400       1     0.488400
SAEDLVT14_TIE1_4   saed14lvt_tt0p8v25c     0.399600       1     0.399600
SAEDRVT14_AN3_0P5  saed14rvt_tt0p8v25c     0.355200       1     0.355200
SAEDRVT14_AN4_1    saed14rvt_tt0p8v25c     0.399600       2     0.799200
SAEDRVT14_AO2BB2_0P5 saed14rvt_tt0p8v25c     0.621600       1     0.621600
SAEDRVT14_AO21B_0P5 saed14rvt_tt0p8v25c     0.355200       2     0.710400
SAEDRVT14_AO21_U_0P5 saed14rvt_tt0p8v25c     0.355200       2     0.710400
SAEDRVT14_AO32_U_0P5 saed14rvt_tt0p8v25c     0.444000       1     0.444000
SAEDRVT14_AOI21_0P75 saed14rvt_tt0p8v25c     0.266400       1     0.266400
SAEDRVT14_BUF_1P5  saed14rvt_tt0p8v25c     0.310800       1     0.310800
SAEDRVT14_BUF_S_3  saed14rvt_tt0p8v25c     0.399600       1     0.399600
SAEDRVT14_BUF_U_0P5 saed14rvt_tt0p8v25c     0.266400       4     1.065600
SAEDRVT14_EO2_1    saed14rvt_tt0p8v25c     0.488400       1     0.488400
SAEDRVT14_FDPQB_V2LP_1 saed14rvt_tt0p8v25c     0.843600       1     0.843600 n
SAEDRVT14_FDPQB_V3_1 saed14rvt_tt0p8v25c     0.976800       4     3.907200 n
SAEDRVT14_FDP_V2LP_0P5 saed14rvt_tt0p8v25c     0.932400       4     3.729600 n
SAEDRVT14_FDP_V2LP_1 saed14rvt_tt0p8v25c     0.932400       2     1.864800 n
SAEDRVT14_INV_0P5  saed14rvt_tt0p8v25c     0.177600      41     7.281600
SAEDRVT14_INV_1P5  saed14rvt_tt0p8v25c     0.177600       1     0.177600
SAEDRVT14_INV_S_1P5 saed14rvt_tt0p8v25c     0.222000       2     0.444000
SAEDRVT14_ND2_CDC_1 saed14rvt_tt0p8v25c     0.222000      17     3.774000
SAEDRVT14_ND2_ECO_1 saed14rvt_tt0p8v25c     0.355200       1     0.355200
SAEDRVT14_ND3B_0P75 saed14rvt_tt0p8v25c     0.532800       1     0.532800
SAEDRVT14_NR2_MM_1 saed14rvt_tt0p8v25c     0.222000       1     0.222000
SAEDRVT14_OA21_1   saed14rvt_tt0p8v25c     0.355200       8     2.841600
SAEDRVT14_OA22_0P75 saed14rvt_tt0p8v25c     0.399600       3     1.198800
SAEDRVT14_OA22_U_0P5 saed14rvt_tt0p8v25c     0.399600       1     0.399600
SAEDRVT14_OA31_1   saed14rvt_tt0p8v25c     0.399600       1     0.399600
SAEDRVT14_OAI21_0P5 saed14rvt_tt0p8v25c     0.266400       1     0.266400
SAEDRVT14_OR4_1    saed14rvt_tt0p8v25c     0.399600       1     0.399600
a25_decode_0_DW01_add_J2_0_0      4.262400       1      4.262400  h
a25_decode_0_DW_cmp_J2_7_0        0.399600       1      0.399600  h
-----------------------------------------------------------------------------
Total 136 references                                 1048.017588

****************************************
Design: a25_decode_0_DW01_add_J2_0_0 
****************************************
Reference          Library       Unit Area   Count    Total Area   Attributes
-----------------------------------------------------------------------------
SAEDLVT14_ADDF_V1_1 saed14lvt_tt0p8v25c     1.021200       1     1.021200 r
SAEDLVT14_ADDF_V2_1 saed14lvt_tt0p8v25c     1.243200       1     1.243200 r
SAEDLVT14_ADDF_V2_2 saed14lvt_tt0p8v25c     1.332000       1     1.332000 r
SAEDLVT14_ADDH_0P5 saed14lvt_tt0p8v25c     0.666000       1     0.666000 r
-----------------------------------------------------------------------------
Total 4 references                                      4.262400

****************************************
Design: a25_decode_0_DW_cmp_J2_7_0 
****************************************
Reference          Library       Unit Area   Count    Total Area   Attributes
-----------------------------------------------------------------------------
SAEDLVT14_OR4_1    saed14lvt_tt0p8v25c     0.399600       1     0.399600
-----------------------------------------------------------------------------
Total 1 references                                      0.399600

****************************************
Design: a25_execute_0 
****************************************
Reference          Library       Unit Area   Count    Total Area   Attributes
-----------------------------------------------------------------------------
SAEDHVT14_AN2B_MM_1 saed14hvt_tt0p8v25c     0.399600       1     0.399600
SAEDHVT14_AN2_0P5  saed14hvt_tt0p8v25c     0.399600       4     1.598400
SAEDHVT14_AN2_1    saed14hvt_tt0p8v25c     0.310800       2     0.621600
SAEDHVT14_AN2_MM_0P5 saed14hvt_tt0p8v25c     0.310800       2     0.621600
SAEDHVT14_AN4_0P75 saed14hvt_tt0p8v25c     0.399600       2     0.799200
SAEDHVT14_AO21B_0P5 saed14hvt_tt0p8v25c     0.355200       1     0.355200
SAEDHVT14_AO22_0P75 saed14hvt_tt0p8v25c     0.532800       4     2.131200
SAEDHVT14_AO22_1   saed14hvt_tt0p8v25c     0.532800       5     2.664000
SAEDHVT14_AO32_U_0P5 saed14hvt_tt0p8v25c     0.444000       1     0.444000
SAEDHVT14_AO221_0P5 saed14hvt_tt0p8v25c     0.488400       1     0.488400
SAEDHVT14_AOI21_0P5 saed14hvt_tt0p8v25c     0.266400      10     2.664000
SAEDHVT14_AOI22_0P5 saed14hvt_tt0p8v25c     0.488400       3     1.465200
SAEDHVT14_BUF_1P5  saed14hvt_tt0p8v25c     0.310800       1     0.310800
SAEDHVT14_BUF_ECO_1 saed14hvt_tt0p8v25c     0.266400       2     0.532800
SAEDHVT14_BUF_S_3  saed14hvt_tt0p8v25c     0.399600       1     0.399600
SAEDHVT14_BUF_U_0P5 saed14hvt_tt0p8v25c     0.266400      20     5.328000
SAEDHVT14_FDPQB_V2LP_0P5 saed14hvt_tt0p8v25c     0.843600       2     1.687200 n
SAEDHVT14_FDPQB_V2LP_1 saed14hvt_tt0p8v25c     0.843600       4     3.374400 n
SAEDHVT14_FDP_V2LP_0P5 saed14hvt_tt0p8v25c     0.932400       3     2.797200 n
SAEDHVT14_INV_0P5  saed14hvt_tt0p8v25c     0.177600     122    21.667200
SAEDHVT14_ND2_CDC_0P5 saed14hvt_tt0p8v25c     0.222000      14     3.108000
SAEDHVT14_ND2_ECO_1 saed14hvt_tt0p8v25c     0.355200       1     0.355200
SAEDHVT14_ND2_MM_0P5 saed14hvt_tt0p8v25c     0.310800      16     4.972800
SAEDHVT14_NR2_MM_0P5 saed14hvt_tt0p8v25c     0.222000      34     7.548000
SAEDHVT14_OA2BB2_V1_1 saed14hvt_tt0p8v25c     0.444000       1     0.444000
SAEDHVT14_OA21B_1  saed14hvt_tt0p8v25c     0.355200       3     1.065600
SAEDHVT14_OA22_U_0P5 saed14hvt_tt0p8v25c     0.399600       1     0.399600
SAEDHVT14_OAI21_0P5 saed14hvt_tt0p8v25c     0.266400       3     0.799200
SAEDHVT14_OAI22_0P5 saed14hvt_tt0p8v25c     0.310800      48    14.918399
SAEDHVT14_OAI22_0P75 saed14hvt_tt0p8v25c     0.310800       1     0.310800
SAEDHVT14_OR3_0P5  saed14hvt_tt0p8v25c     0.355200       1     0.355200
SAEDHVT14_OR4_1    saed14hvt_tt0p8v25c     0.399600       1     0.399600
SAEDLVT14_AN2B_PMM_2 saed14lvt_tt0p8v25c     0.444000       1     0.444000
SAEDLVT14_AN2_MM_0P5 saed14lvt_tt0p8v25c     0.310800      19     5.905200
SAEDLVT14_AN2_MM_1 saed14lvt_tt0p8v25c     0.310800       2     0.621600
SAEDLVT14_AN3_0P5  saed14lvt_tt0p8v25c     0.355200       2     0.710400
SAEDLVT14_AN4_0P75 saed14lvt_tt0p8v25c     0.399600       4     1.598400
SAEDLVT14_AO2BB2_0P5 saed14lvt_tt0p8v25c     0.621600       4     2.486400
SAEDLVT14_AO2BB2_1 saed14lvt_tt0p8v25c     0.621600       6     3.729600
SAEDLVT14_AO2BB2_V1_1 saed14lvt_tt0p8v25c     0.621600       1     0.621600
SAEDLVT14_AO21B_0P5 saed14lvt_tt0p8v25c     0.355200       3     1.065600
SAEDLVT14_AO21_1   saed14lvt_tt0p8v25c     0.355200       3     1.065600
SAEDLVT14_AO21_U_0P5 saed14lvt_tt0p8v25c     0.355200       1     0.355200
SAEDLVT14_AO22_0P5 saed14lvt_tt0p8v25c     0.532800      20    10.656000
SAEDLVT14_AO32_1   saed14lvt_tt0p8v25c     0.444000       8     3.552000
SAEDLVT14_AO32_2   saed14lvt_tt0p8v25c     0.488400       1     0.488400
SAEDLVT14_AO32_U_0P5 saed14lvt_tt0p8v25c     0.444000      12     5.328000
SAEDLVT14_AO221_0P5 saed14lvt_tt0p8v25c     0.488400      15     7.326000
SAEDLVT14_AO221_1  saed14lvt_tt0p8v25c     0.488400       8     3.907200
SAEDLVT14_AO221_2  saed14lvt_tt0p8v25c     0.577200       1     0.577200
SAEDLVT14_AOI21_0P5 saed14lvt_tt0p8v25c     0.266400       2     0.532800
SAEDLVT14_AOI21_0P75 saed14lvt_tt0p8v25c     0.266400     144    38.361601
SAEDLVT14_AOI21_1  saed14lvt_tt0p8v25c     0.310800       1     0.310800
SAEDLVT14_AOI21_2  saed14lvt_tt0p8v25c     0.444000       1     0.444000
SAEDLVT14_AOI22_0P5 saed14lvt_tt0p8v25c     0.488400      20     9.768000
SAEDLVT14_BUF_CDC_2 saed14lvt_tt0p8v25c     0.310800       1     0.310800
SAEDLVT14_BUF_ECO_1 saed14lvt_tt0p8v25c     0.266400      10     2.664000
SAEDLVT14_BUF_ECO_2 saed14lvt_tt0p8v25c     0.488400       1     0.488400
SAEDLVT14_BUF_S_0P75 saed14lvt_tt0p8v25c     0.266400       4     1.065600
SAEDLVT14_BUF_S_3  saed14lvt_tt0p8v25c     0.399600       2     0.799200
SAEDLVT14_BUF_U_0P5 saed14lvt_tt0p8v25c     0.266400      10     2.664000
SAEDLVT14_CLKSPLT_1 saed14lvt_tt0p8v25c     1.154400       3     3.463200
SAEDLVT14_EO2_0P5  saed14lvt_tt0p8v25c     0.488400       2     0.976800
SAEDLVT14_FDPQB_V2LP_1 saed14lvt_tt0p8v25c     0.843600     161   135.819596 n
SAEDLVT14_FDPQB_V2_1 saed14lvt_tt0p8v25c     0.843600       3     2.530800 n
SAEDLVT14_FDPQB_V3_1 saed14lvt_tt0p8v25c     0.976800       8     7.814400 n
SAEDLVT14_FDPQB_V3_2 saed14lvt_tt0p8v25c     1.287600       1     1.287600 n
SAEDLVT14_FDP_V2LP_1 saed14lvt_tt0p8v25c     0.932400       8     7.459200 n
SAEDLVT14_FDP_V2_1 saed14lvt_tt0p8v25c     0.932400      85    79.253999 n
SAEDLVT14_INV_0P5  saed14lvt_tt0p8v25c     0.177600     197    34.987199
SAEDLVT14_INV_0P75 saed14lvt_tt0p8v25c     0.177600      16     2.841600
SAEDLVT14_INV_1P5  saed14lvt_tt0p8v25c     0.177600      15     2.664000
SAEDLVT14_INV_2    saed14lvt_tt0p8v25c     0.222000       1     0.222000
SAEDLVT14_INV_S_1P5 saed14lvt_tt0p8v25c     0.222000       2     0.444000
SAEDLVT14_INV_S_3  saed14lvt_tt0p8v25c     0.310800       1     0.310800
SAEDLVT14_LSRDPQ_2 saed14lvt_tt0p8v25c     1.243200       3     3.729600 n
SAEDLVT14_MUX2_1   saed14lvt_tt0p8v25c     0.488400      25    12.210000
SAEDLVT14_MUX2_U_0P5 saed14lvt_tt0p8v25c     0.444000      52    23.088000
SAEDLVT14_MUXI2_U_0P5 saed14lvt_tt0p8v25c     0.399600      49    19.580400
SAEDLVT14_ND2B_U_0P5 saed14lvt_tt0p8v25c     0.310800       6     1.864800
SAEDLVT14_ND2_1    saed14lvt_tt0p8v25c     0.310800       1     0.310800
SAEDLVT14_ND2_CDC_0P5 saed14lvt_tt0p8v25c     0.222000     117    25.974000
SAEDLVT14_ND2_ECO_1 saed14lvt_tt0p8v25c     0.355200       7     2.486400
SAEDLVT14_ND3B_0P75 saed14lvt_tt0p8v25c     0.532800       2     1.065600
SAEDLVT14_ND3_0P5  saed14lvt_tt0p8v25c     0.444000       2     0.888000
SAEDLVT14_NR2_1    saed14lvt_tt0p8v25c     0.222000      19     4.218000
SAEDLVT14_NR2_MM_0P5 saed14lvt_tt0p8v25c     0.222000      47    10.434000
SAEDLVT14_NR2_MM_1 saed14lvt_tt0p8v25c     0.222000       9     1.998000
SAEDLVT14_OA2BB2_V1_0P5 saed14lvt_tt0p8v25c     0.488400      22    10.744800
SAEDLVT14_OA21B_1  saed14lvt_tt0p8v25c     0.355200       3     1.065600
SAEDLVT14_OA21_1   saed14lvt_tt0p8v25c     0.355200       3     1.065600
SAEDLVT14_OA22_0P75 saed14lvt_tt0p8v25c     0.399600       1     0.399600
SAEDLVT14_OA31_1   saed14lvt_tt0p8v25c     0.399600       4     1.598400
SAEDLVT14_OA31_U_0P5 saed14lvt_tt0p8v25c     0.621600       1     0.621600
SAEDLVT14_OA221_U_0P5 saed14lvt_tt0p8v25c     0.488400       1     0.488400
SAEDLVT14_OAI21_0P5 saed14lvt_tt0p8v25c     0.266400     126    33.566401
SAEDLVT14_OAI21_1  saed14lvt_tt0p8v25c     0.355200       1     0.355200
SAEDLVT14_OAI22_0P5 saed14lvt_tt0p8v25c     0.310800     199    61.849197
SAEDLVT14_OAI22_0P75 saed14lvt_tt0p8v25c     0.310800      20     6.216000
SAEDLVT14_OAI22_1  saed14lvt_tt0p8v25c     0.310800      23     7.148400
SAEDLVT14_OAI32_0P5 saed14lvt_tt0p8v25c     0.577200       1     0.577200
SAEDLVT14_OR2B_PMM_2 saed14lvt_tt0p8v25c     0.488400       1     0.488400
SAEDLVT14_OR2_0P5  saed14lvt_tt0p8v25c     0.310800       5     1.554000
SAEDLVT14_OR2_0P75 saed14lvt_tt0p8v25c     0.310800       1     0.310800
SAEDLVT14_OR2_1    saed14lvt_tt0p8v25c     0.310800       1     0.310800
SAEDLVT14_OR2_MM_0P5 saed14lvt_tt0p8v25c     0.310800       1     0.310800
SAEDLVT14_OR2_MM_3 saed14lvt_tt0p8v25c     0.399600       1     0.399600
SAEDLVT14_OR3_0P5  saed14lvt_tt0p8v25c     0.355200      22     7.814400
SAEDLVT14_OR3_1    saed14lvt_tt0p8v25c     0.355200       3     1.065600
SAEDLVT14_OR4_1    saed14lvt_tt0p8v25c     0.399600       3     1.198800
SAEDLVT14_TIE0_V1_2 saed14lvt_tt0p8v25c     0.488400       1     0.488400
SAEDLVT14_TIE1_4   saed14lvt_tt0p8v25c     0.399600       1     0.399600
SAEDRVT14_AN2_MM_0P5 saed14rvt_tt0p8v25c     0.310800       8     2.486400
SAEDRVT14_AO21B_0P5 saed14rvt_tt0p8v25c     0.355200       1     0.355200
SAEDRVT14_AOI21_0P5 saed14rvt_tt0p8v25c     0.266400       1     0.266400
SAEDRVT14_AOI21_0P75 saed14rvt_tt0p8v25c     0.266400       1     0.266400
SAEDRVT14_AOI22_0P5 saed14rvt_tt0p8v25c     0.488400       1     0.488400
SAEDRVT14_BUF_ECO_1 saed14rvt_tt0p8v25c     0.266400       5     1.332000
SAEDRVT14_BUF_U_0P5 saed14rvt_tt0p8v25c     0.266400       1     0.266400
SAEDRVT14_FDPQB_V3_1 saed14rvt_tt0p8v25c     0.976800       7     6.837600 n
SAEDRVT14_FDP_V2LP_0P5 saed14rvt_tt0p8v25c     0.932400       1     0.932400 n
SAEDRVT14_FDP_V2LP_1 saed14rvt_tt0p8v25c     0.932400       3     2.797200 n
SAEDRVT14_INV_0P5  saed14rvt_tt0p8v25c     0.177600      70    12.432000
SAEDRVT14_INV_1P5  saed14rvt_tt0p8v25c     0.177600       2     0.355200
SAEDRVT14_MUX2_1   saed14rvt_tt0p8v25c     0.488400      10     4.884000
SAEDRVT14_MUX2_U_0P5 saed14rvt_tt0p8v25c     0.444000       6     2.664000
SAEDRVT14_MUXI2_1  saed14rvt_tt0p8v25c     0.532800       3     1.598400
SAEDRVT14_MUXI2_2  saed14rvt_tt0p8v25c     0.621600       1     0.621600
SAEDRVT14_MUXI2_U_0P5 saed14rvt_tt0p8v25c     0.399600       2     0.799200
SAEDRVT14_ND2B_U_0P5 saed14rvt_tt0p8v25c     0.310800       1     0.310800
SAEDRVT14_ND2_CDC_1 saed14rvt_tt0p8v25c     0.222000       4     0.888000
SAEDRVT14_ND2_CDC_2 saed14rvt_tt0p8v25c     0.310800       1     0.310800
SAEDRVT14_ND2_ECO_1 saed14rvt_tt0p8v25c     0.355200       1     0.355200
SAEDRVT14_ND3B_0P75 saed14rvt_tt0p8v25c     0.532800       1     0.532800
SAEDRVT14_OA21_1   saed14rvt_tt0p8v25c     0.355200      10     3.552000
SAEDRVT14_OA221_U_0P5 saed14rvt_tt0p8v25c     0.488400       9     4.395600
SAEDRVT14_OAI21_0P5 saed14rvt_tt0p8v25c     0.266400       2     0.532800
a25_alu_0                       196.514399       1    196.514399  h, n
a25_barrel_shift_0              314.840398       1    314.840398  h
a25_execute_0_DW01_add_J4_0_0    21.622800       1     21.622800  h
a25_execute_0_DW01_add_J4_1_0    24.952800       1     24.952800  h, n
a25_execute_0_DW01_add_J4_2_0    19.447200       1     19.447200  h
a25_execute_0_DW01_add_J4_3_0    15.318000       1     15.318000  h
a25_execute_0_DW01_sub_J4_0_0    18.204000       1     18.204000  h
a25_multiply_0                  314.573997       1    314.573997  h, n
a25_register_bank_0            3185.566738       1   3185.566738  h, n
-----------------------------------------------------------------------------
Total 146 references                                 4882.135127

****************************************
Design: a25_alu_0 
****************************************
Reference          Library       Unit Area   Count    Total Area   Attributes
-----------------------------------------------------------------------------
SAEDHVT14_AN2_0P5  saed14hvt_tt0p8v25c     0.399600       2     0.799200
SAEDHVT14_AN2_MM_0P5 saed14hvt_tt0p8v25c     0.310800       5     1.554000
SAEDHVT14_AOI21_0P5 saed14hvt_tt0p8v25c     0.266400       5     1.332000
SAEDHVT14_BUF_ECO_1 saed14hvt_tt0p8v25c     0.266400       1     0.266400
SAEDHVT14_BUF_U_0P5 saed14hvt_tt0p8v25c     0.266400       5     1.332000
SAEDHVT14_FDPQB_V3_1 saed14hvt_tt0p8v25c     0.976800       2     1.953600 n
SAEDHVT14_INV_0P5  saed14hvt_tt0p8v25c     0.177600       2     0.355200
SAEDHVT14_MUXI2_1  saed14hvt_tt0p8v25c     0.532800       1     0.532800
SAEDHVT14_MUXI2_2  saed14hvt_tt0p8v25c     0.621600       1     0.621600
SAEDHVT14_ND2_CDC_0P5 saed14hvt_tt0p8v25c     0.222000       1     0.222000
SAEDHVT14_ND2_ECO_1 saed14hvt_tt0p8v25c     0.355200       1     0.355200
SAEDHVT14_OAI21_0P5 saed14hvt_tt0p8v25c     0.266400       1     0.266400
SAEDHVT14_OAI22_0P5 saed14hvt_tt0p8v25c     0.310800       6     1.864800
SAEDLVT14_AN3_0P75 saed14lvt_tt0p8v25c     0.355200       1     0.355200
SAEDLVT14_AN4_0P75 saed14lvt_tt0p8v25c     0.399600       1     0.399600
SAEDLVT14_AO2BB2_1 saed14lvt_tt0p8v25c     0.621600       1     0.621600
SAEDLVT14_AO21B_0P5 saed14lvt_tt0p8v25c     0.355200       2     0.710400
SAEDLVT14_AO21_1   saed14lvt_tt0p8v25c     0.355200       7     2.486400
SAEDLVT14_AO21_U_0P5 saed14lvt_tt0p8v25c     0.355200       5     1.776000
SAEDLVT14_AO222_1  saed14lvt_tt0p8v25c     0.754800       6     4.528800
SAEDLVT14_AOI21_0P5 saed14lvt_tt0p8v25c     0.266400      13     3.463200
SAEDLVT14_AOI21_0P75 saed14lvt_tt0p8v25c     0.266400      47    12.520800
SAEDLVT14_BUF_S_0P75 saed14lvt_tt0p8v25c     0.266400       3     0.799200
SAEDLVT14_BUF_U_0P5 saed14lvt_tt0p8v25c     0.266400       1     0.266400
SAEDLVT14_FDPQB_V2LP_1 saed14lvt_tt0p8v25c     0.843600       5     4.218000 n
SAEDLVT14_FDPQB_V3_2 saed14lvt_tt0p8v25c     1.287600       1     1.287600 n
SAEDLVT14_INV_0P5  saed14lvt_tt0p8v25c     0.177600      42     7.459200
SAEDLVT14_INV_0P75 saed14lvt_tt0p8v25c     0.177600       5     0.888000
SAEDLVT14_INV_1P5  saed14lvt_tt0p8v25c     0.177600       7     1.243200
SAEDLVT14_MUX2_1   saed14lvt_tt0p8v25c     0.488400       1     0.488400
SAEDLVT14_MUX2_U_0P5 saed14lvt_tt0p8v25c     0.444000      12     5.328000
SAEDLVT14_MUXI2_1  saed14lvt_tt0p8v25c     0.532800       1     0.532800
SAEDLVT14_MUXI2_U_0P5 saed14lvt_tt0p8v25c     0.399600      30    11.988000
SAEDLVT14_ND2B_U_0P5 saed14lvt_tt0p8v25c     0.310800       1     0.310800
SAEDLVT14_ND2_CDC_0P5 saed14lvt_tt0p8v25c     0.222000      17     3.774000
SAEDLVT14_ND2_ECO_1 saed14lvt_tt0p8v25c     0.355200       3     1.065600
SAEDLVT14_ND3B_0P75 saed14lvt_tt0p8v25c     0.532800       1     0.532800
SAEDLVT14_NR2_1    saed14lvt_tt0p8v25c     0.222000       3     0.666000
SAEDLVT14_NR2_MM_0P5 saed14lvt_tt0p8v25c     0.222000       3     0.666000
SAEDLVT14_NR2_MM_1 saed14lvt_tt0p8v25c     0.222000       1     0.222000
SAEDLVT14_OA221_U_0P5 saed14lvt_tt0p8v25c     0.488400       1     0.488400
SAEDLVT14_OAI21_0P5 saed14lvt_tt0p8v25c     0.266400      65    17.316001
SAEDLVT14_OAI22_0P5 saed14lvt_tt0p8v25c     0.310800      30     9.324000
SAEDLVT14_OAI22_1  saed14lvt_tt0p8v25c     0.310800       4     1.243200
SAEDLVT14_OR2_1    saed14lvt_tt0p8v25c     0.310800       1     0.310800
SAEDLVT14_OR4_1    saed14lvt_tt0p8v25c     0.399600       7     2.797200
SAEDLVT14_TIE0_V1_2 saed14lvt_tt0p8v25c     0.488400       1     0.488400
SAEDRVT14_AN2B_MM_1 saed14rvt_tt0p8v25c     0.399600       1     0.399600
SAEDRVT14_AO21_U_0P5 saed14rvt_tt0p8v25c     0.355200       1     0.355200
SAEDRVT14_AO222_1  saed14rvt_tt0p8v25c     0.754800       1     0.754800
SAEDRVT14_BUF_U_0P5 saed14rvt_tt0p8v25c     0.266400       2     0.532800
SAEDRVT14_FDPQB_V3_1 saed14rvt_tt0p8v25c     0.976800       1     0.976800 n
SAEDRVT14_INV_0P5  saed14rvt_tt0p8v25c     0.177600       8     1.420800
SAEDRVT14_MUX2_U_0P5 saed14rvt_tt0p8v25c     0.444000      12     5.328000
SAEDRVT14_MUXI2_1  saed14rvt_tt0p8v25c     0.532800       5     2.664000
SAEDRVT14_MUXI2_U_0P5 saed14rvt_tt0p8v25c     0.399600       3     1.198800
SAEDRVT14_ND2_CDC_1 saed14rvt_tt0p8v25c     0.222000       1     0.222000
SAEDRVT14_ND2_ECO_1 saed14rvt_tt0p8v25c     0.355200       2     0.710400
SAEDRVT14_OR4_1    saed14rvt_tt0p8v25c     0.399600       3     1.198800
a25_alu_0_DW01_add_J18_0_0       41.380798       1     41.380798  h
a25_alu_0_DW01_add_J18_1_0       27.350400       1     27.350400  h
-----------------------------------------------------------------------------
Total 61 references                                   196.514399

****************************************
Design: a25_alu_0_DW01_add_J18_0_0 
****************************************
Reference          Library       Unit Area   Count    Total Area   Attributes
-----------------------------------------------------------------------------
SAEDHVT14_AN2B_MM_1 saed14hvt_tt0p8v25c     0.399600       1     0.399600
SAEDHVT14_BUF_U_0P5 saed14hvt_tt0p8v25c     0.266400       1     0.266400
SAEDHVT14_EO2_1    saed14hvt_tt0p8v25c     0.488400       1     0.488400
SAEDHVT14_EO3_0P5  saed14hvt_tt0p8v25c     1.021200       1     1.021200
SAEDHVT14_ND2_ECO_1 saed14hvt_tt0p8v25c     0.355200       1     0.355200
SAEDLVT14_ADDF_V2_0P5 saed14lvt_tt0p8v25c     1.243200       6     7.459200 r
SAEDLVT14_EO2_0P5  saed14lvt_tt0p8v25c     0.488400       1     0.488400
SAEDLVT14_ND2_CDC_0P5 saed14lvt_tt0p8v25c     0.222000       2     0.444000
SAEDRVT14_ADDF_V2_0P5 saed14rvt_tt0p8v25c     1.243200      24    29.836799 r
SAEDRVT14_INV_0P5  saed14rvt_tt0p8v25c     0.177600       1     0.177600
SAEDRVT14_ND3_0P5  saed14rvt_tt0p8v25c     0.444000       1     0.444000
-----------------------------------------------------------------------------
Total 11 references                                    41.380798

****************************************
Design: a25_alu_0_DW01_add_J18_1_0 
****************************************
Reference          Library       Unit Area   Count    Total Area   Attributes
-----------------------------------------------------------------------------
SAEDHVT14_AN2_0P5  saed14hvt_tt0p8v25c     0.399600       2     0.799200
SAEDHVT14_AN2_MM_0P5 saed14hvt_tt0p8v25c     0.310800       1     0.310800
SAEDHVT14_EO2_1    saed14hvt_tt0p8v25c     0.488400       1     0.488400
SAEDHVT14_EO2_V1_0P75 saed14hvt_tt0p8v25c     0.444000       6     2.664000
SAEDHVT14_NR2_MM_0P5 saed14hvt_tt0p8v25c     0.222000       4     0.888000
SAEDHVT14_NR3_0P5  saed14hvt_tt0p8v25c     0.444000       1     0.444000
SAEDLVT14_ADDH_1   saed14lvt_tt0p8v25c     0.754800       4     3.019200 r
SAEDLVT14_AN2_MM_0P5 saed14lvt_tt0p8v25c     0.310800       2     0.621600
SAEDLVT14_AN2_MM_1 saed14lvt_tt0p8v25c     0.310800       4     1.243200
SAEDLVT14_EO2_0P5  saed14lvt_tt0p8v25c     0.488400       3     1.465200
SAEDLVT14_EO2_1    saed14lvt_tt0p8v25c     0.488400       1     0.488400
SAEDLVT14_INV_0P5  saed14lvt_tt0p8v25c     0.177600       6     1.065600
SAEDLVT14_INV_1P5  saed14lvt_tt0p8v25c     0.177600       2     0.355200
SAEDLVT14_ND2_CDC_0P5 saed14lvt_tt0p8v25c     0.222000       5     1.110000
SAEDLVT14_ND2_ECO_1 saed14lvt_tt0p8v25c     0.355200       4     1.420800
SAEDLVT14_ND3B_0P75 saed14lvt_tt0p8v25c     0.532800       1     0.532800
SAEDLVT14_NR2_1    saed14lvt_tt0p8v25c     0.222000       1     0.222000
SAEDLVT14_NR2_MM_0P5 saed14lvt_tt0p8v25c     0.222000       1     0.222000
SAEDLVT14_NR2_MM_1 saed14lvt_tt0p8v25c     0.222000       3     0.666000
SAEDRVT14_AN2_MM_1 saed14rvt_tt0p8v25c     0.310800       1     0.310800
SAEDRVT14_EO2_V1_0P75 saed14rvt_tt0p8v25c     0.444000      17     7.548000
SAEDRVT14_INV_0P5  saed14rvt_tt0p8v25c     0.177600       4     0.710400
SAEDRVT14_NR3_0P5  saed14rvt_tt0p8v25c     0.444000       1     0.444000
SAEDRVT14_OR2_MM_0P5 saed14rvt_tt0p8v25c     0.310800       1     0.310800
-----------------------------------------------------------------------------
Total 24 references                                    27.350400

****************************************
Design: a25_barrel_shift_0 
****************************************
Reference          Library       Unit Area   Count    Total Area   Attributes
-----------------------------------------------------------------------------
SAEDHVT14_AN2_0P5  saed14hvt_tt0p8v25c     0.399600       2     0.799200
SAEDHVT14_AO2BB2_1 saed14hvt_tt0p8v25c     0.621600       2     1.243200
SAEDHVT14_AOI21_0P5 saed14hvt_tt0p8v25c     0.266400       4     1.065600
SAEDHVT14_BUF_U_0P5 saed14hvt_tt0p8v25c     0.266400      21     5.594400
SAEDHVT14_CLKSPLT_1 saed14hvt_tt0p8v25c     1.154400       1     1.154400
SAEDHVT14_INV_0P5  saed14hvt_tt0p8v25c     0.177600       3     0.532800
SAEDHVT14_ND2_CDC_0P5 saed14hvt_tt0p8v25c     0.222000       5     1.110000
SAEDHVT14_ND2_ECO_1 saed14hvt_tt0p8v25c     0.355200       1     0.355200
SAEDHVT14_ND2_MM_0P5 saed14hvt_tt0p8v25c     0.310800      17     5.283600
SAEDHVT14_NR2_MM_0P5 saed14hvt_tt0p8v25c     0.222000      17     3.774000
SAEDHVT14_NR3_1    saed14hvt_tt0p8v25c     0.444000       1     0.444000
SAEDHVT14_OA21B_1  saed14hvt_tt0p8v25c     0.355200       2     0.710400
SAEDHVT14_OA22_2   saed14hvt_tt0p8v25c     0.444000       1     0.444000
SAEDHVT14_OA22_U_0P5 saed14hvt_tt0p8v25c     0.399600       5     1.998000
SAEDHVT14_OA31_1   saed14hvt_tt0p8v25c     0.399600       1     0.399600
SAEDHVT14_OAI21_0P5 saed14hvt_tt0p8v25c     0.266400       5     1.332000
SAEDHVT14_OAI22_0P5 saed14hvt_tt0p8v25c     0.310800      44    13.675199
SAEDLVT14_AN2B_MM_1 saed14lvt_tt0p8v25c     0.399600       1     0.399600
SAEDLVT14_AN2B_MM_6 saed14lvt_tt0p8v25c     0.710400       1     0.710400
SAEDLVT14_AN2_MM_0P5 saed14lvt_tt0p8v25c     0.310800       2     0.621600
SAEDLVT14_AN3_0P5  saed14lvt_tt0p8v25c     0.355200       1     0.355200
SAEDLVT14_AN4_0P5  saed14lvt_tt0p8v25c     0.399600       1     0.399600
SAEDLVT14_AN4_0P75 saed14lvt_tt0p8v25c     0.399600       6     2.397600
SAEDLVT14_AN4_1    saed14lvt_tt0p8v25c     0.399600       2     0.799200
SAEDLVT14_AO2BB2_0P5 saed14lvt_tt0p8v25c     0.621600       4     2.486400
SAEDLVT14_AO2BB2_1 saed14lvt_tt0p8v25c     0.621600       2     1.243200
SAEDLVT14_AO2BB2_V1_1 saed14lvt_tt0p8v25c     0.621600       1     0.621600
SAEDLVT14_AO21_1   saed14lvt_tt0p8v25c     0.355200       2     0.710400
SAEDLVT14_AO21_U_0P5 saed14lvt_tt0p8v25c     0.355200       1     0.355200
SAEDLVT14_AO32_U_0P5 saed14lvt_tt0p8v25c     0.444000       8     3.552000
SAEDLVT14_AO221_0P5 saed14lvt_tt0p8v25c     0.488400       2     0.976800
SAEDLVT14_AO221_1  saed14lvt_tt0p8v25c     0.488400       6     2.930400
SAEDLVT14_AO221_2  saed14lvt_tt0p8v25c     0.577200       2     1.154400
SAEDLVT14_AOI21_0P5 saed14lvt_tt0p8v25c     0.266400      14     3.729600
SAEDLVT14_AOI21_0P75 saed14lvt_tt0p8v25c     0.266400     129    34.365601
SAEDLVT14_AOI22_1P5 saed14lvt_tt0p8v25c     0.488400       1     0.488400
SAEDLVT14_BUF_ECO_1 saed14lvt_tt0p8v25c     0.266400       3     0.799200
SAEDLVT14_BUF_ECO_2 saed14lvt_tt0p8v25c     0.488400       1     0.488400
SAEDLVT14_BUF_S_0P75 saed14lvt_tt0p8v25c     0.266400       2     0.532800
SAEDLVT14_BUF_U_0P5 saed14lvt_tt0p8v25c     0.266400      18     4.795200
SAEDLVT14_CLKSPLT_1 saed14lvt_tt0p8v25c     1.154400       2     2.308800
SAEDLVT14_INV_0P5  saed14lvt_tt0p8v25c     0.177600      50     8.880000
SAEDLVT14_INV_0P75 saed14lvt_tt0p8v25c     0.177600      16     2.841600
SAEDLVT14_INV_1P5  saed14lvt_tt0p8v25c     0.177600      33     5.860800
SAEDLVT14_ND2B_U_0P5 saed14lvt_tt0p8v25c     0.310800       5     1.554000
SAEDLVT14_ND2_CDC_0P5 saed14lvt_tt0p8v25c     0.222000      75    16.650000
SAEDLVT14_ND2_ECO_1 saed14lvt_tt0p8v25c     0.355200       9     3.196800
SAEDLVT14_ND3B_0P75 saed14lvt_tt0p8v25c     0.532800       3     1.598400
SAEDLVT14_NR2_1    saed14lvt_tt0p8v25c     0.222000      20     4.440000
SAEDLVT14_NR2_MM_0P5 saed14lvt_tt0p8v25c     0.222000      33     7.326000
SAEDLVT14_NR2_MM_1 saed14lvt_tt0p8v25c     0.222000      11     2.442000
SAEDLVT14_NR3B_U_0P5 saed14lvt_tt0p8v25c     0.532800       1     0.532800
SAEDLVT14_NR3_0P5  saed14lvt_tt0p8v25c     0.444000       2     0.888000
SAEDLVT14_NR4_0P75 saed14lvt_tt0p8v25c     0.488400       2     0.976800
SAEDLVT14_OA2BB2_V1_0P5 saed14lvt_tt0p8v25c     0.488400       3     1.465200
SAEDLVT14_OA21B_1  saed14lvt_tt0p8v25c     0.355200       9     3.196800
SAEDLVT14_OA21_1   saed14lvt_tt0p8v25c     0.355200       2     0.710400
SAEDLVT14_OA21_MM_1 saed14lvt_tt0p8v25c     0.399600       1     0.399600
SAEDLVT14_OA21_U_0P5 saed14lvt_tt0p8v25c     0.532800       1     0.532800
SAEDLVT14_OA22_0P75 saed14lvt_tt0p8v25c     0.399600      23     9.190800
SAEDLVT14_OA31_1   saed14lvt_tt0p8v25c     0.399600       6     2.397600
SAEDLVT14_OA31_U_0P5 saed14lvt_tt0p8v25c     0.621600       1     0.621600
SAEDLVT14_OAI21_0P5 saed14lvt_tt0p8v25c     0.266400      97    25.840801
SAEDLVT14_OAI22_0P5 saed14lvt_tt0p8v25c     0.310800     180    55.943998
SAEDLVT14_OAI22_0P75 saed14lvt_tt0p8v25c     0.310800       7     2.175600
SAEDLVT14_OAI22_1  saed14lvt_tt0p8v25c     0.310800      20     6.216000
SAEDLVT14_OAI211_0P5 saed14lvt_tt0p8v25c     0.621600       1     0.621600
SAEDLVT14_OR2_0P5  saed14lvt_tt0p8v25c     0.310800       1     0.310800
SAEDLVT14_OR2_0P75 saed14lvt_tt0p8v25c     0.310800       1     0.310800
SAEDLVT14_OR2_1    saed14lvt_tt0p8v25c     0.310800       1     0.310800
SAEDLVT14_OR2_MM_0P5 saed14lvt_tt0p8v25c     0.310800       2     0.621600
SAEDLVT14_OR3_0P5  saed14lvt_tt0p8v25c     0.355200       3     1.065600
SAEDLVT14_OR3_1    saed14lvt_tt0p8v25c     0.355200       2     0.710400
SAEDLVT14_OR4_1    saed14lvt_tt0p8v25c     0.399600      37    14.785200
SAEDLVT14_OR4_2    saed14lvt_tt0p8v25c     0.444000       1     0.444000
SAEDRVT14_AN2_MM_0P5 saed14rvt_tt0p8v25c     0.310800       1     0.310800
SAEDRVT14_AN2_MM_1 saed14rvt_tt0p8v25c     0.310800       1     0.310800
SAEDRVT14_AN2_MM_2 saed14rvt_tt0p8v25c     0.355200       1     0.355200
SAEDRVT14_AN4_1    saed14rvt_tt0p8v25c     0.399600       1     0.399600
SAEDRVT14_AO221_1  saed14rvt_tt0p8v25c     0.488400       1     0.488400
SAEDRVT14_AO221_2  saed14rvt_tt0p8v25c     0.577200       1     0.577200
SAEDRVT14_AOI21_0P75 saed14rvt_tt0p8v25c     0.266400       2     0.532800
SAEDRVT14_AOI21_1  saed14rvt_tt0p8v25c     0.310800       1     0.310800
SAEDRVT14_BUF_ECO_1 saed14rvt_tt0p8v25c     0.266400       1     0.266400
SAEDRVT14_BUF_U_0P5 saed14rvt_tt0p8v25c     0.266400       4     1.065600
SAEDRVT14_INV_0P5  saed14rvt_tt0p8v25c     0.177600      35     6.216000
SAEDRVT14_ND2B_U_0P5 saed14rvt_tt0p8v25c     0.310800       2     0.621600
SAEDRVT14_ND2_CDC_1 saed14rvt_tt0p8v25c     0.222000       3     0.666000
SAEDRVT14_ND2_ECO_1 saed14rvt_tt0p8v25c     0.355200       2     0.710400
SAEDRVT14_NR2_1    saed14rvt_tt0p8v25c     0.222000       1     0.222000
SAEDRVT14_NR4_0P75 saed14rvt_tt0p8v25c     0.488400       3     1.465200
SAEDRVT14_OA21B_1  saed14rvt_tt0p8v25c     0.355200       1     0.355200
SAEDRVT14_OA21_1   saed14rvt_tt0p8v25c     0.355200       4     1.420800
SAEDRVT14_OA22_0P75 saed14rvt_tt0p8v25c     0.399600       7     2.797200
SAEDRVT14_OA22_U_0P5 saed14rvt_tt0p8v25c     0.399600       4     1.598400
SAEDRVT14_OAI21_0P5 saed14rvt_tt0p8v25c     0.266400       2     0.532800
SAEDRVT14_OAI22_0P5 saed14rvt_tt0p8v25c     0.310800       1     0.310800
SAEDRVT14_OR2_MM_0P75 saed14rvt_tt0p8v25c     0.310800       1     0.310800
SAEDRVT14_OR4_1    saed14rvt_tt0p8v25c     0.399600       2     0.799200
-----------------------------------------------------------------------------
Total 99 references                                   314.840398

****************************************
Design: a25_execute_0_DW01_add_J4_0_0 
****************************************
Reference          Library       Unit Area   Count    Total Area   Attributes
-----------------------------------------------------------------------------
SAEDHVT14_ADDH_0P5 saed14hvt_tt0p8v25c     0.666000       8     5.328000 r
SAEDLVT14_ADDH_1   saed14lvt_tt0p8v25c     0.754800       6     4.528800 r
SAEDLVT14_EO2_0P5  saed14lvt_tt0p8v25c     0.488400       7     3.418800
SAEDLVT14_EO2_1    saed14lvt_tt0p8v25c     0.488400       1     0.488400
SAEDLVT14_EO2_V1_0P75 saed14lvt_tt0p8v25c     0.444000       1     0.444000
SAEDLVT14_INV_0P5  saed14lvt_tt0p8v25c     0.177600       4     0.710400
SAEDLVT14_ND2_CDC_0P5 saed14lvt_tt0p8v25c     0.222000       2     0.444000
SAEDLVT14_ND2_ECO_1 saed14lvt_tt0p8v25c     0.355200       3     1.065600
SAEDLVT14_NR2_1    saed14lvt_tt0p8v25c     0.222000       1     0.222000
SAEDLVT14_NR2_MM_0P5 saed14lvt_tt0p8v25c     0.222000       4     0.888000
SAEDRVT14_ADDH_1   saed14rvt_tt0p8v25c     0.754800       4     3.019200 r
SAEDRVT14_EO2_V1_0P75 saed14rvt_tt0p8v25c     0.444000       2     0.888000
SAEDRVT14_INV_0P5  saed14rvt_tt0p8v25c     0.177600       1     0.177600
-----------------------------------------------------------------------------
Total 13 references                                    21.622800

****************************************
Design: a25_execute_0_DW01_add_J4_1_0 
****************************************
Reference          Library       Unit Area   Count    Total Area   Attributes
-----------------------------------------------------------------------------
SAEDHVT14_ADDH_0P5 saed14hvt_tt0p8v25c     0.666000       1     0.666000 r
SAEDHVT14_AN2_0P5  saed14hvt_tt0p8v25c     0.399600       3     1.198800
SAEDHVT14_AN2_MM_0P5 saed14hvt_tt0p8v25c     0.310800       1     0.310800
SAEDHVT14_INV_0P5  saed14hvt_tt0p8v25c     0.177600       1     0.177600
SAEDHVT14_ND2_CDC_0P5 saed14hvt_tt0p8v25c     0.222000       1     0.222000
SAEDHVT14_ND2_MM_0P5 saed14hvt_tt0p8v25c     0.310800       1     0.310800
SAEDHVT14_NR2_MM_0P5 saed14hvt_tt0p8v25c     0.222000       5     1.110000
SAEDLVT14_ADDH_0P5 saed14lvt_tt0p8v25c     0.666000       1     0.666000 r
SAEDLVT14_ADDH_1   saed14lvt_tt0p8v25c     0.754800       3     2.264400 r
SAEDLVT14_AN2B_PMM_2 saed14lvt_tt0p8v25c     0.444000       1     0.444000
SAEDLVT14_AN2_MM_1 saed14lvt_tt0p8v25c     0.310800       1     0.310800
SAEDLVT14_AN3_0P5  saed14lvt_tt0p8v25c     0.355200       1     0.355200
SAEDLVT14_AN3_0P75 saed14lvt_tt0p8v25c     0.355200       1     0.355200
SAEDLVT14_EO2_0P5  saed14lvt_tt0p8v25c     0.488400      19     9.279600
SAEDLVT14_EO2_1    saed14lvt_tt0p8v25c     0.488400       4     1.953600
SAEDLVT14_FDPQB_V2LP_1 saed14lvt_tt0p8v25c     0.843600       1     0.843600 n
SAEDLVT14_INV_0P5  saed14lvt_tt0p8v25c     0.177600       4     0.710400
SAEDLVT14_ND2_CDC_0P5 saed14lvt_tt0p8v25c     0.222000       4     0.888000
SAEDLVT14_NR2_MM_0P5 saed14lvt_tt0p8v25c     0.222000       1     0.222000
SAEDLVT14_NR3B_U_0P5 saed14lvt_tt0p8v25c     0.532800       2     1.065600
SAEDRVT14_EO2_V1_0P75 saed14rvt_tt0p8v25c     0.444000       1     0.444000
SAEDRVT14_INV_0P5  saed14rvt_tt0p8v25c     0.177600       4     0.710400
SAEDRVT14_ND2_CDC_1 saed14rvt_tt0p8v25c     0.222000       2     0.444000
-----------------------------------------------------------------------------
Total 23 references                                    24.952800

****************************************
Design: a25_execute_0_DW01_add_J4_2_0 
****************************************
Reference          Library       Unit Area   Count    Total Area   Attributes
-----------------------------------------------------------------------------
SAEDLVT14_ADDH_0P5 saed14lvt_tt0p8v25c     0.666000      24    15.984000 r
SAEDLVT14_EO2_V1_0P75 saed14lvt_tt0p8v25c     0.444000       1     0.444000
SAEDRVT14_ADDH_1   saed14rvt_tt0p8v25c     0.754800       4     3.019200 r
-----------------------------------------------------------------------------
Total 3 references                                     19.447200

****************************************
Design: a25_execute_0_DW01_add_J4_3_0 
****************************************
Reference          Library       Unit Area   Count    Total Area   Attributes
-----------------------------------------------------------------------------
SAEDLVT14_ADDH_0P5 saed14lvt_tt0p8v25c     0.666000      23    15.318000 r
-----------------------------------------------------------------------------
Total 1 references                                     15.318000

****************************************
Design: a25_execute_0_DW01_sub_J4_0_0 
****************************************
Reference          Library       Unit Area   Count    Total Area   Attributes
-----------------------------------------------------------------------------
SAEDHVT14_EO2_V1_0P75 saed14hvt_tt0p8v25c     0.444000       1     0.444000
SAEDHVT14_INV_0P5  saed14hvt_tt0p8v25c     0.177600       1     0.177600
SAEDHVT14_MUXI2_U_0P5 saed14hvt_tt0p8v25c     0.399600       3     1.198800
SAEDHVT14_NR2_MM_0P5 saed14hvt_tt0p8v25c     0.222000       1     0.222000
SAEDHVT14_OAI22_0P5 saed14hvt_tt0p8v25c     0.310800       1     0.310800
SAEDLVT14_EO2_0P5  saed14lvt_tt0p8v25c     0.488400       7     3.418800
SAEDLVT14_INV_0P5  saed14lvt_tt0p8v25c     0.177600      10     1.776000
SAEDLVT14_MUXI2_U_0P5 saed14lvt_tt0p8v25c     0.399600       8     3.196800
SAEDLVT14_ND2B_U_0P5 saed14lvt_tt0p8v25c     0.310800       9     2.797200
SAEDLVT14_NR2_MM_0P5 saed14lvt_tt0p8v25c     0.222000      11     2.442000
SAEDLVT14_OR4_1    saed14lvt_tt0p8v25c     0.399600       1     0.399600
SAEDRVT14_EO2_0P5  saed14rvt_tt0p8v25c     0.488400       1     0.488400
SAEDRVT14_EO2_1    saed14rvt_tt0p8v25c     0.488400       2     0.976800
SAEDRVT14_INV_0P5  saed14rvt_tt0p8v25c     0.177600       2     0.355200
-----------------------------------------------------------------------------
Total 14 references                                    18.204000

****************************************
Design: a25_multiply_0 
****************************************
Reference          Library       Unit Area   Count    Total Area   Attributes
-----------------------------------------------------------------------------
SAEDHVT14_AN3_0P5  saed14hvt_tt0p8v25c     0.355200       1     0.355200
SAEDHVT14_AO2BB2_1 saed14hvt_tt0p8v25c     0.621600       1     0.621600
SAEDHVT14_BUF_U_0P5 saed14hvt_tt0p8v25c     0.266400       4     1.065600
SAEDHVT14_FDPQB_V3_1 saed14hvt_tt0p8v25c     0.976800       1     0.976800 n
SAEDHVT14_FDP_V2LP_0P5 saed14hvt_tt0p8v25c     0.932400       1     0.932400 n
SAEDHVT14_INV_0P5  saed14hvt_tt0p8v25c     0.177600      23     4.084800
SAEDHVT14_ND2_CDC_0P5 saed14hvt_tt0p8v25c     0.222000       3     0.666000
SAEDHVT14_ND2_MM_0P5 saed14hvt_tt0p8v25c     0.310800       2     0.621600
SAEDHVT14_NR2_MM_0P5 saed14hvt_tt0p8v25c     0.222000       4     0.888000
SAEDHVT14_OAI21_0P5 saed14hvt_tt0p8v25c     0.266400       1     0.266400
SAEDHVT14_OAI22_0P5 saed14hvt_tt0p8v25c     0.310800       3     0.932400
SAEDHVT14_OR3_0P5  saed14hvt_tt0p8v25c     0.355200       1     0.355200
SAEDHVT14_OR4_1    saed14hvt_tt0p8v25c     0.399600       6     2.397600
SAEDLVT14_AN2B_PMM_2 saed14lvt_tt0p8v25c     0.444000       1     0.444000
SAEDLVT14_AO2BB2_1 saed14lvt_tt0p8v25c     0.621600       1     0.621600
SAEDLVT14_AO2BB2_V1_1 saed14lvt_tt0p8v25c     0.621600       1     0.621600
SAEDLVT14_AO21B_0P5 saed14lvt_tt0p8v25c     0.355200      34    12.076800
SAEDLVT14_AO21_U_0P5 saed14lvt_tt0p8v25c     0.355200       1     0.355200
SAEDLVT14_AO32_U_0P5 saed14lvt_tt0p8v25c     0.444000      31    13.764000
SAEDLVT14_AOI21_0P75 saed14lvt_tt0p8v25c     0.266400      32     8.524800
SAEDLVT14_BUF_ECO_1 saed14lvt_tt0p8v25c     0.266400       3     0.799200
SAEDLVT14_BUF_S_0P75 saed14lvt_tt0p8v25c     0.266400       3     0.799200
SAEDLVT14_BUF_U_0P5 saed14lvt_tt0p8v25c     0.266400       9     2.397600
SAEDLVT14_FDPQB_V2LP_1 saed14lvt_tt0p8v25c     0.843600      35    29.525999 n
SAEDLVT14_FDP_V2LP_1 saed14lvt_tt0p8v25c     0.932400       2     1.864800 n
SAEDLVT14_FDP_V2_1 saed14lvt_tt0p8v25c     0.932400      30    27.972000 n
SAEDLVT14_INV_0P5  saed14lvt_tt0p8v25c     0.177600      71    12.609600
SAEDLVT14_INV_0P75 saed14lvt_tt0p8v25c     0.177600      11     1.953600
SAEDLVT14_INV_1P5  saed14lvt_tt0p8v25c     0.177600       2     0.355200
SAEDLVT14_ND2B_U_0P5 saed14lvt_tt0p8v25c     0.310800       2     0.621600
SAEDLVT14_ND2_CDC_0P5 saed14lvt_tt0p8v25c     0.222000       8     1.776000
SAEDLVT14_NR2_1    saed14lvt_tt0p8v25c     0.222000       3     0.666000
SAEDLVT14_NR2_MM_1 saed14lvt_tt0p8v25c     0.222000       2     0.444000
SAEDLVT14_OAI21_0P5 saed14lvt_tt0p8v25c     0.266400       7     1.864800
SAEDLVT14_OAI22_0P5 saed14lvt_tt0p8v25c     0.310800      52    16.161599
SAEDLVT14_OAI22_0P75 saed14lvt_tt0p8v25c     0.310800       5     1.554000
SAEDLVT14_OAI22_1  saed14lvt_tt0p8v25c     0.310800       4     1.243200
SAEDLVT14_OR2_MM_0P5 saed14lvt_tt0p8v25c     0.310800       1     0.310800
SAEDLVT14_OR3_0P5  saed14lvt_tt0p8v25c     0.355200       1     0.355200
SAEDLVT14_OR4_1    saed14lvt_tt0p8v25c     0.399600       4     1.598400
SAEDLVT14_TIE0_V1_2 saed14lvt_tt0p8v25c     0.488400       1     0.488400
SAEDLVT14_TIE1_4   saed14lvt_tt0p8v25c     0.399600       1     0.399600
SAEDRVT14_AO21B_0P5 saed14rvt_tt0p8v25c     0.355200       1     0.355200
SAEDRVT14_FDPQB_V3_1 saed14rvt_tt0p8v25c     0.976800       4     3.907200 n
SAEDRVT14_FDP_V2LP_0P5 saed14rvt_tt0p8v25c     0.932400       2     1.864800 n
SAEDRVT14_INV_0P5  saed14rvt_tt0p8v25c     0.177600      10     1.776000
SAEDRVT14_INV_1P5  saed14rvt_tt0p8v25c     0.177600       2     0.355200
SAEDRVT14_OAI21_0P5 saed14rvt_tt0p8v25c     0.266400       1     0.266400
SAEDRVT14_OR4_1    saed14rvt_tt0p8v25c     0.399600       2     0.799200
a25_multiply_0_DW01_add_J23_0_0    57.231600       1    57.231600 h
a25_multiply_0_DW01_add_J23_1_0    64.513198       1    64.513198 h
a25_multiply_0_DW01_inc_J23_0_0     3.108000       1     3.108000 h
a25_multiply_0_DW01_inc_J23_1_0    24.064800       1    24.064800 h
-----------------------------------------------------------------------------
Total 53 references                                   314.573997

****************************************
Design: a25_multiply_0_DW01_add_J23_0_0 
****************************************
Reference          Library       Unit Area   Count    Total Area   Attributes
-----------------------------------------------------------------------------
SAEDHVT14_ADDH_0P5 saed14hvt_tt0p8v25c     0.666000       1     0.666000 r
SAEDHVT14_AN2_MM_0P5 saed14hvt_tt0p8v25c     0.310800       2     0.621600
SAEDHVT14_AO2BB2_1 saed14hvt_tt0p8v25c     0.621600       3     1.864800
SAEDHVT14_EO2_V1_0P75 saed14hvt_tt0p8v25c     0.444000       7     3.108000
SAEDHVT14_EO3_0P5  saed14hvt_tt0p8v25c     1.021200       1     1.021200
SAEDHVT14_INV_0P5  saed14hvt_tt0p8v25c     0.177600       4     0.710400
SAEDHVT14_ND2_MM_0P5 saed14hvt_tt0p8v25c     0.310800       8     2.486400
SAEDLVT14_ADDF_V2_1 saed14lvt_tt0p8v25c     1.243200       2     2.486400 r
SAEDLVT14_AO2BB2_1 saed14lvt_tt0p8v25c     0.621600       1     0.621600
SAEDLVT14_AO31_U_0P5 saed14lvt_tt0p8v25c     0.710400       4     2.841600
SAEDLVT14_AOI31_0P5 saed14lvt_tt0p8v25c     0.488400       5     2.442000
SAEDLVT14_EO2_0P5  saed14lvt_tt0p8v25c     0.488400      16     7.814400
SAEDLVT14_EO3_0P5  saed14lvt_tt0p8v25c     1.021200       2     2.042400
SAEDLVT14_INV_0P5  saed14lvt_tt0p8v25c     0.177600       4     0.710400
SAEDLVT14_ND2_CDC_0P5 saed14lvt_tt0p8v25c     0.222000      25     5.550000
SAEDLVT14_ND2_ECO_1 saed14lvt_tt0p8v25c     0.355200       4     1.420800
SAEDLVT14_NR2_1    saed14lvt_tt0p8v25c     0.222000       1     0.222000
SAEDLVT14_NR2_MM_0P5 saed14lvt_tt0p8v25c     0.222000       7     1.554000
SAEDLVT14_OAI21_0P5 saed14lvt_tt0p8v25c     0.266400      19     5.061600
SAEDRVT14_EO2_0P5  saed14rvt_tt0p8v25c     0.488400       8     3.907200
SAEDRVT14_EO2_1    saed14rvt_tt0p8v25c     0.488400       3     1.465200
SAEDRVT14_EO2_V1_0P75 saed14rvt_tt0p8v25c     0.444000      14     6.216000
SAEDRVT14_EO3_0P5  saed14rvt_tt0p8v25c     1.021200       2     2.042400
SAEDRVT14_INV_0P5  saed14rvt_tt0p8v25c     0.177600       2     0.355200
-----------------------------------------------------------------------------
Total 24 references                                    57.231600

****************************************
Design: a25_multiply_0_DW01_add_J23_1_0 
****************************************
Reference          Library       Unit Area   Count    Total Area   Attributes
-----------------------------------------------------------------------------
SAEDHVT14_ADDF_V2_0P5 saed14hvt_tt0p8v25c     1.243200       1     1.243200 r
SAEDHVT14_BUF_U_0P5 saed14hvt_tt0p8v25c     0.266400      11     2.930400
SAEDHVT14_INV_0P5  saed14hvt_tt0p8v25c     0.177600       4     0.710400
SAEDHVT14_ND2_CDC_0P5 saed14hvt_tt0p8v25c     0.222000       2     0.444000
SAEDHVT14_ND2_ECO_1 saed14hvt_tt0p8v25c     0.355200       7     2.486400
SAEDHVT14_ND2_MM_0P5 saed14hvt_tt0p8v25c     0.310800       3     0.932400
SAEDHVT14_NR2_MM_0P5 saed14hvt_tt0p8v25c     0.222000       3     0.666000
SAEDLVT14_ADDF_V2_0P5 saed14lvt_tt0p8v25c     1.243200       4     4.972800 r
SAEDLVT14_ADDH_1   saed14lvt_tt0p8v25c     0.754800       1     0.754800 r
SAEDLVT14_AOI31_0P5 saed14lvt_tt0p8v25c     0.488400       1     0.488400
SAEDLVT14_AOI31_0P75 saed14lvt_tt0p8v25c     0.488400       1     0.488400
SAEDLVT14_EO2_0P5  saed14lvt_tt0p8v25c     0.488400       2     0.976800
SAEDLVT14_EO3_0P5  saed14lvt_tt0p8v25c     1.021200      17    17.360399
SAEDLVT14_EO3_1    saed14lvt_tt0p8v25c     1.021200       2     2.042400
SAEDLVT14_INV_0P5  saed14lvt_tt0p8v25c     0.177600       7     1.243200
SAEDLVT14_INV_S_1P5 saed14lvt_tt0p8v25c     0.222000       1     0.222000
SAEDLVT14_ND2_CDC_0P5 saed14lvt_tt0p8v25c     0.222000      19     4.218000
SAEDLVT14_ND2_ECO_1 saed14lvt_tt0p8v25c     0.355200      20     7.104000
SAEDLVT14_NR2_MM_0P5 saed14lvt_tt0p8v25c     0.222000       1     0.222000
SAEDLVT14_NR2_MM_1 saed14lvt_tt0p8v25c     0.222000       1     0.222000
SAEDLVT14_OA21_MM_1 saed14lvt_tt0p8v25c     0.399600       1     0.399600
SAEDLVT14_OAI21_0P5 saed14lvt_tt0p8v25c     0.266400      10     2.664000
SAEDLVT14_OR2_0P5  saed14lvt_tt0p8v25c     0.310800       1     0.310800
SAEDLVT14_OR2_MM_0P5 saed14lvt_tt0p8v25c     0.310800       1     0.310800
SAEDLVT14_OR3_1    saed14lvt_tt0p8v25c     0.355200       1     0.355200
SAEDRVT14_ADDF_V2_0P5 saed14rvt_tt0p8v25c     1.243200       6     7.459200 r
SAEDRVT14_EO2_V1_0P75 saed14rvt_tt0p8v25c     0.444000       2     0.888000
SAEDRVT14_EO3_1    saed14rvt_tt0p8v25c     1.021200       1     1.021200
SAEDRVT14_INV_S_0P75 saed14rvt_tt0p8v25c     0.177600       6     1.065600
SAEDRVT14_ND2_MM_0P5 saed14rvt_tt0p8v25c     0.310800       1     0.310800
-----------------------------------------------------------------------------
Total 30 references                                    64.513198

****************************************
Design: a25_multiply_0_DW01_inc_J23_0_0 
****************************************
Reference          Library       Unit Area   Count    Total Area   Attributes
-----------------------------------------------------------------------------
SAEDHVT14_EO2_V1_0P75 saed14hvt_tt0p8v25c     0.444000       1     0.444000
SAEDRVT14_ADDH_0P5 saed14rvt_tt0p8v25c     0.666000       4     2.664000 r
-----------------------------------------------------------------------------
Total 2 references                                      3.108000

****************************************
Design: a25_multiply_0_DW01_inc_J23_1_0 
****************************************
Reference          Library       Unit Area   Count    Total Area   Attributes
-----------------------------------------------------------------------------
SAEDHVT14_ADDH_0P5 saed14hvt_tt0p8v25c     0.666000       6     3.996000 r
SAEDHVT14_ND2_MM_0P5 saed14hvt_tt0p8v25c     0.310800       1     0.310800
SAEDLVT14_ADDH_0P5 saed14lvt_tt0p8v25c     0.666000       3     1.998000 r
SAEDLVT14_ADDH_1   saed14lvt_tt0p8v25c     0.754800       9     6.793200 r
SAEDLVT14_AN2_MM_0P5 saed14lvt_tt0p8v25c     0.310800       2     0.621600
SAEDLVT14_AN3_0P5  saed14lvt_tt0p8v25c     0.355200       2     0.710400
SAEDLVT14_EO2_0P5  saed14lvt_tt0p8v25c     0.488400      10     4.884000
SAEDLVT14_INV_0P5  saed14lvt_tt0p8v25c     0.177600       4     0.710400
SAEDLVT14_ND2_CDC_0P5 saed14lvt_tt0p8v25c     0.222000       3     0.666000
SAEDLVT14_NR2_1    saed14lvt_tt0p8v25c     0.222000       1     0.222000
SAEDLVT14_NR2_MM_0P5 saed14lvt_tt0p8v25c     0.222000       2     0.444000
SAEDRVT14_ADDH_0P5 saed14rvt_tt0p8v25c     0.666000       1     0.666000 r
SAEDRVT14_EO2_0P5  saed14rvt_tt0p8v25c     0.488400       1     0.488400
SAEDRVT14_EO2_V1_0P75 saed14rvt_tt0p8v25c     0.444000       1     0.444000
SAEDRVT14_INV_0P5  saed14rvt_tt0p8v25c     0.177600       3     0.532800
SAEDRVT14_ND2_CDC_1 saed14rvt_tt0p8v25c     0.222000       1     0.222000
SAEDRVT14_ND2_ECO_1 saed14rvt_tt0p8v25c     0.355200       1     0.355200
-----------------------------------------------------------------------------
Total 17 references                                    24.064800

****************************************
Design: a25_register_bank_0 
****************************************
Reference          Library       Unit Area   Count    Total Area   Attributes
-----------------------------------------------------------------------------
SAEDHVT14_AN2B_MM_1 saed14hvt_tt0p8v25c     0.399600       1     0.399600
SAEDHVT14_AN2_0P5  saed14hvt_tt0p8v25c     0.399600       2     0.799200
SAEDHVT14_AN2_1    saed14hvt_tt0p8v25c     0.310800       3     0.932400
SAEDHVT14_AN2_MM_0P5 saed14hvt_tt0p8v25c     0.310800       1     0.310800
SAEDHVT14_AO2BB2_0P5 saed14hvt_tt0p8v25c     0.621600       3     1.864800
SAEDHVT14_AO2BB2_1 saed14hvt_tt0p8v25c     0.621600       4     2.486400
SAEDHVT14_AO2BB2_V1_0P75 saed14hvt_tt0p8v25c     0.621600       1     0.621600
SAEDHVT14_AO21_U_0P5 saed14hvt_tt0p8v25c     0.355200       1     0.355200
SAEDHVT14_AOI21_0P5 saed14hvt_tt0p8v25c     0.266400       8     2.131200
SAEDHVT14_BUF_1P5  saed14hvt_tt0p8v25c     0.310800       1     0.310800
SAEDHVT14_BUF_ECO_1 saed14hvt_tt0p8v25c     0.266400       7     1.864800
SAEDHVT14_BUF_S_3  saed14hvt_tt0p8v25c     0.399600       3     1.198800
SAEDHVT14_BUF_U_0P5 saed14hvt_tt0p8v25c     0.266400      96    25.574401
SAEDHVT14_FDPQB_V3_1 saed14hvt_tt0p8v25c     0.976800      18    17.582400 n
SAEDHVT14_FDP_V2LP_0P5 saed14hvt_tt0p8v25c     0.932400       1     0.932400 n
SAEDHVT14_INV_0P5  saed14hvt_tt0p8v25c     0.177600      72    12.787200
SAEDHVT14_INV_0P75 saed14hvt_tt0p8v25c     0.177600       2     0.355200
SAEDHVT14_ND2B_U_0P5 saed14hvt_tt0p8v25c     0.310800       1     0.310800
SAEDHVT14_ND2_CDC_0P5 saed14hvt_tt0p8v25c     0.222000       7     1.554000
SAEDHVT14_ND2_MM_0P5 saed14hvt_tt0p8v25c     0.310800      33    10.256400
SAEDHVT14_NR2_MM_0P5 saed14hvt_tt0p8v25c     0.222000      23     5.106000
SAEDHVT14_NR2_MM_1 saed14hvt_tt0p8v25c     0.222000       1     0.222000
SAEDHVT14_NR3B_U_0P5 saed14hvt_tt0p8v25c     0.532800       1     0.532800
SAEDHVT14_NR3_0P5  saed14hvt_tt0p8v25c     0.444000       1     0.444000
SAEDHVT14_OA22_U_0P5 saed14hvt_tt0p8v25c     0.399600       3     1.198800
SAEDHVT14_OAI21_0P5 saed14hvt_tt0p8v25c     0.266400       2     0.532800
SAEDHVT14_OAI22_0P5 saed14hvt_tt0p8v25c     0.310800     125    38.849998
SAEDHVT14_OAI22_0P75 saed14hvt_tt0p8v25c     0.310800      13     4.040400
SAEDHVT14_OR2_1    saed14hvt_tt0p8v25c     0.310800       3     0.932400
SAEDHVT14_OR4_1    saed14hvt_tt0p8v25c     0.399600       6     2.397600
SAEDHVT14_OR4_2    saed14hvt_tt0p8v25c     0.444000       1     0.444000
SAEDLVT14_AN2B_MM_1 saed14lvt_tt0p8v25c     0.399600       3     1.198800
SAEDLVT14_AN2B_PMM_2 saed14lvt_tt0p8v25c     0.444000       5     2.220000
SAEDLVT14_AN2_MM_0P5 saed14lvt_tt0p8v25c     0.310800      27     8.391600
SAEDLVT14_AN2_MM_1 saed14lvt_tt0p8v25c     0.310800      10     3.108000
SAEDLVT14_AN3_0P5  saed14lvt_tt0p8v25c     0.355200       1     0.355200
SAEDLVT14_AN4_0P75 saed14lvt_tt0p8v25c     0.399600       1     0.399600
SAEDLVT14_AN4_1    saed14lvt_tt0p8v25c     0.399600       1     0.399600
SAEDLVT14_AO2BB2_0P5 saed14lvt_tt0p8v25c     0.621600       7     4.351200
SAEDLVT14_AO2BB2_V1_0P5 saed14lvt_tt0p8v25c     0.621600       8     4.972800
SAEDLVT14_AO2BB2_V1_1 saed14lvt_tt0p8v25c     0.621600       1     0.621600
SAEDLVT14_AO21_1   saed14lvt_tt0p8v25c     0.355200      31    11.011200
SAEDLVT14_AO21_U_0P5 saed14lvt_tt0p8v25c     0.355200     171    60.739199
SAEDLVT14_AO22_0P5 saed14lvt_tt0p8v25c     0.532800       1     0.532800
SAEDLVT14_AOI21_0P5 saed14lvt_tt0p8v25c     0.266400       1     0.266400
SAEDLVT14_AOI21_0P75 saed14lvt_tt0p8v25c     0.266400      98    26.107201
SAEDLVT14_AOINV_IW_4 saed14lvt_tt0p8v25c     0.532800       2     1.065600
SAEDLVT14_BUF_1P5  saed14lvt_tt0p8v25c     0.310800       8     2.486400
SAEDLVT14_BUF_CDC_2 saed14lvt_tt0p8v25c     0.310800       1     0.310800
SAEDLVT14_BUF_ECO_1 saed14lvt_tt0p8v25c     0.266400      45    11.988000
SAEDLVT14_BUF_ECO_2 saed14lvt_tt0p8v25c     0.488400       4     1.953600
SAEDLVT14_BUF_S_0P75 saed14lvt_tt0p8v25c     0.266400      42    11.188800
SAEDLVT14_BUF_S_3  saed14lvt_tt0p8v25c     0.399600       4     1.598400
SAEDLVT14_BUF_U_0P5 saed14lvt_tt0p8v25c     0.266400     118    31.435201
SAEDLVT14_FDPQB_V2LP_1 saed14lvt_tt0p8v25c     0.843600    1225  1033.409970 n
SAEDLVT14_FDPQB_V2_1 saed14lvt_tt0p8v25c     0.843600      18    15.184800 n
SAEDLVT14_FDPQB_V2_8 saed14lvt_tt0p8v25c     1.332000       1     1.332000 n
SAEDLVT14_FDPQB_V3_1 saed14lvt_tt0p8v25c     0.976800      35    34.188001 n
SAEDLVT14_FDPQB_V3_2 saed14lvt_tt0p8v25c     1.287600       3     3.862800 n
SAEDLVT14_FDP_V2LP_1 saed14lvt_tt0p8v25c     0.932400       4     3.729600 n
SAEDLVT14_FDP_V2_1 saed14lvt_tt0p8v25c     0.932400     201   187.412398 n
SAEDLVT14_INV_0P5  saed14lvt_tt0p8v25c     0.177600    1027   182.395196
SAEDLVT14_INV_0P75 saed14lvt_tt0p8v25c     0.177600      46     8.169600
SAEDLVT14_INV_1P5  saed14lvt_tt0p8v25c     0.177600      64    11.366400
SAEDLVT14_INV_2    saed14lvt_tt0p8v25c     0.222000       2     0.444000
SAEDLVT14_INV_ECO_3 saed14lvt_tt0p8v25c     0.488400       1     0.488400
SAEDLVT14_INV_S_3  saed14lvt_tt0p8v25c     0.310800       4     1.243200
SAEDLVT14_ND2B_U_0P5 saed14lvt_tt0p8v25c     0.310800      11     3.418800
SAEDLVT14_ND2_1    saed14lvt_tt0p8v25c     0.310800       1     0.310800
SAEDLVT14_ND2_CDC_0P5 saed14lvt_tt0p8v25c     0.222000    1000   222.000003
SAEDLVT14_ND2_ECO_1 saed14lvt_tt0p8v25c     0.355200       6     2.131200
SAEDLVT14_NR2_1    saed14lvt_tt0p8v25c     0.222000      21     4.662000
SAEDLVT14_NR2_MM_0P5 saed14lvt_tt0p8v25c     0.222000     690   153.180002
SAEDLVT14_NR2_MM_1 saed14lvt_tt0p8v25c     0.222000      48    10.656000
SAEDLVT14_NR3_1    saed14lvt_tt0p8v25c     0.444000       1     0.444000
SAEDLVT14_OA2BB2_V1_0P5 saed14lvt_tt0p8v25c     0.488400       1     0.488400
SAEDLVT14_OA21B_1  saed14lvt_tt0p8v25c     0.355200       1     0.355200
SAEDLVT14_OA22_0P75 saed14lvt_tt0p8v25c     0.399600      52    20.779200
SAEDLVT14_OAI21_0P5 saed14lvt_tt0p8v25c     0.266400     143    38.095201
SAEDLVT14_OAI22_0P5 saed14lvt_tt0p8v25c     0.310800    1600   497.279978
SAEDLVT14_OAI22_0P75 saed14lvt_tt0p8v25c     0.310800      13     4.040400
SAEDLVT14_OAI22_1  saed14lvt_tt0p8v25c     0.310800     139    43.201198
SAEDLVT14_OR2B_PMM_2 saed14lvt_tt0p8v25c     0.488400       3     1.465200
SAEDLVT14_OR2_0P5  saed14lvt_tt0p8v25c     0.310800      18     5.594400
SAEDLVT14_OR2_0P75 saed14lvt_tt0p8v25c     0.310800       2     0.621600
SAEDLVT14_OR2_1    saed14lvt_tt0p8v25c     0.310800       4     1.243200
SAEDLVT14_OR2_2    saed14lvt_tt0p8v25c     0.355200       1     0.355200
SAEDLVT14_OR2_MM_0P5 saed14lvt_tt0p8v25c     0.310800       7     2.175600
SAEDLVT14_OR2_MM_0P75 saed14lvt_tt0p8v25c     0.310800       7     2.175600
SAEDLVT14_OR2_MM_3 saed14lvt_tt0p8v25c     0.399600       2     0.799200
SAEDLVT14_OR3_0P5  saed14lvt_tt0p8v25c     0.355200       2     0.710400
SAEDLVT14_OR4_1    saed14lvt_tt0p8v25c     0.399600     279   111.488400
SAEDRVT14_AN2_MM_0P5 saed14rvt_tt0p8v25c     0.310800       5     1.554000
SAEDRVT14_AN2_MM_1 saed14rvt_tt0p8v25c     0.310800     305    94.793996
SAEDRVT14_AO2BB2_0P5 saed14rvt_tt0p8v25c     0.621600       1     0.621600
SAEDRVT14_AO21_U_0P5 saed14rvt_tt0p8v25c     0.355200      20     7.104000
SAEDRVT14_AOI21_0P75 saed14rvt_tt0p8v25c     0.266400       1     0.266400
SAEDRVT14_BUF_1P5  saed14rvt_tt0p8v25c     0.310800       3     0.932400
SAEDRVT14_BUF_ECO_1 saed14rvt_tt0p8v25c     0.266400      18     4.795200
SAEDRVT14_BUF_S_2  saed14rvt_tt0p8v25c     0.310800       3     0.932400
SAEDRVT14_BUF_S_3  saed14rvt_tt0p8v25c     0.399600       3     1.198800
SAEDRVT14_BUF_U_0P5 saed14rvt_tt0p8v25c     0.266400       7     1.864800
SAEDRVT14_FDPQB_V3_1 saed14rvt_tt0p8v25c     0.976800      32    31.257601 n
SAEDRVT14_FDP_V2LP_0P5 saed14rvt_tt0p8v25c     0.932400      14    13.053600 n
SAEDRVT14_FDP_V2LP_1 saed14rvt_tt0p8v25c     0.932400       1     0.932400 n
SAEDRVT14_INV_0P5  saed14rvt_tt0p8v25c     0.177600     407    72.283199
SAEDRVT14_INV_1P5  saed14rvt_tt0p8v25c     0.177600       3     0.532800
SAEDRVT14_INV_S_0P75 saed14rvt_tt0p8v25c     0.177600       1     0.177600
SAEDRVT14_ND2_CDC_1 saed14rvt_tt0p8v25c     0.222000      10     2.220000
SAEDRVT14_ND2_ECO_1 saed14rvt_tt0p8v25c     0.355200      35    12.432000
SAEDRVT14_NR2_MM_1 saed14rvt_tt0p8v25c     0.222000       1     0.222000
SAEDRVT14_OA21B_1  saed14rvt_tt0p8v25c     0.355200       1     0.355200
SAEDRVT14_OAI22_0P75 saed14rvt_tt0p8v25c     0.310800       2     0.621600
SAEDRVT14_OR2_1    saed14rvt_tt0p8v25c     0.310800       4     1.243200
SAEDRVT14_OR4_1    saed14rvt_tt0p8v25c     0.399600       2     0.799200
SAEDRVT14_OR4_2    saed14rvt_tt0p8v25c     0.444000       1     0.444000
-----------------------------------------------------------------------------
Total 116 references                                 3185.566738

****************************************
Design: a25_fetch_0 
****************************************
Reference          Library       Unit Area   Count    Total Area   Attributes
-----------------------------------------------------------------------------
SAEDHVT14_AO221_0P5 saed14hvt_tt0p8v25c     0.488400       3     1.465200
SAEDHVT14_NR2_MM_0P5 saed14hvt_tt0p8v25c     0.222000       1     0.222000
SAEDHVT14_OAI22_0P5 saed14hvt_tt0p8v25c     0.310800       1     0.310800
SAEDLVT14_AN3_0P5  saed14lvt_tt0p8v25c     0.355200       1     0.355200
SAEDLVT14_AN4_2    saed14lvt_tt0p8v25c     0.444000       1     0.444000
SAEDLVT14_AO21_U_0P5 saed14lvt_tt0p8v25c     0.355200       1     0.355200
SAEDLVT14_AO22_0P5 saed14lvt_tt0p8v25c     0.532800       7     3.729600
SAEDLVT14_AO221_1  saed14lvt_tt0p8v25c     0.488400      21    10.256400
SAEDLVT14_AOI21_0P75 saed14lvt_tt0p8v25c     0.266400      21     5.594400
SAEDLVT14_BUF_1P5  saed14lvt_tt0p8v25c     0.310800       2     0.621600
SAEDLVT14_BUF_ECO_1 saed14lvt_tt0p8v25c     0.266400       3     0.799200
SAEDLVT14_BUF_S_0P75 saed14lvt_tt0p8v25c     0.266400       4     1.065600
SAEDLVT14_BUF_U_0P5 saed14lvt_tt0p8v25c     0.266400      23     6.127200
SAEDLVT14_INV_0P5  saed14lvt_tt0p8v25c     0.177600       6     1.065600
SAEDLVT14_INV_0P75 saed14lvt_tt0p8v25c     0.177600       1     0.177600
SAEDLVT14_ND2_CDC_0P5 saed14lvt_tt0p8v25c     0.222000       7     1.554000
SAEDLVT14_NR2_1    saed14lvt_tt0p8v25c     0.222000       1     0.222000
SAEDLVT14_NR2_MM_0P5 saed14lvt_tt0p8v25c     0.222000       1     0.222000
SAEDLVT14_NR2_MM_1 saed14lvt_tt0p8v25c     0.222000       1     0.222000
SAEDLVT14_NR3B_U_0P5 saed14lvt_tt0p8v25c     0.532800       1     0.532800
SAEDLVT14_NR4_0P75 saed14lvt_tt0p8v25c     0.488400       1     0.488400
SAEDLVT14_OA31_1   saed14lvt_tt0p8v25c     0.399600       1     0.399600
SAEDLVT14_OAI22_0P5 saed14lvt_tt0p8v25c     0.310800       2     0.621600
SAEDLVT14_OR4_1    saed14lvt_tt0p8v25c     0.399600       3     1.198800
SAEDLVT14_TIE0_V1_2 saed14lvt_tt0p8v25c     0.488400       1     0.488400
SAEDLVT14_TIE1_4   saed14lvt_tt0p8v25c     0.399600       1     0.399600
SAEDRVT14_AO22_0P5 saed14rvt_tt0p8v25c     0.532800       1     0.532800
SAEDRVT14_BUF_U_0P5 saed14rvt_tt0p8v25c     0.266400       3     0.799200
SAEDRVT14_FDP_V2LP_1 saed14rvt_tt0p8v25c     0.932400       1     0.932400 n
SAEDRVT14_INV_0P5  saed14rvt_tt0p8v25c     0.177600       4     0.710400
SAEDRVT14_INV_1P5  saed14rvt_tt0p8v25c     0.177600       1     0.177600
SAEDRVT14_OA221_1  saed14rvt_tt0p8v25c     0.710400       3     2.131200
SAEDRVT14_OA221_U_0P5 saed14rvt_tt0p8v25c     0.488400       5     2.442000
SAEDRVT14_OR2_1    saed14rvt_tt0p8v25c     0.310800       1     0.310800
SAEDRVT14_OR3_1    saed14rvt_tt0p8v25c     0.355200       1     0.355200
SAEDRVT14_OR4_1    saed14rvt_tt0p8v25c     0.399600       1     0.399600
a25_fetch_0_DW_cmp_J11_0_0        2.486400       1      2.486400  h
a25_fetch_0_DW_cmp_J11_1_0        3.019200       1      3.019200  h
a25_fetch_0_DW_cmp_J11_2_0        2.486400       1      2.486400  h
a25_icache_0                  10969.756614       1  10969.756614  b, h, n
-----------------------------------------------------------------------------
Total 40 references                                 11025.478615

****************************************
Design: a25_fetch_0_DW_cmp_J11_0_0 
****************************************
Reference          Library       Unit Area   Count    Total Area   Attributes
-----------------------------------------------------------------------------
SAEDLVT14_NR4_0P75 saed14lvt_tt0p8v25c     0.488400       1     0.488400
SAEDLVT14_OR4_1    saed14lvt_tt0p8v25c     0.399600       5     1.998000
-----------------------------------------------------------------------------
Total 2 references                                      2.486400

****************************************
Design: a25_fetch_0_DW_cmp_J11_1_0 
****************************************
Reference          Library       Unit Area   Count    Total Area   Attributes
-----------------------------------------------------------------------------
SAEDLVT14_NR2_MM_0P5 saed14lvt_tt0p8v25c     0.222000       1     0.222000
SAEDLVT14_OR4_1    saed14lvt_tt0p8v25c     0.399600       4     1.598400
SAEDRVT14_OR4_1    saed14rvt_tt0p8v25c     0.399600       3     1.198800
-----------------------------------------------------------------------------
Total 3 references                                      3.019200

****************************************
Design: a25_fetch_0_DW_cmp_J11_2_0 
****************************************
Reference          Library       Unit Area   Count    Total Area   Attributes
-----------------------------------------------------------------------------
SAEDLVT14_NR4_0P75 saed14lvt_tt0p8v25c     0.488400       1     0.488400
SAEDLVT14_OR4_1    saed14lvt_tt0p8v25c     0.399600       5     1.998000
-----------------------------------------------------------------------------
Total 2 references                                      2.486400

****************************************
Design: a25_icache_0 
****************************************
Reference          Library       Unit Area   Count    Total Area   Attributes
-----------------------------------------------------------------------------
SAEDHVT14_AN2_1    saed14hvt_tt0p8v25c     0.310800       1     0.310800
SAEDHVT14_AN3_0P5  saed14hvt_tt0p8v25c     0.355200       2     0.710400
SAEDHVT14_AN4_0P75 saed14hvt_tt0p8v25c     0.399600       1     0.399600
SAEDHVT14_AO21B_0P5 saed14hvt_tt0p8v25c     0.355200       4     1.420800
SAEDHVT14_AO222_1  saed14hvt_tt0p8v25c     0.754800       8     6.038400
SAEDHVT14_AOI21_0P5 saed14hvt_tt0p8v25c     0.266400       1     0.266400
SAEDHVT14_BUF_S_0P75 saed14hvt_tt0p8v25c     0.266400       1     0.266400
SAEDHVT14_BUF_U_0P5 saed14hvt_tt0p8v25c     0.266400       1     0.266400
SAEDHVT14_FDP_V2LP_0P5 saed14hvt_tt0p8v25c     0.932400       2     1.864800 n
SAEDHVT14_FDP_V2LP_2 saed14hvt_tt0p8v25c     1.021200       1     1.021200 n
SAEDHVT14_INV_0P5  saed14hvt_tt0p8v25c     0.177600       6     1.065600
SAEDHVT14_MUX2_U_0P5 saed14hvt_tt0p8v25c     0.444000       4     1.776000
SAEDHVT14_ND2B_U_0P5 saed14hvt_tt0p8v25c     0.310800       2     0.621600
SAEDHVT14_ND2_CDC_0P5 saed14hvt_tt0p8v25c     0.222000       3     0.666000
SAEDHVT14_ND2_MM_0P5 saed14hvt_tt0p8v25c     0.310800       3     0.932400
SAEDHVT14_NR2_MM_0P5 saed14hvt_tt0p8v25c     0.222000       4     0.888000
SAEDHVT14_OA31_1   saed14hvt_tt0p8v25c     0.399600       1     0.399600
SAEDHVT14_OAI21_0P5 saed14hvt_tt0p8v25c     0.266400       1     0.266400
SAEDHVT14_OAI22_0P5 saed14hvt_tt0p8v25c     0.310800      32     9.945600
SAEDLVT14_AN2_MM_0P5 saed14lvt_tt0p8v25c     0.310800       3     0.932400
SAEDLVT14_AO21B_0P5 saed14lvt_tt0p8v25c     0.355200      35    12.432000
SAEDLVT14_AO21_1   saed14lvt_tt0p8v25c     0.355200       2     0.710400
SAEDLVT14_AO22_0P5 saed14lvt_tt0p8v25c     0.532800       1     0.532800
SAEDLVT14_AO32_U_0P5 saed14lvt_tt0p8v25c     0.444000       8     3.552000
SAEDLVT14_AOI21_0P75 saed14lvt_tt0p8v25c     0.266400       2     0.532800
SAEDLVT14_AOI21_1  saed14lvt_tt0p8v25c     0.310800       1     0.310800
SAEDLVT14_BUF_ECO_1 saed14lvt_tt0p8v25c     0.266400       2     0.532800
SAEDLVT14_BUF_S_0P75 saed14lvt_tt0p8v25c     0.266400       3     0.799200
SAEDLVT14_CLKSPLT_1 saed14lvt_tt0p8v25c     1.154400       3     3.463200
SAEDLVT14_FDPQB_V2LP_1 saed14lvt_tt0p8v25c     0.843600       9     7.592400 n
SAEDLVT14_FDP_V2_1 saed14lvt_tt0p8v25c     0.932400      71    66.200399 n
SAEDLVT14_INV_0P5  saed14lvt_tt0p8v25c     0.177600      28     4.972800
SAEDLVT14_INV_0P75 saed14lvt_tt0p8v25c     0.177600       2     0.355200
SAEDLVT14_INV_S_1P5 saed14lvt_tt0p8v25c     0.222000       1     0.222000
SAEDLVT14_MUX2_U_0P5 saed14lvt_tt0p8v25c     0.444000      28    12.432000
SAEDLVT14_ND2B_U_0P5 saed14lvt_tt0p8v25c     0.310800       1     0.310800
SAEDLVT14_ND2_CDC_0P5 saed14lvt_tt0p8v25c     0.222000       9     1.998000
SAEDLVT14_ND2_ECO_1 saed14lvt_tt0p8v25c     0.355200       2     0.710400
SAEDLVT14_NR2_MM_0P5 saed14lvt_tt0p8v25c     0.222000       9     1.998000
SAEDLVT14_OA22_0P75 saed14lvt_tt0p8v25c     0.399600       2     0.799200
SAEDLVT14_OAI21_0P5 saed14lvt_tt0p8v25c     0.266400      10     2.664000
SAEDLVT14_OAI22_0P5 saed14lvt_tt0p8v25c     0.310800      35    10.878000
SAEDLVT14_OAI31_0P5 saed14lvt_tt0p8v25c     0.488400       1     0.488400
SAEDLVT14_OR2_0P5  saed14lvt_tt0p8v25c     0.310800       1     0.310800
SAEDLVT14_OR4_1    saed14lvt_tt0p8v25c     0.399600       1     0.399600
SAEDLVT14_TIE0_V1_2 saed14lvt_tt0p8v25c     0.488400       1     0.488400
SAEDLVT14_TIE1_4   saed14lvt_tt0p8v25c     0.399600       1     0.399600
SAEDRVT14_AN2_MM_0P5 saed14rvt_tt0p8v25c     0.310800      20     6.216000
SAEDRVT14_BUF_ECO_1 saed14rvt_tt0p8v25c     0.266400       1     0.266400
SAEDRVT14_FDP_V2LP_0P5 saed14rvt_tt0p8v25c     0.932400      33    30.769200 n
SAEDRVT14_FDP_V2LP_1 saed14rvt_tt0p8v25c     0.932400       2     1.864800 n
SAEDRVT14_INV_0P5  saed14rvt_tt0p8v25c     0.177600       4     0.710400
SAEDRVT14_INV_S_0P75 saed14rvt_tt0p8v25c     0.177600       5     0.888000
SAEDRVT14_MUX2_1   saed14rvt_tt0p8v25c     0.488400       1     0.488400
SAEDRVT14_MUX2_U_0P5 saed14rvt_tt0p8v25c     0.444000       1     0.444000
SAEDRVT14_NR4_0P75 saed14rvt_tt0p8v25c     0.488400       1     0.488400
SRAM1RW256x32      saed14sram_tt0p8v25c  2668.635254       4 10674.541016 b, d
a25_icache_0_DW01_inc_J15_0_0     5.106000       1      5.106000  h
a25_icache_0_DW_cmp_J15_0_0      11.588400       1     11.588400  h
a25_icache_0_DW_cmp_J15_1_0      11.588400       1     11.588400  h
a25_icache_0_DW_cmp_J15_2_0      11.588400       1     11.588400  h
a25_icache_0_DW_cmp_J15_3_0      11.588400       1     11.588400  h
a25_icache_0_DW_cmp_J15_4_0      17.715600       1     17.715600  h
a25_icache_0_DW_cmp_J15_5_0      17.760000       1     17.760000  h
-----------------------------------------------------------------------------
Total 64 references                                 10969.756614

****************************************
Design: a25_icache_0_DW01_inc_J15_0_0 
****************************************
Reference          Library       Unit Area   Count    Total Area   Attributes
-----------------------------------------------------------------------------
SAEDHVT14_EO2_V1_0P75 saed14hvt_tt0p8v25c     0.444000       1     0.444000
SAEDRVT14_ADDH_0P5 saed14rvt_tt0p8v25c     0.666000       7     4.662000 r
-----------------------------------------------------------------------------
Total 2 references                                      5.106000

****************************************
Design: a25_icache_0_DW_cmp_J15_0_0 
****************************************
Reference          Library       Unit Area   Count    Total Area   Attributes
-----------------------------------------------------------------------------
SAEDHVT14_OR4_1    saed14hvt_tt0p8v25c     0.399600       1     0.399600
SAEDLVT14_EO2_0P5  saed14lvt_tt0p8v25c     0.488400       1     0.488400
SAEDLVT14_EO2_V1_0P75 saed14lvt_tt0p8v25c     0.444000      18     7.992000
SAEDLVT14_NR2_MM_0P5 saed14lvt_tt0p8v25c     0.222000       1     0.222000
SAEDLVT14_OR4_1    saed14lvt_tt0p8v25c     0.399600       5     1.998000
SAEDRVT14_EO2_1    saed14rvt_tt0p8v25c     0.488400       1     0.488400
-----------------------------------------------------------------------------
Total 6 references                                     11.588400

****************************************
Design: a25_icache_0_DW_cmp_J15_1_0 
****************************************
Reference          Library       Unit Area   Count    Total Area   Attributes
-----------------------------------------------------------------------------
SAEDLVT14_EO2_0P5  saed14lvt_tt0p8v25c     0.488400       1     0.488400
SAEDLVT14_EO2_V1_0P75 saed14lvt_tt0p8v25c     0.444000      18     7.992000
SAEDLVT14_NR2_MM_0P5 saed14lvt_tt0p8v25c     0.222000       1     0.222000
SAEDLVT14_OR4_1    saed14lvt_tt0p8v25c     0.399600       5     1.998000
SAEDRVT14_EO2_1    saed14rvt_tt0p8v25c     0.488400       1     0.488400
SAEDRVT14_OR4_1    saed14rvt_tt0p8v25c     0.399600       1     0.399600
-----------------------------------------------------------------------------
Total 6 references                                     11.588400

****************************************
Design: a25_icache_0_DW_cmp_J15_2_0 
****************************************
Reference          Library       Unit Area   Count    Total Area   Attributes
-----------------------------------------------------------------------------
SAEDLVT14_EO2_0P5  saed14lvt_tt0p8v25c     0.488400       1     0.488400
SAEDLVT14_EO2_V1_0P75 saed14lvt_tt0p8v25c     0.444000      18     7.992000
SAEDLVT14_NR2_MM_0P5 saed14lvt_tt0p8v25c     0.222000       1     0.222000
SAEDLVT14_OR4_1    saed14lvt_tt0p8v25c     0.399600       6     2.397600
SAEDRVT14_EO2_1    saed14rvt_tt0p8v25c     0.488400       1     0.488400
-----------------------------------------------------------------------------
Total 5 references                                     11.588400

****************************************
Design: a25_icache_0_DW_cmp_J15_3_0 
****************************************
Reference          Library       Unit Area   Count    Total Area   Attributes
-----------------------------------------------------------------------------
SAEDLVT14_EO2_0P5  saed14lvt_tt0p8v25c     0.488400       1     0.488400
SAEDLVT14_EO2_V1_0P75 saed14lvt_tt0p8v25c     0.444000      18     7.992000
SAEDLVT14_NR2_MM_0P5 saed14lvt_tt0p8v25c     0.222000       1     0.222000
SAEDLVT14_OR4_1    saed14lvt_tt0p8v25c     0.399600       6     2.397600
SAEDRVT14_EO2_1    saed14rvt_tt0p8v25c     0.488400       1     0.488400
-----------------------------------------------------------------------------
Total 5 references                                     11.588400

****************************************
Design: a25_icache_0_DW_cmp_J15_4_0 
****************************************
Reference          Library       Unit Area   Count    Total Area   Attributes
-----------------------------------------------------------------------------
SAEDLVT14_EO2_0P5  saed14lvt_tt0p8v25c     0.488400       2     0.976800
SAEDLVT14_EO2_V1_0P75 saed14lvt_tt0p8v25c     0.444000      26    11.544000
SAEDLVT14_NR2_MM_0P5 saed14lvt_tt0p8v25c     0.222000       1     0.222000
SAEDLVT14_OR4_1    saed14lvt_tt0p8v25c     0.399600      10     3.996000
SAEDRVT14_EO2_1    saed14rvt_tt0p8v25c     0.488400       2     0.976800
-----------------------------------------------------------------------------
Total 5 references                                     17.715600

****************************************
Design: a25_icache_0_DW_cmp_J15_5_0 
****************************************
Reference          Library       Unit Area   Count    Total Area   Attributes
-----------------------------------------------------------------------------
SAEDLVT14_AOI21_0P75 saed14lvt_tt0p8v25c     0.266400       1     0.266400
SAEDLVT14_EO2_0P5  saed14lvt_tt0p8v25c     0.488400       2     0.976800
SAEDLVT14_EO2_V1_0P75 saed14lvt_tt0p8v25c     0.444000      23    10.212000
SAEDLVT14_OAI21_0P5 saed14lvt_tt0p8v25c     0.266400       1     0.266400
SAEDLVT14_OR4_1    saed14lvt_tt0p8v25c     0.399600      10     3.996000
SAEDRVT14_EO2_1    saed14rvt_tt0p8v25c     0.488400       2     0.976800
SAEDRVT14_EO2_V1_0P75 saed14rvt_tt0p8v25c     0.444000       2     0.888000
SAEDRVT14_INV_0P5  saed14rvt_tt0p8v25c     0.177600       1     0.177600
-----------------------------------------------------------------------------
Total 8 references                                     17.760000

****************************************
Design: a25_mem_0 
****************************************
Reference          Library       Unit Area   Count    Total Area   Attributes
-----------------------------------------------------------------------------
SAEDHVT14_AN2B_MM_1 saed14hvt_tt0p8v25c     0.399600       2     0.799200
SAEDHVT14_AN2_0P5  saed14hvt_tt0p8v25c     0.399600       1     0.399600
SAEDHVT14_BUF_U_0P5 saed14hvt_tt0p8v25c     0.266400      38    10.123200
SAEDHVT14_FDPQB_V2LP_0P5 saed14hvt_tt0p8v25c     0.843600       1     0.843600 n
SAEDHVT14_INV_0P5  saed14hvt_tt0p8v25c     0.177600       1     0.177600
SAEDHVT14_MUX2_U_0P5 saed14hvt_tt0p8v25c     0.444000       1     0.444000
SAEDHVT14_ND2_CDC_0P5 saed14hvt_tt0p8v25c     0.222000       1     0.222000
SAEDHVT14_NR2_MM_0P5 saed14hvt_tt0p8v25c     0.222000       2     0.444000
SAEDHVT14_OA21B_1  saed14hvt_tt0p8v25c     0.355200       1     0.355200
SAEDHVT14_OAI22_0P5 saed14hvt_tt0p8v25c     0.310800       4     1.243200
SAEDHVT14_OAI22_0P75 saed14hvt_tt0p8v25c     0.310800       1     0.310800
SAEDLVT14_AN2B_PMM_2 saed14lvt_tt0p8v25c     0.444000       1     0.444000
SAEDLVT14_AO2BB2_0P5 saed14lvt_tt0p8v25c     0.621600       1     0.621600
SAEDLVT14_AO21B_0P5 saed14lvt_tt0p8v25c     0.355200       1     0.355200
SAEDLVT14_AO21_1   saed14lvt_tt0p8v25c     0.355200       1     0.355200
SAEDLVT14_AO32_U_0P5 saed14lvt_tt0p8v25c     0.444000       8     3.552000
SAEDLVT14_AO222_1  saed14lvt_tt0p8v25c     0.754800      17    12.831600
SAEDLVT14_AOI21_0P5 saed14lvt_tt0p8v25c     0.266400       2     0.532800
SAEDLVT14_AOI21_0P75 saed14lvt_tt0p8v25c     0.266400      19     5.061600
SAEDLVT14_BUF_1P5  saed14lvt_tt0p8v25c     0.310800       1     0.310800
SAEDLVT14_BUF_ECO_1 saed14lvt_tt0p8v25c     0.266400       1     0.266400
SAEDLVT14_BUF_ECO_2 saed14lvt_tt0p8v25c     0.488400       1     0.488400
SAEDLVT14_BUF_PS_3 saed14lvt_tt0p8v25c     0.444000       1     0.444000
SAEDLVT14_BUF_S_0P75 saed14lvt_tt0p8v25c     0.266400       2     0.532800
SAEDLVT14_BUF_U_0P5 saed14lvt_tt0p8v25c     0.266400      19     5.061600
SAEDLVT14_CLKSPLT_1 saed14lvt_tt0p8v25c     1.154400       1     1.154400
SAEDLVT14_FDPQB_V2LP_1 saed14lvt_tt0p8v25c     0.843600      15    12.654000 n
SAEDLVT14_FDP_V2_1 saed14lvt_tt0p8v25c     0.932400      31    28.904400 n
SAEDLVT14_INV_0P5  saed14lvt_tt0p8v25c     0.177600      10     1.776000
SAEDLVT14_INV_0P75 saed14lvt_tt0p8v25c     0.177600       3     0.532800
SAEDLVT14_INV_1P5  saed14lvt_tt0p8v25c     0.177600       1     0.177600
SAEDLVT14_INV_2    saed14lvt_tt0p8v25c     0.222000       1     0.222000
SAEDLVT14_ND2_CDC_0P5 saed14lvt_tt0p8v25c     0.222000      11     2.442000
SAEDLVT14_ND2_ECO_1 saed14lvt_tt0p8v25c     0.355200       2     0.710400
SAEDLVT14_ND3B_0P5 saed14lvt_tt0p8v25c     0.532800       2     1.065600
SAEDLVT14_NR2_1    saed14lvt_tt0p8v25c     0.222000       2     0.444000
SAEDLVT14_NR2_1P5  saed14lvt_tt0p8v25c     0.310800       2     0.621600
SAEDLVT14_NR2_MM_0P5 saed14lvt_tt0p8v25c     0.222000       5     1.110000
SAEDLVT14_NR2_MM_1 saed14lvt_tt0p8v25c     0.222000       1     0.222000
SAEDLVT14_OA211_1  saed14lvt_tt0p8v25c     0.666000       1     0.666000
SAEDLVT14_OA221_U_0P5 saed14lvt_tt0p8v25c     0.488400       8     3.907200
SAEDLVT14_OAI21_0P5 saed14lvt_tt0p8v25c     0.266400       5     1.332000
SAEDLVT14_OAI22_0P5 saed14lvt_tt0p8v25c     0.310800      38    11.810399
SAEDLVT14_OR3_0P5  saed14lvt_tt0p8v25c     0.355200       1     0.355200
SAEDLVT14_OR4_1    saed14lvt_tt0p8v25c     0.399600       5     1.998000
SAEDLVT14_TIE0_V1_2 saed14lvt_tt0p8v25c     0.488400       1     0.488400
SAEDLVT14_TIE1_4   saed14lvt_tt0p8v25c     0.399600       1     0.399600
SAEDRVT14_AN2B_MM_6 saed14rvt_tt0p8v25c     0.710400       1     0.710400
SAEDRVT14_AO222_1  saed14rvt_tt0p8v25c     0.754800      23    17.360400
SAEDRVT14_BUF_ECO_1 saed14rvt_tt0p8v25c     0.266400       1     0.266400
SAEDRVT14_BUF_U_0P5 saed14rvt_tt0p8v25c     0.266400       8     2.131200
SAEDRVT14_FDP_V2LP_0P5 saed14rvt_tt0p8v25c     0.932400       2     1.864800 n
SAEDRVT14_INV_0P5  saed14rvt_tt0p8v25c     0.177600       7     1.243200
SAEDRVT14_INV_1P5  saed14rvt_tt0p8v25c     0.177600       1     0.177600
SAEDRVT14_MUX2_U_0P5 saed14rvt_tt0p8v25c     0.444000       7     3.108000
SAEDRVT14_ND2B_U_0P5 saed14rvt_tt0p8v25c     0.310800       1     0.310800
a25_dcache_0                  10969.046213       1  10969.046213  b, h, n
a25_mem_0_DW_cmp_J19_0            4.218000       1      4.218000  h
a25_mem_0_DW_cmp_J19_1            4.173600       1      4.173600  h
a25_mem_0_DW_cmp_J19_2            4.218000       1      4.218000  h
-----------------------------------------------------------------------------
Total 60 references                                 11128.042613

****************************************
Design: a25_dcache_0 
****************************************
Reference          Library       Unit Area   Count    Total Area   Attributes
-----------------------------------------------------------------------------
SAEDHVT14_AN2_MM_0P5 saed14hvt_tt0p8v25c     0.310800       2     0.621600
SAEDHVT14_AN4_0P75 saed14hvt_tt0p8v25c     0.399600       2     0.799200
SAEDHVT14_AO22_0P75 saed14hvt_tt0p8v25c     0.532800       1     0.532800
SAEDHVT14_AOI21_0P5 saed14hvt_tt0p8v25c     0.266400       6     1.598400
SAEDHVT14_BUF_ECO_1 saed14hvt_tt0p8v25c     0.266400       1     0.266400
SAEDHVT14_BUF_U_0P5 saed14hvt_tt0p8v25c     0.266400       6     1.598400
SAEDHVT14_FDPQB_V2LP_0P5 saed14hvt_tt0p8v25c     0.843600       1     0.843600 n
SAEDHVT14_INV_0P5  saed14hvt_tt0p8v25c     0.177600       9     1.598400
SAEDHVT14_MUX2_U_0P5 saed14hvt_tt0p8v25c     0.444000       3     1.332000
SAEDHVT14_ND2B_U_0P5 saed14hvt_tt0p8v25c     0.310800       2     0.621600
SAEDHVT14_ND2_CDC_0P5 saed14hvt_tt0p8v25c     0.222000      22     4.884000
SAEDHVT14_ND2_ECO_1 saed14hvt_tt0p8v25c     0.355200       2     0.710400
SAEDHVT14_ND3B_0P75 saed14hvt_tt0p8v25c     0.532800       1     0.532800
SAEDHVT14_NR2_MM_0P5 saed14hvt_tt0p8v25c     0.222000      15     3.330000
SAEDHVT14_OA22_U_0P5 saed14hvt_tt0p8v25c     0.399600       1     0.399600
SAEDHVT14_OAI21_0P5 saed14hvt_tt0p8v25c     0.266400       7     1.864800
SAEDHVT14_OAI22_0P5 saed14hvt_tt0p8v25c     0.310800      19     5.905200
SAEDHVT14_OR2_0P5  saed14hvt_tt0p8v25c     0.310800       1     0.310800
SAEDHVT14_OR2_MM_1P5 saed14hvt_tt0p8v25c     0.355200       1     0.355200
SAEDLVT14_AN2B_PMM_2 saed14lvt_tt0p8v25c     0.444000       1     0.444000
SAEDLVT14_AN2_MM_0P5 saed14lvt_tt0p8v25c     0.310800       2     0.621600
SAEDLVT14_AN3_0P5  saed14lvt_tt0p8v25c     0.355200       1     0.355200
SAEDLVT14_AN4_0P75 saed14lvt_tt0p8v25c     0.399600       2     0.799200
SAEDLVT14_AN4_1    saed14lvt_tt0p8v25c     0.399600       1     0.399600
SAEDLVT14_AO21B_0P5 saed14lvt_tt0p8v25c     0.355200      33    11.721600
SAEDLVT14_AO21_U_0P5 saed14lvt_tt0p8v25c     0.355200       5     1.776000
SAEDLVT14_AO32_U_0P5 saed14lvt_tt0p8v25c     0.444000      11     4.884000
SAEDLVT14_AOI21_0P5 saed14lvt_tt0p8v25c     0.266400       1     0.266400
SAEDLVT14_AOI21_0P75 saed14lvt_tt0p8v25c     0.266400       1     0.266400
SAEDLVT14_BUF_ECO_1 saed14lvt_tt0p8v25c     0.266400       2     0.532800
SAEDLVT14_BUF_S_0P75 saed14lvt_tt0p8v25c     0.266400       2     0.532800
SAEDLVT14_BUF_U_0P5 saed14lvt_tt0p8v25c     0.266400       1     0.266400
SAEDLVT14_FDPQB_V2LP_1 saed14lvt_tt0p8v25c     0.843600      78    65.800798 n
SAEDLVT14_FDPQB_V3_1 saed14lvt_tt0p8v25c     0.976800       1     0.976800 n
SAEDLVT14_FDP_V2_1 saed14lvt_tt0p8v25c     0.932400      15    13.986000 n
SAEDLVT14_INV_0P5  saed14lvt_tt0p8v25c     0.177600      83    14.740800
SAEDLVT14_INV_0P75 saed14lvt_tt0p8v25c     0.177600       2     0.355200
SAEDLVT14_INV_1P5  saed14lvt_tt0p8v25c     0.177600       1     0.177600
SAEDLVT14_ND2B_U_0P5 saed14lvt_tt0p8v25c     0.310800       1     0.310800
SAEDLVT14_ND2_CDC_0P5 saed14lvt_tt0p8v25c     0.222000      19     4.218000
SAEDLVT14_ND2_ECO_1 saed14lvt_tt0p8v25c     0.355200       3     1.065600
SAEDLVT14_NR2_1    saed14lvt_tt0p8v25c     0.222000       6     1.332000
SAEDLVT14_NR2_MM_0P5 saed14lvt_tt0p8v25c     0.222000      23     5.106000
SAEDLVT14_NR2_MM_1 saed14lvt_tt0p8v25c     0.222000       1     0.222000
SAEDLVT14_OA21B_1  saed14lvt_tt0p8v25c     0.355200       1     0.355200
SAEDLVT14_OA22_0P75 saed14lvt_tt0p8v25c     0.399600       1     0.399600
SAEDLVT14_OAI21_0P5 saed14lvt_tt0p8v25c     0.266400      12     3.196800
SAEDLVT14_OAI22_0P5 saed14lvt_tt0p8v25c     0.310800      84    26.107199
SAEDLVT14_OR4_1    saed14lvt_tt0p8v25c     0.399600       3     1.198800
SAEDLVT14_TIE0_V1_2 saed14lvt_tt0p8v25c     0.488400       1     0.488400
SAEDLVT14_TIE1_4   saed14lvt_tt0p8v25c     0.399600       1     0.399600
SAEDRVT14_AO32_U_0P5 saed14rvt_tt0p8v25c     0.444000       1     0.444000
SAEDRVT14_AOI21_0P5 saed14rvt_tt0p8v25c     0.266400       2     0.532800
SAEDRVT14_AOI21_0P75 saed14rvt_tt0p8v25c     0.266400       2     0.532800
SAEDRVT14_BUF_U_0P5 saed14rvt_tt0p8v25c     0.266400       2     0.532800
SAEDRVT14_FDP_V2LP_0P5 saed14rvt_tt0p8v25c     0.932400       8     7.459200 n
SAEDRVT14_INV_0P5  saed14rvt_tt0p8v25c     0.177600      15     2.664000
SAEDRVT14_INV_1P5  saed14rvt_tt0p8v25c     0.177600       1     0.177600
SAEDRVT14_INV_S_0P75 saed14rvt_tt0p8v25c     0.177600       7     1.243200
SAEDRVT14_ND2_ECO_1 saed14rvt_tt0p8v25c     0.355200       1     0.355200
SAEDRVT14_OA21_1   saed14rvt_tt0p8v25c     0.355200       2     0.710400
SAEDRVT14_OA31_1   saed14rvt_tt0p8v25c     0.399600       1     0.399600
SAEDRVT14_OAI21_0P5 saed14rvt_tt0p8v25c     0.266400       1     0.266400
SAEDRVT14_OR4_1    saed14rvt_tt0p8v25c     0.399600       1     0.399600
SAEDRVT14_OR4_2    saed14rvt_tt0p8v25c     0.444000       1     0.444000
SRAM1RW256x32      saed14sram_tt0p8v25c  2668.635254       4 10674.541016 b, d
a25_dcache_0_DW01_inc_J20_0       5.106000       1      5.106000  h
a25_dcache_0_DW_cmp_J20_0        11.544000       1     11.544000  h
a25_dcache_0_DW_cmp_J20_1        11.588400       1     11.588400  h
a25_dcache_0_DW_cmp_J20_2        11.588400       1     11.588400  h
a25_dcache_0_DW_cmp_J20_3        11.588400       1     11.588400  h
a25_dcache_0_DW_cmp_J20_4        18.603600       1     18.603600  h
a25_dcache_0_DW_cmp_J20_5        16.916400       1     16.916400  h
-----------------------------------------------------------------------------
Total 73 references                                 10969.046213

****************************************
Design: a25_dcache_0_DW01_inc_J20_0 
****************************************
Reference          Library       Unit Area   Count    Total Area   Attributes
-----------------------------------------------------------------------------
SAEDHVT14_EO2_V1_0P75 saed14hvt_tt0p8v25c     0.444000       1     0.444000
SAEDRVT14_ADDH_0P5 saed14rvt_tt0p8v25c     0.666000       7     4.662000 r
-----------------------------------------------------------------------------
Total 2 references                                      5.106000

****************************************
Design: a25_dcache_0_DW_cmp_J20_0 
****************************************
Reference          Library       Unit Area   Count    Total Area   Attributes
-----------------------------------------------------------------------------
SAEDLVT14_EO2_V1_0P75 saed14lvt_tt0p8v25c     0.444000      19     8.436000
SAEDLVT14_NR2_1    saed14lvt_tt0p8v25c     0.222000       1     0.222000
SAEDLVT14_OR4_1    saed14lvt_tt0p8v25c     0.399600       6     2.397600
SAEDRVT14_EO2_1    saed14rvt_tt0p8v25c     0.488400       1     0.488400
-----------------------------------------------------------------------------
Total 4 references                                     11.544000

****************************************
Design: a25_dcache_0_DW_cmp_J20_1 
****************************************
Reference          Library       Unit Area   Count    Total Area   Attributes
-----------------------------------------------------------------------------
SAEDLVT14_EO2_V1_0P75 saed14lvt_tt0p8v25c     0.444000      18     7.992000
SAEDLVT14_NR2_MM_1 saed14lvt_tt0p8v25c     0.222000       1     0.222000
SAEDLVT14_OR4_1    saed14lvt_tt0p8v25c     0.399600       6     2.397600
SAEDRVT14_EO2_1    saed14rvt_tt0p8v25c     0.488400       2     0.976800
-----------------------------------------------------------------------------
Total 4 references                                     11.588400

****************************************
Design: a25_dcache_0_DW_cmp_J20_2 
****************************************
Reference          Library       Unit Area   Count    Total Area   Attributes
-----------------------------------------------------------------------------
SAEDHVT14_OR4_1    saed14hvt_tt0p8v25c     0.399600       1     0.399600
SAEDLVT14_EO2_V1_0P75 saed14lvt_tt0p8v25c     0.444000      18     7.992000
SAEDLVT14_NR2_1    saed14lvt_tt0p8v25c     0.222000       1     0.222000
SAEDLVT14_OR4_1    saed14lvt_tt0p8v25c     0.399600       4     1.598400
SAEDRVT14_EO2_1    saed14rvt_tt0p8v25c     0.488400       2     0.976800
SAEDRVT14_OR4_1    saed14rvt_tt0p8v25c     0.399600       1     0.399600
-----------------------------------------------------------------------------
Total 6 references                                     11.588400

****************************************
Design: a25_dcache_0_DW_cmp_J20_3 
****************************************
Reference          Library       Unit Area   Count    Total Area   Attributes
-----------------------------------------------------------------------------
SAEDLVT14_EO2_V1_0P75 saed14lvt_tt0p8v25c     0.444000      18     7.992000
SAEDLVT14_NR2_MM_1 saed14lvt_tt0p8v25c     0.222000       1     0.222000
SAEDLVT14_OR4_1    saed14lvt_tt0p8v25c     0.399600       6     2.397600
SAEDRVT14_EO2_1    saed14rvt_tt0p8v25c     0.488400       2     0.976800
-----------------------------------------------------------------------------
Total 4 references                                     11.588400

****************************************
Design: a25_dcache_0_DW_cmp_J20_4 
****************************************
Reference          Library       Unit Area   Count    Total Area   Attributes
-----------------------------------------------------------------------------
SAEDHVT14_OR4_1    saed14hvt_tt0p8v25c     0.399600       1     0.399600
SAEDLVT14_EO2_1    saed14lvt_tt0p8v25c     0.488400       2     0.976800
SAEDLVT14_EO2_V1_0P75 saed14lvt_tt0p8v25c     0.444000      21     9.324000
SAEDLVT14_NR2_1    saed14lvt_tt0p8v25c     0.222000       1     0.222000
SAEDLVT14_OR4_1    saed14lvt_tt0p8v25c     0.399600       8     3.196800
SAEDRVT14_EO2_1    saed14rvt_tt0p8v25c     0.488400       2     0.976800
SAEDRVT14_EO2_V1_0P75 saed14rvt_tt0p8v25c     0.444000       7     3.108000
SAEDRVT14_OR4_1    saed14rvt_tt0p8v25c     0.399600       1     0.399600
-----------------------------------------------------------------------------
Total 8 references                                     18.603600

****************************************
Design: a25_dcache_0_DW_cmp_J20_5 
****************************************
Reference          Library       Unit Area   Count    Total Area   Attributes
-----------------------------------------------------------------------------
SAEDLVT14_EO2_0P5  saed14lvt_tt0p8v25c     0.488400      16     7.814400
SAEDLVT14_EO2_V1_0P75 saed14lvt_tt0p8v25c     0.444000       8     3.552000
SAEDLVT14_NR4_0P75 saed14lvt_tt0p8v25c     0.488400       1     0.488400
SAEDLVT14_OR4_1    saed14lvt_tt0p8v25c     0.399600       8     3.196800
SAEDRVT14_EO2_1    saed14rvt_tt0p8v25c     0.488400       2     0.976800
SAEDRVT14_EO2_V1_0P75 saed14rvt_tt0p8v25c     0.444000       2     0.888000
-----------------------------------------------------------------------------
Total 6 references                                     16.916400

****************************************
Design: a25_mem_0_DW_cmp_J19_0 
****************************************
Reference          Library       Unit Area   Count    Total Area   Attributes
-----------------------------------------------------------------------------
SAEDLVT14_AN4_0P75 saed14lvt_tt0p8v25c     0.399600       4     1.598400
SAEDLVT14_NR2_MM_0P5 saed14lvt_tt0p8v25c     0.222000       1     0.222000
SAEDLVT14_OR4_1    saed14lvt_tt0p8v25c     0.399600       6     2.397600
-----------------------------------------------------------------------------
Total 3 references                                      4.218000

****************************************
Design: a25_mem_0_DW_cmp_J19_1 
****************************************
Reference          Library       Unit Area   Count    Total Area   Attributes
-----------------------------------------------------------------------------
SAEDLVT14_AN4_0P75 saed14lvt_tt0p8v25c     0.399600       2     0.799200
SAEDLVT14_AOI311_0P5 saed14lvt_tt0p8v25c     0.577200       1     0.577200
SAEDLVT14_OR4_1    saed14lvt_tt0p8v25c     0.399600       7     2.797200
-----------------------------------------------------------------------------
Total 3 references                                      4.173600

****************************************
Design: a25_mem_0_DW_cmp_J19_2 
****************************************
Reference          Library       Unit Area   Count    Total Area   Attributes
-----------------------------------------------------------------------------
SAEDHVT14_OR4_1    saed14hvt_tt0p8v25c     0.399600       1     0.399600
SAEDLVT14_AN4_0P75 saed14lvt_tt0p8v25c     0.399600       4     1.598400
SAEDLVT14_NR2_MM_0P5 saed14lvt_tt0p8v25c     0.222000       1     0.222000
SAEDLVT14_OR4_1    saed14lvt_tt0p8v25c     0.399600       3     1.198800
SAEDRVT14_OR4_1    saed14rvt_tt0p8v25c     0.399600       2     0.799200
-----------------------------------------------------------------------------
Total 5 references                                      4.218000

****************************************
Design: a25_wishbone_0 
****************************************
Reference          Library       Unit Area   Count    Total Area   Attributes
-----------------------------------------------------------------------------
SAEDHVT14_AOI21_0P5 saed14hvt_tt0p8v25c     0.266400       3     0.799200
SAEDHVT14_BUF_U_0P5 saed14hvt_tt0p8v25c     0.266400       2     0.532800
SAEDHVT14_FDPQB_V2LP_0P5 saed14hvt_tt0p8v25c     0.843600       2     1.687200 n
SAEDHVT14_INV_0P5  saed14hvt_tt0p8v25c     0.177600      56     9.945600
SAEDHVT14_MUX2_U_0P5 saed14hvt_tt0p8v25c     0.444000       1     0.444000
SAEDHVT14_ND2_CDC_0P5 saed14hvt_tt0p8v25c     0.222000       2     0.444000
SAEDHVT14_ND2_MM_0P5 saed14hvt_tt0p8v25c     0.310800       1     0.310800
SAEDHVT14_NR2_MM_0P5 saed14hvt_tt0p8v25c     0.222000       1     0.222000
SAEDHVT14_OAI21_0P5 saed14hvt_tt0p8v25c     0.266400       2     0.532800
SAEDHVT14_OAI22_0P5 saed14hvt_tt0p8v25c     0.310800       9     2.797200
SAEDLVT14_AN2B_PMM_2 saed14lvt_tt0p8v25c     0.444000       1     0.444000
SAEDLVT14_AN2_MM_0P5 saed14lvt_tt0p8v25c     0.310800       1     0.310800
SAEDLVT14_AN3_0P5  saed14lvt_tt0p8v25c     0.355200       2     0.710400
SAEDLVT14_AO2BB2_0P5 saed14lvt_tt0p8v25c     0.621600       1     0.621600
SAEDLVT14_AO21B_0P5 saed14lvt_tt0p8v25c     0.355200       2     0.710400
SAEDLVT14_AO21_U_0P5 saed14lvt_tt0p8v25c     0.355200       2     0.710400
SAEDLVT14_AO32_U_0P5 saed14lvt_tt0p8v25c     0.444000       1     0.444000
SAEDLVT14_AO221_0P5 saed14lvt_tt0p8v25c     0.488400       1     0.488400
SAEDLVT14_AO221_1  saed14lvt_tt0p8v25c     0.488400       1     0.488400
SAEDLVT14_AO222_1  saed14lvt_tt0p8v25c     0.754800      20    15.096000
SAEDLVT14_AOI21_0P5 saed14lvt_tt0p8v25c     0.266400       1     0.266400
SAEDLVT14_AOI21_0P75 saed14lvt_tt0p8v25c     0.266400      18     4.795200
SAEDLVT14_BUF_ECO_1 saed14lvt_tt0p8v25c     0.266400       5     1.332000
SAEDLVT14_BUF_S_0P75 saed14lvt_tt0p8v25c     0.266400       4     1.065600
SAEDLVT14_BUF_U_0P5 saed14lvt_tt0p8v25c     0.266400      74    19.713601
SAEDLVT14_FDPQB_V2LP_1 saed14lvt_tt0p8v25c     0.843600      64    53.990398 n
SAEDLVT14_FDP_V2_1 saed14lvt_tt0p8v25c     0.932400     108   100.699199 n
SAEDLVT14_INV_0P5  saed14lvt_tt0p8v25c     0.177600      49     8.702400
SAEDLVT14_INV_0P75 saed14lvt_tt0p8v25c     0.177600       7     1.243200
SAEDLVT14_INV_1P5  saed14lvt_tt0p8v25c     0.177600       6     1.065600
SAEDLVT14_LSRDPQ_2 saed14lvt_tt0p8v25c     1.243200       1     1.243200 n
SAEDLVT14_MUX2_U_0P5 saed14lvt_tt0p8v25c     0.444000      33    14.652000
SAEDLVT14_MUXI2_U_0P5 saed14lvt_tt0p8v25c     0.399600       1     0.399600
SAEDLVT14_ND2_CDC_0P5 saed14lvt_tt0p8v25c     0.222000      68    15.096000
SAEDLVT14_ND2_ECO_1 saed14lvt_tt0p8v25c     0.355200       2     0.710400
SAEDLVT14_ND3_0P5  saed14lvt_tt0p8v25c     0.444000       1     0.444000
SAEDLVT14_NR2_1    saed14lvt_tt0p8v25c     0.222000       8     1.776000
SAEDLVT14_NR2_MM_0P5 saed14lvt_tt0p8v25c     0.222000      40     8.880000
SAEDLVT14_OA22_0P75 saed14lvt_tt0p8v25c     0.399600       2     0.799200
SAEDLVT14_OA31_1   saed14lvt_tt0p8v25c     0.399600       2     0.799200
SAEDLVT14_OA221_U_0P5 saed14lvt_tt0p8v25c     0.488400       1     0.488400
SAEDLVT14_OAI21_0P5 saed14lvt_tt0p8v25c     0.266400      20     5.328000
SAEDLVT14_OAI22_0P5 saed14lvt_tt0p8v25c     0.310800      94    29.215199
SAEDLVT14_OAI22_0P75 saed14lvt_tt0p8v25c     0.310800      22     6.837600
SAEDLVT14_OAI22_1  saed14lvt_tt0p8v25c     0.310800       2     0.621600
SAEDLVT14_OAI31_0P5 saed14lvt_tt0p8v25c     0.488400       1     0.488400
SAEDLVT14_OR2_MM_0P5 saed14lvt_tt0p8v25c     0.310800       1     0.310800
SAEDLVT14_OR3_1    saed14lvt_tt0p8v25c     0.355200       1     0.355200
SAEDLVT14_OR4_1    saed14lvt_tt0p8v25c     0.399600       1     0.399600
SAEDRVT14_AN2_MM_1 saed14rvt_tt0p8v25c     0.310800       1     0.310800
SAEDRVT14_AO222_1  saed14rvt_tt0p8v25c     0.754800      12     9.057600
SAEDRVT14_BUF_ECO_1 saed14rvt_tt0p8v25c     0.266400       5     1.332000
SAEDRVT14_BUF_U_0P5 saed14rvt_tt0p8v25c     0.266400       3     0.799200
SAEDRVT14_FDPQB_V3_1 saed14rvt_tt0p8v25c     0.976800       1     0.976800 n
SAEDRVT14_FDP_V2LP_0P5 saed14rvt_tt0p8v25c     0.932400       7     6.526800 n
SAEDRVT14_INV_0P5  saed14rvt_tt0p8v25c     0.177600      12     2.131200
SAEDRVT14_INV_1P5  saed14rvt_tt0p8v25c     0.177600       1     0.177600
SAEDRVT14_INV_S_0P75 saed14rvt_tt0p8v25c     0.177600       3     0.532800
SAEDRVT14_MUX2_1   saed14rvt_tt0p8v25c     0.488400       1     0.488400
SAEDRVT14_ND2B_U_0P5 saed14rvt_tt0p8v25c     0.310800       2     0.621600
SAEDRVT14_ND2_CDC_1 saed14rvt_tt0p8v25c     0.222000       2     0.444000
SAEDRVT14_ND2_ECO_1 saed14rvt_tt0p8v25c     0.355200       6     2.131200
-----------------------------------------------------------------------------
Total 62 references                                   344.987997

****************************************
Design: a25_write_back_0 
****************************************
Reference          Library       Unit Area   Count    Total Area   Attributes
-----------------------------------------------------------------------------
SAEDHVT14_AO32_U_0P5 saed14hvt_tt0p8v25c     0.444000       1     0.444000
SAEDHVT14_BUF_U_0P5 saed14hvt_tt0p8v25c     0.266400       1     0.266400
SAEDHVT14_INV_0P5  saed14hvt_tt0p8v25c     0.177600       1     0.177600
SAEDHVT14_OAI32_0P75 saed14hvt_tt0p8v25c     0.577200       2     1.154400
SAEDLVT14_AO32_1   saed14lvt_tt0p8v25c     0.444000       1     0.444000
SAEDLVT14_AO32_U_0P5 saed14lvt_tt0p8v25c     0.444000      39    17.316000
SAEDLVT14_BUF_1P5  saed14lvt_tt0p8v25c     0.310800       1     0.310800
SAEDLVT14_BUF_U_0P5 saed14lvt_tt0p8v25c     0.266400       4     1.065600
SAEDLVT14_FDP_V2LP_1 saed14lvt_tt0p8v25c     0.932400       3     2.797200 n
SAEDLVT14_FDP_V2_1 saed14lvt_tt0p8v25c     0.932400      37    34.498800 n
SAEDLVT14_INV_0P5  saed14lvt_tt0p8v25c     0.177600       3     0.532800
SAEDLVT14_INV_1P5  saed14lvt_tt0p8v25c     0.177600       2     0.355200
SAEDLVT14_LSRDPQ_2 saed14lvt_tt0p8v25c     1.243200       1     1.243200 n
SAEDRVT14_AN2_MM_1 saed14rvt_tt0p8v25c     0.310800       1     0.310800
SAEDRVT14_BUF_ECO_1 saed14rvt_tt0p8v25c     0.266400       1     0.266400
SAEDRVT14_FDP_V2LP_0P5 saed14rvt_tt0p8v25c     0.932400       2     1.864800 n
SAEDRVT14_INV_0P5  saed14rvt_tt0p8v25c     0.177600       1     0.177600
-----------------------------------------------------------------------------
Total 17 references                                    63.225600

****************************************
Design: a25_core_1 
****************************************
Reference          Library       Unit Area   Count    Total Area   Attributes
-----------------------------------------------------------------------------
SAEDHVT14_BUF_ECO_1 saed14hvt_tt0p8v25c     0.266400       1     0.266400
SAEDHVT14_BUF_U_0P5 saed14hvt_tt0p8v25c     0.266400       2     0.532800
SAEDHVT14_INV_0P5  saed14hvt_tt0p8v25c     0.177600       1     0.177600
SAEDHVT14_ND2_CDC_0P5 saed14hvt_tt0p8v25c     0.222000       1     0.222000
SAEDLVT14_AO21B_0P5 saed14lvt_tt0p8v25c     0.355200       8     2.841600
SAEDLVT14_BUF_U_0P5 saed14lvt_tt0p8v25c     0.266400       2     0.532800
SAEDLVT14_MUX2_U_0P5 saed14lvt_tt0p8v25c     0.444000      28    12.432000
SAEDLVT14_ND2B_U_0P5 saed14lvt_tt0p8v25c     0.310800       1     0.310800
SAEDLVT14_OR2_1    saed14lvt_tt0p8v25c     0.310800       1     0.310800
SAEDRVT14_BUF_U_0P5 saed14rvt_tt0p8v25c     0.266400       1     0.266400
SAEDRVT14_MUX2_1   saed14rvt_tt0p8v25c     0.488400       1     0.488400
SAEDRVT14_MUX2_U_0P5 saed14rvt_tt0p8v25c     0.444000       3     1.332000
a25_coprocessor_1               324.386393       1    324.386393  h, n
a25_decode_1                   1087.844387       1   1087.844387  h, n
a25_execute_1                  4819.531133       1   4819.531133  h, n
a25_fetch_1                   11023.258615       1  11023.258615  b, h, n
a25_mem_1                     11128.397813       1  11128.397813  b, h, n
a25_wishbone_1                  343.789197       1    343.789197  h, n
a25_write_back_1                 62.248800       1     62.248800  h, n
-----------------------------------------------------------------------------
Total 19 references                                 28809.169939

****************************************
Design: a25_coprocessor_1 
****************************************
Reference          Library       Unit Area   Count    Total Area   Attributes
-----------------------------------------------------------------------------
SAEDHVT14_AO32_U_0P5 saed14hvt_tt0p8v25c     0.444000      24    10.656000
SAEDHVT14_BUF_U_0P5 saed14hvt_tt0p8v25c     0.266400       8     2.131200
SAEDHVT14_FDPQB_V2LP_0P5 saed14hvt_tt0p8v25c     0.843600       8     6.748800 n
SAEDHVT14_FDPQB_V2LP_1 saed14hvt_tt0p8v25c     0.843600      40    33.743999 n
SAEDHVT14_FDPQB_V3_1 saed14hvt_tt0p8v25c     0.976800       1     0.976800 n
SAEDHVT14_FDP_V2LP_0P5 saed14hvt_tt0p8v25c     0.932400       1     0.932400 n
SAEDHVT14_INV_0P5  saed14hvt_tt0p8v25c     0.177600     121    21.489600
SAEDHVT14_ND2_CDC_0P5 saed14hvt_tt0p8v25c     0.222000       6     1.332000
SAEDHVT14_ND2_MM_0P5 saed14hvt_tt0p8v25c     0.310800       5     1.554000
SAEDHVT14_ND3B_0P75 saed14hvt_tt0p8v25c     0.532800       1     0.532800
SAEDHVT14_NR2_MM_0P5 saed14hvt_tt0p8v25c     0.222000       6     1.332000
SAEDHVT14_OA22_U_0P5 saed14hvt_tt0p8v25c     0.399600      16     6.393600
SAEDHVT14_OAI22_0P5 saed14hvt_tt0p8v25c     0.310800       8     2.486400
SAEDHVT14_OR2_0P5  saed14hvt_tt0p8v25c     0.310800       1     0.310800
SAEDLVT14_AO21B_0P5 saed14lvt_tt0p8v25c     0.355200       1     0.355200
SAEDLVT14_AOI21_0P75 saed14lvt_tt0p8v25c     0.266400       8     2.131200
SAEDLVT14_BUF_1P5  saed14lvt_tt0p8v25c     0.310800       1     0.310800
SAEDLVT14_BUF_ECO_1 saed14lvt_tt0p8v25c     0.266400       4     1.065600
SAEDLVT14_BUF_S_0P75 saed14lvt_tt0p8v25c     0.266400       3     0.799200
SAEDLVT14_BUF_U_0P5 saed14lvt_tt0p8v25c     0.266400      12     3.196800
SAEDLVT14_FDPQB_V2LP_1 saed14lvt_tt0p8v25c     0.843600     131   110.511597 n
SAEDLVT14_FDPQB_V3_1 saed14lvt_tt0p8v25c     0.976800       1     0.976800 n
SAEDLVT14_FDP_V2LP_1 saed14lvt_tt0p8v25c     0.932400       1     0.932400 n
SAEDLVT14_FDP_V2_1 saed14lvt_tt0p8v25c     0.932400      29    27.039600 n
SAEDLVT14_INV_0P5  saed14lvt_tt0p8v25c     0.177600      46     8.169600
SAEDLVT14_INV_0P75 saed14lvt_tt0p8v25c     0.177600       1     0.177600
SAEDLVT14_ND2B_U_0P5 saed14lvt_tt0p8v25c     0.310800       4     1.243200
SAEDLVT14_ND2_CDC_0P5 saed14lvt_tt0p8v25c     0.222000      45     9.990000
SAEDLVT14_NR2_MM_0P5 saed14lvt_tt0p8v25c     0.222000      27     5.994000
SAEDLVT14_NR3B_U_0P5 saed14lvt_tt0p8v25c     0.532800       1     0.532800
SAEDLVT14_OAI21_0P5 saed14lvt_tt0p8v25c     0.266400      13     3.463200
SAEDLVT14_OAI22_0P5 saed14lvt_tt0p8v25c     0.310800     155    48.173998
SAEDLVT14_OR3_0P5  saed14lvt_tt0p8v25c     0.355200       4     1.420800
SAEDLVT14_OR4_1    saed14lvt_tt0p8v25c     0.399600       4     1.598400
SAEDRVT14_AN2_MM_0P5 saed14rvt_tt0p8v25c     0.310800       1     0.310800
SAEDRVT14_BUF_ECO_1 saed14rvt_tt0p8v25c     0.266400       1     0.266400
SAEDRVT14_BUF_U_0P5 saed14rvt_tt0p8v25c     0.266400       1     0.266400
SAEDRVT14_FDPQB_V3_1 saed14rvt_tt0p8v25c     0.976800       2     1.953600 n
SAEDRVT14_FDP_V2LP_1 saed14rvt_tt0p8v25c     0.932400       1     0.932400 n
SAEDRVT14_INV_0P5  saed14rvt_tt0p8v25c     0.177600       5     0.888000
SAEDRVT14_ND2_ECO_1 saed14rvt_tt0p8v25c     0.355200       2     0.710400
SAEDRVT14_OR3_1    saed14rvt_tt0p8v25c     0.355200       1     0.355200
-----------------------------------------------------------------------------
Total 42 references                                   324.386393

****************************************
Design: a25_decode_1 
****************************************
Reference          Library       Unit Area   Count    Total Area   Attributes
-----------------------------------------------------------------------------
SAEDHVT14_AN2B_MM_1 saed14hvt_tt0p8v25c     0.399600       2     0.799200
SAEDHVT14_AN2B_PMM_2 saed14hvt_tt0p8v25c     0.444000       1     0.444000
SAEDHVT14_AN2_MM_0P5 saed14hvt_tt0p8v25c     0.310800       1     0.310800
SAEDHVT14_AN3_0P5  saed14hvt_tt0p8v25c     0.355200       1     0.355200
SAEDHVT14_AN4_0P75 saed14hvt_tt0p8v25c     0.399600       1     0.399600
SAEDHVT14_AO21B_0P5 saed14hvt_tt0p8v25c     0.355200       3     1.065600
SAEDHVT14_AO21_U_0P5 saed14hvt_tt0p8v25c     0.355200       2     0.710400
SAEDHVT14_AO22_1   saed14hvt_tt0p8v25c     0.532800       2     1.065600
SAEDHVT14_AO32_U_0P5 saed14hvt_tt0p8v25c     0.444000       7     3.108000
SAEDHVT14_AOI21_0P5 saed14hvt_tt0p8v25c     0.266400       7     1.864800
SAEDHVT14_BUF_ECO_1 saed14hvt_tt0p8v25c     0.266400       1     0.266400
SAEDHVT14_BUF_S_3  saed14hvt_tt0p8v25c     0.399600       1     0.399600
SAEDHVT14_BUF_U_0P5 saed14hvt_tt0p8v25c     0.266400      12     3.196800
SAEDHVT14_FDPQB_V2LP_0P5 saed14hvt_tt0p8v25c     0.843600      12    10.123200 n
SAEDHVT14_FDPQB_V2LP_1 saed14hvt_tt0p8v25c     0.843600      90    75.923998 n
SAEDHVT14_FDPQB_V3_1 saed14hvt_tt0p8v25c     0.976800       7     6.837600 n
SAEDHVT14_FDP_V2LP_0P5 saed14hvt_tt0p8v25c     0.932400      12    11.188800 n
SAEDHVT14_INV_0P5  saed14hvt_tt0p8v25c     0.177600     177    31.435199
SAEDHVT14_INV_0P75 saed14hvt_tt0p8v25c     0.177600       1     0.177600
SAEDHVT14_ND2B_U_0P5 saed14hvt_tt0p8v25c     0.310800       1     0.310800
SAEDHVT14_ND2_CDC_0P5 saed14hvt_tt0p8v25c     0.222000       8     1.776000
SAEDHVT14_ND2_MM_0P5 saed14hvt_tt0p8v25c     0.310800      26     8.080800
SAEDHVT14_NR2_MM_0P5 saed14hvt_tt0p8v25c     0.222000      11     2.442000
SAEDHVT14_NR3B_U_0P5 saed14hvt_tt0p8v25c     0.532800       1     0.532800
SAEDHVT14_OA21_1   saed14hvt_tt0p8v25c     0.355200       1     0.355200
SAEDHVT14_OA22_U_0P5 saed14hvt_tt0p8v25c     0.399600      23     9.190800
SAEDHVT14_OA31_1   saed14hvt_tt0p8v25c     0.399600       1     0.399600
SAEDHVT14_OAI21_0P5 saed14hvt_tt0p8v25c     0.266400       5     1.332000
SAEDHVT14_OAI22_0P5 saed14hvt_tt0p8v25c     0.310800      22     6.837600
SAEDHVT14_OR3_0P5  saed14hvt_tt0p8v25c     0.355200       3     1.065600
SAEDLVT14_ADDF_V1_1 saed14lvt_tt0p8v25c     1.021200       1     1.021200 r
SAEDLVT14_AN2B_MM_1 saed14lvt_tt0p8v25c     0.399600       1     0.399600
SAEDLVT14_AN2B_PMM_2 saed14lvt_tt0p8v25c     0.444000       1     0.444000
SAEDLVT14_AN2_MM_0P5 saed14lvt_tt0p8v25c     0.310800       4     1.243200
SAEDLVT14_AN3_0P5  saed14lvt_tt0p8v25c     0.355200       8     2.841600
SAEDLVT14_AN4_0P75 saed14lvt_tt0p8v25c     0.399600       7     2.797200
SAEDLVT14_AN4_1    saed14lvt_tt0p8v25c     0.399600       1     0.399600
SAEDLVT14_AO2BB2_0P5 saed14lvt_tt0p8v25c     0.621600       1     0.621600
SAEDLVT14_AO2BB2_V1_1 saed14lvt_tt0p8v25c     0.621600       1     0.621600
SAEDLVT14_AO21B_0P5 saed14lvt_tt0p8v25c     0.355200       8     2.841600
SAEDLVT14_AO21_U_0P5 saed14lvt_tt0p8v25c     0.355200      42    14.918400
SAEDLVT14_AO22_0P5 saed14lvt_tt0p8v25c     0.532800       9     4.795200
SAEDLVT14_AO32_U_0P5 saed14lvt_tt0p8v25c     0.444000     102    45.288001
SAEDLVT14_AO221_0P5 saed14lvt_tt0p8v25c     0.488400       3     1.465200
SAEDLVT14_AO221_1  saed14lvt_tt0p8v25c     0.488400      13     6.349200
SAEDLVT14_AOI21_0P5 saed14lvt_tt0p8v25c     0.266400       4     1.065600
SAEDLVT14_AOI21_0P75 saed14lvt_tt0p8v25c     0.266400     196    52.214402
SAEDLVT14_AOI31_0P75 saed14lvt_tt0p8v25c     0.488400       1     0.488400
SAEDLVT14_BUF_ECO_1 saed14lvt_tt0p8v25c     0.266400       2     0.532800
SAEDLVT14_BUF_S_0P75 saed14lvt_tt0p8v25c     0.266400       6     1.598400
SAEDLVT14_BUF_S_3  saed14lvt_tt0p8v25c     0.399600       3     1.198800
SAEDLVT14_BUF_U_0P5 saed14lvt_tt0p8v25c     0.266400       8     2.131200
SAEDLVT14_CLKSPLT_1 saed14lvt_tt0p8v25c     1.154400       9    10.389600
SAEDLVT14_EO2_0P5  saed14lvt_tt0p8v25c     0.488400       2     0.976800
SAEDLVT14_EO2_V1_0P75 saed14lvt_tt0p8v25c     0.444000       2     0.888000
SAEDLVT14_FDPQB_V2LP_1 saed14lvt_tt0p8v25c     0.843600     203   171.250795 n
SAEDLVT14_FDPQB_V2_1 saed14lvt_tt0p8v25c     0.843600       3     2.530800 n
SAEDLVT14_FDPQB_V3_1 saed14lvt_tt0p8v25c     0.976800       2     1.953600 n
SAEDLVT14_FDP_V2LP_1 saed14lvt_tt0p8v25c     0.932400      26    24.242400 n
SAEDLVT14_FDP_V2_0P5 saed14lvt_tt0p8v25c     0.932400       1     0.932400 n
SAEDLVT14_FDP_V2_1 saed14lvt_tt0p8v25c     0.932400     193   179.953198 n
SAEDLVT14_INV_0P5  saed14lvt_tt0p8v25c     0.177600     265    47.063999
SAEDLVT14_INV_0P75 saed14lvt_tt0p8v25c     0.177600      26     4.617600
SAEDLVT14_INV_1P5  saed14lvt_tt0p8v25c     0.177600      11     1.953600
SAEDLVT14_INV_2    saed14lvt_tt0p8v25c     0.222000       3     0.666000
SAEDLVT14_LSRDPQ_2 saed14lvt_tt0p8v25c     1.243200       4     4.972800 n
SAEDLVT14_MUX2_U_0P5 saed14lvt_tt0p8v25c     0.444000       1     0.444000
SAEDLVT14_MUXI2_U_0P5 saed14lvt_tt0p8v25c     0.399600       4     1.598400
SAEDLVT14_ND2B_U_0P5 saed14lvt_tt0p8v25c     0.310800       9     2.797200
SAEDLVT14_ND2_0P5  saed14lvt_tt0p8v25c     0.310800       1     0.310800
SAEDLVT14_ND2_1    saed14lvt_tt0p8v25c     0.310800       1     0.310800
SAEDLVT14_ND2_CDC_0P5 saed14lvt_tt0p8v25c     0.222000     151    33.522000
SAEDLVT14_ND2_ECO_1 saed14lvt_tt0p8v25c     0.355200       1     0.355200
SAEDLVT14_ND3_0P75 saed14lvt_tt0p8v25c     0.444000       1     0.444000
SAEDLVT14_NR2_1    saed14lvt_tt0p8v25c     0.222000      49    10.878000
SAEDLVT14_NR2_MM_0P5 saed14lvt_tt0p8v25c     0.222000      76    16.872000
SAEDLVT14_NR2_MM_1 saed14lvt_tt0p8v25c     0.222000      10     2.220000
SAEDLVT14_NR3_0P5  saed14lvt_tt0p8v25c     0.444000       1     0.444000
SAEDLVT14_NR4_0P75 saed14lvt_tt0p8v25c     0.488400       1     0.488400
SAEDLVT14_OA2BB2_V1_0P5 saed14lvt_tt0p8v25c     0.488400       1     0.488400
SAEDLVT14_OA21B_1  saed14lvt_tt0p8v25c     0.355200       7     2.486400
SAEDLVT14_OA21_1   saed14lvt_tt0p8v25c     0.355200       2     0.710400
SAEDLVT14_OA22_0P75 saed14lvt_tt0p8v25c     0.399600      39    15.584400
SAEDLVT14_OA31_1   saed14lvt_tt0p8v25c     0.399600      14     5.594400
SAEDLVT14_OAI21_0P5 saed14lvt_tt0p8v25c     0.266400     191    50.882402
SAEDLVT14_OAI22_0P5 saed14lvt_tt0p8v25c     0.310800     281    87.334796
SAEDLVT14_OAI22_0P75 saed14lvt_tt0p8v25c     0.310800       9     2.797200
SAEDLVT14_OAI22_1  saed14lvt_tt0p8v25c     0.310800      12     3.729600
SAEDLVT14_OR2_0P5  saed14lvt_tt0p8v25c     0.310800       4     1.243200
SAEDLVT14_OR2_MM_0P5 saed14lvt_tt0p8v25c     0.310800       2     0.621600
SAEDLVT14_OR3_0P5  saed14lvt_tt0p8v25c     0.355200      12     4.262400
SAEDLVT14_OR3_1    saed14lvt_tt0p8v25c     0.355200       2     0.710400
SAEDLVT14_OR4_1    saed14lvt_tt0p8v25c     0.399600      21     8.391600
SAEDLVT14_TIE0_V1_2 saed14lvt_tt0p8v25c     0.488400       1     0.488400
SAEDLVT14_TIE1_4   saed14lvt_tt0p8v25c     0.399600       1     0.399600
SAEDRVT14_AN2_MM_0P5 saed14rvt_tt0p8v25c     0.310800       1     0.310800
SAEDRVT14_AN3_0P5  saed14rvt_tt0p8v25c     0.355200       1     0.355200
SAEDRVT14_AN4_1    saed14rvt_tt0p8v25c     0.399600       3     1.198800
SAEDRVT14_AO21B_0P5 saed14rvt_tt0p8v25c     0.355200       1     0.355200
SAEDRVT14_AO22_0P5 saed14rvt_tt0p8v25c     0.532800       1     0.532800
SAEDRVT14_AO32_1   saed14rvt_tt0p8v25c     0.444000       3     1.332000
SAEDRVT14_AO32_U_0P5 saed14rvt_tt0p8v25c     0.444000       2     0.888000
SAEDRVT14_AO221_2  saed14rvt_tt0p8v25c     0.577200       2     1.154400
SAEDRVT14_AOI21_0P5 saed14rvt_tt0p8v25c     0.266400       1     0.266400
SAEDRVT14_BUF_ECO_1 saed14rvt_tt0p8v25c     0.266400       1     0.266400
SAEDRVT14_BUF_S_3  saed14rvt_tt0p8v25c     0.399600       1     0.399600
SAEDRVT14_BUF_U_0P5 saed14rvt_tt0p8v25c     0.266400       2     0.532800
SAEDRVT14_EO2_V1_0P75 saed14rvt_tt0p8v25c     0.444000       1     0.444000
SAEDRVT14_FDPQB_V3_1 saed14rvt_tt0p8v25c     0.976800       6     5.860800 n
SAEDRVT14_FDP_V2LP_0P5 saed14rvt_tt0p8v25c     0.932400       1     0.932400 n
SAEDRVT14_FDP_V2LP_1 saed14rvt_tt0p8v25c     0.932400       1     0.932400 n
SAEDRVT14_INV_0P5  saed14rvt_tt0p8v25c     0.177600      73    12.964800
SAEDRVT14_INV_1P5  saed14rvt_tt0p8v25c     0.177600       2     0.355200
SAEDRVT14_ND2_CDC_1 saed14rvt_tt0p8v25c     0.222000       5     1.110000
SAEDRVT14_ND2_ECO_1 saed14rvt_tt0p8v25c     0.355200      11     3.907200
SAEDRVT14_NR2_MM_1 saed14rvt_tt0p8v25c     0.222000       2     0.444000
SAEDRVT14_OA21_1   saed14rvt_tt0p8v25c     0.355200       6     2.131200
SAEDRVT14_OA22_0P75 saed14rvt_tt0p8v25c     0.399600      16     6.393600
SAEDRVT14_OA22_U_0P5 saed14rvt_tt0p8v25c     0.399600       5     1.998000
SAEDRVT14_OA31_1   saed14rvt_tt0p8v25c     0.399600       3     1.198800
SAEDRVT14_OA221_U_0P5 saed14rvt_tt0p8v25c     0.488400       1     0.488400
SAEDRVT14_OR3_1    saed14rvt_tt0p8v25c     0.355200       1     0.355200
a25_decode_0_DW01_add_J2_0_1      4.262400       1      4.262400  h
a25_decode_0_DW_cmp_J2_7_1        0.399600       1      0.399600  h
-----------------------------------------------------------------------------
Total 124 references                                 1087.844387

****************************************
Design: a25_decode_0_DW01_add_J2_0_1 
****************************************
Reference          Library       Unit Area   Count    Total Area   Attributes
-----------------------------------------------------------------------------
SAEDLVT14_ADDF_V1_1 saed14lvt_tt0p8v25c     1.021200       1     1.021200 r
SAEDLVT14_ADDF_V2_1 saed14lvt_tt0p8v25c     1.243200       1     1.243200 r
SAEDLVT14_ADDF_V2_2 saed14lvt_tt0p8v25c     1.332000       1     1.332000 r
SAEDLVT14_ADDH_0P5 saed14lvt_tt0p8v25c     0.666000       1     0.666000 r
-----------------------------------------------------------------------------
Total 4 references                                      4.262400

****************************************
Design: a25_decode_0_DW_cmp_J2_7_1 
****************************************
Reference          Library       Unit Area   Count    Total Area   Attributes
-----------------------------------------------------------------------------
SAEDLVT14_OR4_1    saed14lvt_tt0p8v25c     0.399600       1     0.399600
-----------------------------------------------------------------------------
Total 1 references                                      0.399600

****************************************
Design: a25_execute_1 
****************************************
Reference          Library       Unit Area   Count    Total Area   Attributes
-----------------------------------------------------------------------------
SAEDHVT14_AN2_0P5  saed14hvt_tt0p8v25c     0.399600       6     2.397600
SAEDHVT14_AN2_1    saed14hvt_tt0p8v25c     0.310800       2     0.621600
SAEDHVT14_AN2_MM_0P5 saed14hvt_tt0p8v25c     0.310800       7     2.175600
SAEDHVT14_AN4_0P75 saed14hvt_tt0p8v25c     0.399600       2     0.799200
SAEDHVT14_AO2BB2_1 saed14hvt_tt0p8v25c     0.621600       3     1.864800
SAEDHVT14_AO22_0P75 saed14hvt_tt0p8v25c     0.532800       5     2.664000
SAEDHVT14_AO22_1   saed14hvt_tt0p8v25c     0.532800       6     3.196800
SAEDHVT14_AO32_U_0P5 saed14hvt_tt0p8v25c     0.444000       1     0.444000
SAEDHVT14_AO221_0P5 saed14hvt_tt0p8v25c     0.488400       1     0.488400
SAEDHVT14_AOI21_0P5 saed14hvt_tt0p8v25c     0.266400      11     2.930400
SAEDHVT14_AOI21_0P75 saed14hvt_tt0p8v25c     0.266400       1     0.266400
SAEDHVT14_AOI22_0P5 saed14hvt_tt0p8v25c     0.488400       2     0.976800
SAEDHVT14_BUF_ECO_1 saed14hvt_tt0p8v25c     0.266400       5     1.332000
SAEDHVT14_BUF_S_0P75 saed14hvt_tt0p8v25c     0.266400       1     0.266400
SAEDHVT14_BUF_U_0P5 saed14hvt_tt0p8v25c     0.266400      16     4.262400
SAEDHVT14_FDPQB_V2LP_1 saed14hvt_tt0p8v25c     0.843600       4     3.374400 n
SAEDHVT14_FDPQB_V3_1 saed14hvt_tt0p8v25c     0.976800       2     1.953600 n
SAEDHVT14_FDP_V2LP_0P5 saed14hvt_tt0p8v25c     0.932400       4     3.729600 n
SAEDHVT14_INV_0P5  saed14hvt_tt0p8v25c     0.177600     121    21.489600
SAEDHVT14_INV_0P75 saed14hvt_tt0p8v25c     0.177600       1     0.177600
SAEDHVT14_MUX2_U_0P5 saed14hvt_tt0p8v25c     0.444000       1     0.444000
SAEDHVT14_ND2_CDC_0P5 saed14hvt_tt0p8v25c     0.222000      17     3.774000
SAEDHVT14_ND2_ECO_1 saed14hvt_tt0p8v25c     0.355200       3     1.065600
SAEDHVT14_ND2_MM_0P5 saed14hvt_tt0p8v25c     0.310800      19     5.905200
SAEDHVT14_ND3_0P5  saed14hvt_tt0p8v25c     0.444000       1     0.444000
SAEDHVT14_NR2_1    saed14hvt_tt0p8v25c     0.222000       1     0.222000
SAEDHVT14_NR2_MM_0P5 saed14hvt_tt0p8v25c     0.222000      33     7.326000
SAEDHVT14_OA2BB2_V1_1 saed14hvt_tt0p8v25c     0.444000       1     0.444000
SAEDHVT14_OA21B_1  saed14hvt_tt0p8v25c     0.355200       2     0.710400
SAEDHVT14_OA22_U_0P5 saed14hvt_tt0p8v25c     0.399600       1     0.399600
SAEDHVT14_OAI21_0P5 saed14hvt_tt0p8v25c     0.266400       4     1.065600
SAEDHVT14_OAI22_0P5 saed14hvt_tt0p8v25c     0.310800      42    13.053599
SAEDHVT14_OR3_0P5  saed14hvt_tt0p8v25c     0.355200       2     0.710400
SAEDLVT14_AN2B_PMM_2 saed14lvt_tt0p8v25c     0.444000       1     0.444000
SAEDLVT14_AN2_MM_0P5 saed14lvt_tt0p8v25c     0.310800      21     6.526800
SAEDLVT14_AN3_0P5  saed14lvt_tt0p8v25c     0.355200       1     0.355200
SAEDLVT14_AN4_0P75 saed14lvt_tt0p8v25c     0.399600       4     1.598400
SAEDLVT14_AO2BB2_0P5 saed14lvt_tt0p8v25c     0.621600       8     4.972800
SAEDLVT14_AO2BB2_1 saed14lvt_tt0p8v25c     0.621600       3     1.864800
SAEDLVT14_AO2BB2_V1_1 saed14lvt_tt0p8v25c     0.621600       2     1.243200
SAEDLVT14_AO21B_0P5 saed14lvt_tt0p8v25c     0.355200       9     3.196800
SAEDLVT14_AO21_1   saed14lvt_tt0p8v25c     0.355200       2     0.710400
SAEDLVT14_AO21_U_0P5 saed14lvt_tt0p8v25c     0.355200       2     0.710400
SAEDLVT14_AO22_0P5 saed14lvt_tt0p8v25c     0.532800      17     9.057600
SAEDLVT14_AO32_1   saed14lvt_tt0p8v25c     0.444000       6     2.664000
SAEDLVT14_AO32_U_0P5 saed14lvt_tt0p8v25c     0.444000      14     6.216000
SAEDLVT14_AO221_0P5 saed14lvt_tt0p8v25c     0.488400      14     6.837600
SAEDLVT14_AO221_1  saed14lvt_tt0p8v25c     0.488400      10     4.884000
SAEDLVT14_AO221_2  saed14lvt_tt0p8v25c     0.577200       2     1.154400
SAEDLVT14_AOI21_0P5 saed14lvt_tt0p8v25c     0.266400       3     0.799200
SAEDLVT14_AOI21_0P75 saed14lvt_tt0p8v25c     0.266400     131    34.898401
SAEDLVT14_AOI21_2  saed14lvt_tt0p8v25c     0.444000       1     0.444000
SAEDLVT14_AOI22_0P5 saed14lvt_tt0p8v25c     0.488400      22    10.744800
SAEDLVT14_AOI22_1  saed14lvt_tt0p8v25c     0.488400       1     0.488400
SAEDLVT14_AOI22_1P5 saed14lvt_tt0p8v25c     0.488400       1     0.488400
SAEDLVT14_BUF_1P5  saed14lvt_tt0p8v25c     0.310800       5     1.554000
SAEDLVT14_BUF_ECO_1 saed14lvt_tt0p8v25c     0.266400       7     1.864800
SAEDLVT14_BUF_S_0P75 saed14lvt_tt0p8v25c     0.266400       7     1.864800
SAEDLVT14_BUF_U_0P5 saed14lvt_tt0p8v25c     0.266400      15     3.996000
SAEDLVT14_CLKSPLT_1 saed14lvt_tt0p8v25c     1.154400       3     3.463200
SAEDLVT14_FDPQB_V2LP_1 saed14lvt_tt0p8v25c     0.843600     150   126.539996 n
SAEDLVT14_FDPQB_V2_1 saed14lvt_tt0p8v25c     0.843600       4     3.374400 n
SAEDLVT14_FDPQB_V3_1 saed14lvt_tt0p8v25c     0.976800      18    17.582400 n
SAEDLVT14_FDPQB_V3_2 saed14lvt_tt0p8v25c     1.287600       1     1.287600 n
SAEDLVT14_FDP_V2LP_1 saed14lvt_tt0p8v25c     0.932400      21    19.580400 n
SAEDLVT14_FDP_V2_0P5 saed14lvt_tt0p8v25c     0.932400       1     0.932400 n
SAEDLVT14_FDP_V2_1 saed14lvt_tt0p8v25c     0.932400      75    69.929999 n
SAEDLVT14_INV_0P5  saed14lvt_tt0p8v25c     0.177600     199    35.342399
SAEDLVT14_INV_0P75 saed14lvt_tt0p8v25c     0.177600      18     3.196800
SAEDLVT14_INV_1P5  saed14lvt_tt0p8v25c     0.177600      16     2.841600
SAEDLVT14_INV_2    saed14lvt_tt0p8v25c     0.222000       1     0.222000
SAEDLVT14_INV_S_1P5 saed14lvt_tt0p8v25c     0.222000       1     0.222000
SAEDLVT14_LSRDPQ_2 saed14lvt_tt0p8v25c     1.243200       2     2.486400 n
SAEDLVT14_MUX2_1   saed14lvt_tt0p8v25c     0.488400      37    18.070800
SAEDLVT14_MUX2_U_0P5 saed14lvt_tt0p8v25c     0.444000      43    19.092000
SAEDLVT14_MUXI2_U_0P5 saed14lvt_tt0p8v25c     0.399600      48    19.180800
SAEDLVT14_ND2B_U_0P5 saed14lvt_tt0p8v25c     0.310800      10     3.108000
SAEDLVT14_ND2_CDC_0P5 saed14lvt_tt0p8v25c     0.222000     109    24.198000
SAEDLVT14_ND2_ECO_1 saed14lvt_tt0p8v25c     0.355200       9     3.196800
SAEDLVT14_ND3B_0P5 saed14lvt_tt0p8v25c     0.532800       1     0.532800
SAEDLVT14_ND3B_0P75 saed14lvt_tt0p8v25c     0.532800       2     1.065600
SAEDLVT14_ND3_0P5  saed14lvt_tt0p8v25c     0.444000       1     0.444000
SAEDLVT14_NR2_1    saed14lvt_tt0p8v25c     0.222000       7     1.554000
SAEDLVT14_NR2_1P5  saed14lvt_tt0p8v25c     0.310800       1     0.310800
SAEDLVT14_NR2_MM_0P5 saed14lvt_tt0p8v25c     0.222000      61    13.542000
SAEDLVT14_NR2_MM_1 saed14lvt_tt0p8v25c     0.222000       5     1.110000
SAEDLVT14_NR3_0P5  saed14lvt_tt0p8v25c     0.444000       1     0.444000
SAEDLVT14_OA2BB2_V1_0P5 saed14lvt_tt0p8v25c     0.488400      19     9.279600
SAEDLVT14_OA21B_1  saed14lvt_tt0p8v25c     0.355200       3     1.065600
SAEDLVT14_OA21_1   saed14lvt_tt0p8v25c     0.355200       1     0.355200
SAEDLVT14_OA21_MM_1 saed14lvt_tt0p8v25c     0.399600       2     0.799200
SAEDLVT14_OA22_0P75 saed14lvt_tt0p8v25c     0.399600       2     0.799200
SAEDLVT14_OA31_1   saed14lvt_tt0p8v25c     0.399600       3     1.198800
SAEDLVT14_OA221_U_0P5 saed14lvt_tt0p8v25c     0.488400       9     4.395600
SAEDLVT14_OAI21_0P5 saed14lvt_tt0p8v25c     0.266400     127    33.832801
SAEDLVT14_OAI21_1  saed14lvt_tt0p8v25c     0.355200       2     0.710400
SAEDLVT14_OAI22_0P5 saed14lvt_tt0p8v25c     0.310800     233    72.416397
SAEDLVT14_OAI22_0P75 saed14lvt_tt0p8v25c     0.310800       2     0.621600
SAEDLVT14_OAI22_1  saed14lvt_tt0p8v25c     0.310800       6     1.864800
SAEDLVT14_OAI211_0P5 saed14lvt_tt0p8v25c     0.621600       1     0.621600
SAEDLVT14_OAI221_0P5 saed14lvt_tt0p8v25c     1.021200       1     1.021200
SAEDLVT14_OR2B_PMM_2 saed14lvt_tt0p8v25c     0.488400       2     0.976800
SAEDLVT14_OR2_0P5  saed14lvt_tt0p8v25c     0.310800       3     0.932400
SAEDLVT14_OR2_1    saed14lvt_tt0p8v25c     0.310800       3     0.932400
SAEDLVT14_OR2_MM_0P5 saed14lvt_tt0p8v25c     0.310800       3     0.932400
SAEDLVT14_OR3_0P5  saed14lvt_tt0p8v25c     0.355200      19     6.748800
SAEDLVT14_OR3_1    saed14lvt_tt0p8v25c     0.355200       3     1.065600
SAEDLVT14_OR4_1    saed14lvt_tt0p8v25c     0.399600       4     1.598400
SAEDLVT14_TIE0_V1_2 saed14lvt_tt0p8v25c     0.488400       1     0.488400
SAEDLVT14_TIE1_4   saed14lvt_tt0p8v25c     0.399600       1     0.399600
SAEDRVT14_AN2_MM_0P5 saed14rvt_tt0p8v25c     0.310800       8     2.486400
SAEDRVT14_AN2_MM_1 saed14rvt_tt0p8v25c     0.310800       2     0.621600
SAEDRVT14_AO2BB2_0P5 saed14rvt_tt0p8v25c     0.621600       1     0.621600
SAEDRVT14_AO32_U_0P5 saed14rvt_tt0p8v25c     0.444000       1     0.444000
SAEDRVT14_AOI21_0P75 saed14rvt_tt0p8v25c     0.266400       2     0.532800
SAEDRVT14_BUF_ECO_1 saed14rvt_tt0p8v25c     0.266400       4     1.065600
SAEDRVT14_BUF_U_0P5 saed14rvt_tt0p8v25c     0.266400       2     0.532800
SAEDRVT14_EO2_V1_0P75 saed14rvt_tt0p8v25c     0.444000       1     0.444000
SAEDRVT14_FDPQB_V3_1 saed14rvt_tt0p8v25c     0.976800       7     6.837600 n
SAEDRVT14_FDP_V2LP_0P5 saed14rvt_tt0p8v25c     0.932400       1     0.932400 n
SAEDRVT14_INV_0P5  saed14rvt_tt0p8v25c     0.177600      71    12.609600
SAEDRVT14_INV_1P5  saed14rvt_tt0p8v25c     0.177600       1     0.177600
SAEDRVT14_INV_S_0P75 saed14rvt_tt0p8v25c     0.177600       2     0.355200
SAEDRVT14_MUX2_1   saed14rvt_tt0p8v25c     0.488400       8     3.907200
SAEDRVT14_MUX2_U_0P5 saed14rvt_tt0p8v25c     0.444000       7     3.108000
SAEDRVT14_MUXI2_1  saed14rvt_tt0p8v25c     0.532800       1     0.532800
SAEDRVT14_MUXI2_2  saed14rvt_tt0p8v25c     0.621600       2     1.243200
SAEDRVT14_MUXI2_U_0P5 saed14rvt_tt0p8v25c     0.399600       3     1.198800
SAEDRVT14_ND2B_U_0P5 saed14rvt_tt0p8v25c     0.310800       2     0.621600
SAEDRVT14_ND2_CDC_1 saed14rvt_tt0p8v25c     0.222000       2     0.444000
SAEDRVT14_ND2_ECO_1 saed14rvt_tt0p8v25c     0.355200       4     1.420800
SAEDRVT14_OA2BB2_V1_1 saed14rvt_tt0p8v25c     0.444000       1     0.444000
SAEDRVT14_OA21B_1  saed14rvt_tt0p8v25c     0.355200       1     0.355200
SAEDRVT14_OA21_1   saed14rvt_tt0p8v25c     0.355200       9     3.196800
SAEDRVT14_OA22_0P75 saed14rvt_tt0p8v25c     0.399600       1     0.399600
SAEDRVT14_OA22_U_0P5 saed14rvt_tt0p8v25c     0.399600       1     0.399600
SAEDRVT14_OA31_U_0P5 saed14rvt_tt0p8v25c     0.621600       2     1.243200
SAEDRVT14_OAI21_0P5 saed14rvt_tt0p8v25c     0.266400       2     0.532800
SAEDRVT14_OR2_1    saed14rvt_tt0p8v25c     0.310800       1     0.310800
SAEDRVT14_OR3_1    saed14rvt_tt0p8v25c     0.355200       1     0.355200
a25_alu_1                       219.691199       1    219.691199  h, n
a25_barrel_shift_1              327.139199       1    327.139199  h
a25_execute_0_DW01_add_J4_0_1    21.933601       1     21.933601  h
a25_execute_0_DW01_add_J4_1_1    25.396800       1     25.396800  h, n
a25_execute_0_DW01_add_J4_2_1    19.358400       1     19.358400  h
a25_execute_0_DW01_add_J4_3_1    15.406800       1     15.406800  h
a25_execute_0_DW01_sub_J4_0_1    18.204000       1     18.204000  h
a25_multiply_1                  327.050396       1    327.050396  h, n
a25_register_bank_1            3061.513144       1   3061.513144  h, n
-----------------------------------------------------------------------------
Total 149 references                                 4819.531133

****************************************
Design: a25_alu_1 
****************************************
Reference          Library       Unit Area   Count    Total Area   Attributes
-----------------------------------------------------------------------------
SAEDHVT14_AN2_MM_0P5 saed14hvt_tt0p8v25c     0.310800       2     0.621600
SAEDHVT14_AO21_U_0P5 saed14hvt_tt0p8v25c     0.355200       2     0.710400
SAEDHVT14_AOI21_0P5 saed14hvt_tt0p8v25c     0.266400       5     1.332000
SAEDHVT14_BUF_ECO_1 saed14hvt_tt0p8v25c     0.266400       1     0.266400
SAEDHVT14_BUF_U_0P5 saed14hvt_tt0p8v25c     0.266400       4     1.065600
SAEDHVT14_FDPQB_V3_1 saed14hvt_tt0p8v25c     0.976800       3     2.930400 n
SAEDHVT14_INV_0P5  saed14hvt_tt0p8v25c     0.177600       1     0.177600
SAEDHVT14_MUXI2_1  saed14hvt_tt0p8v25c     0.532800       3     1.598400
SAEDHVT14_ND2_ECO_1 saed14hvt_tt0p8v25c     0.355200       1     0.355200
SAEDHVT14_NR2_MM_0P5 saed14hvt_tt0p8v25c     0.222000       1     0.222000
SAEDHVT14_OAI21_0P5 saed14hvt_tt0p8v25c     0.266400       1     0.266400
SAEDHVT14_OAI22_0P5 saed14hvt_tt0p8v25c     0.310800       2     0.621600
SAEDHVT14_OAI22_0P75 saed14hvt_tt0p8v25c     0.310800       2     0.621600
SAEDLVT14_AN3_0P5  saed14lvt_tt0p8v25c     0.355200       1     0.355200
SAEDLVT14_AN4_0P75 saed14lvt_tt0p8v25c     0.399600       1     0.399600
SAEDLVT14_AO2BB2_1 saed14lvt_tt0p8v25c     0.621600       2     1.243200
SAEDLVT14_AO2BB2_V1_1 saed14lvt_tt0p8v25c     0.621600       1     0.621600
SAEDLVT14_AO21B_0P5 saed14lvt_tt0p8v25c     0.355200       6     2.131200
SAEDLVT14_AO21_1   saed14lvt_tt0p8v25c     0.355200       7     2.486400
SAEDLVT14_AO21_U_0P5 saed14lvt_tt0p8v25c     0.355200       4     1.420800
SAEDLVT14_AO222_1  saed14lvt_tt0p8v25c     0.754800       6     4.528800
SAEDLVT14_AOI21_0P5 saed14lvt_tt0p8v25c     0.266400       6     1.598400
SAEDLVT14_AOI21_0P75 saed14lvt_tt0p8v25c     0.266400      50    13.320000
SAEDLVT14_AOI22_0P5 saed14lvt_tt0p8v25c     0.488400       1     0.488400
SAEDLVT14_BUF_ECO_1 saed14lvt_tt0p8v25c     0.266400       1     0.266400
SAEDLVT14_BUF_S_0P75 saed14lvt_tt0p8v25c     0.266400       2     0.532800
SAEDLVT14_BUF_U_0P5 saed14lvt_tt0p8v25c     0.266400       2     0.532800
SAEDLVT14_FDPQB_V2LP_1 saed14lvt_tt0p8v25c     0.843600       3     2.530800 n
SAEDLVT14_FDPQB_V3_1 saed14lvt_tt0p8v25c     0.976800       1     0.976800 n
SAEDLVT14_FDPQB_V3_2 saed14lvt_tt0p8v25c     1.287600       1     1.287600 n
SAEDLVT14_INV_0P5  saed14lvt_tt0p8v25c     0.177600      38     6.748800
SAEDLVT14_INV_0P75 saed14lvt_tt0p8v25c     0.177600       2     0.355200
SAEDLVT14_INV_1P5  saed14lvt_tt0p8v25c     0.177600       3     0.532800
SAEDLVT14_INV_2    saed14lvt_tt0p8v25c     0.222000       1     0.222000
SAEDLVT14_INV_S_1P5 saed14lvt_tt0p8v25c     0.222000       1     0.222000
SAEDLVT14_MUX2_1   saed14lvt_tt0p8v25c     0.488400       1     0.488400
SAEDLVT14_MUX2_U_0P5 saed14lvt_tt0p8v25c     0.444000      14     6.216000
SAEDLVT14_MUXI2_1  saed14lvt_tt0p8v25c     0.532800       3     1.598400
SAEDLVT14_MUXI2_2  saed14lvt_tt0p8v25c     0.621600       2     1.243200
SAEDLVT14_MUXI2_U_0P5 saed14lvt_tt0p8v25c     0.399600      26    10.389600
SAEDLVT14_ND2B_U_0P5 saed14lvt_tt0p8v25c     0.310800       1     0.310800
SAEDLVT14_ND2_CDC_0P5 saed14lvt_tt0p8v25c     0.222000      13     2.886000
SAEDLVT14_ND2_ECO_1 saed14lvt_tt0p8v25c     0.355200       2     0.710400
SAEDLVT14_NR2_1    saed14lvt_tt0p8v25c     0.222000       2     0.444000
SAEDLVT14_NR2_MM_0P5 saed14lvt_tt0p8v25c     0.222000       1     0.222000
SAEDLVT14_NR2_MM_1 saed14lvt_tt0p8v25c     0.222000       1     0.222000
SAEDLVT14_NR3B_U_0P5 saed14lvt_tt0p8v25c     0.532800       1     0.532800
SAEDLVT14_NR3_0P5  saed14lvt_tt0p8v25c     0.444000       1     0.444000
SAEDLVT14_NR4_0P75 saed14lvt_tt0p8v25c     0.488400       1     0.488400
SAEDLVT14_OA221_U_0P5 saed14lvt_tt0p8v25c     0.488400       1     0.488400
SAEDLVT14_OAI21_0P5 saed14lvt_tt0p8v25c     0.266400      61    16.250401
SAEDLVT14_OAI22_0P5 saed14lvt_tt0p8v25c     0.310800      31     9.634800
SAEDLVT14_OAI22_1  saed14lvt_tt0p8v25c     0.310800       5     1.554000
SAEDLVT14_OR2_0P5  saed14lvt_tt0p8v25c     0.310800       1     0.310800
SAEDLVT14_OR2_MM_0P75 saed14lvt_tt0p8v25c     0.310800       1     0.310800
SAEDLVT14_OR4_1    saed14lvt_tt0p8v25c     0.399600       7     2.797200
SAEDLVT14_TIE0_V1_2 saed14lvt_tt0p8v25c     0.488400       1     0.488400
SAEDRVT14_AN2B_MM_1 saed14rvt_tt0p8v25c     0.399600       1     0.399600
SAEDRVT14_AN3_4    saed14rvt_tt0p8v25c     0.621600       1     0.621600
SAEDRVT14_AO21_U_0P5 saed14rvt_tt0p8v25c     0.355200       2     0.710400
SAEDRVT14_AO222_1  saed14rvt_tt0p8v25c     0.754800       2     1.509600
SAEDRVT14_AOI21_0P75 saed14rvt_tt0p8v25c     0.266400       2     0.532800
SAEDRVT14_FDPQB_V3_1 saed14rvt_tt0p8v25c     0.976800       1     0.976800 n
SAEDRVT14_INV_0P5  saed14rvt_tt0p8v25c     0.177600      12     2.131200
SAEDRVT14_INV_1P5  saed14rvt_tt0p8v25c     0.177600       2     0.355200
SAEDRVT14_INV_S_0P75 saed14rvt_tt0p8v25c     0.177600       2     0.355200
SAEDRVT14_MUX2_1   saed14rvt_tt0p8v25c     0.488400       2     0.976800
SAEDRVT14_MUX2_U_0P5 saed14rvt_tt0p8v25c     0.444000      10     4.440000
SAEDRVT14_MUXI2_1  saed14rvt_tt0p8v25c     0.532800       4     2.131200
SAEDRVT14_MUXI2_2  saed14rvt_tt0p8v25c     0.621600       1     0.621600
SAEDRVT14_ND2_CDC_1 saed14rvt_tt0p8v25c     0.222000       2     0.444000
SAEDRVT14_ND2_ECO_1 saed14rvt_tt0p8v25c     0.355200       1     0.355200
SAEDRVT14_OAI21_1P5 saed14rvt_tt0p8v25c     0.444000       1     0.444000
SAEDRVT14_OR4_1    saed14rvt_tt0p8v25c     0.399600       1     0.399600
a25_alu_0_DW01_add_J18_0_1       62.603998       1     62.603998  h
a25_alu_0_DW01_add_J18_1_1       28.060800       1     28.060800  h
-----------------------------------------------------------------------------
Total 76 references                                   219.691199

****************************************
Design: a25_alu_0_DW01_add_J18_0_1 
****************************************
Reference          Library       Unit Area   Count    Total Area   Attributes
-----------------------------------------------------------------------------
SAEDHVT14_AN2_0P5  saed14hvt_tt0p8v25c     0.399600       4     1.598400
SAEDHVT14_AN2_MM_0P5 saed14hvt_tt0p8v25c     0.310800       1     0.310800
SAEDHVT14_BUF_U_0P5 saed14hvt_tt0p8v25c     0.266400       6     1.598400
SAEDHVT14_EO2_1    saed14hvt_tt0p8v25c     0.488400       1     0.488400
SAEDHVT14_EO3_1    saed14hvt_tt0p8v25c     1.021200       1     1.021200
SAEDHVT14_INV_0P5  saed14hvt_tt0p8v25c     0.177600       1     0.177600
SAEDHVT14_ND2B_U_0P5 saed14hvt_tt0p8v25c     0.310800       1     0.310800
SAEDHVT14_ND2_CDC_0P5 saed14hvt_tt0p8v25c     0.222000       2     0.444000
SAEDHVT14_ND2_ECO_1 saed14hvt_tt0p8v25c     0.355200       9     3.196800
SAEDHVT14_ND2_MM_0P5 saed14hvt_tt0p8v25c     0.310800       3     0.932400
SAEDHVT14_NR2_1    saed14hvt_tt0p8v25c     0.222000       3     0.666000
SAEDHVT14_NR2_MM_0P5 saed14hvt_tt0p8v25c     0.222000       1     0.222000
SAEDHVT14_OA21B_1  saed14hvt_tt0p8v25c     0.355200       1     0.355200
SAEDHVT14_OA211_1  saed14hvt_tt0p8v25c     0.666000       1     0.666000
SAEDHVT14_OAI22_0P75 saed14hvt_tt0p8v25c     0.310800       1     0.310800
SAEDHVT14_OR2_1    saed14hvt_tt0p8v25c     0.310800       1     0.310800
SAEDLVT14_ADDF_V2_0P5 saed14lvt_tt0p8v25c     1.243200      12    14.918399 r
SAEDLVT14_AO21B_0P5 saed14lvt_tt0p8v25c     0.355200       1     0.355200
SAEDLVT14_EO2_0P5  saed14lvt_tt0p8v25c     0.488400       4     1.953600
SAEDLVT14_EO2_1    saed14lvt_tt0p8v25c     0.488400       2     0.976800
SAEDLVT14_EO3_1    saed14lvt_tt0p8v25c     1.021200      10    10.211999
SAEDLVT14_INV_0P5  saed14lvt_tt0p8v25c     0.177600      19     3.374400
SAEDLVT14_INV_0P75 saed14lvt_tt0p8v25c     0.177600       3     0.532800
SAEDLVT14_INV_1P5  saed14lvt_tt0p8v25c     0.177600       3     0.532800
SAEDLVT14_ND2_CDC_0P5 saed14lvt_tt0p8v25c     0.222000      10     2.220000
SAEDLVT14_ND2_CDC_2 saed14lvt_tt0p8v25c     0.310800       1     0.310800
SAEDLVT14_ND2_ECO_1 saed14lvt_tt0p8v25c     0.355200       2     0.710400
SAEDLVT14_NR2_MM_0P5 saed14lvt_tt0p8v25c     0.222000       2     0.444000
SAEDLVT14_OA21B_1  saed14lvt_tt0p8v25c     0.355200       1     0.355200
SAEDLVT14_OAI21_0P5 saed14lvt_tt0p8v25c     0.266400       2     0.532800
SAEDLVT14_OR2_MM_0P5 saed14lvt_tt0p8v25c     0.310800       2     0.621600
SAEDRVT14_ADDF_V2_0P5 saed14rvt_tt0p8v25c     1.243200       5     6.216000 r
SAEDRVT14_AO21B_0P5 saed14rvt_tt0p8v25c     0.355200       1     0.355200
SAEDRVT14_EO2_V1_0P75 saed14rvt_tt0p8v25c     0.444000       2     0.888000
SAEDRVT14_INV_0P5  saed14rvt_tt0p8v25c     0.177600      12     2.131200
SAEDRVT14_ND2B_U_0P5 saed14rvt_tt0p8v25c     0.310800       1     0.310800
SAEDRVT14_ND2_CDC_1 saed14rvt_tt0p8v25c     0.222000       1     0.222000
SAEDRVT14_OA22_U_0P5 saed14rvt_tt0p8v25c     0.399600       3     1.198800
SAEDRVT14_OAI22_0P5 saed14rvt_tt0p8v25c     0.310800       2     0.621600
-----------------------------------------------------------------------------
Total 39 references                                    62.603998

****************************************
Design: a25_alu_0_DW01_add_J18_1_1 
****************************************
Reference          Library       Unit Area   Count    Total Area   Attributes
-----------------------------------------------------------------------------
SAEDHVT14_ADDH_0P5 saed14hvt_tt0p8v25c     0.666000       2     1.332000 r
SAEDHVT14_ADDH_1   saed14hvt_tt0p8v25c     0.754800       2     1.509600 r
SAEDHVT14_AN2B_PMM_2 saed14hvt_tt0p8v25c     0.444000       1     0.444000
SAEDHVT14_AN2_0P5  saed14hvt_tt0p8v25c     0.399600       1     0.399600
SAEDHVT14_EO2_V1_0P75 saed14hvt_tt0p8v25c     0.444000       2     0.888000
SAEDHVT14_ND2B_U_0P5 saed14hvt_tt0p8v25c     0.310800       1     0.310800
SAEDHVT14_ND2_MM_0P5 saed14hvt_tt0p8v25c     0.310800       3     0.932400
SAEDHVT14_NR2_MM_0P5 saed14hvt_tt0p8v25c     0.222000       1     0.222000
SAEDLVT14_ADDH_1   saed14lvt_tt0p8v25c     0.754800       4     3.019200 r
SAEDLVT14_AN2B_PMM_2 saed14lvt_tt0p8v25c     0.444000       1     0.444000
SAEDLVT14_AN2_MM_0P5 saed14lvt_tt0p8v25c     0.310800       2     0.621600
SAEDLVT14_AN2_MM_1 saed14lvt_tt0p8v25c     0.310800       1     0.310800
SAEDLVT14_AN3_0P75 saed14lvt_tt0p8v25c     0.355200       1     0.355200
SAEDLVT14_AN4_0P75 saed14lvt_tt0p8v25c     0.399600       1     0.399600
SAEDLVT14_EO2_0P5  saed14lvt_tt0p8v25c     0.488400       6     2.930400
SAEDLVT14_EO2_1    saed14lvt_tt0p8v25c     0.488400       9     4.395600
SAEDLVT14_EO2_V1_0P75 saed14lvt_tt0p8v25c     0.444000       5     2.220000
SAEDLVT14_INV_0P5  saed14lvt_tt0p8v25c     0.177600       7     1.243200
SAEDLVT14_INV_0P75 saed14lvt_tt0p8v25c     0.177600       1     0.177600
SAEDLVT14_INV_1P5  saed14lvt_tt0p8v25c     0.177600       1     0.177600
SAEDLVT14_ND2_CDC_0P5 saed14lvt_tt0p8v25c     0.222000       2     0.444000
SAEDLVT14_ND2_ECO_1 saed14lvt_tt0p8v25c     0.355200       1     0.355200
SAEDLVT14_ND3B_0P5 saed14lvt_tt0p8v25c     0.532800       1     0.532800
SAEDLVT14_NR2_1    saed14lvt_tt0p8v25c     0.222000       1     0.222000
SAEDLVT14_NR2_MM_0P5 saed14lvt_tt0p8v25c     0.222000       3     0.666000
SAEDLVT14_NR3B_U_0P5 saed14lvt_tt0p8v25c     0.532800       2     1.065600
SAEDRVT14_AN2_MM_0P5 saed14rvt_tt0p8v25c     0.310800       1     0.310800
SAEDRVT14_EO2_1    saed14rvt_tt0p8v25c     0.488400       1     0.488400
SAEDRVT14_EO2_V1_0P75 saed14rvt_tt0p8v25c     0.444000       1     0.444000
SAEDRVT14_INV_0P5  saed14rvt_tt0p8v25c     0.177600       3     0.532800
SAEDRVT14_ND2_ECO_1 saed14rvt_tt0p8v25c     0.355200       1     0.355200
SAEDRVT14_ND2_MM_0P5 saed14rvt_tt0p8v25c     0.310800       1     0.310800
-----------------------------------------------------------------------------
Total 32 references                                    28.060800

****************************************
Design: a25_barrel_shift_1 
****************************************
Reference          Library       Unit Area   Count    Total Area   Attributes
-----------------------------------------------------------------------------
SAEDHVT14_AN2B_MM_1 saed14hvt_tt0p8v25c     0.399600       1     0.399600
SAEDHVT14_AN2B_PMM_2 saed14hvt_tt0p8v25c     0.444000       1     0.444000
SAEDHVT14_AN2_0P5  saed14hvt_tt0p8v25c     0.399600       2     0.799200
SAEDHVT14_AN2_MM_0P5 saed14hvt_tt0p8v25c     0.310800       3     0.932400
SAEDHVT14_AO2BB2_1 saed14hvt_tt0p8v25c     0.621600       5     3.108000
SAEDHVT14_AO2BB2_V1_0P75 saed14hvt_tt0p8v25c     0.621600       1     0.621600
SAEDHVT14_AO22_1   saed14hvt_tt0p8v25c     0.532800       2     1.065600
SAEDHVT14_AO221_0P5 saed14hvt_tt0p8v25c     0.488400       1     0.488400
SAEDHVT14_AOI21_0P5 saed14hvt_tt0p8v25c     0.266400       8     2.131200
SAEDHVT14_AOI21_0P75 saed14hvt_tt0p8v25c     0.266400       1     0.266400
SAEDHVT14_BUF_1P5  saed14hvt_tt0p8v25c     0.310800       1     0.310800
SAEDHVT14_BUF_ECO_1 saed14hvt_tt0p8v25c     0.266400       4     1.065600
SAEDHVT14_BUF_U_0P5 saed14hvt_tt0p8v25c     0.266400      40    10.656000
SAEDHVT14_CLKSPLT_1 saed14hvt_tt0p8v25c     1.154400       1     1.154400
SAEDHVT14_INV_0P5  saed14hvt_tt0p8v25c     0.177600       8     1.420800
SAEDHVT14_INV_0P75 saed14hvt_tt0p8v25c     0.177600       3     0.532800
SAEDHVT14_ND2_CDC_0P5 saed14hvt_tt0p8v25c     0.222000       5     1.110000
SAEDHVT14_ND2_ECO_1 saed14hvt_tt0p8v25c     0.355200       3     1.065600
SAEDHVT14_ND2_MM_0P5 saed14hvt_tt0p8v25c     0.310800      17     5.283600
SAEDHVT14_ND3B_0P75 saed14hvt_tt0p8v25c     0.532800       1     0.532800
SAEDHVT14_NR2_MM_0P5 saed14hvt_tt0p8v25c     0.222000      13     2.886000
SAEDHVT14_NR3_0P5  saed14hvt_tt0p8v25c     0.444000       1     0.444000
SAEDHVT14_OA21B_1  saed14hvt_tt0p8v25c     0.355200       2     0.710400
SAEDHVT14_OA22_U_0P5 saed14hvt_tt0p8v25c     0.399600       3     1.198800
SAEDHVT14_OAI21_0P5 saed14hvt_tt0p8v25c     0.266400       7     1.864800
SAEDHVT14_OAI22_0P5 saed14hvt_tt0p8v25c     0.310800      33    10.256400
SAEDHVT14_OAI22_0P75 saed14hvt_tt0p8v25c     0.310800       1     0.310800
SAEDLVT14_AN2B_MM_1 saed14lvt_tt0p8v25c     0.399600       1     0.399600
SAEDLVT14_AN2_MM_0P5 saed14lvt_tt0p8v25c     0.310800       3     0.932400
SAEDLVT14_AN3_0P5  saed14lvt_tt0p8v25c     0.355200       1     0.355200
SAEDLVT14_AN4_0P75 saed14lvt_tt0p8v25c     0.399600       6     2.397600
SAEDLVT14_AN4_1    saed14lvt_tt0p8v25c     0.399600       2     0.799200
SAEDLVT14_AO2BB2_0P5 saed14lvt_tt0p8v25c     0.621600       5     3.108000
SAEDLVT14_AO2BB2_1 saed14lvt_tt0p8v25c     0.621600       3     1.864800
SAEDLVT14_AO21B_0P5 saed14lvt_tt0p8v25c     0.355200       2     0.710400
SAEDLVT14_AO21_1   saed14lvt_tt0p8v25c     0.355200       2     0.710400
SAEDLVT14_AO21_U_0P5 saed14lvt_tt0p8v25c     0.355200       3     1.065600
SAEDLVT14_AO32_U_0P5 saed14lvt_tt0p8v25c     0.444000       8     3.552000
SAEDLVT14_AO221_0P5 saed14lvt_tt0p8v25c     0.488400       4     1.953600
SAEDLVT14_AO221_1  saed14lvt_tt0p8v25c     0.488400       7     3.418800
SAEDLVT14_AOI21_0P5 saed14lvt_tt0p8v25c     0.266400      10     2.664000
SAEDLVT14_AOI21_0P75 saed14lvt_tt0p8v25c     0.266400     127    33.832801
SAEDLVT14_AOI22_1P5 saed14lvt_tt0p8v25c     0.488400       1     0.488400
SAEDLVT14_BUF_ECO_1 saed14lvt_tt0p8v25c     0.266400       4     1.065600
SAEDLVT14_BUF_ECO_2 saed14lvt_tt0p8v25c     0.488400       2     0.976800
SAEDLVT14_BUF_S_0P75 saed14lvt_tt0p8v25c     0.266400       1     0.266400
SAEDLVT14_BUF_U_0P5 saed14lvt_tt0p8v25c     0.266400      22     5.860800
SAEDLVT14_CLKSPLT_1 saed14lvt_tt0p8v25c     1.154400       2     2.308800
SAEDLVT14_INV_0P5  saed14lvt_tt0p8v25c     0.177600      51     9.057600
SAEDLVT14_INV_0P75 saed14lvt_tt0p8v25c     0.177600      16     2.841600
SAEDLVT14_INV_1P5  saed14lvt_tt0p8v25c     0.177600      21     3.729600
SAEDLVT14_INV_2    saed14lvt_tt0p8v25c     0.222000       1     0.222000
SAEDLVT14_INV_ECO_3 saed14lvt_tt0p8v25c     0.488400       1     0.488400
SAEDLVT14_INV_S_1P5 saed14lvt_tt0p8v25c     0.222000       3     0.666000
SAEDLVT14_ND2B_U_0P5 saed14lvt_tt0p8v25c     0.310800       6     1.864800
SAEDLVT14_ND2_1    saed14lvt_tt0p8v25c     0.310800       1     0.310800
SAEDLVT14_ND2_CDC_0P5 saed14lvt_tt0p8v25c     0.222000      68    15.096000
SAEDLVT14_ND2_ECO_1 saed14lvt_tt0p8v25c     0.355200       7     2.486400
SAEDLVT14_ND3B_0P75 saed14lvt_tt0p8v25c     0.532800       1     0.532800
SAEDLVT14_NR2_1    saed14lvt_tt0p8v25c     0.222000      14     3.108000
SAEDLVT14_NR2_MM_0P5 saed14lvt_tt0p8v25c     0.222000      42     9.324000
SAEDLVT14_NR2_MM_1 saed14lvt_tt0p8v25c     0.222000       9     1.998000
SAEDLVT14_NR3_0P5  saed14lvt_tt0p8v25c     0.444000       1     0.444000
SAEDLVT14_NR3_2    saed14lvt_tt0p8v25c     0.488400       1     0.488400
SAEDLVT14_NR4_0P75 saed14lvt_tt0p8v25c     0.488400       2     0.976800
SAEDLVT14_OA2BB2_V1_0P5 saed14lvt_tt0p8v25c     0.488400       2     0.976800
SAEDLVT14_OA21B_1  saed14lvt_tt0p8v25c     0.355200      11     3.907200
SAEDLVT14_OA21_1   saed14lvt_tt0p8v25c     0.355200       4     1.420800
SAEDLVT14_OA21_U_0P5 saed14lvt_tt0p8v25c     0.532800       1     0.532800
SAEDLVT14_OA22_0P75 saed14lvt_tt0p8v25c     0.399600      24     9.590400
SAEDLVT14_OA31_1   saed14lvt_tt0p8v25c     0.399600       7     2.797200
SAEDLVT14_OAI21_0P5 saed14lvt_tt0p8v25c     0.266400      97    25.840801
SAEDLVT14_OAI22_0P5 saed14lvt_tt0p8v25c     0.310800     187    58.119597
SAEDLVT14_OAI22_0P75 saed14lvt_tt0p8v25c     0.310800       3     0.932400
SAEDLVT14_OAI22_1  saed14lvt_tt0p8v25c     0.310800      15     4.662000
SAEDLVT14_OR2_0P5  saed14lvt_tt0p8v25c     0.310800       1     0.310800
SAEDLVT14_OR2_0P75 saed14lvt_tt0p8v25c     0.310800       1     0.310800
SAEDLVT14_OR2_1    saed14lvt_tt0p8v25c     0.310800       3     0.932400
SAEDLVT14_OR2_MM_0P5 saed14lvt_tt0p8v25c     0.310800       3     0.932400
SAEDLVT14_OR2_MM_0P75 saed14lvt_tt0p8v25c     0.310800       1     0.310800
SAEDLVT14_OR3_0P5  saed14lvt_tt0p8v25c     0.355200       3     1.065600
SAEDLVT14_OR3_1    saed14lvt_tt0p8v25c     0.355200       1     0.355200
SAEDLVT14_OR4_1    saed14lvt_tt0p8v25c     0.399600      38    15.184800
SAEDLVT14_OR4_2    saed14lvt_tt0p8v25c     0.444000       1     0.444000
SAEDRVT14_AN2_MM_1 saed14rvt_tt0p8v25c     0.310800       1     0.310800
SAEDRVT14_AN3_0P5  saed14rvt_tt0p8v25c     0.355200       1     0.355200
SAEDRVT14_AN4_1    saed14rvt_tt0p8v25c     0.399600       1     0.399600
SAEDRVT14_AO2BB2_0P5 saed14rvt_tt0p8v25c     0.621600       3     1.864800
SAEDRVT14_AO2BB2_4 saed14rvt_tt0p8v25c     0.710400       1     0.710400
SAEDRVT14_AO21_U_0P5 saed14rvt_tt0p8v25c     0.355200       1     0.355200
SAEDRVT14_AOI21_0P75 saed14rvt_tt0p8v25c     0.266400       1     0.266400
SAEDRVT14_BUF_ECO_1 saed14rvt_tt0p8v25c     0.266400       4     1.065600
SAEDRVT14_BUF_U_0P5 saed14rvt_tt0p8v25c     0.266400       4     1.065600
SAEDRVT14_INV_0P5  saed14rvt_tt0p8v25c     0.177600      37     6.571200
SAEDRVT14_INV_S_2  saed14rvt_tt0p8v25c     0.222000       1     0.222000
SAEDRVT14_ND2_CDC_1 saed14rvt_tt0p8v25c     0.222000       8     1.776000
SAEDRVT14_NR2_MM_1 saed14rvt_tt0p8v25c     0.222000       2     0.444000
SAEDRVT14_NR4_0P75 saed14rvt_tt0p8v25c     0.488400       3     1.465200
SAEDRVT14_OA21B_1  saed14rvt_tt0p8v25c     0.355200       1     0.355200
SAEDRVT14_OA21_1   saed14rvt_tt0p8v25c     0.355200       1     0.355200
SAEDRVT14_OA22_0P75 saed14rvt_tt0p8v25c     0.399600       7     2.797200
SAEDRVT14_OA22_U_0P5 saed14rvt_tt0p8v25c     0.399600       5     1.998000
SAEDRVT14_OA31_2   saed14rvt_tt0p8v25c     0.444000       1     0.444000
SAEDRVT14_OAI21_0P5 saed14rvt_tt0p8v25c     0.266400       1     0.266400
SAEDRVT14_OAI22_0P5 saed14rvt_tt0p8v25c     0.310800       3     0.932400
SAEDRVT14_OAI22_0P75 saed14rvt_tt0p8v25c     0.310800       2     0.621600
SAEDRVT14_OR4_2    saed14rvt_tt0p8v25c     0.444000       1     0.444000
-----------------------------------------------------------------------------
Total 107 references                                  327.139199

****************************************
Design: a25_execute_0_DW01_add_J4_0_1 
****************************************
Reference          Library       Unit Area   Count    Total Area   Attributes
-----------------------------------------------------------------------------
SAEDHVT14_EO2_V1_0P75 saed14hvt_tt0p8v25c     0.444000       1     0.444000
SAEDHVT14_NR2_MM_0P5 saed14hvt_tt0p8v25c     0.222000       1     0.222000
SAEDLVT14_ADDH_0P5 saed14lvt_tt0p8v25c     0.666000       1     0.666000 r
SAEDLVT14_ADDH_1   saed14lvt_tt0p8v25c     0.754800      23    17.360400 r
SAEDLVT14_AN3_0P75 saed14lvt_tt0p8v25c     0.355200       1     0.355200
SAEDLVT14_EO2_0P5  saed14lvt_tt0p8v25c     0.488400       2     0.976800
SAEDLVT14_EO2_1    saed14lvt_tt0p8v25c     0.488400       2     0.976800
SAEDLVT14_INV_0P5  saed14lvt_tt0p8v25c     0.177600       1     0.177600
SAEDLVT14_ND2_CDC_0P5 saed14lvt_tt0p8v25c     0.222000       1     0.222000
SAEDLVT14_ND2_ECO_1 saed14lvt_tt0p8v25c     0.355200       1     0.355200
SAEDRVT14_INV_0P5  saed14rvt_tt0p8v25c     0.177600       1     0.177600
-----------------------------------------------------------------------------
Total 11 references                                    21.933601

****************************************
Design: a25_execute_0_DW01_add_J4_1_1 
****************************************
Reference          Library       Unit Area   Count    Total Area   Attributes
-----------------------------------------------------------------------------
SAEDHVT14_ADDH_0P5 saed14hvt_tt0p8v25c     0.666000       1     0.666000 r
SAEDHVT14_AN2_0P5  saed14hvt_tt0p8v25c     0.399600       2     0.799200
SAEDHVT14_INV_0P5  saed14hvt_tt0p8v25c     0.177600       1     0.177600
SAEDHVT14_ND2_CDC_0P5 saed14hvt_tt0p8v25c     0.222000       2     0.444000
SAEDHVT14_ND2_MM_0P5 saed14hvt_tt0p8v25c     0.310800       1     0.310800
SAEDHVT14_NR2_MM_0P5 saed14hvt_tt0p8v25c     0.222000       1     0.222000
SAEDLVT14_ADDH_0P5 saed14lvt_tt0p8v25c     0.666000       5     3.330000 r
SAEDLVT14_ADDH_1   saed14lvt_tt0p8v25c     0.754800       2     1.509600 r
SAEDLVT14_AN2B_PMM_2 saed14lvt_tt0p8v25c     0.444000       2     0.888000
SAEDLVT14_AN2_MM_0P5 saed14lvt_tt0p8v25c     0.310800       1     0.310800
SAEDLVT14_AN3_0P5  saed14lvt_tt0p8v25c     0.355200       1     0.355200
SAEDLVT14_AN3_0P75 saed14lvt_tt0p8v25c     0.355200       1     0.355200
SAEDLVT14_AO21B_0P5 saed14lvt_tt0p8v25c     0.355200       1     0.355200
SAEDLVT14_EN2_0P5  saed14lvt_tt0p8v25c     0.577200       1     0.577200
SAEDLVT14_EO2_0P5  saed14lvt_tt0p8v25c     0.488400      11     5.372400
SAEDLVT14_EO2_1    saed14lvt_tt0p8v25c     0.488400       5     2.442000
SAEDLVT14_FDPQB_V2LP_1 saed14lvt_tt0p8v25c     0.843600       1     0.843600 n
SAEDLVT14_INV_0P5  saed14lvt_tt0p8v25c     0.177600       6     1.065600
SAEDLVT14_ND2_CDC_0P5 saed14lvt_tt0p8v25c     0.222000       5     1.110000
SAEDLVT14_ND3B_0P75 saed14lvt_tt0p8v25c     0.532800       1     0.532800
SAEDLVT14_NR3B_U_0P5 saed14lvt_tt0p8v25c     0.532800       3     1.598400
SAEDRVT14_AN2B_MM_1 saed14rvt_tt0p8v25c     0.399600       1     0.399600
SAEDRVT14_EO2_1    saed14rvt_tt0p8v25c     0.488400       1     0.488400
SAEDRVT14_EO2_V1_0P75 saed14rvt_tt0p8v25c     0.444000       2     0.888000
SAEDRVT14_INV_0P5  saed14rvt_tt0p8v25c     0.177600       2     0.355200
-----------------------------------------------------------------------------
Total 25 references                                    25.396800

****************************************
Design: a25_execute_0_DW01_add_J4_2_1 
****************************************
Reference          Library       Unit Area   Count    Total Area   Attributes
-----------------------------------------------------------------------------
SAEDLVT14_ADDH_0P5 saed14lvt_tt0p8v25c     0.666000      25    16.650000 r
SAEDLVT14_EO2_V1_0P75 saed14lvt_tt0p8v25c     0.444000       1     0.444000
SAEDRVT14_ADDH_1   saed14rvt_tt0p8v25c     0.754800       3     2.264400 r
-----------------------------------------------------------------------------
Total 3 references                                     19.358400

****************************************
Design: a25_execute_0_DW01_add_J4_3_1 
****************************************
Reference          Library       Unit Area   Count    Total Area   Attributes
-----------------------------------------------------------------------------
SAEDLVT14_ADDH_0P5 saed14lvt_tt0p8v25c     0.666000      22    14.652000 r
SAEDRVT14_ADDH_1   saed14rvt_tt0p8v25c     0.754800       1     0.754800 r
-----------------------------------------------------------------------------
Total 2 references                                     15.406800

****************************************
Design: a25_execute_0_DW01_sub_J4_0_1 
****************************************
Reference          Library       Unit Area   Count    Total Area   Attributes
-----------------------------------------------------------------------------
SAEDHVT14_EO2_V1_0P75 saed14hvt_tt0p8v25c     0.444000       1     0.444000
SAEDHVT14_INV_0P5  saed14hvt_tt0p8v25c     0.177600       1     0.177600
SAEDHVT14_MUXI2_U_0P5 saed14hvt_tt0p8v25c     0.399600       4     1.598400
SAEDHVT14_NR2_MM_0P5 saed14hvt_tt0p8v25c     0.222000       1     0.222000
SAEDHVT14_OAI22_0P5 saed14hvt_tt0p8v25c     0.310800       1     0.310800
SAEDLVT14_EO2_0P5  saed14lvt_tt0p8v25c     0.488400       8     3.907200
SAEDLVT14_INV_0P5  saed14lvt_tt0p8v25c     0.177600       9     1.598400
SAEDLVT14_MUXI2_U_0P5 saed14lvt_tt0p8v25c     0.399600       7     2.797200
SAEDLVT14_ND2B_U_0P5 saed14lvt_tt0p8v25c     0.310800       9     2.797200
SAEDLVT14_NR2_MM_0P5 saed14lvt_tt0p8v25c     0.222000      11     2.442000
SAEDLVT14_OR4_1    saed14lvt_tt0p8v25c     0.399600       1     0.399600
SAEDRVT14_EO2_0P5  saed14rvt_tt0p8v25c     0.488400       1     0.488400
SAEDRVT14_EO2_1    saed14rvt_tt0p8v25c     0.488400       1     0.488400
SAEDRVT14_INV_0P5  saed14rvt_tt0p8v25c     0.177600       3     0.532800
-----------------------------------------------------------------------------
Total 14 references                                    18.204000

****************************************
Design: a25_multiply_1 
****************************************
Reference          Library       Unit Area   Count    Total Area   Attributes
-----------------------------------------------------------------------------
SAEDHVT14_AN3_0P5  saed14hvt_tt0p8v25c     0.355200       1     0.355200
SAEDHVT14_AO2BB2_1 saed14hvt_tt0p8v25c     0.621600       1     0.621600
SAEDHVT14_AO21B_0P5 saed14hvt_tt0p8v25c     0.355200       1     0.355200
SAEDHVT14_AOI21_0P5 saed14hvt_tt0p8v25c     0.266400       2     0.532800
SAEDHVT14_BUF_U_0P5 saed14hvt_tt0p8v25c     0.266400       4     1.065600
SAEDHVT14_FDPQB_V3_1 saed14hvt_tt0p8v25c     0.976800       1     0.976800 n
SAEDHVT14_FDP_V2LP_2 saed14hvt_tt0p8v25c     1.021200       1     1.021200 n
SAEDHVT14_INV_0P5  saed14hvt_tt0p8v25c     0.177600      20     3.552000
SAEDHVT14_ND2_CDC_0P5 saed14hvt_tt0p8v25c     0.222000       3     0.666000
SAEDHVT14_NR2_MM_0P5 saed14hvt_tt0p8v25c     0.222000       4     0.888000
SAEDHVT14_OAI21_0P5 saed14hvt_tt0p8v25c     0.266400       2     0.532800
SAEDHVT14_OAI22_0P5 saed14hvt_tt0p8v25c     0.310800       3     0.932400
SAEDHVT14_OR3_0P5  saed14hvt_tt0p8v25c     0.355200       1     0.355200
SAEDHVT14_OR4_1    saed14hvt_tt0p8v25c     0.399600       5     1.998000
SAEDLVT14_AO2BB2_1 saed14lvt_tt0p8v25c     0.621600       2     1.243200
SAEDLVT14_AO2BB2_V1_1 saed14lvt_tt0p8v25c     0.621600       1     0.621600
SAEDLVT14_AO21B_0P5 saed14lvt_tt0p8v25c     0.355200      33    11.721600
SAEDLVT14_AO21_U_0P5 saed14lvt_tt0p8v25c     0.355200       1     0.355200
SAEDLVT14_AO32_U_0P5 saed14lvt_tt0p8v25c     0.444000      31    13.764000
SAEDLVT14_AOI21_0P75 saed14lvt_tt0p8v25c     0.266400      31     8.258400
SAEDLVT14_BUF_ECO_1 saed14lvt_tt0p8v25c     0.266400       3     0.799200
SAEDLVT14_BUF_S_0P75 saed14lvt_tt0p8v25c     0.266400       2     0.532800
SAEDLVT14_BUF_U_0P5 saed14lvt_tt0p8v25c     0.266400       8     2.131200
SAEDLVT14_FDPQB_V2LP_1 saed14lvt_tt0p8v25c     0.843600      37    31.213199 n
SAEDLVT14_FDPQB_V2_1 saed14lvt_tt0p8v25c     0.843600       1     0.843600 n
SAEDLVT14_FDP_V2LP_1 saed14lvt_tt0p8v25c     0.932400       4     3.729600 n
SAEDLVT14_FDP_V2_1 saed14lvt_tt0p8v25c     0.932400      25    23.310000 n
SAEDLVT14_INV_0P5  saed14lvt_tt0p8v25c     0.177600      72    12.787200
SAEDLVT14_INV_0P75 saed14lvt_tt0p8v25c     0.177600       7     1.243200
SAEDLVT14_INV_1P5  saed14lvt_tt0p8v25c     0.177600       2     0.355200
SAEDLVT14_ND2B_U_0P5 saed14lvt_tt0p8v25c     0.310800       2     0.621600
SAEDLVT14_ND2_CDC_0P5 saed14lvt_tt0p8v25c     0.222000       9     1.998000
SAEDLVT14_NR2_1    saed14lvt_tt0p8v25c     0.222000       3     0.666000
SAEDLVT14_NR2_MM_1 saed14lvt_tt0p8v25c     0.222000       1     0.222000
SAEDLVT14_OAI21_0P5 saed14lvt_tt0p8v25c     0.266400       7     1.864800
SAEDLVT14_OAI22_0P5 saed14lvt_tt0p8v25c     0.310800      54    16.783199
SAEDLVT14_OAI22_0P75 saed14lvt_tt0p8v25c     0.310800       4     1.243200
SAEDLVT14_OAI22_1  saed14lvt_tt0p8v25c     0.310800       1     0.310800
SAEDLVT14_OR2_0P5  saed14lvt_tt0p8v25c     0.310800       1     0.310800
SAEDLVT14_OR2_MM_0P5 saed14lvt_tt0p8v25c     0.310800       1     0.310800
SAEDLVT14_OR3_0P5  saed14lvt_tt0p8v25c     0.355200       1     0.355200
SAEDLVT14_OR4_1    saed14lvt_tt0p8v25c     0.399600       4     1.598400
SAEDLVT14_TIE0_V1_2 saed14lvt_tt0p8v25c     0.488400       1     0.488400
SAEDLVT14_TIE1_4   saed14lvt_tt0p8v25c     0.399600       1     0.399600
SAEDRVT14_AN2B_MM_1 saed14rvt_tt0p8v25c     0.399600       1     0.399600
SAEDRVT14_AO22_0P5 saed14rvt_tt0p8v25c     0.532800       1     0.532800
SAEDRVT14_BUF_ECO_1 saed14rvt_tt0p8v25c     0.266400       1     0.266400
SAEDRVT14_FDPQB_V3_1 saed14rvt_tt0p8v25c     0.976800       1     0.976800 n
SAEDRVT14_FDP_V2LP_0P5 saed14rvt_tt0p8v25c     0.932400       1     0.932400 n
SAEDRVT14_FDP_V2LP_1 saed14rvt_tt0p8v25c     0.932400       4     3.729600 n
SAEDRVT14_INV_0P5  saed14rvt_tt0p8v25c     0.177600      12     2.131200
SAEDRVT14_INV_1P5  saed14rvt_tt0p8v25c     0.177600       1     0.177600
SAEDRVT14_INV_S_0P75 saed14rvt_tt0p8v25c     0.177600       1     0.177600
SAEDRVT14_ND2_CDC_1 saed14rvt_tt0p8v25c     0.222000       1     0.222000
SAEDRVT14_OR4_1    saed14rvt_tt0p8v25c     0.399600       3     1.198800
a25_multiply_0_DW01_add_J23_0_1    55.855200       1    55.855200 h
a25_multiply_0_DW01_add_J23_1_1    77.699999       1    77.699999 h
a25_multiply_0_DW01_inc_J23_0_1     3.108000       1     3.108000 h
a25_multiply_0_DW01_inc_J23_1_1    25.707600       1    25.707600 h
-----------------------------------------------------------------------------
Total 59 references                                   327.050396

****************************************
Design: a25_multiply_0_DW01_add_J23_0_1 
****************************************
Reference          Library       Unit Area   Count    Total Area   Attributes
-----------------------------------------------------------------------------
SAEDHVT14_ADDF_V2_0P5 saed14hvt_tt0p8v25c     1.243200       2     2.486400 r
SAEDHVT14_EO2_V1_0P75 saed14hvt_tt0p8v25c     0.444000       2     0.888000
SAEDHVT14_INV_0P5  saed14hvt_tt0p8v25c     0.177600       6     1.065600
SAEDHVT14_ND2_CDC_0P5 saed14hvt_tt0p8v25c     0.222000       2     0.444000
SAEDHVT14_ND2_MM_0P5 saed14hvt_tt0p8v25c     0.310800       3     0.932400
SAEDLVT14_BUF_U_0P5 saed14lvt_tt0p8v25c     0.266400       1     0.266400
SAEDLVT14_EO2_0P5  saed14lvt_tt0p8v25c     0.488400      21    10.256400
SAEDLVT14_EO2_1    saed14lvt_tt0p8v25c     0.488400       1     0.488400
SAEDLVT14_EO3_0P5  saed14lvt_tt0p8v25c     1.021200       1     1.021200
SAEDLVT14_EO3_1    saed14lvt_tt0p8v25c     1.021200       1     1.021200
SAEDLVT14_INV_0P5  saed14lvt_tt0p8v25c     0.177600      15     2.664000
SAEDLVT14_ND2B_U_0P5 saed14lvt_tt0p8v25c     0.310800       1     0.310800
SAEDLVT14_ND2_CDC_0P5 saed14lvt_tt0p8v25c     0.222000       8     1.776000
SAEDLVT14_ND2_ECO_1 saed14lvt_tt0p8v25c     0.355200      15     5.328000
SAEDLVT14_NR2_1    saed14lvt_tt0p8v25c     0.222000       3     0.666000
SAEDLVT14_NR2_MM_0P5 saed14lvt_tt0p8v25c     0.222000       6     1.332000
SAEDLVT14_OA21_1   saed14lvt_tt0p8v25c     0.355200       1     0.355200
SAEDLVT14_OAI21_0P5 saed14lvt_tt0p8v25c     0.266400      13     3.463200
SAEDLVT14_OAI22_0P75 saed14lvt_tt0p8v25c     0.310800       3     0.932400
SAEDLVT14_OR2_MM_0P5 saed14lvt_tt0p8v25c     0.310800       1     0.310800
SAEDRVT14_ADDF_V2_0P5 saed14rvt_tt0p8v25c     1.243200       5     6.216000 r
SAEDRVT14_ADDH_0P5 saed14rvt_tt0p8v25c     0.666000       1     0.666000 r
SAEDRVT14_AOI31_0P75 saed14rvt_tt0p8v25c     0.488400       2     0.976800
SAEDRVT14_EO2_0P5  saed14rvt_tt0p8v25c     0.488400       4     1.953600
SAEDRVT14_EO2_1    saed14rvt_tt0p8v25c     0.488400       1     0.488400
SAEDRVT14_EO2_V1_0P75 saed14rvt_tt0p8v25c     0.444000      11     4.884000
SAEDRVT14_EO3_0P5  saed14rvt_tt0p8v25c     1.021200       2     2.042400
SAEDRVT14_INV_0P5  saed14rvt_tt0p8v25c     0.177600       2     0.355200
SAEDRVT14_ND2_CDC_1 saed14rvt_tt0p8v25c     0.222000       3     0.666000
SAEDRVT14_ND2_ECO_1 saed14rvt_tt0p8v25c     0.355200       1     0.355200
SAEDRVT14_OAI22_0P75 saed14rvt_tt0p8v25c     0.310800       4     1.243200
-----------------------------------------------------------------------------
Total 31 references                                    55.855200

****************************************
Design: a25_multiply_0_DW01_add_J23_1_1 
****************************************
Reference          Library       Unit Area   Count    Total Area   Attributes
-----------------------------------------------------------------------------
SAEDHVT14_ADDH_0P5 saed14hvt_tt0p8v25c     0.666000       1     0.666000 r
SAEDHVT14_AN2_MM_0P5 saed14hvt_tt0p8v25c     0.310800       2     0.621600
SAEDHVT14_BUF_U_0P5 saed14hvt_tt0p8v25c     0.266400       4     1.065600
SAEDHVT14_EO2_V1_0P75 saed14hvt_tt0p8v25c     0.444000       1     0.444000
SAEDHVT14_EO3_0P5  saed14hvt_tt0p8v25c     1.021200       1     1.021200
SAEDHVT14_EO3_1    saed14hvt_tt0p8v25c     1.021200       2     2.042400
SAEDHVT14_INV_0P5  saed14hvt_tt0p8v25c     0.177600      11     1.953600
SAEDHVT14_ND2_CDC_0P5 saed14hvt_tt0p8v25c     0.222000       6     1.332000
SAEDHVT14_ND2_MM_0P5 saed14hvt_tt0p8v25c     0.310800       8     2.486400
SAEDHVT14_NR2_MM_0P5 saed14hvt_tt0p8v25c     0.222000       9     1.998000
SAEDHVT14_OAI21_0P5 saed14hvt_tt0p8v25c     0.266400       1     0.266400
SAEDHVT14_OAI22_0P5 saed14hvt_tt0p8v25c     0.310800       1     0.310800
SAEDLVT14_AN2_MM_0P5 saed14lvt_tt0p8v25c     0.310800       2     0.621600
SAEDLVT14_AN3_0P5  saed14lvt_tt0p8v25c     0.355200       1     0.355200
SAEDLVT14_AOI31_0P75 saed14lvt_tt0p8v25c     0.488400       1     0.488400
SAEDLVT14_EO2_0P5  saed14lvt_tt0p8v25c     0.488400       8     3.907200
SAEDLVT14_EO3_0P5  saed14lvt_tt0p8v25c     1.021200      18    18.381599
SAEDLVT14_EO3_1    saed14lvt_tt0p8v25c     1.021200       1     1.021200
SAEDLVT14_INV_0P5  saed14lvt_tt0p8v25c     0.177600      17     3.019200
SAEDLVT14_ND2B_U_0P5 saed14lvt_tt0p8v25c     0.310800       2     0.621600
SAEDLVT14_ND2_CDC_0P5 saed14lvt_tt0p8v25c     0.222000      27     5.994000
SAEDLVT14_ND2_ECO_1 saed14lvt_tt0p8v25c     0.355200      12     4.262400
SAEDLVT14_ND3B_0P5 saed14lvt_tt0p8v25c     0.532800       6     3.196800
SAEDLVT14_ND3B_0P75 saed14lvt_tt0p8v25c     0.532800       1     0.532800
SAEDLVT14_ND4_1    saed14lvt_tt0p8v25c     0.932400       1     0.932400
SAEDLVT14_NR2_1    saed14lvt_tt0p8v25c     0.222000       2     0.444000
SAEDLVT14_NR2_MM_0P5 saed14lvt_tt0p8v25c     0.222000       2     0.444000
SAEDLVT14_OA21_1   saed14lvt_tt0p8v25c     0.355200       1     0.355200
SAEDLVT14_OA21_MM_1 saed14lvt_tt0p8v25c     0.399600       1     0.399600
SAEDLVT14_OAI21_0P5 saed14lvt_tt0p8v25c     0.266400      12     3.196800
SAEDLVT14_OAI22_0P5 saed14lvt_tt0p8v25c     0.310800       3     0.932400
SAEDLVT14_OAI211_0P5 saed14lvt_tt0p8v25c     0.621600       2     1.243200
SAEDRVT14_ADDF_V2_0P5 saed14rvt_tt0p8v25c     1.243200       2     2.486400 r
SAEDRVT14_EO2_V1_0P75 saed14rvt_tt0p8v25c     0.444000       5     2.220000
SAEDRVT14_EO3_1    saed14rvt_tt0p8v25c     1.021200       2     2.042400
SAEDRVT14_INV_0P5  saed14rvt_tt0p8v25c     0.177600      11     1.953600
SAEDRVT14_INV_S_0P75 saed14rvt_tt0p8v25c     0.177600       1     0.177600
SAEDRVT14_ND2_CDC_1 saed14rvt_tt0p8v25c     0.222000       6     1.332000
SAEDRVT14_ND2_ECO_1 saed14rvt_tt0p8v25c     0.355200       1     0.355200
SAEDRVT14_OA31_1   saed14rvt_tt0p8v25c     0.399600       2     0.799200
SAEDRVT14_OA31_1P5 saed14rvt_tt0p8v25c     0.444000       1     0.444000
SAEDRVT14_OAI21_0P5 saed14rvt_tt0p8v25c     0.266400       5     1.332000
-----------------------------------------------------------------------------
Total 42 references                                    77.699999

****************************************
Design: a25_multiply_0_DW01_inc_J23_0_1 
****************************************
Reference          Library       Unit Area   Count    Total Area   Attributes
-----------------------------------------------------------------------------
SAEDHVT14_EO2_V1_0P75 saed14hvt_tt0p8v25c     0.444000       1     0.444000
SAEDRVT14_ADDH_0P5 saed14rvt_tt0p8v25c     0.666000       4     2.664000 r
-----------------------------------------------------------------------------
Total 2 references                                      3.108000

****************************************
Design: a25_multiply_0_DW01_inc_J23_1_1 
****************************************
Reference          Library       Unit Area   Count    Total Area   Attributes
-----------------------------------------------------------------------------
SAEDHVT14_ADDH_0P5 saed14hvt_tt0p8v25c     0.666000       2     1.332000 r
SAEDHVT14_AN2B_MM_1 saed14hvt_tt0p8v25c     0.399600       2     0.799200
SAEDHVT14_AN2_0P5  saed14hvt_tt0p8v25c     0.399600       1     0.399600
SAEDHVT14_NR2_MM_0P5 saed14hvt_tt0p8v25c     0.222000       3     0.666000
SAEDLVT14_ADDH_0P5 saed14lvt_tt0p8v25c     0.666000       2     1.332000 r
SAEDLVT14_ADDH_1   saed14lvt_tt0p8v25c     0.754800       9     6.793200 r
SAEDLVT14_AN2B_PMM_2 saed14lvt_tt0p8v25c     0.444000       1     0.444000
SAEDLVT14_AN3_0P5  saed14lvt_tt0p8v25c     0.355200       1     0.355200
SAEDLVT14_EO2_0P5  saed14lvt_tt0p8v25c     0.488400      14     6.837600
SAEDLVT14_INV_0P5  saed14lvt_tt0p8v25c     0.177600       7     1.243200
SAEDLVT14_ND2_CDC_0P5 saed14lvt_tt0p8v25c     0.222000       9     1.998000
SAEDLVT14_NR2_1    saed14lvt_tt0p8v25c     0.222000       1     0.222000
SAEDLVT14_NR2_MM_0P5 saed14lvt_tt0p8v25c     0.222000       1     0.222000
SAEDRVT14_AN3_0P5  saed14rvt_tt0p8v25c     0.355200       1     0.355200
SAEDRVT14_EO2_1    saed14rvt_tt0p8v25c     0.488400       1     0.488400
SAEDRVT14_EO2_V1_0P75 saed14rvt_tt0p8v25c     0.444000       3     1.332000
SAEDRVT14_INV_0P5  saed14rvt_tt0p8v25c     0.177600       3     0.532800
SAEDRVT14_ND2_ECO_1 saed14rvt_tt0p8v25c     0.355200       1     0.355200
-----------------------------------------------------------------------------
Total 18 references                                    25.707600

****************************************
Design: a25_register_bank_1 
****************************************
Reference          Library       Unit Area   Count    Total Area   Attributes
-----------------------------------------------------------------------------
SAEDHVT14_AN2B_MM_1 saed14hvt_tt0p8v25c     0.399600       1     0.399600
SAEDHVT14_AN2B_PMM_2 saed14hvt_tt0p8v25c     0.444000       2     0.888000
SAEDHVT14_AN2_0P5  saed14hvt_tt0p8v25c     0.399600       2     0.799200
SAEDHVT14_AN2_1    saed14hvt_tt0p8v25c     0.310800       3     0.932400
SAEDHVT14_AN2_MM_0P5 saed14hvt_tt0p8v25c     0.310800       1     0.310800
SAEDHVT14_AO2BB2_0P5 saed14hvt_tt0p8v25c     0.621600       3     1.864800
SAEDHVT14_AO2BB2_1 saed14hvt_tt0p8v25c     0.621600       6     3.729600
SAEDHVT14_AO2BB2_2 saed14hvt_tt0p8v25c     0.666000       1     0.666000
SAEDHVT14_AO2BB2_V1_0P75 saed14hvt_tt0p8v25c     0.621600       2     1.243200
SAEDHVT14_AO21_U_0P5 saed14hvt_tt0p8v25c     0.355200       1     0.355200
SAEDHVT14_AO22_1   saed14hvt_tt0p8v25c     0.532800       5     2.664000
SAEDHVT14_AOI21_0P5 saed14hvt_tt0p8v25c     0.266400       1     0.266400
SAEDHVT14_AOI22_0P5 saed14hvt_tt0p8v25c     0.488400       2     0.976800
SAEDHVT14_BUF_ECO_1 saed14hvt_tt0p8v25c     0.266400       4     1.065600
SAEDHVT14_BUF_S_3  saed14hvt_tt0p8v25c     0.399600       2     0.799200
SAEDHVT14_BUF_U_0P5 saed14hvt_tt0p8v25c     0.266400     104    27.705601
SAEDHVT14_FDPQB_V2LP_0P5 saed14hvt_tt0p8v25c     0.843600       2     1.687200 n
SAEDHVT14_FDPQB_V3_1 saed14hvt_tt0p8v25c     0.976800      16    15.628800 n
SAEDHVT14_FDP_V2LP_0P5 saed14hvt_tt0p8v25c     0.932400       1     0.932400 n
SAEDHVT14_INV_0P5  saed14hvt_tt0p8v25c     0.177600      85    15.096000
SAEDHVT14_INV_0P75 saed14hvt_tt0p8v25c     0.177600      14     2.486400
SAEDHVT14_INV_S_2  saed14hvt_tt0p8v25c     0.222000       1     0.222000
SAEDHVT14_ND2B_U_0P5 saed14hvt_tt0p8v25c     0.310800       2     0.621600
SAEDHVT14_ND2_CDC_0P5 saed14hvt_tt0p8v25c     0.222000       9     1.998000
SAEDHVT14_ND2_MM_0P5 saed14hvt_tt0p8v25c     0.310800      49    15.229199
SAEDHVT14_NR2_MM_0P5 saed14hvt_tt0p8v25c     0.222000      48    10.656000
SAEDHVT14_NR3B_U_0P5 saed14hvt_tt0p8v25c     0.532800       1     0.532800
SAEDHVT14_NR3_0P5  saed14hvt_tt0p8v25c     0.444000       3     1.332000
SAEDHVT14_NR3_1    saed14hvt_tt0p8v25c     0.444000       1     0.444000
SAEDHVT14_OA21_1   saed14hvt_tt0p8v25c     0.355200       1     0.355200
SAEDHVT14_OA22_U_0P5 saed14hvt_tt0p8v25c     0.399600       7     2.797200
SAEDHVT14_OA211_1  saed14hvt_tt0p8v25c     0.666000       1     0.666000
SAEDHVT14_OAI21_0P5 saed14hvt_tt0p8v25c     0.266400       2     0.532800
SAEDHVT14_OAI22_0P5 saed14hvt_tt0p8v25c     0.310800     155    48.173998
SAEDHVT14_OAI22_0P75 saed14hvt_tt0p8v25c     0.310800       1     0.310800
SAEDHVT14_OR2_1    saed14hvt_tt0p8v25c     0.310800       1     0.310800
SAEDHVT14_OR4_1    saed14hvt_tt0p8v25c     0.399600       4     1.598400
SAEDHVT14_OR4_2    saed14hvt_tt0p8v25c     0.444000       2     0.888000
SAEDLVT14_AN2B_MM_1 saed14lvt_tt0p8v25c     0.399600       4     1.598400
SAEDLVT14_AN2B_PMM_2 saed14lvt_tt0p8v25c     0.444000       5     2.220000
SAEDLVT14_AN2_MM_0P5 saed14lvt_tt0p8v25c     0.310800       8     2.486400
SAEDLVT14_AN2_MM_1 saed14lvt_tt0p8v25c     0.310800       5     1.554000
SAEDLVT14_AN3_0P5  saed14lvt_tt0p8v25c     0.355200       3     1.065600
SAEDLVT14_AN4_0P75 saed14lvt_tt0p8v25c     0.399600       1     0.399600
SAEDLVT14_AO2BB2_0P5 saed14lvt_tt0p8v25c     0.621600      40    24.863999
SAEDLVT14_AO2BB2_V1_1 saed14lvt_tt0p8v25c     0.621600       3     1.864800
SAEDLVT14_AO21B_0P5 saed14lvt_tt0p8v25c     0.355200       1     0.355200
SAEDLVT14_AO21_1   saed14lvt_tt0p8v25c     0.355200      30    10.656000
SAEDLVT14_AO21_U_0P5 saed14lvt_tt0p8v25c     0.355200     181    64.291199
SAEDLVT14_AOI21_0P5 saed14lvt_tt0p8v25c     0.266400       3     0.799200
SAEDLVT14_AOI21_0P75 saed14lvt_tt0p8v25c     0.266400      98    26.107201
SAEDLVT14_AOINV_IW_4 saed14lvt_tt0p8v25c     0.532800       1     0.532800
SAEDLVT14_BUF_1P5  saed14lvt_tt0p8v25c     0.310800       4     1.243200
SAEDLVT14_BUF_ECO_1 saed14lvt_tt0p8v25c     0.266400      50    13.320000
SAEDLVT14_BUF_ECO_2 saed14lvt_tt0p8v25c     0.488400       2     0.976800
SAEDLVT14_BUF_S_0P75 saed14lvt_tt0p8v25c     0.266400      51    13.586400
SAEDLVT14_BUF_S_3  saed14lvt_tt0p8v25c     0.399600       4     1.598400
SAEDLVT14_BUF_U_0P5 saed14lvt_tt0p8v25c     0.266400     109    29.037601
SAEDLVT14_FDPQB_V2LP_1 saed14lvt_tt0p8v25c     0.843600    1065   898.433973 n
SAEDLVT14_FDPQB_V2_1 saed14lvt_tt0p8v25c     0.843600      40    33.743999 n
SAEDLVT14_FDPQB_V3_1 saed14lvt_tt0p8v25c     0.976800      24    23.443201 n
SAEDLVT14_FDPQB_V3_2 saed14lvt_tt0p8v25c     1.287600      23    29.614801 n
SAEDLVT14_FDP_V2LP_1 saed14lvt_tt0p8v25c     0.932400       6     5.594400 n
SAEDLVT14_FDP_V2_1 saed14lvt_tt0p8v25c     0.932400     199   185.547598 n
SAEDLVT14_INV_0P5  saed14lvt_tt0p8v25c     0.177600     858   152.380797
SAEDLVT14_INV_0P75 saed14lvt_tt0p8v25c     0.177600      33     5.860800
SAEDLVT14_INV_1P5  saed14lvt_tt0p8v25c     0.177600      58    10.300800
SAEDLVT14_INV_S_1P5 saed14lvt_tt0p8v25c     0.222000       3     0.666000
SAEDLVT14_INV_S_3  saed14lvt_tt0p8v25c     0.310800       4     1.243200
SAEDLVT14_ND2B_U_0P5 saed14lvt_tt0p8v25c     0.310800      24     7.459200
SAEDLVT14_ND2_1    saed14lvt_tt0p8v25c     0.310800       1     0.310800
SAEDLVT14_ND2_CDC_0P5 saed14lvt_tt0p8v25c     0.222000    1061   235.542003
SAEDLVT14_ND2_ECO_1 saed14lvt_tt0p8v25c     0.355200      10     3.552000
SAEDLVT14_ND3B_0P75 saed14lvt_tt0p8v25c     0.532800       1     0.532800
SAEDLVT14_NR2_1    saed14lvt_tt0p8v25c     0.222000      33     7.326000
SAEDLVT14_NR2_MM_0P5 saed14lvt_tt0p8v25c     0.222000     671   148.962002
SAEDLVT14_NR2_MM_1 saed14lvt_tt0p8v25c     0.222000      19     4.218000
SAEDLVT14_NR3_0P5  saed14lvt_tt0p8v25c     0.444000       3     1.332000
SAEDLVT14_NR3_1    saed14lvt_tt0p8v25c     0.444000       1     0.444000
SAEDLVT14_NR3_2    saed14lvt_tt0p8v25c     0.488400       1     0.488400
SAEDLVT14_NR4_0P75 saed14lvt_tt0p8v25c     0.488400       1     0.488400
SAEDLVT14_OA2BB2_V1_0P5 saed14lvt_tt0p8v25c     0.488400       1     0.488400
SAEDLVT14_OA22_0P75 saed14lvt_tt0p8v25c     0.399600      47    18.781200
SAEDLVT14_OAI21_0P5 saed14lvt_tt0p8v25c     0.266400     142    37.828801
SAEDLVT14_OAI21_1  saed14lvt_tt0p8v25c     0.355200       1     0.355200
SAEDLVT14_OAI22_0P5 saed14lvt_tt0p8v25c     0.310800    1598   496.658378
SAEDLVT14_OAI22_0P75 saed14lvt_tt0p8v25c     0.310800       6     1.864800
SAEDLVT14_OAI22_1  saed14lvt_tt0p8v25c     0.310800      91    28.282799
SAEDLVT14_OR2B_PMM_2 saed14lvt_tt0p8v25c     0.488400       2     0.976800
SAEDLVT14_OR2_0P5  saed14lvt_tt0p8v25c     0.310800      21     6.526800
SAEDLVT14_OR2_0P75 saed14lvt_tt0p8v25c     0.310800      11     3.418800
SAEDLVT14_OR2_1    saed14lvt_tt0p8v25c     0.310800       3     0.932400
SAEDLVT14_OR2_MM_0P5 saed14lvt_tt0p8v25c     0.310800       4     1.243200
SAEDLVT14_OR2_MM_0P75 saed14lvt_tt0p8v25c     0.310800       1     0.310800
SAEDLVT14_OR3_0P5  saed14lvt_tt0p8v25c     0.355200       2     0.710400
SAEDLVT14_OR4_1    saed14lvt_tt0p8v25c     0.399600     276   110.289600
SAEDLVT14_OR4_2    saed14lvt_tt0p8v25c     0.444000       1     0.444000
SAEDRVT14_AN2B_MM_1 saed14rvt_tt0p8v25c     0.399600       2     0.799200
SAEDRVT14_AN2B_PMM_2 saed14rvt_tt0p8v25c     0.444000       2     0.888000
SAEDRVT14_AN2_MM_0P5 saed14rvt_tt0p8v25c     0.310800       3     0.932400
SAEDRVT14_AN2_MM_1 saed14rvt_tt0p8v25c     0.310800     207    64.335597
SAEDRVT14_AN2_MM_2 saed14rvt_tt0p8v25c     0.355200       1     0.355200
SAEDRVT14_AN3_0P75 saed14rvt_tt0p8v25c     0.355200       1     0.355200
SAEDRVT14_AO2BB2_0P5 saed14rvt_tt0p8v25c     0.621600       2     1.243200
SAEDRVT14_AO21B_0P5 saed14rvt_tt0p8v25c     0.355200       3     1.065600
SAEDRVT14_AO21_U_0P5 saed14rvt_tt0p8v25c     0.355200      15     5.328000
SAEDRVT14_AOI21_0P5 saed14rvt_tt0p8v25c     0.266400       1     0.266400
SAEDRVT14_AOI21_0P75 saed14rvt_tt0p8v25c     0.266400       2     0.532800
SAEDRVT14_BUF_1P5  saed14rvt_tt0p8v25c     0.310800       2     0.621600
SAEDRVT14_BUF_ECO_1 saed14rvt_tt0p8v25c     0.266400      20     5.328000
SAEDRVT14_BUF_S_2  saed14rvt_tt0p8v25c     0.310800       1     0.310800
SAEDRVT14_BUF_U_0P5 saed14rvt_tt0p8v25c     0.266400       6     1.598400
SAEDRVT14_FDPQB_V2LP_1 saed14rvt_tt0p8v25c     0.843600       8     6.748800 n
SAEDRVT14_FDPQB_V3_1 saed14rvt_tt0p8v25c     0.976800      30    29.304001 n
SAEDRVT14_FDPQB_V3_2 saed14rvt_tt0p8v25c     1.287600       1     1.287600 n
SAEDRVT14_FDP_V2LP_0P5 saed14rvt_tt0p8v25c     0.932400      14    13.053600 n
SAEDRVT14_FDP_V2LP_1 saed14rvt_tt0p8v25c     0.932400       8     7.459200 n
SAEDRVT14_INV_0P5  saed14rvt_tt0p8v25c     0.177600     343    60.916799
SAEDRVT14_INV_1P5  saed14rvt_tt0p8v25c     0.177600      16     2.841600
SAEDRVT14_INV_S_1P5 saed14rvt_tt0p8v25c     0.222000       1     0.222000
SAEDRVT14_ND2_CDC_1 saed14rvt_tt0p8v25c     0.222000      21     4.662000
SAEDRVT14_ND2_ECO_1 saed14rvt_tt0p8v25c     0.355200      39    13.852800
SAEDRVT14_OA22_U_0P5 saed14rvt_tt0p8v25c     0.399600       1     0.399600
SAEDRVT14_OA211_1  saed14rvt_tt0p8v25c     0.666000       1     0.666000
SAEDRVT14_OAI22_0P5 saed14rvt_tt0p8v25c     0.310800       2     0.621600
SAEDRVT14_OR2_1    saed14rvt_tt0p8v25c     0.310800       5     1.554000
SAEDRVT14_OR4_1    saed14rvt_tt0p8v25c     0.399600       3     1.198800
SAEDRVT14_OR4_2    saed14rvt_tt0p8v25c     0.444000       1     0.444000
-----------------------------------------------------------------------------
Total 128 references                                 3061.513144

****************************************
Design: a25_fetch_1 
****************************************
Reference          Library       Unit Area   Count    Total Area   Attributes
-----------------------------------------------------------------------------
SAEDHVT14_AO22_0P75 saed14hvt_tt0p8v25c     0.532800       1     0.532800
SAEDHVT14_AO22_1   saed14hvt_tt0p8v25c     0.532800       1     0.532800
SAEDHVT14_AO221_0P5 saed14hvt_tt0p8v25c     0.488400       2     0.976800
SAEDHVT14_BUF_U_0P5 saed14hvt_tt0p8v25c     0.266400       2     0.532800
SAEDHVT14_ND2_MM_0P5 saed14hvt_tt0p8v25c     0.310800       2     0.621600
SAEDHVT14_NR2_MM_0P5 saed14hvt_tt0p8v25c     0.222000       1     0.222000
SAEDLVT14_AN3_0P5  saed14lvt_tt0p8v25c     0.355200       1     0.355200
SAEDLVT14_AN4_2    saed14lvt_tt0p8v25c     0.444000       1     0.444000
SAEDLVT14_AO22_0P5 saed14lvt_tt0p8v25c     0.532800       3     1.598400
SAEDLVT14_AO221_0P5 saed14lvt_tt0p8v25c     0.488400       5     2.442000
SAEDLVT14_AO221_1  saed14lvt_tt0p8v25c     0.488400      17     8.302800
SAEDLVT14_AOI21_0P75 saed14lvt_tt0p8v25c     0.266400      21     5.594400
SAEDLVT14_BUF_ECO_1 saed14lvt_tt0p8v25c     0.266400       3     0.799200
SAEDLVT14_BUF_S_0P75 saed14lvt_tt0p8v25c     0.266400       1     0.266400
SAEDLVT14_BUF_U_0P5 saed14lvt_tt0p8v25c     0.266400      20     5.328000
SAEDLVT14_FDP_V2_1 saed14lvt_tt0p8v25c     0.932400       1     0.932400 n
SAEDLVT14_INV_0P5  saed14lvt_tt0p8v25c     0.177600       8     1.420800
SAEDLVT14_INV_1P5  saed14lvt_tt0p8v25c     0.177600       1     0.177600
SAEDLVT14_ND2_CDC_0P5 saed14lvt_tt0p8v25c     0.222000       2     0.444000
SAEDLVT14_NR2_1    saed14lvt_tt0p8v25c     0.222000       1     0.222000
SAEDLVT14_NR2_MM_0P5 saed14lvt_tt0p8v25c     0.222000       1     0.222000
SAEDLVT14_NR2_MM_1 saed14lvt_tt0p8v25c     0.222000       3     0.666000
SAEDLVT14_NR3B_U_0P5 saed14lvt_tt0p8v25c     0.532800       1     0.532800
SAEDLVT14_NR4_0P75 saed14lvt_tt0p8v25c     0.488400       1     0.488400
SAEDLVT14_OA221_U_0P5 saed14lvt_tt0p8v25c     0.488400       8     3.907200
SAEDLVT14_OAI21_0P5 saed14lvt_tt0p8v25c     0.266400       1     0.266400
SAEDLVT14_OAI22_0P5 saed14lvt_tt0p8v25c     0.310800       3     0.932400
SAEDLVT14_OR2_1    saed14lvt_tt0p8v25c     0.310800       1     0.310800
SAEDLVT14_OR3_0P5  saed14lvt_tt0p8v25c     0.355200       1     0.355200
SAEDLVT14_OR4_1    saed14lvt_tt0p8v25c     0.399600       4     1.598400
SAEDLVT14_TIE0_V1_2 saed14lvt_tt0p8v25c     0.488400       1     0.488400
SAEDLVT14_TIE1_4   saed14lvt_tt0p8v25c     0.399600       1     0.399600
SAEDRVT14_AO21_U_0P5 saed14rvt_tt0p8v25c     0.355200       1     0.355200
SAEDRVT14_AO22_0P5 saed14rvt_tt0p8v25c     0.532800       3     1.598400
SAEDRVT14_BUF_ECO_1 saed14rvt_tt0p8v25c     0.266400       2     0.532800
SAEDRVT14_BUF_U_0P5 saed14rvt_tt0p8v25c     0.266400       4     1.065600
SAEDRVT14_INV_0P5  saed14rvt_tt0p8v25c     0.177600       2     0.355200
a25_fetch_0_DW_cmp_J11_0_1        2.486400       1      2.486400  h
a25_fetch_0_DW_cmp_J11_1_1        3.019200       1      3.019200  h
a25_fetch_0_DW_cmp_J11_2_1        2.486400       1      2.486400  h
a25_icache_1                  10969.445814       1  10969.445814  b, h, n
-----------------------------------------------------------------------------
Total 41 references                                 11023.258615

****************************************
Design: a25_fetch_0_DW_cmp_J11_0_1 
****************************************
Reference          Library       Unit Area   Count    Total Area   Attributes
-----------------------------------------------------------------------------
SAEDLVT14_NR4_0P75 saed14lvt_tt0p8v25c     0.488400       1     0.488400
SAEDLVT14_OR4_1    saed14lvt_tt0p8v25c     0.399600       5     1.998000
-----------------------------------------------------------------------------
Total 2 references                                      2.486400

****************************************
Design: a25_fetch_0_DW_cmp_J11_1_1 
****************************************
Reference          Library       Unit Area   Count    Total Area   Attributes
-----------------------------------------------------------------------------
SAEDLVT14_NR2_MM_0P5 saed14lvt_tt0p8v25c     0.222000       1     0.222000
SAEDLVT14_OR4_1    saed14lvt_tt0p8v25c     0.399600       6     2.397600
SAEDRVT14_OR4_1    saed14rvt_tt0p8v25c     0.399600       1     0.399600
-----------------------------------------------------------------------------
Total 3 references                                      3.019200

****************************************
Design: a25_fetch_0_DW_cmp_J11_2_1 
****************************************
Reference          Library       Unit Area   Count    Total Area   Attributes
-----------------------------------------------------------------------------
SAEDLVT14_NR4_0P75 saed14lvt_tt0p8v25c     0.488400       1     0.488400
SAEDLVT14_OR4_1    saed14lvt_tt0p8v25c     0.399600       5     1.998000
-----------------------------------------------------------------------------
Total 2 references                                      2.486400

****************************************
Design: a25_icache_1 
****************************************
Reference          Library       Unit Area   Count    Total Area   Attributes
-----------------------------------------------------------------------------
SAEDHVT14_AN2_1    saed14hvt_tt0p8v25c     0.310800       1     0.310800
SAEDHVT14_AN3_0P5  saed14hvt_tt0p8v25c     0.355200       2     0.710400
SAEDHVT14_AN4_0P75 saed14hvt_tt0p8v25c     0.399600       1     0.399600
SAEDHVT14_AO21B_0P5 saed14hvt_tt0p8v25c     0.355200       4     1.420800
SAEDHVT14_AO22_1   saed14hvt_tt0p8v25c     0.532800       1     0.532800
SAEDHVT14_AO222_1  saed14hvt_tt0p8v25c     0.754800       8     6.038400
SAEDHVT14_AOI21_0P5 saed14hvt_tt0p8v25c     0.266400       2     0.532800
SAEDHVT14_BUF_U_0P5 saed14hvt_tt0p8v25c     0.266400       2     0.532800
SAEDHVT14_FDPQB_V3_1 saed14hvt_tt0p8v25c     0.976800       1     0.976800 n
SAEDHVT14_FDP_V2LP_0P5 saed14hvt_tt0p8v25c     0.932400       5     4.662000 n
SAEDHVT14_INV_0P5  saed14hvt_tt0p8v25c     0.177600       6     1.065600
SAEDHVT14_MUX2_U_0P5 saed14hvt_tt0p8v25c     0.444000       3     1.332000
SAEDHVT14_ND2B_U_0P5 saed14hvt_tt0p8v25c     0.310800       2     0.621600
SAEDHVT14_ND2_CDC_0P5 saed14hvt_tt0p8v25c     0.222000       3     0.666000
SAEDHVT14_NR2_MM_0P5 saed14hvt_tt0p8v25c     0.222000       4     0.888000
SAEDHVT14_OAI21_0P5 saed14hvt_tt0p8v25c     0.266400       1     0.266400
SAEDHVT14_OAI22_0P5 saed14hvt_tt0p8v25c     0.310800      32     9.945600
SAEDLVT14_AN2_MM_0P5 saed14lvt_tt0p8v25c     0.310800       2     0.621600
SAEDLVT14_AN2_MM_1 saed14lvt_tt0p8v25c     0.310800       1     0.310800
SAEDLVT14_AO21B_0P5 saed14lvt_tt0p8v25c     0.355200      35    12.432000
SAEDLVT14_AO21_1   saed14lvt_tt0p8v25c     0.355200       1     0.355200
SAEDLVT14_AO21_U_0P5 saed14lvt_tt0p8v25c     0.355200       1     0.355200
SAEDLVT14_AO32_U_0P5 saed14lvt_tt0p8v25c     0.444000       8     3.552000
SAEDLVT14_AOI21_0P5 saed14lvt_tt0p8v25c     0.266400       1     0.266400
SAEDLVT14_AOI21_0P75 saed14lvt_tt0p8v25c     0.266400       1     0.266400
SAEDLVT14_BUF_ECO_1 saed14lvt_tt0p8v25c     0.266400       1     0.266400
SAEDLVT14_BUF_S_0P75 saed14lvt_tt0p8v25c     0.266400       2     0.532800
SAEDLVT14_BUF_U_0P5 saed14lvt_tt0p8v25c     0.266400       1     0.266400
SAEDLVT14_CLKSPLT_1 saed14lvt_tt0p8v25c     1.154400       3     3.463200
SAEDLVT14_FDPQB_V2LP_1 saed14lvt_tt0p8v25c     0.843600       8     6.748800 n
SAEDLVT14_FDP_V2LP_1 saed14lvt_tt0p8v25c     0.932400       1     0.932400 n
SAEDLVT14_FDP_V2_1 saed14lvt_tt0p8v25c     0.932400      73    68.065199 n
SAEDLVT14_INV_0P5  saed14lvt_tt0p8v25c     0.177600      30     5.328000
SAEDLVT14_INV_0P75 saed14lvt_tt0p8v25c     0.177600       3     0.532800
SAEDLVT14_INV_1P5  saed14lvt_tt0p8v25c     0.177600       1     0.177600
SAEDLVT14_MUX2_U_0P5 saed14lvt_tt0p8v25c     0.444000      29    12.876000
SAEDLVT14_ND2_CDC_0P5 saed14lvt_tt0p8v25c     0.222000      14     3.108000
SAEDLVT14_NR2_MM_0P5 saed14lvt_tt0p8v25c     0.222000       9     1.998000
SAEDLVT14_OA22_0P75 saed14lvt_tt0p8v25c     0.399600       2     0.799200
SAEDLVT14_OA31_1   saed14lvt_tt0p8v25c     0.399600       1     0.399600
SAEDLVT14_OAI21_0P5 saed14lvt_tt0p8v25c     0.266400      10     2.664000
SAEDLVT14_OAI22_0P5 saed14lvt_tt0p8v25c     0.310800      35    10.878000
SAEDLVT14_OAI31_0P5 saed14lvt_tt0p8v25c     0.488400       1     0.488400
SAEDLVT14_OR2_MM_0P5 saed14lvt_tt0p8v25c     0.310800       1     0.310800
SAEDLVT14_OR4_1    saed14lvt_tt0p8v25c     0.399600       1     0.399600
SAEDLVT14_TIE0_V1_2 saed14lvt_tt0p8v25c     0.488400       1     0.488400
SAEDLVT14_TIE1_4   saed14lvt_tt0p8v25c     0.399600       1     0.399600
SAEDRVT14_AN2_MM_0P5 saed14rvt_tt0p8v25c     0.310800      20     6.216000
SAEDRVT14_BUF_ECO_1 saed14rvt_tt0p8v25c     0.266400       2     0.532800
SAEDRVT14_BUF_U_0P5 saed14rvt_tt0p8v25c     0.266400       1     0.266400
SAEDRVT14_FDP_V2LP_0P5 saed14rvt_tt0p8v25c     0.932400      29    27.039600 n
SAEDRVT14_FDP_V2LP_1 saed14rvt_tt0p8v25c     0.932400       1     0.932400 n
SAEDRVT14_INV_0P5  saed14rvt_tt0p8v25c     0.177600       3     0.532800
SAEDRVT14_INV_S_0P75 saed14rvt_tt0p8v25c     0.177600       3     0.532800
SAEDRVT14_MUX2_1   saed14rvt_tt0p8v25c     0.488400       1     0.488400
SAEDRVT14_MUX2_U_0P5 saed14rvt_tt0p8v25c     0.444000       1     0.444000
SAEDRVT14_NR4_0P75 saed14rvt_tt0p8v25c     0.488400       1     0.488400
SAEDRVT14_OR2B_PMM_2 saed14rvt_tt0p8v25c     0.488400       1     0.488400
SRAM1RW256x32      saed14sram_tt0p8v25c  2668.635254       4 10674.541016 b, d
a25_icache_0_DW01_inc_J15_0_1     5.106000       1      5.106000  h
a25_icache_0_DW_cmp_J15_0_1      11.544000       1     11.544000  h
a25_icache_0_DW_cmp_J15_1_1      11.544000       1     11.544000  h
a25_icache_0_DW_cmp_J15_2_1      11.544000       1     11.544000  h
a25_icache_0_DW_cmp_J15_3_1      11.544000       1     11.544000  h
a25_icache_0_DW_cmp_J15_4_1      17.626800       1     17.626800  h
a25_icache_0_DW_cmp_J15_5_1      17.848800       1     17.848800  h
-----------------------------------------------------------------------------
Total 66 references                                 10969.445814

****************************************
Design: a25_icache_0_DW01_inc_J15_0_1 
****************************************
Reference          Library       Unit Area   Count    Total Area   Attributes
-----------------------------------------------------------------------------
SAEDHVT14_EO2_V1_0P75 saed14hvt_tt0p8v25c     0.444000       1     0.444000
SAEDRVT14_ADDH_0P5 saed14rvt_tt0p8v25c     0.666000       7     4.662000 r
-----------------------------------------------------------------------------
Total 2 references                                      5.106000

****************************************
Design: a25_icache_0_DW_cmp_J15_0_1 
****************************************
Reference          Library       Unit Area   Count    Total Area   Attributes
-----------------------------------------------------------------------------
SAEDHVT14_OR4_1    saed14hvt_tt0p8v25c     0.399600       1     0.399600
SAEDLVT14_EO2_V1_0P75 saed14lvt_tt0p8v25c     0.444000      19     8.436000
SAEDLVT14_NR2_MM_0P5 saed14lvt_tt0p8v25c     0.222000       1     0.222000
SAEDLVT14_OR4_1    saed14lvt_tt0p8v25c     0.399600       5     1.998000
SAEDRVT14_EO2_1    saed14rvt_tt0p8v25c     0.488400       1     0.488400
-----------------------------------------------------------------------------
Total 5 references                                     11.544000

****************************************
Design: a25_icache_0_DW_cmp_J15_1_1 
****************************************
Reference          Library       Unit Area   Count    Total Area   Attributes
-----------------------------------------------------------------------------
SAEDLVT14_EO2_V1_0P75 saed14lvt_tt0p8v25c     0.444000      19     8.436000
SAEDLVT14_NR2_MM_0P5 saed14lvt_tt0p8v25c     0.222000       1     0.222000
SAEDLVT14_OR4_1    saed14lvt_tt0p8v25c     0.399600       6     2.397600
SAEDRVT14_EO2_1    saed14rvt_tt0p8v25c     0.488400       1     0.488400
-----------------------------------------------------------------------------
Total 4 references                                     11.544000

****************************************
Design: a25_icache_0_DW_cmp_J15_2_1 
****************************************
Reference          Library       Unit Area   Count    Total Area   Attributes
-----------------------------------------------------------------------------
SAEDLVT14_EO2_V1_0P75 saed14lvt_tt0p8v25c     0.444000      19     8.436000
SAEDLVT14_NR2_MM_0P5 saed14lvt_tt0p8v25c     0.222000       1     0.222000
SAEDLVT14_OR4_1    saed14lvt_tt0p8v25c     0.399600       6     2.397600
SAEDRVT14_EO2_1    saed14rvt_tt0p8v25c     0.488400       1     0.488400
-----------------------------------------------------------------------------
Total 4 references                                     11.544000

****************************************
Design: a25_icache_0_DW_cmp_J15_3_1 
****************************************
Reference          Library       Unit Area   Count    Total Area   Attributes
-----------------------------------------------------------------------------
SAEDHVT14_OR4_1    saed14hvt_tt0p8v25c     0.399600       1     0.399600
SAEDLVT14_EO2_V1_0P75 saed14lvt_tt0p8v25c     0.444000      19     8.436000
SAEDLVT14_NR2_MM_0P5 saed14lvt_tt0p8v25c     0.222000       1     0.222000
SAEDLVT14_OR4_1    saed14lvt_tt0p8v25c     0.399600       5     1.998000
SAEDRVT14_EO2_1    saed14rvt_tt0p8v25c     0.488400       1     0.488400
-----------------------------------------------------------------------------
Total 5 references                                     11.544000

****************************************
Design: a25_icache_0_DW_cmp_J15_4_1 
****************************************
Reference          Library       Unit Area   Count    Total Area   Attributes
-----------------------------------------------------------------------------
SAEDLVT14_EO2_V1_0P75 saed14lvt_tt0p8v25c     0.444000      28    12.432000
SAEDLVT14_NR2_MM_0P5 saed14lvt_tt0p8v25c     0.222000       1     0.222000
SAEDLVT14_OR4_1    saed14lvt_tt0p8v25c     0.399600      10     3.996000
SAEDRVT14_EO2_1    saed14rvt_tt0p8v25c     0.488400       2     0.976800
-----------------------------------------------------------------------------
Total 4 references                                     17.626800

****************************************
Design: a25_icache_0_DW_cmp_J15_5_1 
****************************************
Reference          Library       Unit Area   Count    Total Area   Attributes
-----------------------------------------------------------------------------
SAEDLVT14_AOI21_0P75 saed14lvt_tt0p8v25c     0.266400       1     0.266400
SAEDLVT14_EO2_0P5  saed14lvt_tt0p8v25c     0.488400       3     1.465200
SAEDLVT14_EO2_V1_0P75 saed14lvt_tt0p8v25c     0.444000      22     9.768000
SAEDLVT14_INV_0P5  saed14lvt_tt0p8v25c     0.177600       1     0.177600
SAEDLVT14_OAI21_0P5 saed14lvt_tt0p8v25c     0.266400       1     0.266400
SAEDLVT14_OR4_1    saed14lvt_tt0p8v25c     0.399600      10     3.996000
SAEDRVT14_EO2_1    saed14rvt_tt0p8v25c     0.488400       3     1.465200
SAEDRVT14_EO2_V1_0P75 saed14rvt_tt0p8v25c     0.444000       1     0.444000
-----------------------------------------------------------------------------
Total 8 references                                     17.848800

****************************************
Design: a25_mem_1 
****************************************
Reference          Library       Unit Area   Count    Total Area   Attributes
-----------------------------------------------------------------------------
SAEDHVT14_AN2B_MM_1 saed14hvt_tt0p8v25c     0.399600       1     0.399600
SAEDHVT14_AN2B_MM_6 saed14hvt_tt0p8v25c     0.710400       1     0.710400
SAEDHVT14_AN2_0P5  saed14hvt_tt0p8v25c     0.399600       2     0.799200
SAEDHVT14_AN2_MM_0P5 saed14hvt_tt0p8v25c     0.310800       1     0.310800
SAEDHVT14_AOI21_0P5 saed14hvt_tt0p8v25c     0.266400       1     0.266400
SAEDHVT14_BUF_U_0P5 saed14hvt_tt0p8v25c     0.266400      38    10.123200
SAEDHVT14_FDPQB_V2LP_0P5 saed14hvt_tt0p8v25c     0.843600       1     0.843600 n
SAEDHVT14_FDP_V2LP_0P5 saed14hvt_tt0p8v25c     0.932400       1     0.932400 n
SAEDHVT14_INV_0P5  saed14hvt_tt0p8v25c     0.177600       4     0.710400
SAEDHVT14_MUX2_U_0P5 saed14hvt_tt0p8v25c     0.444000       1     0.444000
SAEDHVT14_ND2_MM_0P5 saed14hvt_tt0p8v25c     0.310800       1     0.310800
SAEDHVT14_OAI22_0P5 saed14hvt_tt0p8v25c     0.310800       5     1.554000
SAEDHVT14_OAI22_0P75 saed14hvt_tt0p8v25c     0.310800       2     0.621600
SAEDHVT14_OR4_1    saed14hvt_tt0p8v25c     0.399600       1     0.399600
SAEDLVT14_AN2B_MM_1 saed14lvt_tt0p8v25c     0.399600       1     0.399600
SAEDLVT14_AN2_MM_0P5 saed14lvt_tt0p8v25c     0.310800       1     0.310800
SAEDLVT14_AO21B_0P5 saed14lvt_tt0p8v25c     0.355200       1     0.355200
SAEDLVT14_AO32_U_0P5 saed14lvt_tt0p8v25c     0.444000       8     3.552000
SAEDLVT14_AO222_1  saed14lvt_tt0p8v25c     0.754800      20    15.096000
SAEDLVT14_AOI21_0P75 saed14lvt_tt0p8v25c     0.266400      22     5.860800
SAEDLVT14_BUF_S_0P75 saed14lvt_tt0p8v25c     0.266400       4     1.065600
SAEDLVT14_BUF_S_3  saed14lvt_tt0p8v25c     0.399600       1     0.399600
SAEDLVT14_BUF_U_0P5 saed14lvt_tt0p8v25c     0.266400      19     5.061600
SAEDLVT14_FDPQB_V2LP_1 saed14lvt_tt0p8v25c     0.843600      15    12.654000 n
SAEDLVT14_FDP_V2_1 saed14lvt_tt0p8v25c     0.932400      30    27.972000 n
SAEDLVT14_INV_0P5  saed14lvt_tt0p8v25c     0.177600      15     2.664000
SAEDLVT14_INV_0P75 saed14lvt_tt0p8v25c     0.177600       2     0.355200
SAEDLVT14_INV_1P5  saed14lvt_tt0p8v25c     0.177600       2     0.355200
SAEDLVT14_INV_S_1P5 saed14lvt_tt0p8v25c     0.222000       1     0.222000
SAEDLVT14_ND2_CDC_0P5 saed14lvt_tt0p8v25c     0.222000       7     1.554000
SAEDLVT14_ND2_ECO_1 saed14lvt_tt0p8v25c     0.355200       2     0.710400
SAEDLVT14_NR2_1    saed14lvt_tt0p8v25c     0.222000       1     0.222000
SAEDLVT14_NR2_1P5  saed14lvt_tt0p8v25c     0.310800       2     0.621600
SAEDLVT14_NR2_MM_0P5 saed14lvt_tt0p8v25c     0.222000       6     1.332000
SAEDLVT14_NR2_MM_1 saed14lvt_tt0p8v25c     0.222000       5     1.110000
SAEDLVT14_OA21B_1  saed14lvt_tt0p8v25c     0.355200       1     0.355200
SAEDLVT14_OA221_U_0P5 saed14lvt_tt0p8v25c     0.488400       8     3.907200
SAEDLVT14_OAI21_0P5 saed14lvt_tt0p8v25c     0.266400       5     1.332000
SAEDLVT14_OAI22_0P5 saed14lvt_tt0p8v25c     0.310800      25     7.770000
SAEDLVT14_OAI22_0P75 saed14lvt_tt0p8v25c     0.310800      11     3.418800
SAEDLVT14_OR2B_PMM_2 saed14lvt_tt0p8v25c     0.488400       1     0.488400
SAEDLVT14_OR3_1    saed14lvt_tt0p8v25c     0.355200       1     0.355200
SAEDLVT14_OR4_1    saed14lvt_tt0p8v25c     0.399600       4     1.598400
SAEDLVT14_TIE0_V1_2 saed14lvt_tt0p8v25c     0.488400       1     0.488400
SAEDLVT14_TIE1_4   saed14lvt_tt0p8v25c     0.399600       1     0.399600
SAEDRVT14_AO2BB2_0P5 saed14rvt_tt0p8v25c     0.621600       1     0.621600
SAEDRVT14_AO222_1  saed14rvt_tt0p8v25c     0.754800      20    15.096000
SAEDRVT14_BUF_ECO_1 saed14rvt_tt0p8v25c     0.266400       1     0.266400
SAEDRVT14_BUF_U_0P5 saed14rvt_tt0p8v25c     0.266400       9     2.397600
SAEDRVT14_FDP_V2LP_0P5 saed14rvt_tt0p8v25c     0.932400       1     0.932400 n
SAEDRVT14_FDP_V2LP_1 saed14rvt_tt0p8v25c     0.932400       1     0.932400 n
SAEDRVT14_INV_1P5  saed14rvt_tt0p8v25c     0.177600       1     0.177600
SAEDRVT14_MUX2_U_0P5 saed14rvt_tt0p8v25c     0.444000       7     3.108000
SAEDRVT14_OA21B_1  saed14rvt_tt0p8v25c     0.355200       1     0.355200
a25_dcache_1                  10970.555813       1  10970.555813  b, h, n
a25_mem_1_DW_cmp_J13_0            4.218000       1      4.218000  h
a25_mem_1_DW_cmp_J13_1            4.173600       1      4.173600  h
a25_mem_1_DW_cmp_J13_2            5.150400       1      5.150400  h
-----------------------------------------------------------------------------
Total 58 references                                 11128.397813

****************************************
Design: a25_dcache_1 
****************************************
Reference          Library       Unit Area   Count    Total Area   Attributes
-----------------------------------------------------------------------------
SAEDHVT14_AN2_0P5  saed14hvt_tt0p8v25c     0.399600       1     0.399600
SAEDHVT14_AN2_MM_0P5 saed14hvt_tt0p8v25c     0.310800       1     0.310800
SAEDHVT14_AN4_0P75 saed14hvt_tt0p8v25c     0.399600       1     0.399600
SAEDHVT14_AOI21_0P5 saed14hvt_tt0p8v25c     0.266400       5     1.332000
SAEDHVT14_BUF_S_3  saed14hvt_tt0p8v25c     0.399600       1     0.399600
SAEDHVT14_BUF_U_0P5 saed14hvt_tt0p8v25c     0.266400       2     0.532800
SAEDHVT14_FDPQB_V2LP_0P5 saed14hvt_tt0p8v25c     0.843600       1     0.843600 n
SAEDHVT14_FDP_V2LP_0P5 saed14hvt_tt0p8v25c     0.932400       1     0.932400 n
SAEDHVT14_INV_0P5  saed14hvt_tt0p8v25c     0.177600       7     1.243200
SAEDHVT14_ND2B_U_0P5 saed14hvt_tt0p8v25c     0.310800       3     0.932400
SAEDHVT14_ND2_CDC_0P5 saed14hvt_tt0p8v25c     0.222000      22     4.884000
SAEDHVT14_ND2_MM_0P5 saed14hvt_tt0p8v25c     0.310800       1     0.310800
SAEDHVT14_ND3B_0P75 saed14hvt_tt0p8v25c     0.532800       1     0.532800
SAEDHVT14_NR2_MM_0P5 saed14hvt_tt0p8v25c     0.222000      14     3.108000
SAEDHVT14_OA31_1   saed14hvt_tt0p8v25c     0.399600       1     0.399600
SAEDHVT14_OAI21_0P5 saed14hvt_tt0p8v25c     0.266400       7     1.864800
SAEDHVT14_OAI22_0P5 saed14hvt_tt0p8v25c     0.310800      22     6.837600
SAEDHVT14_OR2_MM_1P5 saed14hvt_tt0p8v25c     0.355200       1     0.355200
SAEDLVT14_AN2B_PMM_2 saed14lvt_tt0p8v25c     0.444000       1     0.444000
SAEDLVT14_AN2_MM_0P5 saed14lvt_tt0p8v25c     0.310800       2     0.621600
SAEDLVT14_AN3_0P5  saed14lvt_tt0p8v25c     0.355200       1     0.355200
SAEDLVT14_AN4_0P75 saed14lvt_tt0p8v25c     0.399600       2     0.799200
SAEDLVT14_AN4_1    saed14lvt_tt0p8v25c     0.399600       1     0.399600
SAEDLVT14_AO21B_0P5 saed14lvt_tt0p8v25c     0.355200      33    11.721600
SAEDLVT14_AO21_U_0P5 saed14lvt_tt0p8v25c     0.355200       4     1.420800
SAEDLVT14_AO32_1   saed14lvt_tt0p8v25c     0.444000       1     0.444000
SAEDLVT14_AO32_U_0P5 saed14lvt_tt0p8v25c     0.444000      11     4.884000
SAEDLVT14_AOI21_0P5 saed14lvt_tt0p8v25c     0.266400       2     0.532800
SAEDLVT14_AOI21_0P75 saed14lvt_tt0p8v25c     0.266400       2     0.532800
SAEDLVT14_BUF_ECO_1 saed14lvt_tt0p8v25c     0.266400       2     0.532800
SAEDLVT14_BUF_S_0P75 saed14lvt_tt0p8v25c     0.266400       2     0.532800
SAEDLVT14_BUF_U_0P5 saed14lvt_tt0p8v25c     0.266400       7     1.864800
SAEDLVT14_FDPQB_V2LP_1 saed14lvt_tt0p8v25c     0.843600      78    65.800798 n
SAEDLVT14_FDPQB_V3_1 saed14lvt_tt0p8v25c     0.976800       1     0.976800 n
SAEDLVT14_FDP_V2_1 saed14lvt_tt0p8v25c     0.932400      16    14.918400 n
SAEDLVT14_INV_0P5  saed14lvt_tt0p8v25c     0.177600      87    15.451200
SAEDLVT14_INV_0P75 saed14lvt_tt0p8v25c     0.177600       2     0.355200
SAEDLVT14_INV_1P5  saed14lvt_tt0p8v25c     0.177600       2     0.355200
SAEDLVT14_ND2_CDC_0P5 saed14lvt_tt0p8v25c     0.222000      18     3.996000
SAEDLVT14_ND2_ECO_1 saed14lvt_tt0p8v25c     0.355200       2     0.710400
SAEDLVT14_NR2_1    saed14lvt_tt0p8v25c     0.222000       7     1.554000
SAEDLVT14_NR2_MM_0P5 saed14lvt_tt0p8v25c     0.222000      24     5.328000
SAEDLVT14_OA21_1   saed14lvt_tt0p8v25c     0.355200       1     0.355200
SAEDLVT14_OA22_0P75 saed14lvt_tt0p8v25c     0.399600       2     0.799200
SAEDLVT14_OAI21_0P5 saed14lvt_tt0p8v25c     0.266400      14     3.729600
SAEDLVT14_OAI22_0P5 saed14lvt_tt0p8v25c     0.310800      80    24.863999
SAEDLVT14_OAI22_0P75 saed14lvt_tt0p8v25c     0.310800       1     0.310800
SAEDLVT14_OR2_1    saed14lvt_tt0p8v25c     0.310800       1     0.310800
SAEDLVT14_OR2_MM_0P5 saed14lvt_tt0p8v25c     0.310800       1     0.310800
SAEDLVT14_OR4_1    saed14lvt_tt0p8v25c     0.399600       4     1.598400
SAEDLVT14_TIE0_V1_2 saed14lvt_tt0p8v25c     0.488400       1     0.488400
SAEDLVT14_TIE1_4   saed14lvt_tt0p8v25c     0.399600       1     0.399600
SAEDRVT14_AN4_1    saed14rvt_tt0p8v25c     0.399600       1     0.399600
SAEDRVT14_AO21_U_0P5 saed14rvt_tt0p8v25c     0.355200       1     0.355200
SAEDRVT14_AO22_0P5 saed14rvt_tt0p8v25c     0.532800       1     0.532800
SAEDRVT14_AOI21_0P5 saed14rvt_tt0p8v25c     0.266400       2     0.532800
SAEDRVT14_AOI21_0P75 saed14rvt_tt0p8v25c     0.266400       2     0.532800
SAEDRVT14_BUF_1P5  saed14rvt_tt0p8v25c     0.310800       1     0.310800
SAEDRVT14_FDP_V2LP_0P5 saed14rvt_tt0p8v25c     0.932400       6     5.594400 n
SAEDRVT14_INV_0P5  saed14rvt_tt0p8v25c     0.177600      12     2.131200
SAEDRVT14_INV_S_0P75 saed14rvt_tt0p8v25c     0.177600       8     1.420800
SAEDRVT14_MUX2_U_0P5 saed14rvt_tt0p8v25c     0.444000       3     1.332000
SAEDRVT14_ND2_ECO_1 saed14rvt_tt0p8v25c     0.355200       1     0.355200
SAEDRVT14_OA21_1   saed14rvt_tt0p8v25c     0.355200       1     0.355200
SAEDRVT14_OAI21_0P5 saed14rvt_tt0p8v25c     0.266400       1     0.266400
SAEDRVT14_OR4_1    saed14rvt_tt0p8v25c     0.399600       1     0.399600
SRAM1RW256x32      saed14sram_tt0p8v25c  2668.635254       4 10674.541016 b, d
a25_dcache_1_DW01_inc_J16_0       5.106000       1      5.106000  h
a25_dcache_1_DW_cmp_J16_0        11.588400       1     11.588400  h
a25_dcache_1_DW_cmp_J16_1        12.698400       1     12.698400  h
a25_dcache_1_DW_cmp_J16_2        11.588400       1     11.588400  h
a25_dcache_1_DW_cmp_J16_3        11.588400       1     11.588400  h
a25_dcache_1_DW_cmp_J16_4        18.648000       1     18.648000  h
a25_dcache_1_DW_cmp_J16_5        16.960800       1     16.960800  h
-----------------------------------------------------------------------------
Total 74 references                                 10970.555813

****************************************
Design: a25_dcache_1_DW01_inc_J16_0 
****************************************
Reference          Library       Unit Area   Count    Total Area   Attributes
-----------------------------------------------------------------------------
SAEDHVT14_EO2_V1_0P75 saed14hvt_tt0p8v25c     0.444000       1     0.444000
SAEDRVT14_ADDH_0P5 saed14rvt_tt0p8v25c     0.666000       7     4.662000 r
-----------------------------------------------------------------------------
Total 2 references                                      5.106000

****************************************
Design: a25_dcache_1_DW_cmp_J16_0 
****************************************
Reference          Library       Unit Area   Count    Total Area   Attributes
-----------------------------------------------------------------------------
SAEDLVT14_EO2_0P5  saed14lvt_tt0p8v25c     0.488400       1     0.488400
SAEDLVT14_EO2_V1_0P75 saed14lvt_tt0p8v25c     0.444000      18     7.992000
SAEDLVT14_NR2_MM_0P5 saed14lvt_tt0p8v25c     0.222000       1     0.222000
SAEDLVT14_OR4_1    saed14lvt_tt0p8v25c     0.399600       6     2.397600
SAEDRVT14_EO2_1    saed14rvt_tt0p8v25c     0.488400       1     0.488400
-----------------------------------------------------------------------------
Total 5 references                                     11.588400

****************************************
Design: a25_dcache_1_DW_cmp_J16_1 
****************************************
Reference          Library       Unit Area   Count    Total Area   Attributes
-----------------------------------------------------------------------------
SAEDHVT14_INV_0P5  saed14hvt_tt0p8v25c     0.177600       1     0.177600
SAEDHVT14_ND2_CDC_0P5 saed14hvt_tt0p8v25c     0.222000       1     0.222000
SAEDLVT14_EN2_0P5  saed14lvt_tt0p8v25c     0.577200       1     0.577200
SAEDLVT14_EO2_0P5  saed14lvt_tt0p8v25c     0.488400       1     0.488400
SAEDLVT14_EO2_V1_0P75 saed14lvt_tt0p8v25c     0.444000      17     7.548000
SAEDLVT14_INV_0P5  saed14lvt_tt0p8v25c     0.177600       2     0.355200
SAEDLVT14_ND2_CDC_0P5 saed14lvt_tt0p8v25c     0.222000       2     0.444000
SAEDLVT14_NR2_1    saed14lvt_tt0p8v25c     0.222000       1     0.222000
SAEDLVT14_NR4_0P75 saed14lvt_tt0p8v25c     0.488400       1     0.488400
SAEDLVT14_OR4_1    saed14lvt_tt0p8v25c     0.399600       3     1.198800
SAEDRVT14_EO2_1    saed14rvt_tt0p8v25c     0.488400       1     0.488400
SAEDRVT14_NR4_0P75 saed14rvt_tt0p8v25c     0.488400       1     0.488400
-----------------------------------------------------------------------------
Total 12 references                                    12.698400

****************************************
Design: a25_dcache_1_DW_cmp_J16_2 
****************************************
Reference          Library       Unit Area   Count    Total Area   Attributes
-----------------------------------------------------------------------------
SAEDLVT14_EO2_0P5  saed14lvt_tt0p8v25c     0.488400       1     0.488400
SAEDLVT14_EO2_V1_0P75 saed14lvt_tt0p8v25c     0.444000      18     7.992000
SAEDLVT14_NR2_MM_0P5 saed14lvt_tt0p8v25c     0.222000       1     0.222000
SAEDLVT14_OR4_1    saed14lvt_tt0p8v25c     0.399600       6     2.397600
SAEDRVT14_EO2_1    saed14rvt_tt0p8v25c     0.488400       1     0.488400
-----------------------------------------------------------------------------
Total 5 references                                     11.588400

****************************************
Design: a25_dcache_1_DW_cmp_J16_3 
****************************************
Reference          Library       Unit Area   Count    Total Area   Attributes
-----------------------------------------------------------------------------
SAEDHVT14_OR4_1    saed14hvt_tt0p8v25c     0.399600       1     0.399600
SAEDLVT14_EO2_0P5  saed14lvt_tt0p8v25c     0.488400       1     0.488400
SAEDLVT14_EO2_V1_0P75 saed14lvt_tt0p8v25c     0.444000      18     7.992000
SAEDLVT14_NR2_1    saed14lvt_tt0p8v25c     0.222000       1     0.222000
SAEDLVT14_OR4_1    saed14lvt_tt0p8v25c     0.399600       4     1.598400
SAEDRVT14_EO2_1    saed14rvt_tt0p8v25c     0.488400       1     0.488400
SAEDRVT14_OR4_1    saed14rvt_tt0p8v25c     0.399600       1     0.399600
-----------------------------------------------------------------------------
Total 7 references                                     11.588400

****************************************
Design: a25_dcache_1_DW_cmp_J16_4 
****************************************
Reference          Library       Unit Area   Count    Total Area   Attributes
-----------------------------------------------------------------------------
SAEDLVT14_EO2_0P5  saed14lvt_tt0p8v25c     0.488400       2     0.976800
SAEDLVT14_EO2_1    saed14lvt_tt0p8v25c     0.488400       3     1.465200
SAEDLVT14_EO2_V1_0P75 saed14lvt_tt0p8v25c     0.444000      16     7.104000
SAEDLVT14_NR2_MM_0P5 saed14lvt_tt0p8v25c     0.222000       1     0.222000
SAEDLVT14_OR4_1    saed14lvt_tt0p8v25c     0.399600      10     3.996000
SAEDRVT14_EO2_V1_0P75 saed14rvt_tt0p8v25c     0.444000      11     4.884000
-----------------------------------------------------------------------------
Total 6 references                                     18.648000

****************************************
Design: a25_dcache_1_DW_cmp_J16_5 
****************************************
Reference          Library       Unit Area   Count    Total Area   Attributes
-----------------------------------------------------------------------------
SAEDLVT14_EO2_0P5  saed14lvt_tt0p8v25c     0.488400      18     8.791200
SAEDLVT14_EO2_V1_0P75 saed14lvt_tt0p8v25c     0.444000       1     0.444000
SAEDLVT14_NR4_0P75 saed14lvt_tt0p8v25c     0.488400       1     0.488400
SAEDLVT14_OR4_1    saed14lvt_tt0p8v25c     0.399600       8     3.196800
SAEDRVT14_EO2_1    saed14rvt_tt0p8v25c     0.488400       1     0.488400
SAEDRVT14_EO2_V1_0P75 saed14rvt_tt0p8v25c     0.444000       8     3.552000
-----------------------------------------------------------------------------
Total 6 references                                     16.960800

****************************************
Design: a25_mem_1_DW_cmp_J13_0 
****************************************
Reference          Library       Unit Area   Count    Total Area   Attributes
-----------------------------------------------------------------------------
SAEDLVT14_AN4_0P75 saed14lvt_tt0p8v25c     0.399600       4     1.598400
SAEDLVT14_NR2_MM_0P5 saed14lvt_tt0p8v25c     0.222000       1     0.222000
SAEDLVT14_OR4_1    saed14lvt_tt0p8v25c     0.399600       6     2.397600
-----------------------------------------------------------------------------
Total 3 references                                      4.218000

****************************************
Design: a25_mem_1_DW_cmp_J13_1 
****************************************
Reference          Library       Unit Area   Count    Total Area   Attributes
-----------------------------------------------------------------------------
SAEDLVT14_AN4_0P75 saed14lvt_tt0p8v25c     0.399600       2     0.799200
SAEDLVT14_AOI311_0P5 saed14lvt_tt0p8v25c     0.577200       1     0.577200
SAEDLVT14_OR4_1    saed14lvt_tt0p8v25c     0.399600       6     2.397600
SAEDRVT14_OR4_1    saed14rvt_tt0p8v25c     0.399600       1     0.399600
-----------------------------------------------------------------------------
Total 4 references                                      4.173600

****************************************
Design: a25_mem_1_DW_cmp_J13_2 
****************************************
Reference          Library       Unit Area   Count    Total Area   Attributes
-----------------------------------------------------------------------------
SAEDLVT14_AN4_0P75 saed14lvt_tt0p8v25c     0.399600       3     1.198800
SAEDLVT14_ND4_0P5  saed14lvt_tt0p8v25c     0.843600       1     0.843600
SAEDLVT14_OR4_1    saed14lvt_tt0p8v25c     0.399600       6     2.397600
SAEDRVT14_AN2B_MM_6 saed14rvt_tt0p8v25c     0.710400       1     0.710400
-----------------------------------------------------------------------------
Total 4 references                                      5.150400

****************************************
Design: a25_wishbone_1 
****************************************
Reference          Library       Unit Area   Count    Total Area   Attributes
-----------------------------------------------------------------------------
SAEDHVT14_AN2_0P5  saed14hvt_tt0p8v25c     0.399600       1     0.399600
SAEDHVT14_BUF_1P5  saed14hvt_tt0p8v25c     0.310800       1     0.310800
SAEDHVT14_FDPQB_V2LP_0P5 saed14hvt_tt0p8v25c     0.843600       3     2.530800 n
SAEDHVT14_FDP_V2LP_0P5 saed14hvt_tt0p8v25c     0.932400       1     0.932400 n
SAEDHVT14_INV_0P5  saed14hvt_tt0p8v25c     0.177600      57    10.123200
SAEDHVT14_INV_0P75 saed14hvt_tt0p8v25c     0.177600       1     0.177600
SAEDHVT14_MUX2_U_0P5 saed14hvt_tt0p8v25c     0.444000       1     0.444000
SAEDHVT14_ND2_MM_0P5 saed14hvt_tt0p8v25c     0.310800       3     0.932400
SAEDHVT14_NR2_MM_0P5 saed14hvt_tt0p8v25c     0.222000       1     0.222000
SAEDHVT14_OAI21_0P5 saed14hvt_tt0p8v25c     0.266400       1     0.266400
SAEDHVT14_OAI22_0P5 saed14hvt_tt0p8v25c     0.310800       8     2.486400
SAEDLVT14_AN2B_PMM_2 saed14lvt_tt0p8v25c     0.444000       1     0.444000
SAEDLVT14_AN2_MM_0P5 saed14lvt_tt0p8v25c     0.310800       1     0.310800
SAEDLVT14_AN3_0P5  saed14lvt_tt0p8v25c     0.355200       2     0.710400
SAEDLVT14_AO2BB2_0P5 saed14lvt_tt0p8v25c     0.621600       1     0.621600
SAEDLVT14_AO21B_0P5 saed14lvt_tt0p8v25c     0.355200       2     0.710400
SAEDLVT14_AO21_U_0P5 saed14lvt_tt0p8v25c     0.355200       2     0.710400
SAEDLVT14_AO32_U_0P5 saed14lvt_tt0p8v25c     0.444000       1     0.444000
SAEDLVT14_AO221_1  saed14lvt_tt0p8v25c     0.488400       1     0.488400
SAEDLVT14_AO222_1  saed14lvt_tt0p8v25c     0.754800      20    15.096000
SAEDLVT14_AOI21_0P5 saed14lvt_tt0p8v25c     0.266400       1     0.266400
SAEDLVT14_AOI21_0P75 saed14lvt_tt0p8v25c     0.266400      21     5.594400
SAEDLVT14_BUF_ECO_1 saed14lvt_tt0p8v25c     0.266400       5     1.332000
SAEDLVT14_BUF_S_0P75 saed14lvt_tt0p8v25c     0.266400       4     1.065600
SAEDLVT14_BUF_U_0P5 saed14lvt_tt0p8v25c     0.266400      76    20.246401
SAEDLVT14_FDPQB_V2LP_1 saed14lvt_tt0p8v25c     0.843600      64    53.990398 n
SAEDLVT14_FDP_V2_1 saed14lvt_tt0p8v25c     0.932400     107    99.766799 n
SAEDLVT14_INV_0P5  saed14lvt_tt0p8v25c     0.177600      52     9.235200
SAEDLVT14_INV_0P75 saed14lvt_tt0p8v25c     0.177600       2     0.355200
SAEDLVT14_INV_1P5  saed14lvt_tt0p8v25c     0.177600       9     1.598400
SAEDLVT14_MUX2_U_0P5 saed14lvt_tt0p8v25c     0.444000      33    14.652000
SAEDLVT14_MUXI2_U_0P5 saed14lvt_tt0p8v25c     0.399600       1     0.399600
SAEDLVT14_ND2B_U_0P5 saed14lvt_tt0p8v25c     0.310800       1     0.310800
SAEDLVT14_ND2_CDC_0P5 saed14lvt_tt0p8v25c     0.222000      71    15.762000
SAEDLVT14_ND3_0P5  saed14lvt_tt0p8v25c     0.444000       1     0.444000
SAEDLVT14_NR2_1    saed14lvt_tt0p8v25c     0.222000       9     1.998000
SAEDLVT14_NR2_MM_0P5 saed14lvt_tt0p8v25c     0.222000      39     8.658000
SAEDLVT14_OA22_0P75 saed14lvt_tt0p8v25c     0.399600       2     0.799200
SAEDLVT14_OA31_1   saed14lvt_tt0p8v25c     0.399600       2     0.799200
SAEDLVT14_OA221_U_0P5 saed14lvt_tt0p8v25c     0.488400       1     0.488400
SAEDLVT14_OAI21_0P5 saed14lvt_tt0p8v25c     0.266400      21     5.594400
SAEDLVT14_OAI22_0P5 saed14lvt_tt0p8v25c     0.310800      94    29.215199
SAEDLVT14_OAI22_0P75 saed14lvt_tt0p8v25c     0.310800      23     7.148400
SAEDLVT14_OAI22_1  saed14lvt_tt0p8v25c     0.310800       2     0.621600
SAEDLVT14_OAI31_0P5 saed14lvt_tt0p8v25c     0.488400       1     0.488400
SAEDLVT14_OR2_MM_0P5 saed14lvt_tt0p8v25c     0.310800       1     0.310800
SAEDLVT14_OR3_1    saed14lvt_tt0p8v25c     0.355200       1     0.355200
SAEDLVT14_OR4_1    saed14lvt_tt0p8v25c     0.399600       1     0.399600
SAEDRVT14_AO221_2  saed14rvt_tt0p8v25c     0.577200       1     0.577200
SAEDRVT14_AO222_1  saed14rvt_tt0p8v25c     0.754800      12     9.057600
SAEDRVT14_BUF_ECO_1 saed14rvt_tt0p8v25c     0.266400       4     1.065600
SAEDRVT14_BUF_U_0P5 saed14rvt_tt0p8v25c     0.266400       2     0.532800
SAEDRVT14_FDP_V2LP_0P5 saed14rvt_tt0p8v25c     0.932400       7     6.526800 n
SAEDRVT14_FDP_V2LP_1 saed14rvt_tt0p8v25c     0.932400       1     0.932400 n
SAEDRVT14_INV_0P5  saed14rvt_tt0p8v25c     0.177600       9     1.598400
SAEDRVT14_INV_1P5  saed14rvt_tt0p8v25c     0.177600       1     0.177600
SAEDRVT14_INV_S_0P75 saed14rvt_tt0p8v25c     0.177600       1     0.177600
SAEDRVT14_MUX2_1   saed14rvt_tt0p8v25c     0.488400       1     0.488400
SAEDRVT14_ND2B_U_0P5 saed14rvt_tt0p8v25c     0.310800       1     0.310800
SAEDRVT14_ND2_CDC_1 saed14rvt_tt0p8v25c     0.222000       3     0.666000
SAEDRVT14_ND2_ECO_1 saed14rvt_tt0p8v25c     0.355200       4     1.420800
-----------------------------------------------------------------------------
Total 61 references                                   343.789197

****************************************
Design: a25_write_back_1 
****************************************
Reference          Library       Unit Area   Count    Total Area   Attributes
-----------------------------------------------------------------------------
SAEDHVT14_AO32_U_0P5 saed14hvt_tt0p8v25c     0.444000       1     0.444000
SAEDHVT14_FDP_V2LP_0P5 saed14hvt_tt0p8v25c     0.932400       2     1.864800 n
SAEDHVT14_INV_0P5  saed14hvt_tt0p8v25c     0.177600       1     0.177600
SAEDLVT14_AN2_MM_0P5 saed14lvt_tt0p8v25c     0.310800       1     0.310800
SAEDLVT14_AO32_U_0P5 saed14lvt_tt0p8v25c     0.444000      42    18.648000
SAEDLVT14_BUF_ECO_1 saed14lvt_tt0p8v25c     0.266400       1     0.266400
SAEDLVT14_BUF_S_0P75 saed14lvt_tt0p8v25c     0.266400       1     0.266400
SAEDLVT14_BUF_U_0P5 saed14lvt_tt0p8v25c     0.266400       2     0.532800
SAEDLVT14_FDP_V2_1 saed14lvt_tt0p8v25c     0.932400      40    37.296000 n
SAEDLVT14_INV_1P5  saed14lvt_tt0p8v25c     0.177600       2     0.355200
SAEDLVT14_INV_S_3  saed14lvt_tt0p8v25c     0.310800       1     0.310800
SAEDLVT14_LSRDPQ_2 saed14lvt_tt0p8v25c     1.243200       1     1.243200 n
SAEDRVT14_BUF_ECO_1 saed14rvt_tt0p8v25c     0.266400       2     0.532800
-----------------------------------------------------------------------------
Total 13 references                                    62.248800

****************************************
Design: boot_mem_wrapper 
****************************************
Reference          Library       Unit Area   Count    Total Area   Attributes
-----------------------------------------------------------------------------
boot_mem                      21355.076031       1  21355.076031  b, h, n
-----------------------------------------------------------------------------
Total 1 references                                  21355.076031

****************************************
Design: boot_mem 
****************************************
Reference          Library       Unit Area   Count    Total Area   Attributes
-----------------------------------------------------------------------------
SAEDHVT14_FDPQB_V2LP_0P5 saed14hvt_tt0p8v25c     0.843600       1     0.843600 n
SAEDHVT14_INV_0P5  saed14hvt_tt0p8v25c     0.177600       4     0.710400
SAEDHVT14_ND2_CDC_0P5 saed14hvt_tt0p8v25c     0.222000       5     1.110000
SAEDHVT14_NR2_MM_0P5 saed14hvt_tt0p8v25c     0.222000      10     2.220000
SAEDLVT14_OA21B_1  saed14lvt_tt0p8v25c     0.355200       1     0.355200
SAEDLVT14_TIE1_4   saed14lvt_tt0p8v25c     0.399600       1     0.399600
SAEDRVT14_INV_0P5  saed14rvt_tt0p8v25c     0.177600       2     0.355200
SRAM1RW256x32      saed14sram_tt0p8v25c  2668.635254       8 21349.082031 b, d
-----------------------------------------------------------------------------
Total 8 references                                  21355.076031

****************************************
Design: clocks_resets 
****************************************
Reference          Library       Unit Area   Count    Total Area   Attributes
-----------------------------------------------------------------------------
SAEDHVT14_AN2B_MM_1 saed14hvt_tt0p8v25c     0.399600       1     0.399600
SAEDHVT14_AO32_U_0P5 saed14hvt_tt0p8v25c     0.444000       1     0.444000
SAEDHVT14_BUF_U_0P5 saed14hvt_tt0p8v25c     0.266400       3     0.799200
SAEDHVT14_FDPQB_V2LP_0P5 saed14hvt_tt0p8v25c     0.843600       1     0.843600 n
SAEDHVT14_INV_0P5  saed14hvt_tt0p8v25c     0.177600       1     0.177600
SAEDLVT14_BUF_U_0P5 saed14lvt_tt0p8v25c     0.266400       1     0.266400
SAEDRVT14_FDP_V2LP_0P5 saed14rvt_tt0p8v25c     0.932400       1     0.932400 n
-----------------------------------------------------------------------------
Total 7 references                                      3.862800

****************************************
Design: eth_top 
****************************************
Reference          Library       Unit Area   Count    Total Area   Attributes
-----------------------------------------------------------------------------
SAEDHVT14_AN2B_MM_1 saed14hvt_tt0p8v25c     0.399600       5     1.998000
SAEDHVT14_AN4_0P75 saed14hvt_tt0p8v25c     0.399600       1     0.399600
SAEDHVT14_AO21_U_0P5 saed14hvt_tt0p8v25c     0.355200       1     0.355200
SAEDHVT14_AO32_U_0P5 saed14hvt_tt0p8v25c     0.444000       2     0.888000
SAEDHVT14_FDPRBQ_V2LP_0P5 saed14hvt_tt0p8v25c     1.065600       4     4.262400 n
SAEDHVT14_INV_0P5  saed14hvt_tt0p8v25c     0.177600      11     1.953600
SAEDHVT14_MUX2_U_0P5 saed14hvt_tt0p8v25c     0.444000      37    16.428000
SAEDHVT14_ND2B_U_0P5 saed14hvt_tt0p8v25c     0.310800       2     0.621600
SAEDHVT14_ND2_CDC_0P5 saed14hvt_tt0p8v25c     0.222000       2     0.444000
SAEDHVT14_NR2_MM_0P5 saed14hvt_tt0p8v25c     0.222000      11     2.442000
SAEDHVT14_OA21B_1  saed14hvt_tt0p8v25c     0.355200       2     0.710400
SAEDHVT14_OAI21_0P5 saed14hvt_tt0p8v25c     0.266400       1     0.266400
SAEDHVT14_OAI22_0P5 saed14hvt_tt0p8v25c     0.310800       1     0.310800
SAEDHVT14_OR2_0P5  saed14hvt_tt0p8v25c     0.310800       2     0.621600
SAEDHVT14_OR4_1    saed14hvt_tt0p8v25c     0.399600       2     0.799200
SAEDRVT14_AN2_MM_0P5 saed14rvt_tt0p8v25c     0.310800       1     0.310800
SAEDRVT14_BUF_ECO_1 saed14rvt_tt0p8v25c     0.266400       1     0.266400
SAEDRVT14_FDPRBQ_V2_0P5 saed14rvt_tt0p8v25c     1.065600      48    51.148802 n
SAEDRVT14_FDP_V2LP_0P5 saed14rvt_tt0p8v25c     0.932400       2     1.864800 n
SAEDRVT14_INV_1P5  saed14rvt_tt0p8v25c     0.177600       1     0.177600
eth_maccontrol                  281.407204       1    281.407204  h, n
eth_macstatus                    92.218800       1     92.218800  h, n
eth_miim                        158.907602       1    158.907602  h, n
eth_registers                   595.936814       1    595.936814  h, n
eth_rxethmac                    291.752404       1    291.752404  h, n
eth_txethmac                    333.532805       1    333.532805  h, n
eth_wishbone                   5312.122423       1   5312.122423  b, h, n
-----------------------------------------------------------------------------
Total 27 references                                  7152.147254

****************************************
Design: eth_maccontrol 
****************************************
Reference          Library       Unit Area   Count    Total Area   Attributes
-----------------------------------------------------------------------------
SAEDHVT14_AN2B_MM_1 saed14hvt_tt0p8v25c     0.399600       1     0.399600
SAEDHVT14_AO32_U_0P5 saed14hvt_tt0p8v25c     0.444000       3     1.332000
SAEDHVT14_INV_0P5  saed14hvt_tt0p8v25c     0.177600       5     0.888000
SAEDHVT14_MUX2_U_0P5 saed14hvt_tt0p8v25c     0.444000       9     3.996000
SAEDHVT14_NR2_MM_0P5 saed14hvt_tt0p8v25c     0.222000       3     0.666000
SAEDHVT14_OA221_U_0P5 saed14hvt_tt0p8v25c     0.488400       2     0.976800
SAEDHVT14_OAI21_0P5 saed14hvt_tt0p8v25c     0.266400       1     0.266400
SAEDHVT14_OR2_0P5  saed14hvt_tt0p8v25c     0.310800       2     0.621600
SAEDRVT14_AN2_MM_0P5 saed14rvt_tt0p8v25c     0.310800       1     0.310800
SAEDRVT14_FDPRBQ_V2_0P5 saed14rvt_tt0p8v25c     1.065600       5     5.328000 n
eth_receivecontrol              186.657603       1    186.657603  h, n
eth_transmitcontrol              79.964401       1     79.964401  h, n
-----------------------------------------------------------------------------
Total 12 references                                   281.407204

****************************************
Design: eth_receivecontrol 
****************************************
Reference          Library       Unit Area   Count    Total Area   Attributes
-----------------------------------------------------------------------------
SAEDHVT14_AN3_0P5  saed14hvt_tt0p8v25c     0.355200       5     1.776000
SAEDHVT14_AN4_0P75 saed14hvt_tt0p8v25c     0.399600       8     3.196800
SAEDHVT14_AO21B_0P5 saed14hvt_tt0p8v25c     0.355200       4     1.420800
SAEDHVT14_AO32_U_0P5 saed14hvt_tt0p8v25c     0.444000      12     5.328000
SAEDHVT14_AO222_1  saed14hvt_tt0p8v25c     0.754800      15    11.322000
SAEDHVT14_AOI21_0P5 saed14hvt_tt0p8v25c     0.266400      12     3.196800
SAEDHVT14_FDPRBQ_V2LP_0P5 saed14hvt_tt0p8v25c     1.065600       6     6.393600 n
SAEDHVT14_FDPSBQ_0P5 saed14hvt_tt0p8v25c     1.110000       1     1.110000 n
SAEDHVT14_INV_0P5  saed14hvt_tt0p8v25c     0.177600      67    11.899200
SAEDHVT14_ND2_CDC_0P5 saed14hvt_tt0p8v25c     0.222000      19     4.218000
SAEDHVT14_NR2_MM_0P5 saed14hvt_tt0p8v25c     0.222000      12     2.664000
SAEDHVT14_NR3B_U_0P5 saed14hvt_tt0p8v25c     0.532800       1     0.532800
SAEDHVT14_OA22_U_0P5 saed14hvt_tt0p8v25c     0.399600       1     0.399600
SAEDHVT14_OA31_1   saed14hvt_tt0p8v25c     0.399600       1     0.399600
SAEDHVT14_OAI21_0P5 saed14hvt_tt0p8v25c     0.266400       6     1.598400
SAEDHVT14_OAI22_0P5 saed14hvt_tt0p8v25c     0.310800      42    13.053599
SAEDHVT14_OR3_0P5  saed14hvt_tt0p8v25c     0.355200       1     0.355200
SAEDHVT14_OR4_1    saed14hvt_tt0p8v25c     0.399600       6     2.397600
SAEDLVT14_TIE0_V1_2 saed14lvt_tt0p8v25c     0.488400       1     0.488400
SAEDLVT14_TIE1_4   saed14lvt_tt0p8v25c     0.399600       1     0.399600
SAEDRVT14_AN2_MM_0P5 saed14rvt_tt0p8v25c     0.310800       2     0.621600
SAEDRVT14_FDPRBQ_V2_0P5 saed14rvt_tt0p8v25c     1.065600      63    67.132802 n
SAEDRVT14_FDPSBQ_0P5 saed14rvt_tt0p8v25c     1.110000       2     2.220000 n
eth_receivecontrol_DW01_dec_J23_0    11.544000       1    11.544000 h
eth_receivecontrol_DW01_inc_J23_0     3.108000       1     3.108000 h
eth_receivecontrol_DW01_inc_J23_1     2.442000       1     2.442000 h
eth_receivecontrol_DW_cmp_J23_0     4.573200       1     4.573200 h
eth_receivecontrol_DW_cmp_J23_1     4.573200       1     4.573200 h
eth_receivecontrol_DW_cmp_J23_2     4.573200       1     4.573200 h
eth_receivecontrol_DW_cmp_J23_3     4.573200       1     4.573200 h
eth_receivecontrol_DW_cmp_J23_4     4.573200       1     4.573200 h
eth_receivecontrol_DW_cmp_J23_5     4.573200       1     4.573200 h
-----------------------------------------------------------------------------
Total 32 references                                   186.657603

****************************************
Design: eth_receivecontrol_DW01_dec_J23_0 
****************************************
Reference          Library       Unit Area   Count    Total Area   Attributes
-----------------------------------------------------------------------------
SAEDHVT14_EO2_V1_0P75 saed14hvt_tt0p8v25c     0.444000       7     3.108000
SAEDHVT14_INV_0P5  saed14hvt_tt0p8v25c     0.177600       9     1.598400
SAEDHVT14_MUXI2_U_0P5 saed14hvt_tt0p8v25c     0.399600       7     2.797200
SAEDHVT14_ND2B_U_0P5 saed14hvt_tt0p8v25c     0.310800       5     1.554000
SAEDHVT14_NR2_MM_0P5 saed14hvt_tt0p8v25c     0.222000       8     1.776000
SAEDHVT14_OAI22_0P5 saed14hvt_tt0p8v25c     0.310800       1     0.310800
SAEDHVT14_OR4_1    saed14hvt_tt0p8v25c     0.399600       1     0.399600
-----------------------------------------------------------------------------
Total 7 references                                     11.544000

****************************************
Design: eth_receivecontrol_DW01_inc_J23_0 
****************************************
Reference          Library       Unit Area   Count    Total Area   Attributes
-----------------------------------------------------------------------------
SAEDHVT14_EO2_V1_0P75 saed14hvt_tt0p8v25c     0.444000       1     0.444000
SAEDRVT14_ADDH_0P5 saed14rvt_tt0p8v25c     0.666000       4     2.664000 r
-----------------------------------------------------------------------------
Total 2 references                                      3.108000

****************************************
Design: eth_receivecontrol_DW01_inc_J23_1 
****************************************
Reference          Library       Unit Area   Count    Total Area   Attributes
-----------------------------------------------------------------------------
SAEDHVT14_EO2_V1_0P75 saed14hvt_tt0p8v25c     0.444000       1     0.444000
SAEDRVT14_ADDH_0P5 saed14rvt_tt0p8v25c     0.666000       3     1.998000 r
-----------------------------------------------------------------------------
Total 2 references                                      2.442000

****************************************
Design: eth_receivecontrol_DW_cmp_J23_0 
****************************************
Reference          Library       Unit Area   Count    Total Area   Attributes
-----------------------------------------------------------------------------
SAEDHVT14_EO2_V1_0P75 saed14hvt_tt0p8v25c     0.444000       8     3.552000
SAEDHVT14_NR2_MM_0P5 saed14hvt_tt0p8v25c     0.222000       1     0.222000
SAEDHVT14_OR4_1    saed14hvt_tt0p8v25c     0.399600       2     0.799200
-----------------------------------------------------------------------------
Total 3 references                                      4.573200

****************************************
Design: eth_receivecontrol_DW_cmp_J23_1 
****************************************
Reference          Library       Unit Area   Count    Total Area   Attributes
-----------------------------------------------------------------------------
SAEDHVT14_EO2_V1_0P75 saed14hvt_tt0p8v25c     0.444000       8     3.552000
SAEDHVT14_NR2_MM_0P5 saed14hvt_tt0p8v25c     0.222000       1     0.222000
SAEDHVT14_OR4_1    saed14hvt_tt0p8v25c     0.399600       2     0.799200
-----------------------------------------------------------------------------
Total 3 references                                      4.573200

****************************************
Design: eth_receivecontrol_DW_cmp_J23_2 
****************************************
Reference          Library       Unit Area   Count    Total Area   Attributes
-----------------------------------------------------------------------------
SAEDHVT14_EO2_V1_0P75 saed14hvt_tt0p8v25c     0.444000       8     3.552000
SAEDHVT14_NR2_MM_0P5 saed14hvt_tt0p8v25c     0.222000       1     0.222000
SAEDHVT14_OR4_1    saed14hvt_tt0p8v25c     0.399600       2     0.799200
-----------------------------------------------------------------------------
Total 3 references                                      4.573200

****************************************
Design: eth_receivecontrol_DW_cmp_J23_3 
****************************************
Reference          Library       Unit Area   Count    Total Area   Attributes
-----------------------------------------------------------------------------
SAEDHVT14_EO2_V1_0P75 saed14hvt_tt0p8v25c     0.444000       8     3.552000
SAEDHVT14_NR2_MM_0P5 saed14hvt_tt0p8v25c     0.222000       1     0.222000
SAEDHVT14_OR4_1    saed14hvt_tt0p8v25c     0.399600       2     0.799200
-----------------------------------------------------------------------------
Total 3 references                                      4.573200

****************************************
Design: eth_receivecontrol_DW_cmp_J23_4 
****************************************
Reference          Library       Unit Area   Count    Total Area   Attributes
-----------------------------------------------------------------------------
SAEDHVT14_EO2_V1_0P75 saed14hvt_tt0p8v25c     0.444000       8     3.552000
SAEDHVT14_NR2_MM_0P5 saed14hvt_tt0p8v25c     0.222000       1     0.222000
SAEDHVT14_OR4_1    saed14hvt_tt0p8v25c     0.399600       2     0.799200
-----------------------------------------------------------------------------
Total 3 references                                      4.573200

****************************************
Design: eth_receivecontrol_DW_cmp_J23_5 
****************************************
Reference          Library       Unit Area   Count    Total Area   Attributes
-----------------------------------------------------------------------------
SAEDHVT14_EO2_V1_0P75 saed14hvt_tt0p8v25c     0.444000       8     3.552000
SAEDHVT14_NR2_MM_0P5 saed14hvt_tt0p8v25c     0.222000       1     0.222000
SAEDHVT14_OR4_1    saed14hvt_tt0p8v25c     0.399600       2     0.799200
-----------------------------------------------------------------------------
Total 3 references                                      4.573200

****************************************
Design: eth_transmitcontrol 
****************************************
Reference          Library       Unit Area   Count    Total Area   Attributes
-----------------------------------------------------------------------------
SAEDHVT14_AN3_0P5  saed14hvt_tt0p8v25c     0.355200       1     0.355200
SAEDHVT14_AN4_0P75 saed14hvt_tt0p8v25c     0.399600       7     2.797200
SAEDHVT14_AO21B_0P5 saed14hvt_tt0p8v25c     0.355200       4     1.420800
SAEDHVT14_AO21_U_0P5 saed14hvt_tt0p8v25c     0.355200       2     0.710400
SAEDHVT14_AO32_U_0P5 saed14hvt_tt0p8v25c     0.444000       5     2.220000
SAEDHVT14_AO222_1  saed14hvt_tt0p8v25c     0.754800       4     3.019200
SAEDHVT14_AOI21_0P5 saed14hvt_tt0p8v25c     0.266400      11     2.930400
SAEDHVT14_AOI22_0P5 saed14hvt_tt0p8v25c     0.488400      27    13.186800
SAEDHVT14_FDPRBQ_V2LP_0P5 saed14hvt_tt0p8v25c     1.065600       5     5.328000 n
SAEDHVT14_INV_0P5  saed14hvt_tt0p8v25c     0.177600      19     3.374400
SAEDHVT14_ND2B_U_0P5 saed14hvt_tt0p8v25c     0.310800       2     0.621600
SAEDHVT14_ND2_CDC_0P5 saed14hvt_tt0p8v25c     0.222000      10     2.220000
SAEDHVT14_NR2_MM_0P5 saed14hvt_tt0p8v25c     0.222000      14     3.108000
SAEDHVT14_NR3B_U_0P5 saed14hvt_tt0p8v25c     0.532800       1     0.532800
SAEDHVT14_NR3_0P5  saed14hvt_tt0p8v25c     0.444000       2     0.888000
SAEDHVT14_OA2BB2_V1_1 saed14hvt_tt0p8v25c     0.444000       3     1.332000
SAEDHVT14_OA21_1   saed14hvt_tt0p8v25c     0.355200       1     0.355200
SAEDHVT14_OA31_1   saed14hvt_tt0p8v25c     0.399600       1     0.399600
SAEDHVT14_OAI21_0P5 saed14hvt_tt0p8v25c     0.266400      12     3.196800
SAEDHVT14_OAI22_0P5 saed14hvt_tt0p8v25c     0.310800       3     0.932400
SAEDHVT14_OR2_0P5  saed14hvt_tt0p8v25c     0.310800       2     0.621600
SAEDHVT14_OR3_0P5  saed14hvt_tt0p8v25c     0.355200       1     0.355200
SAEDHVT14_OR4_1    saed14hvt_tt0p8v25c     0.399600       3     1.198800
SAEDLVT14_TIE0_V1_2 saed14lvt_tt0p8v25c     0.488400       1     0.488400
SAEDLVT14_TIE1_4   saed14lvt_tt0p8v25c     0.399600       1     0.399600
SAEDRVT14_AN2_MM_0P5 saed14rvt_tt0p8v25c     0.310800       1     0.310800
SAEDRVT14_FDPRBQ_V2_0P5 saed14rvt_tt0p8v25c     1.065600      19    20.246401 n
SAEDRVT14_FDP_V2LP_0P5 saed14rvt_tt0p8v25c     0.932400       2     1.864800 n
eth_transmitcontrol_DW01_add_J9_0     2.442000       1     2.442000 h
eth_transmitcontrol_DW01_inc_J9_0     3.108000       1     3.108000 h
-----------------------------------------------------------------------------
Total 30 references                                    79.964401

****************************************
Design: eth_transmitcontrol_DW01_add_J9_0 
****************************************
Reference          Library       Unit Area   Count    Total Area   Attributes
-----------------------------------------------------------------------------
SAEDHVT14_EO2_V1_0P75 saed14hvt_tt0p8v25c     0.444000       1     0.444000
SAEDRVT14_ADDH_0P5 saed14rvt_tt0p8v25c     0.666000       3     1.998000 r
-----------------------------------------------------------------------------
Total 2 references                                      2.442000

****************************************
Design: eth_transmitcontrol_DW01_inc_J9_0 
****************************************
Reference          Library       Unit Area   Count    Total Area   Attributes
-----------------------------------------------------------------------------
SAEDHVT14_EO2_V1_0P75 saed14hvt_tt0p8v25c     0.444000       1     0.444000
SAEDRVT14_ADDH_0P5 saed14rvt_tt0p8v25c     0.666000       4     2.664000 r
-----------------------------------------------------------------------------
Total 2 references                                      3.108000

****************************************
Design: eth_macstatus 
****************************************
Reference          Library       Unit Area   Count    Total Area   Attributes
-----------------------------------------------------------------------------
SAEDHVT14_AN3_0P5  saed14hvt_tt0p8v25c     0.355200       1     0.355200
SAEDHVT14_AO21_U_0P5 saed14hvt_tt0p8v25c     0.355200       1     0.355200
SAEDHVT14_AO32_U_0P5 saed14hvt_tt0p8v25c     0.444000       1     0.444000
SAEDHVT14_AOI21_0P5 saed14hvt_tt0p8v25c     0.266400       5     1.332000
SAEDHVT14_FDPRBQ_V2LP_0P5 saed14hvt_tt0p8v25c     1.065600       2     2.131200 n
SAEDHVT14_INV_0P5  saed14hvt_tt0p8v25c     0.177600      10     1.776000
SAEDHVT14_MUX2_U_0P5 saed14hvt_tt0p8v25c     0.444000       6     2.664000
SAEDHVT14_ND2B_U_0P5 saed14hvt_tt0p8v25c     0.310800       1     0.310800
SAEDHVT14_ND2_CDC_0P5 saed14hvt_tt0p8v25c     0.222000       4     0.888000
SAEDHVT14_NR2_MM_0P5 saed14hvt_tt0p8v25c     0.222000       3     0.666000
SAEDHVT14_NR3_0P5  saed14hvt_tt0p8v25c     0.444000       1     0.444000
SAEDHVT14_OA22_U_0P5 saed14hvt_tt0p8v25c     0.399600       1     0.399600
SAEDHVT14_OA31_1   saed14hvt_tt0p8v25c     0.399600       1     0.399600
SAEDHVT14_OA221_U_0P5 saed14hvt_tt0p8v25c     0.488400       1     0.488400
SAEDHVT14_OAI21_0P5 saed14hvt_tt0p8v25c     0.266400       5     1.332000
SAEDHVT14_OAI22_0P5 saed14hvt_tt0p8v25c     0.310800       1     0.310800
SAEDHVT14_OR4_1    saed14hvt_tt0p8v25c     0.399600       1     0.399600
SAEDLVT14_TIE0_V1_2 saed14lvt_tt0p8v25c     0.488400       1     0.488400
SAEDLVT14_TIE1_4   saed14lvt_tt0p8v25c     0.399600       1     0.399600
SAEDRVT14_AN2_MM_0P5 saed14rvt_tt0p8v25c     0.310800       2     0.621600
SAEDRVT14_FDPRBQ_V2_0P5 saed14rvt_tt0p8v25c     1.065600      15    15.984001 n
SAEDRVT14_FDPSBQ_0P5 saed14rvt_tt0p8v25c     1.110000       1     1.110000 n
eth_macstatus_DW_cmp_J9_0         3.507600       1      3.507600  h
eth_macstatus_DW_cmp_J9_1        13.852800       1     13.852800  h
eth_macstatus_DW_cmp_J9_2        13.852800       1     13.852800  h
eth_macstatus_DW_cmp_J9_3        13.852800       1     13.852800  h
eth_macstatus_DW_cmp_J9_4        13.852800       1     13.852800  h
-----------------------------------------------------------------------------
Total 27 references                                    92.218800

****************************************
Design: eth_macstatus_DW_cmp_J9_0 
****************************************
Reference          Library       Unit Area   Count    Total Area   Attributes
-----------------------------------------------------------------------------
SAEDHVT14_EO2_V1_0P75 saed14hvt_tt0p8v25c     0.444000       6     2.664000
SAEDHVT14_NR3_0P5  saed14hvt_tt0p8v25c     0.444000       1     0.444000
SAEDHVT14_OR4_1    saed14hvt_tt0p8v25c     0.399600       1     0.399600
-----------------------------------------------------------------------------
Total 3 references                                      3.507600

****************************************
Design: eth_macstatus_DW_cmp_J9_1 
****************************************
Reference          Library       Unit Area   Count    Total Area   Attributes
-----------------------------------------------------------------------------
SAEDHVT14_AN2B_MM_1 saed14hvt_tt0p8v25c     0.399600       1     0.399600
SAEDHVT14_AN3_0P5  saed14hvt_tt0p8v25c     0.355200       1     0.355200
SAEDHVT14_AO21B_0P5 saed14hvt_tt0p8v25c     0.355200       4     1.420800
SAEDHVT14_AO21_U_0P5 saed14hvt_tt0p8v25c     0.355200       1     0.355200
SAEDHVT14_AO22_0P75 saed14hvt_tt0p8v25c     0.532800       1     0.532800
SAEDHVT14_AO221_0P5 saed14hvt_tt0p8v25c     0.488400       2     0.976800
SAEDHVT14_AOI21_0P5 saed14hvt_tt0p8v25c     0.266400       2     0.532800
SAEDHVT14_INV_0P5  saed14hvt_tt0p8v25c     0.177600      17     3.019200
SAEDHVT14_ND2_CDC_0P5 saed14hvt_tt0p8v25c     0.222000       1     0.222000
SAEDHVT14_OA2BB2_V1_1 saed14hvt_tt0p8v25c     0.444000       3     1.332000
SAEDHVT14_OA22_U_0P5 saed14hvt_tt0p8v25c     0.399600       1     0.399600
SAEDHVT14_OA221_U_0P5 saed14hvt_tt0p8v25c     0.488400       1     0.488400
SAEDHVT14_OAI21_0P5 saed14hvt_tt0p8v25c     0.266400       5     1.332000
SAEDHVT14_OAI22_0P5 saed14hvt_tt0p8v25c     0.310800       8     2.486400
-----------------------------------------------------------------------------
Total 14 references                                    13.852800

****************************************
Design: eth_macstatus_DW_cmp_J9_2 
****************************************
Reference          Library       Unit Area   Count    Total Area   Attributes
-----------------------------------------------------------------------------
SAEDHVT14_AN2B_MM_1 saed14hvt_tt0p8v25c     0.399600       1     0.399600
SAEDHVT14_AN3_0P5  saed14hvt_tt0p8v25c     0.355200       1     0.355200
SAEDHVT14_AO21B_0P5 saed14hvt_tt0p8v25c     0.355200       4     1.420800
SAEDHVT14_AO21_U_0P5 saed14hvt_tt0p8v25c     0.355200       1     0.355200
SAEDHVT14_AO22_0P75 saed14hvt_tt0p8v25c     0.532800       1     0.532800
SAEDHVT14_AO221_0P5 saed14hvt_tt0p8v25c     0.488400       2     0.976800
SAEDHVT14_AOI21_0P5 saed14hvt_tt0p8v25c     0.266400       2     0.532800
SAEDHVT14_INV_0P5  saed14hvt_tt0p8v25c     0.177600      17     3.019200
SAEDHVT14_ND2_CDC_0P5 saed14hvt_tt0p8v25c     0.222000       1     0.222000
SAEDHVT14_OA2BB2_V1_1 saed14hvt_tt0p8v25c     0.444000       2     0.888000
SAEDHVT14_OA22_U_0P5 saed14hvt_tt0p8v25c     0.399600       1     0.399600
SAEDHVT14_OA221_U_0P5 saed14hvt_tt0p8v25c     0.488400       1     0.488400
SAEDHVT14_OAI21_0P5 saed14hvt_tt0p8v25c     0.266400       5     1.332000
SAEDHVT14_OAI22_0P5 saed14hvt_tt0p8v25c     0.310800       8     2.486400
SAEDRVT14_OA2BB2_V1_1 saed14rvt_tt0p8v25c     0.444000       1     0.444000
-----------------------------------------------------------------------------
Total 15 references                                    13.852800

****************************************
Design: eth_macstatus_DW_cmp_J9_3 
****************************************
Reference          Library       Unit Area   Count    Total Area   Attributes
-----------------------------------------------------------------------------
SAEDHVT14_AN2B_MM_1 saed14hvt_tt0p8v25c     0.399600       1     0.399600
SAEDHVT14_AN3_0P5  saed14hvt_tt0p8v25c     0.355200       1     0.355200
SAEDHVT14_AO21B_0P5 saed14hvt_tt0p8v25c     0.355200       4     1.420800
SAEDHVT14_AO21_U_0P5 saed14hvt_tt0p8v25c     0.355200       1     0.355200
SAEDHVT14_AO32_U_0P5 saed14hvt_tt0p8v25c     0.444000       1     0.444000
SAEDHVT14_AO221_0P5 saed14hvt_tt0p8v25c     0.488400       2     0.976800
SAEDHVT14_AOI21_0P5 saed14hvt_tt0p8v25c     0.266400       2     0.532800
SAEDHVT14_INV_0P5  saed14hvt_tt0p8v25c     0.177600      17     3.019200
SAEDHVT14_ND2_CDC_0P5 saed14hvt_tt0p8v25c     0.222000       1     0.222000
SAEDHVT14_OA2BB2_V1_1 saed14hvt_tt0p8v25c     0.444000       4     1.776000
SAEDHVT14_OA22_U_0P5 saed14hvt_tt0p8v25c     0.399600       2     0.799200
SAEDHVT14_OAI21_0P5 saed14hvt_tt0p8v25c     0.266400       4     1.065600
SAEDHVT14_OAI22_0P5 saed14hvt_tt0p8v25c     0.310800       8     2.486400
-----------------------------------------------------------------------------
Total 13 references                                    13.852800

****************************************
Design: eth_macstatus_DW_cmp_J9_4 
****************************************
Reference          Library       Unit Area   Count    Total Area   Attributes
-----------------------------------------------------------------------------
SAEDHVT14_AN2B_MM_1 saed14hvt_tt0p8v25c     0.399600       1     0.399600
SAEDHVT14_AN3_0P5  saed14hvt_tt0p8v25c     0.355200       1     0.355200
SAEDHVT14_AO21B_0P5 saed14hvt_tt0p8v25c     0.355200       4     1.420800
SAEDHVT14_AO21_U_0P5 saed14hvt_tt0p8v25c     0.355200       1     0.355200
SAEDHVT14_AO32_U_0P5 saed14hvt_tt0p8v25c     0.444000       1     0.444000
SAEDHVT14_AO221_0P5 saed14hvt_tt0p8v25c     0.488400       2     0.976800
SAEDHVT14_AOI21_0P5 saed14hvt_tt0p8v25c     0.266400       2     0.532800
SAEDHVT14_INV_0P5  saed14hvt_tt0p8v25c     0.177600      17     3.019200
SAEDHVT14_ND2_CDC_0P5 saed14hvt_tt0p8v25c     0.222000       1     0.222000
SAEDHVT14_OA2BB2_V1_1 saed14hvt_tt0p8v25c     0.444000       4     1.776000
SAEDHVT14_OA22_U_0P5 saed14hvt_tt0p8v25c     0.399600       2     0.799200
SAEDHVT14_OAI21_0P5 saed14hvt_tt0p8v25c     0.266400       4     1.065600
SAEDHVT14_OAI22_0P5 saed14hvt_tt0p8v25c     0.310800       8     2.486400
-----------------------------------------------------------------------------
Total 13 references                                    13.852800

****************************************
Design: eth_miim 
****************************************
Reference          Library       Unit Area   Count    Total Area   Attributes
-----------------------------------------------------------------------------
SAEDHVT14_AN3_0P5  saed14hvt_tt0p8v25c     0.355200       1     0.355200
SAEDHVT14_AN4_0P75 saed14hvt_tt0p8v25c     0.399600       2     0.799200
SAEDHVT14_AO21B_0P5 saed14hvt_tt0p8v25c     0.355200       2     0.710400
SAEDHVT14_AO22_0P75 saed14hvt_tt0p8v25c     0.532800       1     0.532800
SAEDHVT14_AO32_U_0P5 saed14hvt_tt0p8v25c     0.444000       1     0.444000
SAEDHVT14_AOI21_0P5 saed14hvt_tt0p8v25c     0.266400       5     1.332000
SAEDHVT14_FDPRBQ_V2LP_0P5 saed14hvt_tt0p8v25c     1.065600       3     3.196800 n
SAEDHVT14_INV_0P5  saed14hvt_tt0p8v25c     0.177600      27     4.795200
SAEDHVT14_ND2B_U_0P5 saed14hvt_tt0p8v25c     0.310800       3     0.932400
SAEDHVT14_ND2_CDC_0P5 saed14hvt_tt0p8v25c     0.222000       9     1.998000
SAEDHVT14_NR2_MM_0P5 saed14hvt_tt0p8v25c     0.222000       8     1.776000
SAEDHVT14_NR4_0P75 saed14hvt_tt0p8v25c     0.488400       1     0.488400
SAEDHVT14_OAI21_0P5 saed14hvt_tt0p8v25c     0.266400       7     1.864800
SAEDHVT14_OAI22_0P5 saed14hvt_tt0p8v25c     0.310800      14     4.351200
SAEDHVT14_OR3_0P5  saed14hvt_tt0p8v25c     0.355200       4     1.420800
SAEDHVT14_OR4_1    saed14hvt_tt0p8v25c     0.399600       5     1.998000
SAEDRVT14_FDPRBQ_V2_0P5 saed14rvt_tt0p8v25c     1.065600      32    34.099201 n
SAEDRVT14_FDPRBQ_V2_1 saed14rvt_tt0p8v25c     1.065600       1     1.065600 n
eth_clockgen                     27.084000       1     27.084000  h, n
eth_miim_DW01_inc_J18_0           3.774000       1      3.774000  h
eth_outputcontrol                13.764000       1     13.764000  h, n
eth_shiftreg                     52.125601       1     52.125601  h, n
-----------------------------------------------------------------------------
Total 22 references                                   158.907602

****************************************
Design: eth_clockgen 
****************************************
Reference          Library       Unit Area   Count    Total Area   Attributes
-----------------------------------------------------------------------------
SAEDHVT14_AO21_U_0P5 saed14hvt_tt0p8v25c     0.355200       1     0.355200
SAEDHVT14_FDPRBQ_V2LP_0P5 saed14hvt_tt0p8v25c     1.065600       1     1.065600 n
SAEDHVT14_INV_0P5  saed14hvt_tt0p8v25c     0.177600       2     0.355200
SAEDHVT14_MUX2_U_0P5 saed14hvt_tt0p8v25c     0.444000       7     3.108000
SAEDHVT14_ND2B_U_0P5 saed14hvt_tt0p8v25c     0.310800       1     0.310800
SAEDHVT14_NR2_MM_0P5 saed14hvt_tt0p8v25c     0.222000       2     0.444000
SAEDHVT14_OAI22_0P5 saed14hvt_tt0p8v25c     0.310800       1     0.310800
SAEDHVT14_OR3_0P5  saed14hvt_tt0p8v25c     0.355200       1     0.355200
SAEDHVT14_OR4_1    saed14hvt_tt0p8v25c     0.399600       3     1.198800
SAEDLVT14_TIE0_V1_2 saed14lvt_tt0p8v25c     0.488400       1     0.488400
SAEDRVT14_AN2_MM_0P5 saed14rvt_tt0p8v25c     0.310800       1     0.310800
SAEDRVT14_FDPRBQ_V2_0P5 saed14rvt_tt0p8v25c     1.065600       7     7.459200 n
SAEDRVT14_FDPSBQ_0P5 saed14rvt_tt0p8v25c     1.110000       1     1.110000 n
eth_clockgen_DW01_dec_J22_0       5.328000       1      5.328000  h
eth_clockgen_DW01_dec_J22_1       4.884000       1      4.884000  h
-----------------------------------------------------------------------------
Total 15 references                                    27.084000

****************************************
Design: eth_clockgen_DW01_dec_J22_0 
****************************************
Reference          Library       Unit Area   Count    Total Area   Attributes
-----------------------------------------------------------------------------
SAEDHVT14_EO2_V1_0P75 saed14hvt_tt0p8v25c     0.444000       3     1.332000
SAEDHVT14_INV_0P5  saed14hvt_tt0p8v25c     0.177600       5     0.888000
SAEDHVT14_MUXI2_U_0P5 saed14hvt_tt0p8v25c     0.399600       3     1.198800
SAEDHVT14_ND2B_U_0P5 saed14hvt_tt0p8v25c     0.310800       1     0.310800
SAEDHVT14_NR2_MM_0P5 saed14hvt_tt0p8v25c     0.222000       4     0.888000
SAEDHVT14_OAI22_0P5 saed14hvt_tt0p8v25c     0.310800       1     0.310800
SAEDHVT14_OR4_1    saed14hvt_tt0p8v25c     0.399600       1     0.399600
-----------------------------------------------------------------------------
Total 7 references                                      5.328000

****************************************
Design: eth_clockgen_DW01_dec_J22_1 
****************************************
Reference          Library       Unit Area   Count    Total Area   Attributes
-----------------------------------------------------------------------------
SAEDHVT14_AN2B_MM_1 saed14hvt_tt0p8v25c     0.399600       1     0.399600
SAEDHVT14_EO2_V1_0P75 saed14hvt_tt0p8v25c     0.444000       3     1.332000
SAEDHVT14_INV_0P5  saed14hvt_tt0p8v25c     0.177600       4     0.710400
SAEDHVT14_MUXI2_U_0P5 saed14hvt_tt0p8v25c     0.399600       2     0.799200
SAEDHVT14_ND2B_U_0P5 saed14hvt_tt0p8v25c     0.310800       1     0.310800
SAEDHVT14_NR2_MM_0P5 saed14hvt_tt0p8v25c     0.222000       3     0.666000
SAEDHVT14_OAI22_0P5 saed14hvt_tt0p8v25c     0.310800       1     0.310800
SAEDHVT14_OR3_0P5  saed14hvt_tt0p8v25c     0.355200       1     0.355200
-----------------------------------------------------------------------------
Total 8 references                                      4.884000

****************************************
Design: eth_miim_DW01_inc_J18_0 
****************************************
Reference          Library       Unit Area   Count    Total Area   Attributes
-----------------------------------------------------------------------------
SAEDHVT14_EO2_V1_0P75 saed14hvt_tt0p8v25c     0.444000       1     0.444000
SAEDRVT14_ADDH_0P5 saed14rvt_tt0p8v25c     0.666000       5     3.330000 r
-----------------------------------------------------------------------------
Total 2 references                                      3.774000

****************************************
Design: eth_outputcontrol 
****************************************
Reference          Library       Unit Area   Count    Total Area   Attributes
-----------------------------------------------------------------------------
SAEDHVT14_AO32_U_0P5 saed14hvt_tt0p8v25c     0.444000       2     0.888000
SAEDHVT14_FDPRBQ_V2LP_0P5 saed14hvt_tt0p8v25c     1.065600       1     1.065600 n
SAEDHVT14_INV_0P5  saed14hvt_tt0p8v25c     0.177600       4     0.710400
SAEDHVT14_MUX2_U_0P5 saed14hvt_tt0p8v25c     0.444000       2     0.888000
SAEDHVT14_ND2B_U_0P5 saed14hvt_tt0p8v25c     0.310800       1     0.310800
SAEDHVT14_ND2_CDC_0P5 saed14hvt_tt0p8v25c     0.222000       1     0.222000
SAEDHVT14_NR2_MM_0P5 saed14hvt_tt0p8v25c     0.222000       2     0.444000
SAEDHVT14_OAI21_0P5 saed14hvt_tt0p8v25c     0.266400       3     0.799200
SAEDHVT14_OAI22_0P5 saed14hvt_tt0p8v25c     0.310800       2     0.621600
SAEDHVT14_OR4_1    saed14hvt_tt0p8v25c     0.399600       1     0.399600
SAEDLVT14_TIE0_V1_2 saed14lvt_tt0p8v25c     0.488400       1     0.488400
SAEDLVT14_TIE1_4   saed14lvt_tt0p8v25c     0.399600       1     0.399600
SAEDRVT14_FDPRBQ_V2_0P5 saed14rvt_tt0p8v25c     1.065600       5     5.328000 n
eth_outputcontrol_DW_cmp_J10_0     0.888000       1     0.888000  h
eth_outputcontrol_DW_cmp_J10_1     0.310800       1     0.310800  h
-----------------------------------------------------------------------------
Total 15 references                                    13.764000

****************************************
Design: eth_outputcontrol_DW_cmp_J10_0 
****************************************
Reference          Library       Unit Area   Count    Total Area   Attributes
-----------------------------------------------------------------------------
SAEDHVT14_AO31_1   saed14hvt_tt0p8v25c     0.621600       1     0.621600
SAEDHVT14_AOI21_0P5 saed14hvt_tt0p8v25c     0.266400       1     0.266400
-----------------------------------------------------------------------------
Total 2 references                                      0.888000

****************************************
Design: eth_outputcontrol_DW_cmp_J10_1 
****************************************
Reference          Library       Unit Area   Count    Total Area   Attributes
-----------------------------------------------------------------------------
SAEDHVT14_OR2_0P5  saed14hvt_tt0p8v25c     0.310800       1     0.310800
-----------------------------------------------------------------------------
Total 1 references                                      0.310800

****************************************
Design: eth_shiftreg 
****************************************
Reference          Library       Unit Area   Count    Total Area   Attributes
-----------------------------------------------------------------------------
SAEDHVT14_AO21B_0P5 saed14hvt_tt0p8v25c     0.355200       1     0.355200
SAEDHVT14_AO21_U_0P5 saed14hvt_tt0p8v25c     0.355200       2     0.710400
SAEDHVT14_AO22_0P75 saed14hvt_tt0p8v25c     0.532800       2     1.065600
SAEDHVT14_AOI21_0P5 saed14hvt_tt0p8v25c     0.266400      14     3.729600
SAEDHVT14_AOI22_0P5 saed14hvt_tt0p8v25c     0.488400       2     0.976800
SAEDHVT14_BUF_U_0P5 saed14hvt_tt0p8v25c     0.266400       1     0.266400
SAEDHVT14_FDPRBQ_V2LP_0P5 saed14hvt_tt0p8v25c     1.065600       1     1.065600 n
SAEDHVT14_INV_0P5  saed14hvt_tt0p8v25c     0.177600      31     5.505600
SAEDHVT14_MUX2_U_0P5 saed14hvt_tt0p8v25c     0.444000       1     0.444000
SAEDHVT14_ND2_CDC_0P5 saed14hvt_tt0p8v25c     0.222000       4     0.888000
SAEDHVT14_ND3B_0P75 saed14hvt_tt0p8v25c     0.532800       1     0.532800
SAEDHVT14_NR2_MM_0P5 saed14hvt_tt0p8v25c     0.222000       1     0.222000
SAEDHVT14_OAI21_0P5 saed14hvt_tt0p8v25c     0.266400       7     1.864800
SAEDHVT14_OAI22_0P5 saed14hvt_tt0p8v25c     0.310800      25     7.770000
SAEDHVT14_OR3_0P5  saed14hvt_tt0p8v25c     0.355200       1     0.355200
SAEDHVT14_OR4_1    saed14hvt_tt0p8v25c     0.399600       2     0.799200
SAEDRVT14_FDPRBQ_V2_0P5 saed14rvt_tt0p8v25c     1.065600      24    25.574401 n
-----------------------------------------------------------------------------
Total 17 references                                    52.125601

****************************************
Design: eth_registers 
****************************************
Reference          Library       Unit Area   Count    Total Area   Attributes
-----------------------------------------------------------------------------
SAEDHVT14_AN2B_MM_1 saed14hvt_tt0p8v25c     0.399600       4     1.598400
SAEDHVT14_AN3_0P5  saed14hvt_tt0p8v25c     0.355200       4     1.420800
SAEDHVT14_AN4_0P75 saed14hvt_tt0p8v25c     0.399600      10     3.996000
SAEDHVT14_AO2BB2_V1_0P75 saed14hvt_tt0p8v25c     0.621600       1     0.621600
SAEDHVT14_AO21B_0P5 saed14hvt_tt0p8v25c     0.355200      32    11.366400
SAEDHVT14_AO21_U_0P5 saed14hvt_tt0p8v25c     0.355200       1     0.355200
SAEDHVT14_AO22_0P75 saed14hvt_tt0p8v25c     0.532800      35    18.648001
SAEDHVT14_AO221_0P5 saed14hvt_tt0p8v25c     0.488400       7     3.418800
SAEDHVT14_AOI21_0P5 saed14hvt_tt0p8v25c     0.266400      83    22.111201
SAEDHVT14_AOI22_0P5 saed14hvt_tt0p8v25c     0.488400      50    24.420001
SAEDHVT14_FDPRBQ_V2LP_0P5 saed14hvt_tt0p8v25c     1.065600       1     1.065600 n
SAEDHVT14_INV_0P5  saed14hvt_tt0p8v25c     0.177600      44     7.814400
SAEDHVT14_INV_3    saed14hvt_tt0p8v25c     0.266400       1     0.266400
SAEDHVT14_ND2B_U_0P5 saed14hvt_tt0p8v25c     0.310800       4     1.243200
SAEDHVT14_ND2_CDC_0P5 saed14hvt_tt0p8v25c     0.222000      41     9.102000
SAEDHVT14_ND3_0P5  saed14hvt_tt0p8v25c     0.444000       1     0.444000
SAEDHVT14_NR2_MM_0P5 saed14hvt_tt0p8v25c     0.222000      63    13.986000
SAEDHVT14_NR3B_U_0P5 saed14hvt_tt0p8v25c     0.532800       1     0.532800
SAEDHVT14_OAI21_0P5 saed14hvt_tt0p8v25c     0.266400      12     3.196800
SAEDHVT14_OAI22_0P5 saed14hvt_tt0p8v25c     0.310800       8     2.486400
SAEDHVT14_OR2_0P5  saed14hvt_tt0p8v25c     0.310800       1     0.310800
SAEDHVT14_OR3_0P5  saed14hvt_tt0p8v25c     0.355200       2     0.710400
SAEDHVT14_OR4_1    saed14hvt_tt0p8v25c     0.399600       1     0.399600
SAEDLVT14_TIE0_V1_2 saed14lvt_tt0p8v25c     0.488400       1     0.488400
SAEDLVT14_TIE1_4   saed14lvt_tt0p8v25c     0.399600       1     0.399600
SAEDRVT14_AN2_MM_0P5 saed14rvt_tt0p8v25c     0.310800       4     1.243200
SAEDRVT14_FDPRBQ_V2_0P5 saed14rvt_tt0p8v25c     1.065600      20    21.312001 n
SAEDRVT14_INV_1P5  saed14rvt_tt0p8v25c     0.177600       1     0.177600
eth_register_1_0_0                1.864800       1      1.864800  h, n
eth_register_1_0_1                1.687200       1      1.687200  h, n
eth_register_1_0_2                1.687200       1      1.687200  h, n
eth_register_3_0                  4.706400       1      4.706400  h, n
eth_register_4_f                  6.393600       1      6.393600  h, n
eth_register_5_00_0               7.725600       1      7.725600  h, n
eth_register_5_00_1               7.725600       1      7.725600  h, n
eth_register_6_3f                 9.501600       1      9.501600  h, n
eth_register_7_0c                10.833600       1     10.833600  h, n
eth_register_7_00                10.744800       1     10.744800  h, n
eth_register_7_12_0              10.833600       1     10.833600  h, n
eth_register_7_12_1              10.833600       1     10.833600  h, n
eth_register_8_00_0              12.254400       1     12.254400  h, n
eth_register_8_00_1              12.254400       1     12.254400  h, n
eth_register_8_00_2              12.254400       1     12.254400  h, n
eth_register_8_00_3              12.254400       1     12.254400  h, n
eth_register_8_00_4              12.254400       1     12.254400  h, n
eth_register_8_00_5              12.254400       1     12.254400  h, n
eth_register_8_00_6              12.254400       1     12.254400  h, n
eth_register_8_00_7              12.254400       1     12.254400  h, n
eth_register_8_00_8              12.254400       1     12.254400  h, n
eth_register_8_00_9              12.254400       1     12.254400  h, n
eth_register_8_00_10             12.254400       1     12.254400  h, n
eth_register_8_00_11             12.254400       1     12.254400  h, n
eth_register_8_00_12             12.254400       1     12.254400  h, n
eth_register_8_00_13             12.254400       1     12.254400  h, n
eth_register_8_00_14             12.254400       1     12.254400  h, n
eth_register_8_00_15             12.254400       1     12.254400  h, n
eth_register_8_00_16             12.254400       1     12.254400  h, n
eth_register_8_00_17             12.254400       1     12.254400  h, n
eth_register_8_00_18             12.254400       1     12.254400  h, n
eth_register_8_00_19             12.254400       1     12.254400  h, n
eth_register_8_00_20             12.254400       1     12.254400  h, n
eth_register_8_06                12.343200       1     12.343200  h, n
eth_register_8_40_0              12.298800       1     12.298800  h, n
eth_register_8_40_1              12.298800       1     12.298800  h, n
eth_register_8_64                12.387600       1     12.387600  h, n
eth_register_8_a0                15.806400       1     15.806400  h, n
eth_register_16_0000             25.041601       1     25.041601  h, n
eth_register_WIDTH1_RESET_VALUE0_0     1.864800       1     1.864800 h, n
eth_register_WIDTH1_RESET_VALUE0_1     1.864800       1     1.864800 h, n
eth_register_WIDTH1_RESET_VALUE0_2     1.687200       1     1.687200 h, n
eth_registers_DW_cmp_J9_0         1.110000       1      1.110000  h
eth_registers_DW_cmp_J9_1         4.218000       1      4.218000  h
-----------------------------------------------------------------------------
Total 72 references                                   595.936814

****************************************
Design: eth_register_1_0_0 
****************************************
Reference          Library       Unit Area   Count    Total Area   Attributes
-----------------------------------------------------------------------------
SAEDHVT14_INV_0P5  saed14hvt_tt0p8v25c     0.177600       1     0.177600
SAEDHVT14_MUXI2_U_0P5 saed14hvt_tt0p8v25c     0.399600       1     0.399600
SAEDHVT14_NR2_MM_0P5 saed14hvt_tt0p8v25c     0.222000       1     0.222000
SAEDRVT14_FDPRBQ_V2_0P5 saed14rvt_tt0p8v25c     1.065600       1     1.065600 n
-----------------------------------------------------------------------------
Total 4 references                                      1.864800

****************************************
Design: eth_register_1_0_1 
****************************************
Reference          Library       Unit Area   Count    Total Area   Attributes
-----------------------------------------------------------------------------
SAEDHVT14_INV_0P5  saed14hvt_tt0p8v25c     0.177600       1     0.177600
SAEDHVT14_MUX2_U_0P5 saed14hvt_tt0p8v25c     0.444000       1     0.444000
SAEDRVT14_FDPRBQ_V2_0P5 saed14rvt_tt0p8v25c     1.065600       1     1.065600 n
-----------------------------------------------------------------------------
Total 3 references                                      1.687200

****************************************
Design: eth_register_1_0_2 
****************************************
Reference          Library       Unit Area   Count    Total Area   Attributes
-----------------------------------------------------------------------------
SAEDHVT14_INV_0P5  saed14hvt_tt0p8v25c     0.177600       1     0.177600
SAEDHVT14_MUX2_U_0P5 saed14hvt_tt0p8v25c     0.444000       1     0.444000
SAEDRVT14_FDPRBQ_V2_0P5 saed14rvt_tt0p8v25c     1.065600       1     1.065600 n
-----------------------------------------------------------------------------
Total 3 references                                      1.687200

****************************************
Design: eth_register_3_0 
****************************************
Reference          Library       Unit Area   Count    Total Area   Attributes
-----------------------------------------------------------------------------
SAEDHVT14_INV_0P5  saed14hvt_tt0p8v25c     0.177600       1     0.177600
SAEDHVT14_MUX2_U_0P5 saed14hvt_tt0p8v25c     0.444000       3     1.332000
SAEDRVT14_FDPRBQ_V2_0P5 saed14rvt_tt0p8v25c     1.065600       3     3.196800 n
-----------------------------------------------------------------------------
Total 3 references                                      4.706400

****************************************
Design: eth_register_4_f 
****************************************
Reference          Library       Unit Area   Count    Total Area   Attributes
-----------------------------------------------------------------------------
SAEDHVT14_INV_0P5  saed14hvt_tt0p8v25c     0.177600       1     0.177600
SAEDHVT14_MUX2_U_0P5 saed14hvt_tt0p8v25c     0.444000       4     1.776000
SAEDRVT14_FDPSBQ_0P5 saed14rvt_tt0p8v25c     1.110000       4     4.440000 n
-----------------------------------------------------------------------------
Total 3 references                                      6.393600

****************************************
Design: eth_register_5_00_0 
****************************************
Reference          Library       Unit Area   Count    Total Area   Attributes
-----------------------------------------------------------------------------
SAEDHVT14_FDPRBQ_V2LP_1 saed14hvt_tt0p8v25c     1.065600       1     1.065600 n
SAEDHVT14_INV_0P5  saed14hvt_tt0p8v25c     0.177600       1     0.177600
SAEDHVT14_MUX2_U_0P5 saed14hvt_tt0p8v25c     0.444000       5     2.220000
SAEDRVT14_FDPRBQ_V2_0P5 saed14rvt_tt0p8v25c     1.065600       4     4.262400 n
-----------------------------------------------------------------------------
Total 4 references                                      7.725600

****************************************
Design: eth_register_5_00_1 
****************************************
Reference          Library       Unit Area   Count    Total Area   Attributes
-----------------------------------------------------------------------------
SAEDHVT14_INV_0P5  saed14hvt_tt0p8v25c     0.177600       1     0.177600
SAEDHVT14_MUX2_U_0P5 saed14hvt_tt0p8v25c     0.444000       5     2.220000
SAEDRVT14_FDPRBQ_V2_0P5 saed14rvt_tt0p8v25c     1.065600       5     5.328000 n
-----------------------------------------------------------------------------
Total 3 references                                      7.725600

****************************************
Design: eth_register_6_3f 
****************************************
Reference          Library       Unit Area   Count    Total Area   Attributes
-----------------------------------------------------------------------------
SAEDHVT14_FDPSBQ_0P5 saed14hvt_tt0p8v25c     1.110000       1     1.110000 n
SAEDHVT14_FDPSBQ_1 saed14hvt_tt0p8v25c     1.110000       1     1.110000 n
SAEDHVT14_INV_0P5  saed14hvt_tt0p8v25c     0.177600       1     0.177600
SAEDHVT14_MUX2_U_0P5 saed14hvt_tt0p8v25c     0.444000       6     2.664000
SAEDRVT14_FDPSBQ_0P5 saed14rvt_tt0p8v25c     1.110000       4     4.440000 n
-----------------------------------------------------------------------------
Total 5 references                                      9.501600

****************************************
Design: eth_register_7_0c 
****************************************
Reference          Library       Unit Area   Count    Total Area   Attributes
-----------------------------------------------------------------------------
SAEDHVT14_INV_0P5  saed14hvt_tt0p8v25c     0.177600       1     0.177600
SAEDHVT14_MUX2_U_0P5 saed14hvt_tt0p8v25c     0.444000       7     3.108000
SAEDRVT14_FDPRBQ_V2_0P5 saed14rvt_tt0p8v25c     1.065600       5     5.328000 n
SAEDRVT14_FDPSBQ_0P5 saed14rvt_tt0p8v25c     1.110000       2     2.220000 n
-----------------------------------------------------------------------------
Total 4 references                                     10.833600

****************************************
Design: eth_register_7_00 
****************************************
Reference          Library       Unit Area   Count    Total Area   Attributes
-----------------------------------------------------------------------------
SAEDHVT14_INV_0P5  saed14hvt_tt0p8v25c     0.177600       1     0.177600
SAEDHVT14_MUX2_U_0P5 saed14hvt_tt0p8v25c     0.444000       7     3.108000
SAEDRVT14_FDPRBQ_V2_0P5 saed14rvt_tt0p8v25c     1.065600       7     7.459200 n
-----------------------------------------------------------------------------
Total 3 references                                     10.744800

****************************************
Design: eth_register_7_12_0 
****************************************
Reference          Library       Unit Area   Count    Total Area   Attributes
-----------------------------------------------------------------------------
SAEDHVT14_INV_0P5  saed14hvt_tt0p8v25c     0.177600       1     0.177600
SAEDHVT14_MUX2_U_0P5 saed14hvt_tt0p8v25c     0.444000       7     3.108000
SAEDRVT14_FDPRBQ_V2_0P5 saed14rvt_tt0p8v25c     1.065600       5     5.328000 n
SAEDRVT14_FDPSBQ_0P5 saed14rvt_tt0p8v25c     1.110000       2     2.220000 n
-----------------------------------------------------------------------------
Total 4 references                                     10.833600

****************************************
Design: eth_register_7_12_1 
****************************************
Reference          Library       Unit Area   Count    Total Area   Attributes
-----------------------------------------------------------------------------
SAEDHVT14_FDPRBQ_V2LP_0P5 saed14hvt_tt0p8v25c     1.065600       1     1.065600 n
SAEDHVT14_FDPSBQ_1 saed14hvt_tt0p8v25c     1.110000       1     1.110000 n
SAEDHVT14_INV_0P5  saed14hvt_tt0p8v25c     0.177600       1     0.177600
SAEDHVT14_MUX2_U_0P5 saed14hvt_tt0p8v25c     0.444000       7     3.108000
SAEDRVT14_FDPRBQ_V2_0P5 saed14rvt_tt0p8v25c     1.065600       4     4.262400 n
SAEDRVT14_FDPSBQ_0P5 saed14rvt_tt0p8v25c     1.110000       1     1.110000 n
-----------------------------------------------------------------------------
Total 6 references                                     10.833600

****************************************
Design: eth_register_8_00_0 
****************************************
Reference          Library       Unit Area   Count    Total Area   Attributes
-----------------------------------------------------------------------------
SAEDHVT14_FDPRBQ_V2LP_0P5 saed14hvt_tt0p8v25c     1.065600       1     1.065600 n
SAEDHVT14_INV_0P5  saed14hvt_tt0p8v25c     0.177600       1     0.177600
SAEDHVT14_MUX2_U_0P5 saed14hvt_tt0p8v25c     0.444000       8     3.552000
SAEDRVT14_FDPRBQ_V2_0P5 saed14rvt_tt0p8v25c     1.065600       7     7.459200 n
-----------------------------------------------------------------------------
Total 4 references                                     12.254400

****************************************
Design: eth_register_8_00_1 
****************************************
Reference          Library       Unit Area   Count    Total Area   Attributes
-----------------------------------------------------------------------------
SAEDHVT14_INV_0P5  saed14hvt_tt0p8v25c     0.177600       1     0.177600
SAEDHVT14_MUX2_U_0P5 saed14hvt_tt0p8v25c     0.444000       8     3.552000
SAEDRVT14_FDPRBQ_V2_0P5 saed14rvt_tt0p8v25c     1.065600       8     8.524800 n
-----------------------------------------------------------------------------
Total 3 references                                     12.254400

****************************************
Design: eth_register_8_00_2 
****************************************
Reference          Library       Unit Area   Count    Total Area   Attributes
-----------------------------------------------------------------------------
SAEDHVT14_FDPRBQ_V2LP_0P5 saed14hvt_tt0p8v25c     1.065600       1     1.065600 n
SAEDHVT14_INV_0P5  saed14hvt_tt0p8v25c     0.177600       1     0.177600
SAEDHVT14_MUX2_U_0P5 saed14hvt_tt0p8v25c     0.444000       8     3.552000
SAEDRVT14_FDPRBQ_V2_0P5 saed14rvt_tt0p8v25c     1.065600       7     7.459200 n
-----------------------------------------------------------------------------
Total 4 references                                     12.254400

****************************************
Design: eth_register_8_00_3 
****************************************
Reference          Library       Unit Area   Count    Total Area   Attributes
-----------------------------------------------------------------------------
SAEDHVT14_INV_0P5  saed14hvt_tt0p8v25c     0.177600       1     0.177600
SAEDHVT14_MUX2_U_0P5 saed14hvt_tt0p8v25c     0.444000       8     3.552000
SAEDRVT14_FDPRBQ_V2_0P5 saed14rvt_tt0p8v25c     1.065600       8     8.524800 n
-----------------------------------------------------------------------------
Total 3 references                                     12.254400

****************************************
Design: eth_register_8_00_4 
****************************************
Reference          Library       Unit Area   Count    Total Area   Attributes
-----------------------------------------------------------------------------
SAEDHVT14_FDPRBQ_V2LP_0P5 saed14hvt_tt0p8v25c     1.065600       1     1.065600 n
SAEDHVT14_INV_0P5  saed14hvt_tt0p8v25c     0.177600       1     0.177600
SAEDHVT14_MUX2_U_0P5 saed14hvt_tt0p8v25c     0.444000       8     3.552000
SAEDRVT14_FDPRBQ_V2_0P5 saed14rvt_tt0p8v25c     1.065600       7     7.459200 n
-----------------------------------------------------------------------------
Total 4 references                                     12.254400

****************************************
Design: eth_register_8_00_5 
****************************************
Reference          Library       Unit Area   Count    Total Area   Attributes
-----------------------------------------------------------------------------
SAEDHVT14_INV_0P5  saed14hvt_tt0p8v25c     0.177600       1     0.177600
SAEDHVT14_MUX2_U_0P5 saed14hvt_tt0p8v25c     0.444000       8     3.552000
SAEDRVT14_FDPRBQ_V2_0P5 saed14rvt_tt0p8v25c     1.065600       8     8.524800 n
-----------------------------------------------------------------------------
Total 3 references                                     12.254400

****************************************
Design: eth_register_8_00_6 
****************************************
Reference          Library       Unit Area   Count    Total Area   Attributes
-----------------------------------------------------------------------------
SAEDHVT14_FDPRBQ_V2LP_0P5 saed14hvt_tt0p8v25c     1.065600       1     1.065600 n
SAEDHVT14_INV_0P5  saed14hvt_tt0p8v25c     0.177600       1     0.177600
SAEDHVT14_MUX2_U_0P5 saed14hvt_tt0p8v25c     0.444000       8     3.552000
SAEDRVT14_FDPRBQ_V2_0P5 saed14rvt_tt0p8v25c     1.065600       7     7.459200 n
-----------------------------------------------------------------------------
Total 4 references                                     12.254400

****************************************
Design: eth_register_8_00_7 
****************************************
Reference          Library       Unit Area   Count    Total Area   Attributes
-----------------------------------------------------------------------------
SAEDHVT14_INV_0P5  saed14hvt_tt0p8v25c     0.177600       1     0.177600
SAEDHVT14_MUX2_U_0P5 saed14hvt_tt0p8v25c     0.444000       8     3.552000
SAEDRVT14_FDPRBQ_V2_0P5 saed14rvt_tt0p8v25c     1.065600       8     8.524800 n
-----------------------------------------------------------------------------
Total 3 references                                     12.254400

****************************************
Design: eth_register_8_00_8 
****************************************
Reference          Library       Unit Area   Count    Total Area   Attributes
-----------------------------------------------------------------------------
SAEDHVT14_FDPRBQ_V2LP_0P5 saed14hvt_tt0p8v25c     1.065600       1     1.065600 n
SAEDHVT14_INV_0P5  saed14hvt_tt0p8v25c     0.177600       1     0.177600
SAEDHVT14_MUX2_U_0P5 saed14hvt_tt0p8v25c     0.444000       8     3.552000
SAEDRVT14_FDPRBQ_V2_0P5 saed14rvt_tt0p8v25c     1.065600       7     7.459200 n
-----------------------------------------------------------------------------
Total 4 references                                     12.254400

****************************************
Design: eth_register_8_00_9 
****************************************
Reference          Library       Unit Area   Count    Total Area   Attributes
-----------------------------------------------------------------------------
SAEDHVT14_INV_0P5  saed14hvt_tt0p8v25c     0.177600       1     0.177600
SAEDHVT14_MUX2_U_0P5 saed14hvt_tt0p8v25c     0.444000       8     3.552000
SAEDRVT14_FDPRBQ_V2_0P5 saed14rvt_tt0p8v25c     1.065600       8     8.524800 n
-----------------------------------------------------------------------------
Total 3 references                                     12.254400

****************************************
Design: eth_register_8_00_10 
****************************************
Reference          Library       Unit Area   Count    Total Area   Attributes
-----------------------------------------------------------------------------
SAEDHVT14_FDPRBQ_V2LP_0P5 saed14hvt_tt0p8v25c     1.065600       1     1.065600 n
SAEDHVT14_INV_0P5  saed14hvt_tt0p8v25c     0.177600       1     0.177600
SAEDHVT14_MUX2_U_0P5 saed14hvt_tt0p8v25c     0.444000       8     3.552000
SAEDRVT14_FDPRBQ_V2_0P5 saed14rvt_tt0p8v25c     1.065600       7     7.459200 n
-----------------------------------------------------------------------------
Total 4 references                                     12.254400

****************************************
Design: eth_register_8_00_11 
****************************************
Reference          Library       Unit Area   Count    Total Area   Attributes
-----------------------------------------------------------------------------
SAEDHVT14_INV_0P5  saed14hvt_tt0p8v25c     0.177600       1     0.177600
SAEDHVT14_MUX2_U_0P5 saed14hvt_tt0p8v25c     0.444000       8     3.552000
SAEDRVT14_FDPRBQ_V2_0P5 saed14rvt_tt0p8v25c     1.065600       8     8.524800 n
-----------------------------------------------------------------------------
Total 3 references                                     12.254400

****************************************
Design: eth_register_8_00_12 
****************************************
Reference          Library       Unit Area   Count    Total Area   Attributes
-----------------------------------------------------------------------------
SAEDHVT14_FDPRBQ_V2LP_0P5 saed14hvt_tt0p8v25c     1.065600       1     1.065600 n
SAEDHVT14_INV_0P5  saed14hvt_tt0p8v25c     0.177600       1     0.177600
SAEDHVT14_MUX2_U_0P5 saed14hvt_tt0p8v25c     0.444000       8     3.552000
SAEDRVT14_FDPRBQ_V2_0P5 saed14rvt_tt0p8v25c     1.065600       7     7.459200 n
-----------------------------------------------------------------------------
Total 4 references                                     12.254400

****************************************
Design: eth_register_8_00_13 
****************************************
Reference          Library       Unit Area   Count    Total Area   Attributes
-----------------------------------------------------------------------------
SAEDHVT14_FDPRBQ_V2LP_0P5 saed14hvt_tt0p8v25c     1.065600       1     1.065600 n
SAEDHVT14_INV_0P5  saed14hvt_tt0p8v25c     0.177600       1     0.177600
SAEDHVT14_MUX2_U_0P5 saed14hvt_tt0p8v25c     0.444000       8     3.552000
SAEDRVT14_FDPRBQ_V2_0P5 saed14rvt_tt0p8v25c     1.065600       7     7.459200 n
-----------------------------------------------------------------------------
Total 4 references                                     12.254400

****************************************
Design: eth_register_8_00_14 
****************************************
Reference          Library       Unit Area   Count    Total Area   Attributes
-----------------------------------------------------------------------------
SAEDHVT14_INV_0P5  saed14hvt_tt0p8v25c     0.177600       1     0.177600
SAEDHVT14_MUX2_U_0P5 saed14hvt_tt0p8v25c     0.444000       8     3.552000
SAEDRVT14_FDPRBQ_V2_0P5 saed14rvt_tt0p8v25c     1.065600       8     8.524800 n
-----------------------------------------------------------------------------
Total 3 references                                     12.254400

****************************************
Design: eth_register_8_00_15 
****************************************
Reference          Library       Unit Area   Count    Total Area   Attributes
-----------------------------------------------------------------------------
SAEDHVT14_FDPRBQ_V2LP_0P5 saed14hvt_tt0p8v25c     1.065600       1     1.065600 n
SAEDHVT14_INV_0P5  saed14hvt_tt0p8v25c     0.177600       1     0.177600
SAEDHVT14_MUX2_U_0P5 saed14hvt_tt0p8v25c     0.444000       8     3.552000
SAEDRVT14_FDPRBQ_V2_0P5 saed14rvt_tt0p8v25c     1.065600       7     7.459200 n
-----------------------------------------------------------------------------
Total 4 references                                     12.254400

****************************************
Design: eth_register_8_00_16 
****************************************
Reference          Library       Unit Area   Count    Total Area   Attributes
-----------------------------------------------------------------------------
SAEDHVT14_FDPRBQ_V2LP_1 saed14hvt_tt0p8v25c     1.065600       1     1.065600 n
SAEDHVT14_INV_0P5  saed14hvt_tt0p8v25c     0.177600       1     0.177600
SAEDHVT14_MUX2_U_0P5 saed14hvt_tt0p8v25c     0.444000       8     3.552000
SAEDRVT14_FDPRBQ_V2_0P5 saed14rvt_tt0p8v25c     1.065600       7     7.459200 n
-----------------------------------------------------------------------------
Total 4 references                                     12.254400

****************************************
Design: eth_register_8_00_17 
****************************************
Reference          Library       Unit Area   Count    Total Area   Attributes
-----------------------------------------------------------------------------
SAEDHVT14_FDPRBQ_V2LP_0P5 saed14hvt_tt0p8v25c     1.065600       1     1.065600 n
SAEDHVT14_INV_0P5  saed14hvt_tt0p8v25c     0.177600       1     0.177600
SAEDHVT14_MUX2_U_0P5 saed14hvt_tt0p8v25c     0.444000       8     3.552000
SAEDRVT14_FDPRBQ_V2_0P5 saed14rvt_tt0p8v25c     1.065600       7     7.459200 n
-----------------------------------------------------------------------------
Total 4 references                                     12.254400

****************************************
Design: eth_register_8_00_18 
****************************************
Reference          Library       Unit Area   Count    Total Area   Attributes
-----------------------------------------------------------------------------
SAEDHVT14_FDPRBQ_V2LP_1 saed14hvt_tt0p8v25c     1.065600       1     1.065600 n
SAEDHVT14_INV_0P5  saed14hvt_tt0p8v25c     0.177600       1     0.177600
SAEDHVT14_MUX2_U_0P5 saed14hvt_tt0p8v25c     0.444000       8     3.552000
SAEDRVT14_FDPRBQ_V2_0P5 saed14rvt_tt0p8v25c     1.065600       7     7.459200 n
-----------------------------------------------------------------------------
Total 4 references                                     12.254400

****************************************
Design: eth_register_8_00_19 
****************************************
Reference          Library       Unit Area   Count    Total Area   Attributes
-----------------------------------------------------------------------------
SAEDHVT14_FDPRBQ_V2LP_1 saed14hvt_tt0p8v25c     1.065600       2     2.131200 n
SAEDHVT14_INV_0P5  saed14hvt_tt0p8v25c     0.177600       1     0.177600
SAEDHVT14_MUX2_U_0P5 saed14hvt_tt0p8v25c     0.444000       8     3.552000
SAEDRVT14_FDPRBQ_V2_0P5 saed14rvt_tt0p8v25c     1.065600       6     6.393600 n
-----------------------------------------------------------------------------
Total 4 references                                     12.254400

****************************************
Design: eth_register_8_00_20 
****************************************
Reference          Library       Unit Area   Count    Total Area   Attributes
-----------------------------------------------------------------------------
SAEDHVT14_INV_0P5  saed14hvt_tt0p8v25c     0.177600       1     0.177600
SAEDHVT14_MUX2_U_0P5 saed14hvt_tt0p8v25c     0.444000       8     3.552000
SAEDRVT14_FDPRBQ_V2_0P5 saed14rvt_tt0p8v25c     1.065600       8     8.524800 n
-----------------------------------------------------------------------------
Total 3 references                                     12.254400

****************************************
Design: eth_register_8_06 
****************************************
Reference          Library       Unit Area   Count    Total Area   Attributes
-----------------------------------------------------------------------------
SAEDHVT14_FDPRBQ_V2LP_0P5 saed14hvt_tt0p8v25c     1.065600       1     1.065600 n
SAEDHVT14_INV_0P5  saed14hvt_tt0p8v25c     0.177600       1     0.177600
SAEDHVT14_MUX2_U_0P5 saed14hvt_tt0p8v25c     0.444000       8     3.552000
SAEDRVT14_FDPRBQ_V2_0P5 saed14rvt_tt0p8v25c     1.065600       5     5.328000 n
SAEDRVT14_FDPSBQ_0P5 saed14rvt_tt0p8v25c     1.110000       2     2.220000 n
-----------------------------------------------------------------------------
Total 5 references                                     12.343200

****************************************
Design: eth_register_8_40_0 
****************************************
Reference          Library       Unit Area   Count    Total Area   Attributes
-----------------------------------------------------------------------------
SAEDHVT14_INV_0P5  saed14hvt_tt0p8v25c     0.177600       1     0.177600
SAEDHVT14_MUX2_U_0P5 saed14hvt_tt0p8v25c     0.444000       8     3.552000
SAEDRVT14_FDPRBQ_V2_0P5 saed14rvt_tt0p8v25c     1.065600       7     7.459200 n
SAEDRVT14_FDPSBQ_0P5 saed14rvt_tt0p8v25c     1.110000       1     1.110000 n
-----------------------------------------------------------------------------
Total 4 references                                     12.298800

****************************************
Design: eth_register_8_40_1 
****************************************
Reference          Library       Unit Area   Count    Total Area   Attributes
-----------------------------------------------------------------------------
SAEDHVT14_INV_0P5  saed14hvt_tt0p8v25c     0.177600       1     0.177600
SAEDHVT14_MUX2_U_0P5 saed14hvt_tt0p8v25c     0.444000       8     3.552000
SAEDRVT14_FDPRBQ_V2_0P5 saed14rvt_tt0p8v25c     1.065600       7     7.459200 n
SAEDRVT14_FDPSBQ_0P5 saed14rvt_tt0p8v25c     1.110000       1     1.110000 n
-----------------------------------------------------------------------------
Total 4 references                                     12.298800

****************************************
Design: eth_register_8_64 
****************************************
Reference          Library       Unit Area   Count    Total Area   Attributes
-----------------------------------------------------------------------------
SAEDHVT14_FDPRBQ_V2LP_0P5 saed14hvt_tt0p8v25c     1.065600       1     1.065600 n
SAEDHVT14_INV_0P5  saed14hvt_tt0p8v25c     0.177600       1     0.177600
SAEDHVT14_MUX2_U_0P5 saed14hvt_tt0p8v25c     0.444000       8     3.552000
SAEDRVT14_FDPRBQ_V2_0P5 saed14rvt_tt0p8v25c     1.065600       4     4.262400 n
SAEDRVT14_FDPSBQ_0P5 saed14rvt_tt0p8v25c     1.110000       3     3.330000 n
-----------------------------------------------------------------------------
Total 5 references                                     12.387600

****************************************
Design: eth_register_8_a0 
****************************************
Reference          Library       Unit Area   Count    Total Area   Attributes
-----------------------------------------------------------------------------
SAEDHVT14_FDPS_V3_2 saed14hvt_tt0p8v25c     1.598400       1     1.598400 n
SAEDHVT14_INV_0P5  saed14hvt_tt0p8v25c     0.177600       1     0.177600
SAEDHVT14_MUX2_U_0P5 saed14hvt_tt0p8v25c     0.444000       8     3.552000
SAEDRVT14_AN2_MM_0P5 saed14rvt_tt0p8v25c     0.310800       8     2.486400
SAEDRVT14_FDPRBQ_V2_0P5 saed14rvt_tt0p8v25c     1.065600       6     6.393600 n
SAEDRVT14_FDPS_V3_2 saed14rvt_tt0p8v25c     1.598400       1     1.598400 n
-----------------------------------------------------------------------------
Total 6 references                                     15.806400

****************************************
Design: eth_register_16_0000 
****************************************
Reference          Library       Unit Area   Count    Total Area   Attributes
-----------------------------------------------------------------------------
SAEDHVT14_BUF_U_0P5 saed14hvt_tt0p8v25c     0.266400       2     0.532800
SAEDHVT14_FDPRBQ_V2LP_0P5 saed14hvt_tt0p8v25c     1.065600       1     1.065600 n
SAEDHVT14_INV_0P5  saed14hvt_tt0p8v25c     0.177600       2     0.355200
SAEDHVT14_MUX2_U_0P5 saed14hvt_tt0p8v25c     0.444000      16     7.104000
SAEDRVT14_FDPRBQ_V2_0P5 saed14rvt_tt0p8v25c     1.065600      15    15.984001 n
-----------------------------------------------------------------------------
Total 5 references                                     25.041601

****************************************
Design: eth_register_WIDTH1_RESET_VALUE0_0 
****************************************
Reference          Library       Unit Area   Count    Total Area   Attributes
-----------------------------------------------------------------------------
SAEDHVT14_INV_0P5  saed14hvt_tt0p8v25c     0.177600       1     0.177600
SAEDHVT14_MUXI2_U_0P5 saed14hvt_tt0p8v25c     0.399600       1     0.399600
SAEDHVT14_NR2_MM_0P5 saed14hvt_tt0p8v25c     0.222000       1     0.222000
SAEDRVT14_FDPRBQ_V2_0P5 saed14rvt_tt0p8v25c     1.065600       1     1.065600 n
-----------------------------------------------------------------------------
Total 4 references                                      1.864800

****************************************
Design: eth_register_WIDTH1_RESET_VALUE0_1 
****************************************
Reference          Library       Unit Area   Count    Total Area   Attributes
-----------------------------------------------------------------------------
SAEDHVT14_INV_0P5  saed14hvt_tt0p8v25c     0.177600       1     0.177600
SAEDHVT14_MUXI2_U_0P5 saed14hvt_tt0p8v25c     0.399600       1     0.399600
SAEDHVT14_NR2_MM_0P5 saed14hvt_tt0p8v25c     0.222000       1     0.222000
SAEDRVT14_FDPRBQ_V2_0P5 saed14rvt_tt0p8v25c     1.065600       1     1.065600 n
-----------------------------------------------------------------------------
Total 4 references                                      1.864800

****************************************
Design: eth_register_WIDTH1_RESET_VALUE0_2 
****************************************
Reference          Library       Unit Area   Count    Total Area   Attributes
-----------------------------------------------------------------------------
SAEDHVT14_INV_0P5  saed14hvt_tt0p8v25c     0.177600       1     0.177600
SAEDHVT14_MUX2_U_0P5 saed14hvt_tt0p8v25c     0.444000       1     0.444000
SAEDRVT14_FDPRBQ_V2_0P5 saed14rvt_tt0p8v25c     1.065600       1     1.065600 n
-----------------------------------------------------------------------------
Total 3 references                                      1.687200

****************************************
Design: eth_registers_DW_cmp_J9_0 
****************************************
Reference          Library       Unit Area   Count    Total Area   Attributes
-----------------------------------------------------------------------------
SAEDHVT14_OR2_0P5  saed14hvt_tt0p8v25c     0.310800       1     0.310800
SAEDHVT14_OR4_1    saed14hvt_tt0p8v25c     0.399600       2     0.799200
-----------------------------------------------------------------------------
Total 2 references                                      1.110000

****************************************
Design: eth_registers_DW_cmp_J9_1 
****************************************
Reference          Library       Unit Area   Count    Total Area   Attributes
-----------------------------------------------------------------------------
SAEDHVT14_AOI21_0P5 saed14hvt_tt0p8v25c     0.266400       1     0.266400
SAEDHVT14_OR3_0P5  saed14hvt_tt0p8v25c     0.355200       1     0.355200
SAEDHVT14_OR4_1    saed14hvt_tt0p8v25c     0.399600       9     3.596400
-----------------------------------------------------------------------------
Total 3 references                                      4.218000

****************************************
Design: eth_rxethmac 
****************************************
Reference          Library       Unit Area   Count    Total Area   Attributes
-----------------------------------------------------------------------------
SAEDHVT14_AN2B_MM_1 saed14hvt_tt0p8v25c     0.399600       2     0.799200
SAEDHVT14_AN4_0P75 saed14hvt_tt0p8v25c     0.399600       2     0.799200
SAEDHVT14_AO21_U_0P5 saed14hvt_tt0p8v25c     0.355200       3     1.065600
SAEDHVT14_AO32_U_0P5 saed14hvt_tt0p8v25c     0.444000       8     3.552000
SAEDHVT14_AOI21_0P5 saed14hvt_tt0p8v25c     0.266400       2     0.532800
SAEDHVT14_EO2_V1_0P75 saed14hvt_tt0p8v25c     0.444000       1     0.444000
SAEDHVT14_FDPRBQ_V2LP_0P5 saed14hvt_tt0p8v25c     1.065600       2     2.131200 n
SAEDHVT14_INV_0P5  saed14hvt_tt0p8v25c     0.177600       7     1.243200
SAEDHVT14_ND2_CDC_0P5 saed14hvt_tt0p8v25c     0.222000       7     1.554000
SAEDHVT14_NR2_MM_0P5 saed14hvt_tt0p8v25c     0.222000       5     1.110000
SAEDHVT14_OA21_1   saed14hvt_tt0p8v25c     0.355200       1     0.355200
SAEDHVT14_OA221_U_0P5 saed14hvt_tt0p8v25c     0.488400       6     2.930400
SAEDHVT14_OAI21_0P5 saed14hvt_tt0p8v25c     0.266400       5     1.332000
SAEDHVT14_OR2_0P5  saed14hvt_tt0p8v25c     0.310800       2     0.621600
SAEDHVT14_OR3_0P5  saed14hvt_tt0p8v25c     0.355200       1     0.355200
SAEDRVT14_AN2_MM_0P5 saed14rvt_tt0p8v25c     0.310800       1     0.310800
SAEDRVT14_FDPRBQ_V2_0P5 saed14rvt_tt0p8v25c     1.065600      31    33.033601 n
SAEDRVT14_FDP_V2LP_0P5 saed14rvt_tt0p8v25c     0.932400       7     6.526800 n
eth_crc_0                        62.559601       1     62.559601  h, n
eth_rxaddrcheck                  62.914801       1     62.914801  h, n
eth_rxcounters                   94.838401       1     94.838401  h, n
eth_rxstatem                     12.742800       1     12.742800  h, n
-----------------------------------------------------------------------------
Total 22 references                                   291.752404

****************************************
Design: eth_crc_0 
****************************************
Reference          Library       Unit Area   Count    Total Area   Attributes
-----------------------------------------------------------------------------
SAEDHVT14_AN4_0P75 saed14hvt_tt0p8v25c     0.399600       7     2.797200
SAEDHVT14_AOI21_0P5 saed14hvt_tt0p8v25c     0.266400      24     6.393600
SAEDHVT14_EO2_V1_0P75 saed14hvt_tt0p8v25c     0.444000       6     2.664000
SAEDHVT14_FDPSBQ_0P5 saed14hvt_tt0p8v25c     1.110000       2     2.220000 n
SAEDHVT14_INV_0P5  saed14hvt_tt0p8v25c     0.177600       8     1.420800
SAEDHVT14_ND2B_U_0P5 saed14hvt_tt0p8v25c     0.310800       1     0.310800
SAEDHVT14_ND2_CDC_0P5 saed14hvt_tt0p8v25c     0.222000      12     2.664000
SAEDHVT14_NR2_MM_0P5 saed14hvt_tt0p8v25c     0.222000       1     0.222000
SAEDHVT14_OA22_U_0P5 saed14hvt_tt0p8v25c     0.399600       6     2.397600
SAEDHVT14_OAI21_0P5 saed14hvt_tt0p8v25c     0.266400      24     6.393600
SAEDHVT14_OR2_0P5  saed14hvt_tt0p8v25c     0.310800       2     0.621600
SAEDHVT14_OR3_0P5  saed14hvt_tt0p8v25c     0.355200       1     0.355200
SAEDHVT14_OR4_1    saed14hvt_tt0p8v25c     0.399600       2     0.799200
SAEDRVT14_FDPSBQ_0P5 saed14rvt_tt0p8v25c     1.110000      30    33.300000 n
-----------------------------------------------------------------------------
Total 14 references                                    62.559601

****************************************
Design: eth_rxaddrcheck 
****************************************
Reference          Library       Unit Area   Count    Total Area   Attributes
-----------------------------------------------------------------------------
SAEDHVT14_AN2B_MM_1 saed14hvt_tt0p8v25c     0.399600       1     0.399600
SAEDHVT14_AN4_0P75 saed14hvt_tt0p8v25c     0.399600       1     0.399600
SAEDHVT14_AO21B_0P5 saed14hvt_tt0p8v25c     0.355200       4     1.420800
SAEDHVT14_AO21_U_0P5 saed14hvt_tt0p8v25c     0.355200       1     0.355200
SAEDHVT14_AO32_U_0P5 saed14hvt_tt0p8v25c     0.444000       1     0.444000
SAEDHVT14_AOI21_0P5 saed14hvt_tt0p8v25c     0.266400       6     1.598400
SAEDHVT14_INV_0P5  saed14hvt_tt0p8v25c     0.177600      10     1.776000
SAEDHVT14_MUX2_U_0P5 saed14hvt_tt0p8v25c     0.444000       1     0.444000
SAEDHVT14_MUXI2_U_0P5 saed14hvt_tt0p8v25c     0.399600       1     0.399600
SAEDHVT14_MUXI4_U_0P5 saed14hvt_tt0p8v25c     0.976800       6     5.860800
SAEDHVT14_ND2_CDC_0P5 saed14hvt_tt0p8v25c     0.222000       8     1.776000
SAEDHVT14_NR2_MM_0P5 saed14hvt_tt0p8v25c     0.222000       8     1.776000
SAEDHVT14_OA21B_1  saed14hvt_tt0p8v25c     0.355200       2     0.710400
SAEDHVT14_OA221_U_0P5 saed14hvt_tt0p8v25c     0.488400       4     1.953600
SAEDHVT14_OAI21_0P5 saed14hvt_tt0p8v25c     0.266400      15     3.996000
SAEDHVT14_OAI22_0P5 saed14hvt_tt0p8v25c     0.310800      19     5.905200
SAEDHVT14_OR4_1    saed14hvt_tt0p8v25c     0.399600       2     0.799200
SAEDLVT14_TIE0_V1_2 saed14lvt_tt0p8v25c     0.488400       1     0.488400
SAEDLVT14_TIE1_4   saed14lvt_tt0p8v25c     0.399600       1     0.399600
SAEDRVT14_AN2_MM_0P5 saed14rvt_tt0p8v25c     0.310800       1     0.310800
SAEDRVT14_FDPRBQ_V2_0P5 saed14rvt_tt0p8v25c     1.065600       4     4.262400 n
eth_rxaddrcheck_DW_cmp_J15_0      4.573200       1      4.573200  h
eth_rxaddrcheck_DW_cmp_J15_1      4.573200       1      4.573200  h
eth_rxaddrcheck_DW_cmp_J15_2      4.573200       1      4.573200  h
eth_rxaddrcheck_DW_cmp_J15_3      4.573200       1      4.573200  h
eth_rxaddrcheck_DW_cmp_J15_4      4.573200       1      4.573200  h
eth_rxaddrcheck_DW_cmp_J15_5      4.573200       1      4.573200  h
-----------------------------------------------------------------------------
Total 27 references                                    62.914801

****************************************
Design: eth_rxaddrcheck_DW_cmp_J15_0 
****************************************
Reference          Library       Unit Area   Count    Total Area   Attributes
-----------------------------------------------------------------------------
SAEDHVT14_EO2_V1_0P75 saed14hvt_tt0p8v25c     0.444000       8     3.552000
SAEDHVT14_NR2_MM_0P5 saed14hvt_tt0p8v25c     0.222000       1     0.222000
SAEDHVT14_OR4_1    saed14hvt_tt0p8v25c     0.399600       2     0.799200
-----------------------------------------------------------------------------
Total 3 references                                      4.573200

****************************************
Design: eth_rxaddrcheck_DW_cmp_J15_1 
****************************************
Reference          Library       Unit Area   Count    Total Area   Attributes
-----------------------------------------------------------------------------
SAEDHVT14_EO2_V1_0P75 saed14hvt_tt0p8v25c     0.444000       8     3.552000
SAEDHVT14_NR2_MM_0P5 saed14hvt_tt0p8v25c     0.222000       1     0.222000
SAEDHVT14_OR4_1    saed14hvt_tt0p8v25c     0.399600       2     0.799200
-----------------------------------------------------------------------------
Total 3 references                                      4.573200

****************************************
Design: eth_rxaddrcheck_DW_cmp_J15_2 
****************************************
Reference          Library       Unit Area   Count    Total Area   Attributes
-----------------------------------------------------------------------------
SAEDHVT14_EO2_V1_0P75 saed14hvt_tt0p8v25c     0.444000       8     3.552000
SAEDHVT14_NR2_MM_0P5 saed14hvt_tt0p8v25c     0.222000       1     0.222000
SAEDHVT14_OR4_1    saed14hvt_tt0p8v25c     0.399600       2     0.799200
-----------------------------------------------------------------------------
Total 3 references                                      4.573200

****************************************
Design: eth_rxaddrcheck_DW_cmp_J15_3 
****************************************
Reference          Library       Unit Area   Count    Total Area   Attributes
-----------------------------------------------------------------------------
SAEDHVT14_EO2_V1_0P75 saed14hvt_tt0p8v25c     0.444000       8     3.552000
SAEDHVT14_NR2_MM_0P5 saed14hvt_tt0p8v25c     0.222000       1     0.222000
SAEDHVT14_OR4_1    saed14hvt_tt0p8v25c     0.399600       2     0.799200
-----------------------------------------------------------------------------
Total 3 references                                      4.573200

****************************************
Design: eth_rxaddrcheck_DW_cmp_J15_4 
****************************************
Reference          Library       Unit Area   Count    Total Area   Attributes
-----------------------------------------------------------------------------
SAEDHVT14_EO2_V1_0P75 saed14hvt_tt0p8v25c     0.444000       8     3.552000
SAEDHVT14_NR2_MM_0P5 saed14hvt_tt0p8v25c     0.222000       1     0.222000
SAEDHVT14_OR4_1    saed14hvt_tt0p8v25c     0.399600       2     0.799200
-----------------------------------------------------------------------------
Total 3 references                                      4.573200

****************************************
Design: eth_rxaddrcheck_DW_cmp_J15_5 
****************************************
Reference          Library       Unit Area   Count    Total Area   Attributes
-----------------------------------------------------------------------------
SAEDHVT14_EO2_V1_0P75 saed14hvt_tt0p8v25c     0.444000       8     3.552000
SAEDHVT14_NR2_MM_0P5 saed14hvt_tt0p8v25c     0.222000       1     0.222000
SAEDHVT14_OR4_1    saed14hvt_tt0p8v25c     0.399600       2     0.799200
-----------------------------------------------------------------------------
Total 3 references                                      4.573200

****************************************
Design: eth_rxcounters 
****************************************
Reference          Library       Unit Area   Count    Total Area   Attributes
-----------------------------------------------------------------------------
SAEDHVT14_AN2B_MM_1 saed14hvt_tt0p8v25c     0.399600       1     0.399600
SAEDHVT14_AN3_0P5  saed14hvt_tt0p8v25c     0.355200       1     0.355200
SAEDHVT14_AN4_0P75 saed14hvt_tt0p8v25c     0.399600       8     3.196800
SAEDHVT14_AO21_U_0P5 saed14hvt_tt0p8v25c     0.355200       2     0.710400
SAEDHVT14_AO32_U_0P5 saed14hvt_tt0p8v25c     0.444000       7     3.108000
SAEDHVT14_AOI21_0P5 saed14hvt_tt0p8v25c     0.266400       2     0.532800
SAEDHVT14_AOI31_0P75 saed14hvt_tt0p8v25c     0.488400       1     0.488400
SAEDHVT14_FDPRBQ_V2LP_0P5 saed14hvt_tt0p8v25c     1.065600       3     3.196800 n
SAEDHVT14_INV_0P5  saed14hvt_tt0p8v25c     0.177600      47     8.347200
SAEDHVT14_ND2B_U_0P5 saed14hvt_tt0p8v25c     0.310800       1     0.310800
SAEDHVT14_ND2_CDC_0P5 saed14hvt_tt0p8v25c     0.222000       9     1.998000
SAEDHVT14_NR2_MM_0P5 saed14hvt_tt0p8v25c     0.222000      11     2.442000
SAEDHVT14_NR4_0P75 saed14hvt_tt0p8v25c     0.488400       1     0.488400
SAEDHVT14_OA22_U_0P5 saed14hvt_tt0p8v25c     0.399600       1     0.399600
SAEDHVT14_OA31_1   saed14hvt_tt0p8v25c     0.399600       1     0.399600
SAEDHVT14_OAI21_0P5 saed14hvt_tt0p8v25c     0.266400       4     1.065600
SAEDHVT14_OAI22_0P5 saed14hvt_tt0p8v25c     0.310800      19     5.905200
SAEDHVT14_OR3_0P5  saed14hvt_tt0p8v25c     0.355200       1     0.355200
SAEDHVT14_OR4_1    saed14hvt_tt0p8v25c     0.399600       1     0.399600
SAEDLVT14_TIE0_V1_2 saed14lvt_tt0p8v25c     0.488400       1     0.488400
SAEDLVT14_TIE1_4   saed14lvt_tt0p8v25c     0.399600       1     0.399600
SAEDRVT14_AN2_MM_0P5 saed14rvt_tt0p8v25c     0.310800       3     0.932400
SAEDRVT14_FDPRBQ_V2_0P5 saed14rvt_tt0p8v25c     1.065600      22    23.443201 n
eth_rxcounters_DW01_add_J10_0     9.634800       1      9.634800  h
eth_rxcounters_DW01_inc_J10_0     2.442000       1      2.442000  h
eth_rxcounters_DW01_inc_J10_1     9.768000       1      9.768000  h
eth_rxcounters_DW_cmp_J10_0       9.190800       1      9.190800  h
eth_rxcounters_DW_cmp_J10_1       2.175600       1      2.175600  h
eth_rxcounters_DW_cmp_J10_2       2.264400       1      2.264400  h
-----------------------------------------------------------------------------
Total 29 references                                    94.838401

****************************************
Design: eth_rxcounters_DW01_add_J10_0 
****************************************
Reference          Library       Unit Area   Count    Total Area   Attributes
-----------------------------------------------------------------------------
SAEDHVT14_BUF_U_0P5 saed14hvt_tt0p8v25c     0.266400       2     0.532800
SAEDHVT14_EO2_V1_0P75 saed14hvt_tt0p8v25c     0.444000       1     0.444000
SAEDRVT14_ADDH_0P5 saed14rvt_tt0p8v25c     0.666000      13     8.658000 r
-----------------------------------------------------------------------------
Total 3 references                                      9.634800

****************************************
Design: eth_rxcounters_DW01_inc_J10_0 
****************************************
Reference          Library       Unit Area   Count    Total Area   Attributes
-----------------------------------------------------------------------------
SAEDHVT14_EO2_V1_0P75 saed14hvt_tt0p8v25c     0.444000       1     0.444000
SAEDRVT14_ADDH_0P5 saed14rvt_tt0p8v25c     0.666000       3     1.998000 r
-----------------------------------------------------------------------------
Total 2 references                                      2.442000

****************************************
Design: eth_rxcounters_DW01_inc_J10_1 
****************************************
Reference          Library       Unit Area   Count    Total Area   Attributes
-----------------------------------------------------------------------------
SAEDHVT14_EO2_V1_0P75 saed14hvt_tt0p8v25c     0.444000       1     0.444000
SAEDRVT14_ADDH_0P5 saed14rvt_tt0p8v25c     0.666000      14     9.324000 r
-----------------------------------------------------------------------------
Total 2 references                                      9.768000

****************************************
Design: eth_rxcounters_DW_cmp_J10_0 
****************************************
Reference          Library       Unit Area   Count    Total Area   Attributes
-----------------------------------------------------------------------------
SAEDHVT14_EO2_V1_0P75 saed14hvt_tt0p8v25c     0.444000      16     7.104000
SAEDHVT14_NR4_0P75 saed14hvt_tt0p8v25c     0.488400       1     0.488400
SAEDHVT14_OR4_1    saed14hvt_tt0p8v25c     0.399600       4     1.598400
-----------------------------------------------------------------------------
Total 3 references                                      9.190800

****************************************
Design: eth_rxcounters_DW_cmp_J10_1 
****************************************
Reference          Library       Unit Area   Count    Total Area   Attributes
-----------------------------------------------------------------------------
SAEDHVT14_AN3_0P5  saed14hvt_tt0p8v25c     0.355200       1     0.355200
SAEDHVT14_NR2_MM_0P5 saed14hvt_tt0p8v25c     0.222000       1     0.222000
SAEDHVT14_OR4_1    saed14hvt_tt0p8v25c     0.399600       4     1.598400
-----------------------------------------------------------------------------
Total 3 references                                      2.175600

****************************************
Design: eth_rxcounters_DW_cmp_J10_2 
****************************************
Reference          Library       Unit Area   Count    Total Area   Attributes
-----------------------------------------------------------------------------
SAEDHVT14_ND2_CDC_0P5 saed14hvt_tt0p8v25c     0.222000       2     0.444000
SAEDHVT14_NR2_MM_0P5 saed14hvt_tt0p8v25c     0.222000       1     0.222000
SAEDHVT14_OR4_1    saed14hvt_tt0p8v25c     0.399600       4     1.598400
-----------------------------------------------------------------------------
Total 3 references                                      2.264400

****************************************
Design: eth_rxstatem 
****************************************
Reference          Library       Unit Area   Count    Total Area   Attributes
-----------------------------------------------------------------------------
SAEDHVT14_AN2B_MM_1 saed14hvt_tt0p8v25c     0.399600       1     0.399600
SAEDHVT14_AN3_0P5  saed14hvt_tt0p8v25c     0.355200       1     0.355200
SAEDHVT14_AO32_U_0P5 saed14hvt_tt0p8v25c     0.444000       1     0.444000
SAEDHVT14_AOI21_0P5 saed14hvt_tt0p8v25c     0.266400       4     1.065600
SAEDHVT14_INV_0P5  saed14hvt_tt0p8v25c     0.177600       5     0.888000
SAEDHVT14_ND2_CDC_0P5 saed14hvt_tt0p8v25c     0.222000       3     0.666000
SAEDHVT14_NR2_MM_0P5 saed14hvt_tt0p8v25c     0.222000       1     0.222000
SAEDHVT14_NR3B_U_0P5 saed14hvt_tt0p8v25c     0.532800       1     0.532800
SAEDHVT14_OA21_1   saed14hvt_tt0p8v25c     0.355200       3     1.065600
SAEDHVT14_OAI21_0P5 saed14hvt_tt0p8v25c     0.266400       1     0.266400
SAEDHVT14_OR4_1    saed14hvt_tt0p8v25c     0.399600       1     0.399600
SAEDRVT14_FDPRBQ_V2_0P5 saed14rvt_tt0p8v25c     1.065600       5     5.328000 n
SAEDRVT14_FDPSBQ_0P5 saed14rvt_tt0p8v25c     1.110000       1     1.110000 n
-----------------------------------------------------------------------------
Total 13 references                                    12.742800

****************************************
Design: eth_txethmac 
****************************************
Reference          Library       Unit Area   Count    Total Area   Attributes
-----------------------------------------------------------------------------
SAEDHVT14_AN2B_MM_1 saed14hvt_tt0p8v25c     0.399600       1     0.399600
SAEDHVT14_AN3_0P5  saed14hvt_tt0p8v25c     0.355200       4     1.420800
SAEDHVT14_AN4_0P75 saed14hvt_tt0p8v25c     0.399600       1     0.399600
SAEDHVT14_AO21_U_0P5 saed14hvt_tt0p8v25c     0.355200       1     0.355200
SAEDHVT14_AO32_U_0P5 saed14hvt_tt0p8v25c     0.444000       7     3.108000
SAEDHVT14_AO221_0P5 saed14hvt_tt0p8v25c     0.488400       2     0.976800
SAEDHVT14_AOI21_0P5 saed14hvt_tt0p8v25c     0.266400       9     2.397600
SAEDHVT14_AOI31_0P75 saed14hvt_tt0p8v25c     0.488400       1     0.488400
SAEDHVT14_FDPRBQ_V2LP_0P5 saed14hvt_tt0p8v25c     1.065600       2     2.131200 n
SAEDHVT14_INV_0P5  saed14hvt_tt0p8v25c     0.177600      17     3.019200
SAEDHVT14_ND2B_U_0P5 saed14hvt_tt0p8v25c     0.310800       3     0.932400
SAEDHVT14_ND2_CDC_0P5 saed14hvt_tt0p8v25c     0.222000       5     1.110000
SAEDHVT14_NR2_MM_0P5 saed14hvt_tt0p8v25c     0.222000       4     0.888000
SAEDHVT14_NR3B_U_0P5 saed14hvt_tt0p8v25c     0.532800       1     0.532800
SAEDHVT14_OA21_1   saed14hvt_tt0p8v25c     0.355200       4     1.420800
SAEDHVT14_OA31_1   saed14hvt_tt0p8v25c     0.399600       2     0.799200
SAEDHVT14_OAI21_0P5 saed14hvt_tt0p8v25c     0.266400      10     2.664000
SAEDHVT14_OAI22_0P5 saed14hvt_tt0p8v25c     0.310800       2     0.621600
SAEDHVT14_OR2_0P5  saed14hvt_tt0p8v25c     0.310800       8     2.486400
SAEDHVT14_OR4_1    saed14hvt_tt0p8v25c     0.399600       3     1.198800
SAEDLVT14_TIE0_V1_2 saed14lvt_tt0p8v25c     0.488400       1     0.488400
SAEDLVT14_TIE1_4   saed14lvt_tt0p8v25c     0.399600       1     0.399600
SAEDRVT14_AN2_MM_0P5 saed14rvt_tt0p8v25c     0.310800       3     0.932400
SAEDRVT14_FDPRBQ_V2_0P5 saed14rvt_tt0p8v25c     1.065600      17    18.115201 n
SAEDRVT14_FDPSBQ_0P5 saed14rvt_tt0p8v25c     1.110000       1     1.110000 n
eth_crc_1                        57.187201       1     57.187201  h, n
eth_random                       40.537201       1     40.537201  h, n
eth_txcounters                  137.817602       1    137.817602  h, n
eth_txethmac_DW_cmp_J17_0         3.507600       1      3.507600  h
eth_txstatem                     46.087200       1     46.087200  h, n
-----------------------------------------------------------------------------
Total 30 references                                   333.532805

****************************************
Design: eth_crc_1 
****************************************
Reference          Library       Unit Area   Count    Total Area   Attributes
-----------------------------------------------------------------------------
SAEDHVT14_AOI21_0P5 saed14hvt_tt0p8v25c     0.266400      24     6.393600
SAEDHVT14_EO2_V1_0P75 saed14hvt_tt0p8v25c     0.444000       6     2.664000
SAEDHVT14_FDPSBQ_0P5 saed14hvt_tt0p8v25c     1.110000       2     2.220000 n
SAEDHVT14_INV_0P5  saed14hvt_tt0p8v25c     0.177600       2     0.355200
SAEDHVT14_ND2B_U_0P5 saed14hvt_tt0p8v25c     0.310800       4     1.243200
SAEDHVT14_ND2_CDC_0P5 saed14hvt_tt0p8v25c     0.222000      10     2.220000
SAEDHVT14_OA22_U_0P5 saed14hvt_tt0p8v25c     0.399600       6     2.397600
SAEDHVT14_OAI21_0P5 saed14hvt_tt0p8v25c     0.266400      24     6.393600
SAEDRVT14_FDPSBQ_0P5 saed14rvt_tt0p8v25c     1.110000      30    33.300000 n
-----------------------------------------------------------------------------
Total 9 references                                     57.187201

****************************************
Design: eth_random 
****************************************
Reference          Library       Unit Area   Count    Total Area   Attributes
-----------------------------------------------------------------------------
SAEDHVT14_AN4_0P75 saed14hvt_tt0p8v25c     0.399600       2     0.799200
SAEDHVT14_AO21B_0P5 saed14hvt_tt0p8v25c     0.355200       1     0.355200
SAEDHVT14_AO22_0P75 saed14hvt_tt0p8v25c     0.532800       2     1.065600
SAEDHVT14_AO32_U_0P5 saed14hvt_tt0p8v25c     0.444000       1     0.444000
SAEDHVT14_AOI21_0P5 saed14hvt_tt0p8v25c     0.266400       3     0.799200
SAEDHVT14_FDPRBQ_V2LP_0P5 saed14hvt_tt0p8v25c     1.065600       2     2.131200 n
SAEDHVT14_INV_0P5  saed14hvt_tt0p8v25c     0.177600      15     2.664000
SAEDHVT14_MUX2_U_0P5 saed14hvt_tt0p8v25c     0.444000       1     0.444000
SAEDHVT14_ND2_CDC_0P5 saed14hvt_tt0p8v25c     0.222000       5     1.110000
SAEDHVT14_NR4_0P75 saed14hvt_tt0p8v25c     0.488400       1     0.488400
SAEDHVT14_OAI21_0P5 saed14hvt_tt0p8v25c     0.266400       2     0.532800
SAEDHVT14_OAI22_0P5 saed14hvt_tt0p8v25c     0.310800       7     2.175600
SAEDHVT14_OR2_0P5  saed14hvt_tt0p8v25c     0.310800       1     0.310800
SAEDHVT14_OR4_1    saed14hvt_tt0p8v25c     0.399600       2     0.799200
SAEDLVT14_TIE0_V1_2 saed14lvt_tt0p8v25c     0.488400       1     0.488400
SAEDLVT14_TIE1_4   saed14lvt_tt0p8v25c     0.399600       1     0.399600
SAEDRVT14_AN2_MM_0P5 saed14rvt_tt0p8v25c     0.310800       2     0.621600
SAEDRVT14_FDPRBQ_V2_0P5 saed14rvt_tt0p8v25c     1.065600      18    19.180801 n
eth_random_DW_cmp_J16_9           5.727600       1      5.727600  h
-----------------------------------------------------------------------------
Total 19 references                                    40.537201

****************************************
Design: eth_random_DW_cmp_J16_9 
****************************************
Reference          Library       Unit Area   Count    Total Area   Attributes
-----------------------------------------------------------------------------
SAEDHVT14_EO2_V1_0P75 saed14hvt_tt0p8v25c     0.444000      10     4.440000
SAEDHVT14_NR4_0P75 saed14hvt_tt0p8v25c     0.488400       1     0.488400
SAEDHVT14_OR4_1    saed14hvt_tt0p8v25c     0.399600       2     0.799200
-----------------------------------------------------------------------------
Total 3 references                                      5.727600

****************************************
Design: eth_txcounters 
****************************************
Reference          Library       Unit Area   Count    Total Area   Attributes
-----------------------------------------------------------------------------
SAEDHVT14_AN2B_MM_1 saed14hvt_tt0p8v25c     0.399600       1     0.399600
SAEDHVT14_AN3_0P5  saed14hvt_tt0p8v25c     0.355200       1     0.355200
SAEDHVT14_AN4_0P75 saed14hvt_tt0p8v25c     0.399600       8     3.196800
SAEDHVT14_AO21_U_0P5 saed14hvt_tt0p8v25c     0.355200       1     0.355200
SAEDHVT14_AO32_U_0P5 saed14hvt_tt0p8v25c     0.444000       2     0.888000
SAEDHVT14_AO221_0P5 saed14hvt_tt0p8v25c     0.488400       1     0.488400
SAEDHVT14_AOI21_0P5 saed14hvt_tt0p8v25c     0.266400       2     0.532800
SAEDHVT14_FDPRBQ_V2LP_0P5 saed14hvt_tt0p8v25c     1.065600       2     2.131200 n
SAEDHVT14_INV_0P5  saed14hvt_tt0p8v25c     0.177600      14     2.486400
SAEDHVT14_ND2_CDC_0P5 saed14hvt_tt0p8v25c     0.222000      13     2.886000
SAEDHVT14_ND3_0P5  saed14hvt_tt0p8v25c     0.444000       1     0.444000
SAEDHVT14_NR2_MM_0P5 saed14hvt_tt0p8v25c     0.222000       5     1.110000
SAEDHVT14_NR4_0P75 saed14hvt_tt0p8v25c     0.488400       2     0.976800
SAEDHVT14_OA31_1   saed14hvt_tt0p8v25c     0.399600       1     0.399600
SAEDHVT14_OA221_U_0P5 saed14hvt_tt0p8v25c     0.488400      30    14.652000
SAEDHVT14_OAI21_0P5 saed14hvt_tt0p8v25c     0.266400       2     0.532800
SAEDHVT14_OAI22_0P5 saed14hvt_tt0p8v25c     0.310800       4     1.243200
SAEDHVT14_OR2_0P5  saed14hvt_tt0p8v25c     0.310800       1     0.310800
SAEDHVT14_OR3_0P5  saed14hvt_tt0p8v25c     0.355200       1     0.355200
SAEDHVT14_OR4_1    saed14hvt_tt0p8v25c     0.399600       3     1.198800
SAEDLVT14_TIE0_V1_2 saed14lvt_tt0p8v25c     0.488400       1     0.488400
SAEDLVT14_TIE1_4   saed14lvt_tt0p8v25c     0.399600       1     0.399600
SAEDRVT14_FDPRBQ_V2_0P5 saed14rvt_tt0p8v25c     1.065600      33    35.164801 n
eth_txcounters_DW01_dec_J11_0    12.876000       1     12.876000  h
eth_txcounters_DW01_inc_J11_0     9.768000       1      9.768000  h
eth_txcounters_DW01_inc_J11_1     9.768000       1      9.768000  h
eth_txcounters_DW01_sub_J11_0    10.922400       1     10.922400  h
eth_txcounters_DW_cmp_J11_0       9.190800       1      9.190800  h
eth_txcounters_DW_cmp_J11_1      14.296800       1     14.296800  h
-----------------------------------------------------------------------------
Total 29 references                                   137.817602

****************************************
Design: eth_txcounters_DW01_dec_J11_0 
****************************************
Reference          Library       Unit Area   Count    Total Area   Attributes
-----------------------------------------------------------------------------
SAEDHVT14_EO2_V1_0P75 saed14hvt_tt0p8v25c     0.444000       7     3.108000
SAEDHVT14_INV_0P5  saed14hvt_tt0p8v25c     0.177600      11     1.953600
SAEDHVT14_MUXI2_U_0P5 saed14hvt_tt0p8v25c     0.399600       7     2.797200
SAEDHVT14_ND2B_U_0P5 saed14hvt_tt0p8v25c     0.310800       6     1.864800
SAEDHVT14_NR2_MM_0P5 saed14hvt_tt0p8v25c     0.222000       8     1.776000
SAEDHVT14_OAI22_0P5 saed14hvt_tt0p8v25c     0.310800       1     0.310800
SAEDHVT14_OR4_1    saed14hvt_tt0p8v25c     0.399600       1     0.399600
SAEDRVT14_ADDH_0P5 saed14rvt_tt0p8v25c     0.666000       1     0.666000 r
-----------------------------------------------------------------------------
Total 8 references                                     12.876000

****************************************
Design: eth_txcounters_DW01_inc_J11_0 
****************************************
Reference          Library       Unit Area   Count    Total Area   Attributes
-----------------------------------------------------------------------------
SAEDHVT14_EO2_V1_0P75 saed14hvt_tt0p8v25c     0.444000       1     0.444000
SAEDRVT14_ADDH_0P5 saed14rvt_tt0p8v25c     0.666000      14     9.324000 r
-----------------------------------------------------------------------------
Total 2 references                                      9.768000

****************************************
Design: eth_txcounters_DW01_inc_J11_1 
****************************************
Reference          Library       Unit Area   Count    Total Area   Attributes
-----------------------------------------------------------------------------
SAEDHVT14_EO2_V1_0P75 saed14hvt_tt0p8v25c     0.444000       1     0.444000
SAEDRVT14_ADDH_0P5 saed14rvt_tt0p8v25c     0.666000      14     9.324000 r
-----------------------------------------------------------------------------
Total 2 references                                      9.768000

****************************************
Design: eth_txcounters_DW01_sub_J11_0 
****************************************
Reference          Library       Unit Area   Count    Total Area   Attributes
-----------------------------------------------------------------------------
SAEDHVT14_AN2B_MM_1 saed14hvt_tt0p8v25c     0.399600       1     0.399600
SAEDHVT14_BUF_U_0P5 saed14hvt_tt0p8v25c     0.266400       2     0.532800
SAEDHVT14_EO2_V1_0P75 saed14hvt_tt0p8v25c     0.444000       6     2.664000
SAEDHVT14_INV_0P5  saed14hvt_tt0p8v25c     0.177600       8     1.420800
SAEDHVT14_MUXI2_U_0P5 saed14hvt_tt0p8v25c     0.399600       6     2.397600
SAEDHVT14_ND2B_U_0P5 saed14hvt_tt0p8v25c     0.310800       4     1.243200
SAEDHVT14_ND2_CDC_0P5 saed14hvt_tt0p8v25c     0.222000       1     0.222000
SAEDHVT14_NR2_MM_0P5 saed14hvt_tt0p8v25c     0.222000       6     1.332000
SAEDHVT14_OAI22_0P5 saed14hvt_tt0p8v25c     0.310800       1     0.310800
SAEDHVT14_OR4_1    saed14hvt_tt0p8v25c     0.399600       1     0.399600
-----------------------------------------------------------------------------
Total 10 references                                    10.922400

****************************************
Design: eth_txcounters_DW_cmp_J11_0 
****************************************
Reference          Library       Unit Area   Count    Total Area   Attributes
-----------------------------------------------------------------------------
SAEDHVT14_EO2_V1_0P75 saed14hvt_tt0p8v25c     0.444000      16     7.104000
SAEDHVT14_NR4_0P75 saed14hvt_tt0p8v25c     0.488400       1     0.488400
SAEDHVT14_OR4_1    saed14hvt_tt0p8v25c     0.399600       4     1.598400
-----------------------------------------------------------------------------
Total 3 references                                      9.190800

****************************************
Design: eth_txcounters_DW_cmp_J11_1 
****************************************
Reference          Library       Unit Area   Count    Total Area   Attributes
-----------------------------------------------------------------------------
SAEDHVT14_AN2B_MM_1 saed14hvt_tt0p8v25c     0.399600       1     0.399600
SAEDHVT14_AN3_0P5  saed14hvt_tt0p8v25c     0.355200       1     0.355200
SAEDHVT14_AO21B_0P5 saed14hvt_tt0p8v25c     0.355200       3     1.065600
SAEDHVT14_AO21_U_0P5 saed14hvt_tt0p8v25c     0.355200       1     0.355200
SAEDHVT14_AO22_0P75 saed14hvt_tt0p8v25c     0.532800       1     0.532800
SAEDHVT14_AO221_0P5 saed14hvt_tt0p8v25c     0.488400       2     0.976800
SAEDHVT14_AOI21_0P5 saed14hvt_tt0p8v25c     0.266400       2     0.532800
SAEDHVT14_INV_0P5  saed14hvt_tt0p8v25c     0.177600      17     3.019200
SAEDHVT14_ND2_CDC_0P5 saed14hvt_tt0p8v25c     0.222000       1     0.222000
SAEDHVT14_NR4_0P75 saed14hvt_tt0p8v25c     0.488400       1     0.488400
SAEDHVT14_OA2BB2_V1_1 saed14hvt_tt0p8v25c     0.444000       3     1.332000
SAEDHVT14_OA22_U_0P5 saed14hvt_tt0p8v25c     0.399600       1     0.399600
SAEDHVT14_OA221_U_0P5 saed14hvt_tt0p8v25c     0.488400       1     0.488400
SAEDHVT14_OAI21_0P5 saed14hvt_tt0p8v25c     0.266400       5     1.332000
SAEDHVT14_OAI22_0P5 saed14hvt_tt0p8v25c     0.310800       8     2.486400
SAEDRVT14_AN2_MM_0P5 saed14rvt_tt0p8v25c     0.310800       1     0.310800
-----------------------------------------------------------------------------
Total 16 references                                    14.296800

****************************************
Design: eth_txethmac_DW_cmp_J17_0 
****************************************
Reference          Library       Unit Area   Count    Total Area   Attributes
-----------------------------------------------------------------------------
SAEDHVT14_EO2_V1_0P75 saed14hvt_tt0p8v25c     0.444000       6     2.664000
SAEDHVT14_NR3_0P5  saed14hvt_tt0p8v25c     0.444000       1     0.444000
SAEDHVT14_OR4_1    saed14hvt_tt0p8v25c     0.399600       1     0.399600
-----------------------------------------------------------------------------
Total 3 references                                      3.507600

****************************************
Design: eth_txstatem 
****************************************
Reference          Library       Unit Area   Count    Total Area   Attributes
-----------------------------------------------------------------------------
SAEDHVT14_AN4_0P75 saed14hvt_tt0p8v25c     0.399600       2     0.799200
SAEDHVT14_AO21B_0P5 saed14hvt_tt0p8v25c     0.355200       1     0.355200
SAEDHVT14_AO32_U_0P5 saed14hvt_tt0p8v25c     0.444000       1     0.444000
SAEDHVT14_AOI21_0P5 saed14hvt_tt0p8v25c     0.266400       2     0.532800
SAEDHVT14_FDPRBQ_V2LP_0P5 saed14hvt_tt0p8v25c     1.065600       1     1.065600 n
SAEDHVT14_INV_0P5  saed14hvt_tt0p8v25c     0.177600       8     1.420800
SAEDHVT14_ND2B_U_0P5 saed14hvt_tt0p8v25c     0.310800       2     0.621600
SAEDHVT14_ND2_CDC_0P5 saed14hvt_tt0p8v25c     0.222000       4     0.888000
SAEDHVT14_NR2_MM_0P5 saed14hvt_tt0p8v25c     0.222000      11     2.442000
SAEDHVT14_NR4_0P75 saed14hvt_tt0p8v25c     0.488400       1     0.488400
SAEDHVT14_OA21B_1  saed14hvt_tt0p8v25c     0.355200       1     0.355200
SAEDHVT14_OA21_1   saed14hvt_tt0p8v25c     0.355200       2     0.710400
SAEDHVT14_OA31_1   saed14hvt_tt0p8v25c     0.399600       1     0.399600
SAEDHVT14_OA221_U_0P5 saed14hvt_tt0p8v25c     0.488400       1     0.488400
SAEDHVT14_OAI21_0P5 saed14hvt_tt0p8v25c     0.266400       6     1.598400
SAEDHVT14_OAI22_0P5 saed14hvt_tt0p8v25c     0.310800       1     0.310800
SAEDHVT14_OR4_1    saed14hvt_tt0p8v25c     0.399600       3     1.198800
SAEDLVT14_TIE0_V1_2 saed14lvt_tt0p8v25c     0.488400       1     0.488400
SAEDLVT14_TIE1_4   saed14lvt_tt0p8v25c     0.399600       1     0.399600
SAEDRVT14_AN2_MM_0P5 saed14rvt_tt0p8v25c     0.310800       2     0.621600
SAEDRVT14_FDPRBQ_V2_0P5 saed14rvt_tt0p8v25c     1.065600      10    10.656000 n
SAEDRVT14_FDPSBQ_0P5 saed14rvt_tt0p8v25c     1.110000       1     1.110000 n
eth_txstatem_DW_cmp_J17_0         3.907200       1      3.907200  h
eth_txstatem_DW_cmp_J17_1         4.928400       1      4.928400  h
eth_txstatem_DW_cmp_J17_2         4.928400       1      4.928400  h
eth_txstatem_DW_cmp_J17_3         4.928400       1      4.928400  h
-----------------------------------------------------------------------------
Total 26 references                                    46.087200

****************************************
Design: eth_txstatem_DW_cmp_J17_0 
****************************************
Reference          Library       Unit Area   Count    Total Area   Attributes
-----------------------------------------------------------------------------
SAEDHVT14_EO2_V1_0P75 saed14hvt_tt0p8v25c     0.444000       7     3.108000
SAEDHVT14_OR4_1    saed14hvt_tt0p8v25c     0.399600       2     0.799200
-----------------------------------------------------------------------------
Total 2 references                                      3.907200

****************************************
Design: eth_txstatem_DW_cmp_J17_1 
****************************************
Reference          Library       Unit Area   Count    Total Area   Attributes
-----------------------------------------------------------------------------
SAEDHVT14_AO21B_0P5 saed14hvt_tt0p8v25c     0.355200       1     0.355200
SAEDHVT14_AO21_U_0P5 saed14hvt_tt0p8v25c     0.355200       2     0.710400
SAEDHVT14_AO221_0P5 saed14hvt_tt0p8v25c     0.488400       2     0.976800
SAEDHVT14_AOI21_0P5 saed14hvt_tt0p8v25c     0.266400       1     0.266400
SAEDHVT14_INV_0P5  saed14hvt_tt0p8v25c     0.177600       6     1.065600
SAEDHVT14_OA2BB2_V1_1 saed14hvt_tt0p8v25c     0.444000       1     0.444000
SAEDHVT14_OA221_U_0P5 saed14hvt_tt0p8v25c     0.488400       1     0.488400
SAEDHVT14_OAI22_0P5 saed14hvt_tt0p8v25c     0.310800       2     0.621600
-----------------------------------------------------------------------------
Total 8 references                                      4.928400

****************************************
Design: eth_txstatem_DW_cmp_J17_2 
****************************************
Reference          Library       Unit Area   Count    Total Area   Attributes
-----------------------------------------------------------------------------
SAEDHVT14_AO21B_0P5 saed14hvt_tt0p8v25c     0.355200       1     0.355200
SAEDHVT14_AO21_U_0P5 saed14hvt_tt0p8v25c     0.355200       2     0.710400
SAEDHVT14_AO221_0P5 saed14hvt_tt0p8v25c     0.488400       2     0.976800
SAEDHVT14_AOI21_0P5 saed14hvt_tt0p8v25c     0.266400       1     0.266400
SAEDHVT14_INV_0P5  saed14hvt_tt0p8v25c     0.177600       6     1.065600
SAEDHVT14_OA2BB2_V1_1 saed14hvt_tt0p8v25c     0.444000       1     0.444000
SAEDHVT14_OA221_U_0P5 saed14hvt_tt0p8v25c     0.488400       1     0.488400
SAEDHVT14_OAI22_0P5 saed14hvt_tt0p8v25c     0.310800       2     0.621600
-----------------------------------------------------------------------------
Total 8 references                                      4.928400

****************************************
Design: eth_txstatem_DW_cmp_J17_3 
****************************************
Reference          Library       Unit Area   Count    Total Area   Attributes
-----------------------------------------------------------------------------
SAEDHVT14_AO21B_0P5 saed14hvt_tt0p8v25c     0.355200       1     0.355200
SAEDHVT14_AO21_U_0P5 saed14hvt_tt0p8v25c     0.355200       2     0.710400
SAEDHVT14_AO221_0P5 saed14hvt_tt0p8v25c     0.488400       2     0.976800
SAEDHVT14_AOI21_0P5 saed14hvt_tt0p8v25c     0.266400       1     0.266400
SAEDHVT14_INV_0P5  saed14hvt_tt0p8v25c     0.177600       6     1.065600
SAEDHVT14_OA2BB2_V1_1 saed14hvt_tt0p8v25c     0.444000       1     0.444000
SAEDHVT14_OA221_U_0P5 saed14hvt_tt0p8v25c     0.488400       1     0.488400
SAEDHVT14_OAI22_0P5 saed14hvt_tt0p8v25c     0.310800       2     0.621600
-----------------------------------------------------------------------------
Total 8 references                                      4.928400

****************************************
Design: eth_wishbone 
****************************************
Reference          Library       Unit Area   Count    Total Area   Attributes
-----------------------------------------------------------------------------
SAEDHVT14_AN2B_MM_1 saed14hvt_tt0p8v25c     0.399600       4     1.598400
SAEDHVT14_AN3_0P5  saed14hvt_tt0p8v25c     0.355200       8     2.841600
SAEDHVT14_AN4_0P75 saed14hvt_tt0p8v25c     0.399600       7     2.797200
SAEDHVT14_AO21B_0P5 saed14hvt_tt0p8v25c     0.355200      65    23.088000
SAEDHVT14_AO21_U_0P5 saed14hvt_tt0p8v25c     0.355200      66    23.443200
SAEDHVT14_AO22_0P75 saed14hvt_tt0p8v25c     0.532800       3     1.598400
SAEDHVT14_AO32_U_0P5 saed14hvt_tt0p8v25c     0.444000      16     7.104000
SAEDHVT14_AO221_0P5 saed14hvt_tt0p8v25c     0.488400       4     1.953600
SAEDHVT14_AO222_1  saed14hvt_tt0p8v25c     0.754800       7     5.283600
SAEDHVT14_AOI21_0P5 saed14hvt_tt0p8v25c     0.266400     114    30.369601
SAEDHVT14_AOI22_0P5 saed14hvt_tt0p8v25c     0.488400      39    19.047600
SAEDHVT14_AOI222_0P5 saed14hvt_tt0p8v25c     0.710400       8     5.683200
SAEDHVT14_BUF_U_0P5 saed14hvt_tt0p8v25c     0.266400      17     4.528800
SAEDHVT14_EO2_V1_0P75 saed14hvt_tt0p8v25c     0.444000       1     0.444000
SAEDHVT14_FDPRBQ_V2LP_0P5 saed14hvt_tt0p8v25c     1.065600      30    31.968001 n
SAEDHVT14_FDPRBQ_V2LP_1 saed14hvt_tt0p8v25c     1.065600       1     1.065600 n
SAEDHVT14_INV_0P5  saed14hvt_tt0p8v25c     0.177600     431    76.545598
SAEDHVT14_MUX2_U_0P5 saed14hvt_tt0p8v25c     0.444000      41    18.204000
SAEDHVT14_MUXI2_U_0P5 saed14hvt_tt0p8v25c     0.399600       4     1.598400
SAEDHVT14_ND2B_U_0P5 saed14hvt_tt0p8v25c     0.310800       6     1.864800
SAEDHVT14_ND2_CDC_0P5 saed14hvt_tt0p8v25c     0.222000      97    21.534000
SAEDHVT14_ND3B_0P75 saed14hvt_tt0p8v25c     0.532800       1     0.532800
SAEDHVT14_ND3_0P5  saed14hvt_tt0p8v25c     0.444000       1     0.444000
SAEDHVT14_NR2_MM_0P5 saed14hvt_tt0p8v25c     0.222000      51    11.322000
SAEDHVT14_NR3B_U_0P5 saed14hvt_tt0p8v25c     0.532800       3     1.598400
SAEDHVT14_NR3_0P5  saed14hvt_tt0p8v25c     0.444000       1     0.444000
SAEDHVT14_OA2BB2_V1_1 saed14hvt_tt0p8v25c     0.444000       2     0.888000
SAEDHVT14_OA21B_1  saed14hvt_tt0p8v25c     0.355200       5     1.776000
SAEDHVT14_OA21_1   saed14hvt_tt0p8v25c     0.355200       7     2.486400
SAEDHVT14_OA22_U_0P5 saed14hvt_tt0p8v25c     0.399600       3     1.198800
SAEDHVT14_OA31_1   saed14hvt_tt0p8v25c     0.399600       5     1.998000
SAEDHVT14_OA32_U_0P5 saed14hvt_tt0p8v25c     0.532800       1     0.532800
SAEDHVT14_OA221_U_0P5 saed14hvt_tt0p8v25c     0.488400       2     0.976800
SAEDHVT14_OAI21_0P5 saed14hvt_tt0p8v25c     0.266400      72    19.180801
SAEDHVT14_OAI22_0P5 saed14hvt_tt0p8v25c     0.310800     283    87.956396
SAEDHVT14_OAI31_0P5 saed14hvt_tt0p8v25c     0.488400       2     0.976800
SAEDHVT14_OAI32_0P5 saed14hvt_tt0p8v25c     0.577200       1     0.577200
SAEDHVT14_OR2_0P5  saed14hvt_tt0p8v25c     0.310800       5     1.554000
SAEDHVT14_OR3_0P5  saed14hvt_tt0p8v25c     0.355200      16     5.683200
SAEDHVT14_OR4_1    saed14hvt_tt0p8v25c     0.399600       9     3.596400
SAEDLVT14_TIE0_V1_2 saed14lvt_tt0p8v25c     0.488400       1     0.488400
SAEDLVT14_TIE1_4   saed14lvt_tt0p8v25c     0.399600       1     0.399600
SAEDRVT14_AN2_MM_0P5 saed14rvt_tt0p8v25c     0.310800       2     0.621600
SAEDRVT14_CLKSPLT_1 saed14rvt_tt0p8v25c     1.154400       1     1.154400
SAEDRVT14_FDPRBQ_V2_0P5 saed14rvt_tt0p8v25c     1.065600     410   436.896015 n
SAEDRVT14_FDPSBQ_0P5 saed14rvt_tt0p8v25c     1.110000       4     4.440000 n
SAEDRVT14_FDP_V2LP_0P5 saed14rvt_tt0p8v25c     0.932400       6     5.594400 n
SAEDRVT14_INV_1P5  saed14rvt_tt0p8v25c     0.177600       8     1.420800
eth_fifo_DATA_WIDTH32_DEPTH16_CNT_WIDTH5_0   813.541177       1   813.541177 h, n
eth_fifo_DATA_WIDTH32_DEPTH16_CNT_WIDTH5_1   814.207177       1   814.207177 h, n
eth_spram_256x32               2669.434454       1   2669.434454  b, h
eth_wishbone_DW01_dec_J3_0       11.544000       1     11.544000  h
eth_wishbone_DW01_inc_J3_0       19.092000       1     19.092000  h
eth_wishbone_DW01_inc_J3_1        3.774000       1      3.774000  h
eth_wishbone_DW01_inc_J3_2        3.774000       1      3.774000  h
eth_wishbone_DW01_inc_J3_3       19.092000       1     19.092000  h
eth_wishbone_DW01_inc_J3_4       19.092000       1     19.092000  h
eth_wishbone_DW01_inc_J3_5       19.092000       1     19.092000  h
eth_wishbone_DW01_sub_J3_0       10.700400       1     10.700400  h
eth_wishbone_DW01_sub_J3_1       11.277600       1     11.277600  h
eth_wishbone_DW01_sub_J3_2        9.990000       1      9.990000  h
eth_wishbone_DW_cmp_J3_0          0.710400       1      0.710400  h
eth_wishbone_DW_cmp_J3_1          2.353200       1      2.353200  h
eth_wishbone_DW_cmp_J3_2          0.266400       1      0.266400  h
eth_wishbone_DW_cmp_J3_3          2.353200       1      2.353200  h
eth_wishbone_DW_cmp_J3_4          0.266400       1      0.266400  h
eth_wishbone_DW_cmp_J3_5          2.175600       1      2.175600  h
eth_wishbone_DW_cmp_J3_6          2.086800       1      2.086800  h
-----------------------------------------------------------------------------
Total 68 references                                  5312.122423

****************************************
Design: eth_fifo_DATA_WIDTH32_DEPTH16_CNT_WIDTH5_0 
****************************************
Reference          Library       Unit Area   Count    Total Area   Attributes
-----------------------------------------------------------------------------
SAEDHVT14_AN4_0P75 saed14hvt_tt0p8v25c     0.399600       1     0.399600
SAEDHVT14_AO21B_0P5 saed14hvt_tt0p8v25c     0.355200       1     0.355200
SAEDHVT14_AO32_U_0P5 saed14hvt_tt0p8v25c     0.444000       1     0.444000
SAEDHVT14_AOI21_0P5 saed14hvt_tt0p8v25c     0.266400      36     9.590400
SAEDHVT14_AOI31_0P75 saed14hvt_tt0p8v25c     0.488400       1     0.488400
SAEDHVT14_BUF_U_0P5 saed14hvt_tt0p8v25c     0.266400      42    11.188800
SAEDHVT14_FDPQB_V2LP_0P5 saed14hvt_tt0p8v25c     0.843600      34    28.682399 n
SAEDHVT14_FDPQB_V2LP_1 saed14hvt_tt0p8v25c     0.843600     478   403.240788 n
SAEDHVT14_FDPRBQ_V2LP_0P5 saed14hvt_tt0p8v25c     1.065600       1     1.065600 n
SAEDHVT14_FDP_V2LP_0P5 saed14hvt_tt0p8v25c     0.932400       2     1.864800 n
SAEDHVT14_INV_0P5  saed14hvt_tt0p8v25c     0.177600     134    23.798400
SAEDHVT14_ND2B_U_0P5 saed14hvt_tt0p8v25c     0.310800       2     0.621600
SAEDHVT14_ND2_CDC_0P5 saed14hvt_tt0p8v25c     0.222000      25     5.550000
SAEDHVT14_NR2_MM_0P5 saed14hvt_tt0p8v25c     0.222000      17     3.774000
SAEDHVT14_OA21B_1  saed14hvt_tt0p8v25c     0.355200       1     0.355200
SAEDHVT14_OA21_1   saed14hvt_tt0p8v25c     0.355200       2     0.710400
SAEDHVT14_OAI21_0P5 saed14hvt_tt0p8v25c     0.266400      42    11.188800
SAEDHVT14_OAI22_0P5 saed14hvt_tt0p8v25c     0.310800     747   232.167590
SAEDHVT14_OR2_0P5  saed14hvt_tt0p8v25c     0.310800      14     4.351200
SAEDHVT14_OR3_0P5  saed14hvt_tt0p8v25c     0.355200       1     0.355200
SAEDHVT14_OR4_1    saed14hvt_tt0p8v25c     0.399600      65    25.974000
SAEDRVT14_AN2_MM_0P5 saed14rvt_tt0p8v25c     0.310800       4     1.243200
SAEDRVT14_FDPRBQ_V2_0P5 saed14rvt_tt0p8v25c     1.065600      12    12.787200 n
SAEDRVT14_FDP_V2LP_0P5 saed14rvt_tt0p8v25c     0.932400      30    27.972000 n
eth_fifo_DATA_WIDTH32_DEPTH16_CNT_WIDTH5_0_DW01_dec_J7_0     2.930400       1     2.930400 h
eth_fifo_DATA_WIDTH32_DEPTH16_CNT_WIDTH5_0_DW01_inc_J7_0     2.442000       1     2.442000 h
-----------------------------------------------------------------------------
Total 26 references                                   813.541177

****************************************
Design: eth_fifo_DATA_WIDTH32_DEPTH16_CNT_WIDTH5_0_DW01_dec_J7_0 
****************************************
Reference          Library       Unit Area   Count    Total Area   Attributes
-----------------------------------------------------------------------------
SAEDHVT14_EO2_V1_0P75 saed14hvt_tt0p8v25c     0.444000       2     0.888000
SAEDHVT14_INV_0P5  saed14hvt_tt0p8v25c     0.177600       3     0.532800
SAEDHVT14_MUXI2_U_0P5 saed14hvt_tt0p8v25c     0.399600       1     0.399600
SAEDHVT14_NR2_MM_0P5 saed14hvt_tt0p8v25c     0.222000       2     0.444000
SAEDHVT14_OAI22_0P5 saed14hvt_tt0p8v25c     0.310800       1     0.310800
SAEDHVT14_OR3_0P5  saed14hvt_tt0p8v25c     0.355200       1     0.355200
-----------------------------------------------------------------------------
Total 6 references                                      2.930400

****************************************
Design: eth_fifo_DATA_WIDTH32_DEPTH16_CNT_WIDTH5_0_DW01_inc_J7_0 
****************************************
Reference          Library       Unit Area   Count    Total Area   Attributes
-----------------------------------------------------------------------------
SAEDHVT14_EO2_V1_0P75 saed14hvt_tt0p8v25c     0.444000       1     0.444000
SAEDRVT14_ADDH_0P5 saed14rvt_tt0p8v25c     0.666000       3     1.998000 r
-----------------------------------------------------------------------------
Total 2 references                                      2.442000

****************************************
Design: eth_fifo_DATA_WIDTH32_DEPTH16_CNT_WIDTH5_1 
****************************************
Reference          Library       Unit Area   Count    Total Area   Attributes
-----------------------------------------------------------------------------
SAEDHVT14_AN4_0P75 saed14hvt_tt0p8v25c     0.399600       2     0.799200
SAEDHVT14_AO21B_0P5 saed14hvt_tt0p8v25c     0.355200       1     0.355200
SAEDHVT14_AO32_U_0P5 saed14hvt_tt0p8v25c     0.444000       1     0.444000
SAEDHVT14_AOI21_0P5 saed14hvt_tt0p8v25c     0.266400      36     9.590400
SAEDHVT14_AOI31_0P75 saed14hvt_tt0p8v25c     0.488400       1     0.488400
SAEDHVT14_BUF_U_0P5 saed14hvt_tt0p8v25c     0.266400      43    11.455200
SAEDHVT14_FDPQB_V2LP_0P5 saed14hvt_tt0p8v25c     0.843600      34    28.682399 n
SAEDHVT14_FDPQB_V2LP_1 saed14hvt_tt0p8v25c     0.843600     478   403.240788 n
SAEDHVT14_FDPRBQ_V2LP_0P5 saed14hvt_tt0p8v25c     1.065600       1     1.065600 n
SAEDHVT14_FDP_V2LP_0P5 saed14hvt_tt0p8v25c     0.932400       2     1.864800 n
SAEDHVT14_INV_0P5  saed14hvt_tt0p8v25c     0.177600     134    23.798400
SAEDHVT14_ND2B_U_0P5 saed14hvt_tt0p8v25c     0.310800       2     0.621600
SAEDHVT14_ND2_CDC_0P5 saed14hvt_tt0p8v25c     0.222000      25     5.550000
SAEDHVT14_NR2_MM_0P5 saed14hvt_tt0p8v25c     0.222000      17     3.774000
SAEDHVT14_OA21B_1  saed14hvt_tt0p8v25c     0.355200       1     0.355200
SAEDHVT14_OA21_1   saed14hvt_tt0p8v25c     0.355200       2     0.710400
SAEDHVT14_OAI21_0P5 saed14hvt_tt0p8v25c     0.266400      42    11.188800
SAEDHVT14_OAI22_0P5 saed14hvt_tt0p8v25c     0.310800     747   232.167590
SAEDHVT14_OR2_0P5  saed14hvt_tt0p8v25c     0.310800      14     4.351200
SAEDHVT14_OR3_0P5  saed14hvt_tt0p8v25c     0.355200       1     0.355200
SAEDHVT14_OR4_1    saed14hvt_tt0p8v25c     0.399600      65    25.974000
SAEDRVT14_AN2_MM_0P5 saed14rvt_tt0p8v25c     0.310800       4     1.243200
SAEDRVT14_FDPRBQ_V2_0P5 saed14rvt_tt0p8v25c     1.065600      12    12.787200 n
SAEDRVT14_FDP_V2LP_0P5 saed14rvt_tt0p8v25c     0.932400      30    27.972000 n
eth_fifo_DATA_WIDTH32_DEPTH16_CNT_WIDTH5_1_DW01_dec_J6_0     2.930400       1     2.930400 h
eth_fifo_DATA_WIDTH32_DEPTH16_CNT_WIDTH5_1_DW01_inc_J6_0     2.442000       1     2.442000 h
-----------------------------------------------------------------------------
Total 26 references                                   814.207177

****************************************
Design: eth_fifo_DATA_WIDTH32_DEPTH16_CNT_WIDTH5_1_DW01_dec_J6_0 
****************************************
Reference          Library       Unit Area   Count    Total Area   Attributes
-----------------------------------------------------------------------------
SAEDHVT14_EO2_V1_0P75 saed14hvt_tt0p8v25c     0.444000       2     0.888000
SAEDHVT14_INV_0P5  saed14hvt_tt0p8v25c     0.177600       3     0.532800
SAEDHVT14_MUXI2_U_0P5 saed14hvt_tt0p8v25c     0.399600       1     0.399600
SAEDHVT14_NR2_MM_0P5 saed14hvt_tt0p8v25c     0.222000       2     0.444000
SAEDHVT14_OAI22_0P5 saed14hvt_tt0p8v25c     0.310800       1     0.310800
SAEDHVT14_OR3_0P5  saed14hvt_tt0p8v25c     0.355200       1     0.355200
-----------------------------------------------------------------------------
Total 6 references                                      2.930400

****************************************
Design: eth_fifo_DATA_WIDTH32_DEPTH16_CNT_WIDTH5_1_DW01_inc_J6_0 
****************************************
Reference          Library       Unit Area   Count    Total Area   Attributes
-----------------------------------------------------------------------------
SAEDHVT14_EO2_V1_0P75 saed14hvt_tt0p8v25c     0.444000       1     0.444000
SAEDRVT14_ADDH_0P5 saed14rvt_tt0p8v25c     0.666000       3     1.998000 r
-----------------------------------------------------------------------------
Total 2 references                                      2.442000

****************************************
Design: eth_spram_256x32 
****************************************
Reference          Library       Unit Area   Count    Total Area   Attributes
-----------------------------------------------------------------------------
SAEDHVT14_OR4_1    saed14hvt_tt0p8v25c     0.399600       1     0.399600
SAEDLVT14_TIE1_4   saed14lvt_tt0p8v25c     0.399600       1     0.399600
SRAM1RW256x32      saed14sram_tt0p8v25c  2668.635254       1  2668.635254 b, d
-----------------------------------------------------------------------------
Total 3 references                                   2669.434454

****************************************
Design: eth_wishbone_DW01_dec_J3_0 
****************************************
Reference          Library       Unit Area   Count    Total Area   Attributes
-----------------------------------------------------------------------------
SAEDHVT14_EO2_V1_0P75 saed14hvt_tt0p8v25c     0.444000       7     3.108000
SAEDHVT14_INV_0P5  saed14hvt_tt0p8v25c     0.177600       9     1.598400
SAEDHVT14_MUXI2_U_0P5 saed14hvt_tt0p8v25c     0.399600       7     2.797200
SAEDHVT14_ND2B_U_0P5 saed14hvt_tt0p8v25c     0.310800       5     1.554000
SAEDHVT14_NR2_MM_0P5 saed14hvt_tt0p8v25c     0.222000       8     1.776000
SAEDHVT14_OAI22_0P5 saed14hvt_tt0p8v25c     0.310800       1     0.310800
SAEDHVT14_OR4_1    saed14hvt_tt0p8v25c     0.399600       1     0.399600
-----------------------------------------------------------------------------
Total 7 references                                     11.544000

****************************************
Design: eth_wishbone_DW01_inc_J3_0 
****************************************
Reference          Library       Unit Area   Count    Total Area   Attributes
-----------------------------------------------------------------------------
SAEDHVT14_EO2_V1_0P75 saed14hvt_tt0p8v25c     0.444000       1     0.444000
SAEDRVT14_ADDH_0P5 saed14rvt_tt0p8v25c     0.666000      28    18.648000 r
-----------------------------------------------------------------------------
Total 2 references                                     19.092000

****************************************
Design: eth_wishbone_DW01_inc_J3_1 
****************************************
Reference          Library       Unit Area   Count    Total Area   Attributes
-----------------------------------------------------------------------------
SAEDHVT14_EO2_V1_0P75 saed14hvt_tt0p8v25c     0.444000       1     0.444000
SAEDRVT14_ADDH_0P5 saed14rvt_tt0p8v25c     0.666000       5     3.330000 r
-----------------------------------------------------------------------------
Total 2 references                                      3.774000

****************************************
Design: eth_wishbone_DW01_inc_J3_2 
****************************************
Reference          Library       Unit Area   Count    Total Area   Attributes
-----------------------------------------------------------------------------
SAEDHVT14_EO2_V1_0P75 saed14hvt_tt0p8v25c     0.444000       1     0.444000
SAEDRVT14_ADDH_0P5 saed14rvt_tt0p8v25c     0.666000       5     3.330000 r
-----------------------------------------------------------------------------
Total 2 references                                      3.774000

****************************************
Design: eth_wishbone_DW01_inc_J3_3 
****************************************
Reference          Library       Unit Area   Count    Total Area   Attributes
-----------------------------------------------------------------------------
SAEDHVT14_EO2_V1_0P75 saed14hvt_tt0p8v25c     0.444000       1     0.444000
SAEDRVT14_ADDH_0P5 saed14rvt_tt0p8v25c     0.666000      28    18.648000 r
-----------------------------------------------------------------------------
Total 2 references                                     19.092000

****************************************
Design: eth_wishbone_DW01_inc_J3_4 
****************************************
Reference          Library       Unit Area   Count    Total Area   Attributes
-----------------------------------------------------------------------------
SAEDHVT14_EO2_V1_0P75 saed14hvt_tt0p8v25c     0.444000       1     0.444000
SAEDRVT14_ADDH_0P5 saed14rvt_tt0p8v25c     0.666000      28    18.648000 r
-----------------------------------------------------------------------------
Total 2 references                                     19.092000

****************************************
Design: eth_wishbone_DW01_inc_J3_5 
****************************************
Reference          Library       Unit Area   Count    Total Area   Attributes
-----------------------------------------------------------------------------
SAEDHVT14_EO2_V1_0P75 saed14hvt_tt0p8v25c     0.444000       1     0.444000
SAEDRVT14_ADDH_0P5 saed14rvt_tt0p8v25c     0.666000      28    18.648000 r
-----------------------------------------------------------------------------
Total 2 references                                     19.092000

****************************************
Design: eth_wishbone_DW01_sub_J3_0 
****************************************
Reference          Library       Unit Area   Count    Total Area   Attributes
-----------------------------------------------------------------------------
SAEDHVT14_EO2_V1_0P75 saed14hvt_tt0p8v25c     0.444000       7     3.108000
SAEDHVT14_INV_0P5  saed14hvt_tt0p8v25c     0.177600       8     1.420800
SAEDHVT14_MUXI2_U_0P5 saed14hvt_tt0p8v25c     0.399600       6     2.397600
SAEDHVT14_ND2B_U_0P5 saed14hvt_tt0p8v25c     0.310800       5     1.554000
SAEDHVT14_NR2_MM_0P5 saed14hvt_tt0p8v25c     0.222000       7     1.554000
SAEDHVT14_OAI22_0P5 saed14hvt_tt0p8v25c     0.310800       1     0.310800
SAEDHVT14_OR3_0P5  saed14hvt_tt0p8v25c     0.355200       1     0.355200
-----------------------------------------------------------------------------
Total 7 references                                     10.700400

****************************************
Design: eth_wishbone_DW01_sub_J3_1 
****************************************
Reference          Library       Unit Area   Count    Total Area   Attributes
-----------------------------------------------------------------------------
SAEDHVT14_EO2_V1_0P75 saed14hvt_tt0p8v25c     0.444000       7     3.108000
SAEDHVT14_INV_0P5  saed14hvt_tt0p8v25c     0.177600       7     1.243200
SAEDHVT14_MUXI2_U_0P5 saed14hvt_tt0p8v25c     0.399600       7     2.797200
SAEDHVT14_ND2B_U_0P5 saed14hvt_tt0p8v25c     0.310800       5     1.554000
SAEDHVT14_NR2_MM_0P5 saed14hvt_tt0p8v25c     0.222000       7     1.554000
SAEDHVT14_OR3_0P5  saed14hvt_tt0p8v25c     0.355200       1     0.355200
SAEDRVT14_ADDH_0P5 saed14rvt_tt0p8v25c     0.666000       1     0.666000 r
-----------------------------------------------------------------------------
Total 7 references                                     11.277600

****************************************
Design: eth_wishbone_DW01_sub_J3_2 
****************************************
Reference          Library       Unit Area   Count    Total Area   Attributes
-----------------------------------------------------------------------------
SAEDHVT14_EO2_V1_0P75 saed14hvt_tt0p8v25c     0.444000       6     2.664000
SAEDHVT14_INV_0P5  saed14hvt_tt0p8v25c     0.177600       8     1.420800
SAEDHVT14_MUXI2_U_0P5 saed14hvt_tt0p8v25c     0.399600       6     2.397600
SAEDHVT14_ND2B_U_0P5 saed14hvt_tt0p8v25c     0.310800       4     1.243200
SAEDHVT14_NR2_MM_0P5 saed14hvt_tt0p8v25c     0.222000       7     1.554000
SAEDHVT14_OAI22_0P5 saed14hvt_tt0p8v25c     0.310800       1     0.310800
SAEDHVT14_OR4_1    saed14hvt_tt0p8v25c     0.399600       1     0.399600
-----------------------------------------------------------------------------
Total 7 references                                      9.990000

****************************************
Design: eth_wishbone_DW_cmp_J3_0 
****************************************
Reference          Library       Unit Area   Count    Total Area   Attributes
-----------------------------------------------------------------------------
SAEDHVT14_OA21_1   saed14hvt_tt0p8v25c     0.355200       1     0.355200
SAEDHVT14_OR3_0P5  saed14hvt_tt0p8v25c     0.355200       1     0.355200
-----------------------------------------------------------------------------
Total 2 references                                      0.710400

****************************************
Design: eth_wishbone_DW_cmp_J3_1 
****************************************
Reference          Library       Unit Area   Count    Total Area   Attributes
-----------------------------------------------------------------------------
SAEDHVT14_AO21_U_0P5 saed14hvt_tt0p8v25c     0.355200       1     0.355200
SAEDHVT14_AO221_0P5 saed14hvt_tt0p8v25c     0.488400       1     0.488400
SAEDHVT14_OR3_0P5  saed14hvt_tt0p8v25c     0.355200       2     0.710400
SAEDHVT14_OR4_1    saed14hvt_tt0p8v25c     0.399600       2     0.799200
-----------------------------------------------------------------------------
Total 4 references                                      2.353200

****************************************
Design: eth_wishbone_DW_cmp_J3_2 
****************************************
Reference          Library       Unit Area   Count    Total Area   Attributes
-----------------------------------------------------------------------------
SAEDHVT14_AOI21_0P5 saed14hvt_tt0p8v25c     0.266400       1     0.266400
-----------------------------------------------------------------------------
Total 1 references                                      0.266400

****************************************
Design: eth_wishbone_DW_cmp_J3_3 
****************************************
Reference          Library       Unit Area   Count    Total Area   Attributes
-----------------------------------------------------------------------------
SAEDHVT14_AO21_U_0P5 saed14hvt_tt0p8v25c     0.355200       1     0.355200
SAEDHVT14_AO221_0P5 saed14hvt_tt0p8v25c     0.488400       1     0.488400
SAEDHVT14_OR3_0P5  saed14hvt_tt0p8v25c     0.355200       2     0.710400
SAEDHVT14_OR4_1    saed14hvt_tt0p8v25c     0.399600       2     0.799200
-----------------------------------------------------------------------------
Total 4 references                                      2.353200

****************************************
Design: eth_wishbone_DW_cmp_J3_4 
****************************************
Reference          Library       Unit Area   Count    Total Area   Attributes
-----------------------------------------------------------------------------
SAEDHVT14_AOI21_0P5 saed14hvt_tt0p8v25c     0.266400       1     0.266400
-----------------------------------------------------------------------------
Total 1 references                                      0.266400

****************************************
Design: eth_wishbone_DW_cmp_J3_5 
****************************************
Reference          Library       Unit Area   Count    Total Area   Attributes
-----------------------------------------------------------------------------
SAEDHVT14_AO221_0P5 saed14hvt_tt0p8v25c     0.488400       1     0.488400
SAEDHVT14_NR4_0P75 saed14hvt_tt0p8v25c     0.488400       1     0.488400
SAEDHVT14_OR4_1    saed14hvt_tt0p8v25c     0.399600       3     1.198800
-----------------------------------------------------------------------------
Total 3 references                                      2.175600

****************************************
Design: eth_wishbone_DW_cmp_J3_6 
****************************************
Reference          Library       Unit Area   Count    Total Area   Attributes
-----------------------------------------------------------------------------
SAEDHVT14_AO221_0P5 saed14hvt_tt0p8v25c     0.488400       1     0.488400
SAEDHVT14_OR4_1    saed14hvt_tt0p8v25c     0.399600       4     1.598400
-----------------------------------------------------------------------------
Total 2 references                                      2.086800

****************************************
Design: generic_iobuf 
****************************************
Reference          Library       Unit Area   Count    Total Area   Attributes
-----------------------------------------------------------------------------
D4I1025_EW         saed14io_fc_tt0p8v25c_1p8v  5000.000000       1  5000.000000 n
SAEDHVT14_BUF_U_0P5 saed14hvt_tt0p8v25c     0.266400       1     0.266400
SAEDRVT14_INV_1P5  saed14rvt_tt0p8v25c     0.177600       1     0.177600
-----------------------------------------------------------------------------
Total 3 references                                   5000.444000

****************************************
Design: interrupt_controller_0 
****************************************
Reference          Library       Unit Area   Count    Total Area   Attributes
-----------------------------------------------------------------------------
SAEDHVT14_AN2B_MM_1 saed14hvt_tt0p8v25c     0.399600      10     3.996000
SAEDHVT14_AN4_0P75 saed14hvt_tt0p8v25c     0.399600       1     0.399600
SAEDHVT14_AO21_U_0P5 saed14hvt_tt0p8v25c     0.355200       4     1.420800
SAEDHVT14_AO32_U_0P5 saed14hvt_tt0p8v25c     0.444000      10     4.440000
SAEDHVT14_AO221_0P5 saed14hvt_tt0p8v25c     0.488400       3     1.465200
SAEDHVT14_AOI21_0P5 saed14hvt_tt0p8v25c     0.266400      10     2.664000
SAEDHVT14_BUF_U_0P5 saed14hvt_tt0p8v25c     0.266400       2     0.532800
SAEDHVT14_FDPQB_V2LP_0P5 saed14hvt_tt0p8v25c     0.843600       5     4.218000 n
SAEDHVT14_FDPQB_V2LP_1 saed14hvt_tt0p8v25c     0.843600      68    57.364798 n
SAEDHVT14_FDP_V2LP_0P5 saed14hvt_tt0p8v25c     0.932400       6     5.594400 n
SAEDHVT14_INV_0P5  saed14hvt_tt0p8v25c     0.177600      66    11.721600
SAEDHVT14_MUX2_U_0P5 saed14hvt_tt0p8v25c     0.444000       2     0.888000
SAEDHVT14_ND2_CDC_0P5 saed14hvt_tt0p8v25c     0.222000      59    13.098000
SAEDHVT14_NR2_MM_0P5 saed14hvt_tt0p8v25c     0.222000      88    19.536000
SAEDHVT14_OA22_U_0P5 saed14hvt_tt0p8v25c     0.399600       1     0.399600
SAEDHVT14_OAI21_0P5 saed14hvt_tt0p8v25c     0.266400     147    39.160801
SAEDHVT14_OAI22_0P5 saed14hvt_tt0p8v25c     0.310800     118    36.674398
SAEDHVT14_OR2_0P5  saed14hvt_tt0p8v25c     0.310800       2     0.621600
SAEDHVT14_OR3_0P5  saed14hvt_tt0p8v25c     0.355200       2     0.710400
SAEDHVT14_OR4_1    saed14hvt_tt0p8v25c     0.399600      16     6.393600
SAEDLVT14_AN2B_PMM_2 saed14lvt_tt0p8v25c     0.444000       1     0.444000
SAEDRVT14_AN2_MM_0P5 saed14rvt_tt0p8v25c     0.310800       1     0.310800
SAEDRVT14_FDP_V2LP_0P5 saed14rvt_tt0p8v25c     0.932400      84    78.321599 n
-----------------------------------------------------------------------------
Total 23 references                                   290.375997

****************************************
Design: interrupt_controller_1 
****************************************
Reference          Library       Unit Area   Count    Total Area   Attributes
-----------------------------------------------------------------------------
SAEDHVT14_AN2B_MM_1 saed14hvt_tt0p8v25c     0.399600      10     3.996000
SAEDHVT14_AN4_0P75 saed14hvt_tt0p8v25c     0.399600       1     0.399600
SAEDHVT14_AO21_U_0P5 saed14hvt_tt0p8v25c     0.355200       4     1.420800
SAEDHVT14_AO32_U_0P5 saed14hvt_tt0p8v25c     0.444000      10     4.440000
SAEDHVT14_AO221_0P5 saed14hvt_tt0p8v25c     0.488400       3     1.465200
SAEDHVT14_AOI21_0P5 saed14hvt_tt0p8v25c     0.266400      10     2.664000
SAEDHVT14_BUF_U_0P5 saed14hvt_tt0p8v25c     0.266400       2     0.532800
SAEDHVT14_FDPQB_V2LP_0P5 saed14hvt_tt0p8v25c     0.843600       4     3.374400 n
SAEDHVT14_FDPQB_V2LP_1 saed14hvt_tt0p8v25c     0.843600      69    58.208398 n
SAEDHVT14_FDP_V2LP_0P5 saed14hvt_tt0p8v25c     0.932400       6     5.594400 n
SAEDHVT14_INV_0P5  saed14hvt_tt0p8v25c     0.177600      66    11.721600
SAEDHVT14_MUX2_U_0P5 saed14hvt_tt0p8v25c     0.444000       2     0.888000
SAEDHVT14_ND2_CDC_0P5 saed14hvt_tt0p8v25c     0.222000      59    13.098000
SAEDHVT14_NR2_MM_0P5 saed14hvt_tt0p8v25c     0.222000      88    19.536000
SAEDHVT14_OA22_U_0P5 saed14hvt_tt0p8v25c     0.399600       1     0.399600
SAEDHVT14_OAI21_0P5 saed14hvt_tt0p8v25c     0.266400     147    39.160801
SAEDHVT14_OAI22_0P5 saed14hvt_tt0p8v25c     0.310800     118    36.674398
SAEDHVT14_OR2_0P5  saed14hvt_tt0p8v25c     0.310800       2     0.621600
SAEDHVT14_OR3_0P5  saed14hvt_tt0p8v25c     0.355200       2     0.710400
SAEDHVT14_OR4_1    saed14hvt_tt0p8v25c     0.399600      16     6.393600
SAEDLVT14_AN2B_MM_1 saed14lvt_tt0p8v25c     0.399600       1     0.399600
SAEDRVT14_AN2_MM_0P5 saed14rvt_tt0p8v25c     0.310800       1     0.310800
SAEDRVT14_FDP_V2LP_0P5 saed14rvt_tt0p8v25c     0.932400      84    78.321599 n
-----------------------------------------------------------------------------
Total 23 references                                   290.331597

****************************************
Design: test_module 
****************************************
Reference          Library       Unit Area   Count    Total Area   Attributes
-----------------------------------------------------------------------------
SAEDHVT14_AN2B_MM_1 saed14hvt_tt0p8v25c     0.399600       1     0.399600
SAEDHVT14_AN3_0P5  saed14hvt_tt0p8v25c     0.355200       3     1.065600
SAEDHVT14_AN4_0P75 saed14hvt_tt0p8v25c     0.399600       3     1.198800
SAEDHVT14_AO21B_0P5 saed14hvt_tt0p8v25c     0.355200      14     4.972800
SAEDHVT14_AO21_U_0P5 saed14hvt_tt0p8v25c     0.355200       8     2.841600
SAEDHVT14_AO22_0P75 saed14hvt_tt0p8v25c     0.532800       1     0.532800
SAEDHVT14_AO32_U_0P5 saed14hvt_tt0p8v25c     0.444000      17     7.548000
SAEDHVT14_AO222_1  saed14hvt_tt0p8v25c     0.754800       2     1.509600
SAEDHVT14_AOI21_0P5 saed14hvt_tt0p8v25c     0.266400      29     7.725600
SAEDHVT14_EO2_V1_0P75 saed14hvt_tt0p8v25c     0.444000       1     0.444000
SAEDHVT14_FDPQB_V2LP_1 saed14hvt_tt0p8v25c     0.843600       2     1.687200 n
SAEDHVT14_FDP_V2LP_0P5 saed14hvt_tt0p8v25c     0.932400       6     5.594400 n
SAEDHVT14_INV_0P5  saed14hvt_tt0p8v25c     0.177600      14     2.486400
SAEDHVT14_MUX2_U_0P5 saed14hvt_tt0p8v25c     0.444000      31    13.764000
SAEDHVT14_MUXI2_U_0P5 saed14hvt_tt0p8v25c     0.399600       1     0.399600
SAEDHVT14_ND2_CDC_0P5 saed14hvt_tt0p8v25c     0.222000      15     3.330000
SAEDHVT14_ND3_0P5  saed14hvt_tt0p8v25c     0.444000       1     0.444000
SAEDHVT14_NR2_MM_0P5 saed14hvt_tt0p8v25c     0.222000       7     1.554000
SAEDHVT14_OAI21_0P5 saed14hvt_tt0p8v25c     0.266400      14     3.729600
SAEDHVT14_OAI22_0P5 saed14hvt_tt0p8v25c     0.310800      30     9.324000
SAEDHVT14_OR4_1    saed14hvt_tt0p8v25c     0.399600       7     2.797200
SAEDRVT14_AOI21_1  saed14rvt_tt0p8v25c     0.310800       1     0.310800
SAEDRVT14_FDP_V2LP_0P5 saed14rvt_tt0p8v25c     0.932400      82    76.456799 n
SAEDRVT14_INV_0P5  saed14rvt_tt0p8v25c     0.177600       2     0.355200
test_module_DW01_dec_J22_0        5.328000       1      5.328000  h
test_module_DW01_dec_J22_1        5.328000       1      5.328000  h
-----------------------------------------------------------------------------
Total 26 references                                   161.127599

****************************************
Design: test_module_DW01_dec_J22_0 
****************************************
Reference          Library       Unit Area   Count    Total Area   Attributes
-----------------------------------------------------------------------------
SAEDHVT14_EO2_V1_0P75 saed14hvt_tt0p8v25c     0.444000       3     1.332000
SAEDHVT14_INV_0P5  saed14hvt_tt0p8v25c     0.177600       5     0.888000
SAEDHVT14_MUXI2_U_0P5 saed14hvt_tt0p8v25c     0.399600       3     1.198800
SAEDHVT14_ND2B_U_0P5 saed14hvt_tt0p8v25c     0.310800       1     0.310800
SAEDHVT14_NR2_MM_0P5 saed14hvt_tt0p8v25c     0.222000       4     0.888000
SAEDHVT14_OAI22_0P5 saed14hvt_tt0p8v25c     0.310800       1     0.310800
SAEDHVT14_OR4_1    saed14hvt_tt0p8v25c     0.399600       1     0.399600
-----------------------------------------------------------------------------
Total 7 references                                      5.328000

****************************************
Design: test_module_DW01_dec_J22_1 
****************************************
Reference          Library       Unit Area   Count    Total Area   Attributes
-----------------------------------------------------------------------------
SAEDHVT14_EO2_V1_0P75 saed14hvt_tt0p8v25c     0.444000       3     1.332000
SAEDHVT14_INV_0P5  saed14hvt_tt0p8v25c     0.177600       5     0.888000
SAEDHVT14_MUXI2_U_0P5 saed14hvt_tt0p8v25c     0.399600       3     1.198800
SAEDHVT14_ND2B_U_0P5 saed14hvt_tt0p8v25c     0.310800       1     0.310800
SAEDHVT14_NR2_MM_0P5 saed14hvt_tt0p8v25c     0.222000       4     0.888000
SAEDHVT14_OAI22_0P5 saed14hvt_tt0p8v25c     0.310800       1     0.310800
SAEDHVT14_OR4_1    saed14hvt_tt0p8v25c     0.399600       1     0.399600
-----------------------------------------------------------------------------
Total 7 references                                      5.328000

****************************************
Design: timer_module 
****************************************
Reference          Library       Unit Area   Count    Total Area   Attributes
-----------------------------------------------------------------------------
SAEDHVT14_AN2B_MM_1 saed14hvt_tt0p8v25c     0.399600       1     0.399600
SAEDHVT14_AN4_0P75 saed14hvt_tt0p8v25c     0.399600       1     0.399600
SAEDHVT14_AO21B_0P5 saed14hvt_tt0p8v25c     0.355200      60    21.312000
SAEDHVT14_AO21_U_0P5 saed14hvt_tt0p8v25c     0.355200      12     4.262400
SAEDHVT14_AO22_0P75 saed14hvt_tt0p8v25c     0.532800       1     0.532800
SAEDHVT14_AO32_U_0P5 saed14hvt_tt0p8v25c     0.444000       4     1.776000
SAEDHVT14_AO221_0P5 saed14hvt_tt0p8v25c     0.488400       3     1.465200
SAEDHVT14_AOI21_0P5 saed14hvt_tt0p8v25c     0.266400      25     6.660000
SAEDHVT14_AOI22_0P5 saed14hvt_tt0p8v25c     0.488400      48    23.443201
SAEDHVT14_BUF_U_0P5 saed14hvt_tt0p8v25c     0.266400       9     2.397600
SAEDHVT14_FDPQB_V2LP_0P5 saed14hvt_tt0p8v25c     0.843600       7     5.905200 n
SAEDHVT14_FDPQB_V2LP_1 saed14hvt_tt0p8v25c     0.843600      91    76.767598 n
SAEDHVT14_FDP_V2LP_0P5 saed14hvt_tt0p8v25c     0.932400       4     3.729600 n
SAEDHVT14_INV_0P5  saed14hvt_tt0p8v25c     0.177600     100    17.760000
SAEDHVT14_MUX2_U_0P5 saed14hvt_tt0p8v25c     0.444000       6     2.664000
SAEDHVT14_ND2B_U_0P5 saed14hvt_tt0p8v25c     0.310800       1     0.310800
SAEDHVT14_ND2_CDC_0P5 saed14hvt_tt0p8v25c     0.222000      20     4.440000
SAEDHVT14_NR2_MM_0P5 saed14hvt_tt0p8v25c     0.222000      68    15.096000
SAEDHVT14_NR3_0P5  saed14hvt_tt0p8v25c     0.444000       8     3.552000
SAEDHVT14_OA2BB2_V1_1 saed14hvt_tt0p8v25c     0.444000       3     1.332000
SAEDHVT14_OA22_U_0P5 saed14hvt_tt0p8v25c     0.399600       2     0.799200
SAEDHVT14_OAI21_0P5 saed14hvt_tt0p8v25c     0.266400       9     2.397600
SAEDHVT14_OAI22_0P5 saed14hvt_tt0p8v25c     0.310800     169    52.525198
SAEDHVT14_OR3_0P5  saed14hvt_tt0p8v25c     0.355200      13     4.617600
SAEDHVT14_OR4_1    saed14hvt_tt0p8v25c     0.399600      77    30.769200
SAEDLVT14_AN2_MM_1 saed14lvt_tt0p8v25c     0.310800       1     0.310800
SAEDLVT14_ND2B_U_0P5 saed14lvt_tt0p8v25c     0.310800       1     0.310800
SAEDLVT14_TIE0_V1_2 saed14lvt_tt0p8v25c     0.488400       1     0.488400
SAEDLVT14_TIE1_4   saed14lvt_tt0p8v25c     0.399600       1     0.399600
SAEDRVT14_AN2_MM_0P5 saed14rvt_tt0p8v25c     0.310800       2     0.621600
SAEDRVT14_FDP_V2LP_0P5 saed14rvt_tt0p8v25c     0.932400      52    48.484799 n
timer_module_DW01_dec_J21_0      17.760000       1     17.760000  h
timer_module_DW01_dec_J21_1      17.760000       1     17.760000  h
timer_module_DW01_dec_J21_2      17.760000       1     17.760000  h
timer_module_DW01_sub_J21_0      14.652000       1     14.652000  h
timer_module_DW01_sub_J21_1      11.544000       1     11.544000  h
timer_module_DW01_sub_J21_2      14.652000       1     14.652000  h
timer_module_DW01_sub_J21_3      11.544000       1     11.544000  h
timer_module_DW01_sub_J21_4      14.652000       1     14.652000  h
timer_module_DW01_sub_J21_5      11.544000       1     11.544000  h
-----------------------------------------------------------------------------
Total 40 references                                   467.798394

****************************************
Design: timer_module_DW01_dec_J21_0 
****************************************
Reference          Library       Unit Area   Count    Total Area   Attributes
-----------------------------------------------------------------------------
SAEDHVT14_EO2_V1_0P75 saed14hvt_tt0p8v25c     0.444000      11     4.884000
SAEDHVT14_INV_0P5  saed14hvt_tt0p8v25c     0.177600      13     2.308800
SAEDHVT14_MUXI2_U_0P5 saed14hvt_tt0p8v25c     0.399600      11     4.395600
SAEDHVT14_ND2B_U_0P5 saed14hvt_tt0p8v25c     0.310800       9     2.797200
SAEDHVT14_NR2_MM_0P5 saed14hvt_tt0p8v25c     0.222000      12     2.664000
SAEDHVT14_OAI22_0P5 saed14hvt_tt0p8v25c     0.310800       1     0.310800
SAEDHVT14_OR4_1    saed14hvt_tt0p8v25c     0.399600       1     0.399600
-----------------------------------------------------------------------------
Total 7 references                                     17.760000

****************************************
Design: timer_module_DW01_dec_J21_1 
****************************************
Reference          Library       Unit Area   Count    Total Area   Attributes
-----------------------------------------------------------------------------
SAEDHVT14_EO2_V1_0P75 saed14hvt_tt0p8v25c     0.444000      11     4.884000
SAEDHVT14_INV_0P5  saed14hvt_tt0p8v25c     0.177600      13     2.308800
SAEDHVT14_MUXI2_U_0P5 saed14hvt_tt0p8v25c     0.399600      11     4.395600
SAEDHVT14_ND2B_U_0P5 saed14hvt_tt0p8v25c     0.310800       9     2.797200
SAEDHVT14_NR2_MM_0P5 saed14hvt_tt0p8v25c     0.222000      12     2.664000
SAEDHVT14_OAI22_0P5 saed14hvt_tt0p8v25c     0.310800       1     0.310800
SAEDHVT14_OR4_1    saed14hvt_tt0p8v25c     0.399600       1     0.399600
-----------------------------------------------------------------------------
Total 7 references                                     17.760000

****************************************
Design: timer_module_DW01_dec_J21_2 
****************************************
Reference          Library       Unit Area   Count    Total Area   Attributes
-----------------------------------------------------------------------------
SAEDHVT14_EO2_V1_0P75 saed14hvt_tt0p8v25c     0.444000      11     4.884000
SAEDHVT14_INV_0P5  saed14hvt_tt0p8v25c     0.177600      13     2.308800
SAEDHVT14_MUXI2_U_0P5 saed14hvt_tt0p8v25c     0.399600      11     4.395600
SAEDHVT14_ND2B_U_0P5 saed14hvt_tt0p8v25c     0.310800       9     2.797200
SAEDHVT14_NR2_MM_0P5 saed14hvt_tt0p8v25c     0.222000      12     2.664000
SAEDHVT14_OAI22_0P5 saed14hvt_tt0p8v25c     0.310800       1     0.310800
SAEDHVT14_OR4_1    saed14hvt_tt0p8v25c     0.399600       1     0.399600
-----------------------------------------------------------------------------
Total 7 references                                     17.760000

****************************************
Design: timer_module_DW01_sub_J21_0 
****************************************
Reference          Library       Unit Area   Count    Total Area   Attributes
-----------------------------------------------------------------------------
SAEDHVT14_EO2_V1_0P75 saed14hvt_tt0p8v25c     0.444000       9     3.996000
SAEDHVT14_INV_0P5  saed14hvt_tt0p8v25c     0.177600      11     1.953600
SAEDHVT14_MUXI2_U_0P5 saed14hvt_tt0p8v25c     0.399600       9     3.596400
SAEDHVT14_ND2B_U_0P5 saed14hvt_tt0p8v25c     0.310800       7     2.175600
SAEDHVT14_NR2_MM_0P5 saed14hvt_tt0p8v25c     0.222000      10     2.220000
SAEDHVT14_OAI22_0P5 saed14hvt_tt0p8v25c     0.310800       1     0.310800
SAEDHVT14_OR4_1    saed14hvt_tt0p8v25c     0.399600       1     0.399600
-----------------------------------------------------------------------------
Total 7 references                                     14.652000

****************************************
Design: timer_module_DW01_sub_J21_1 
****************************************
Reference          Library       Unit Area   Count    Total Area   Attributes
-----------------------------------------------------------------------------
SAEDHVT14_EO2_V1_0P75 saed14hvt_tt0p8v25c     0.444000       7     3.108000
SAEDHVT14_INV_0P5  saed14hvt_tt0p8v25c     0.177600       9     1.598400
SAEDHVT14_MUXI2_U_0P5 saed14hvt_tt0p8v25c     0.399600       7     2.797200
SAEDHVT14_ND2B_U_0P5 saed14hvt_tt0p8v25c     0.310800       5     1.554000
SAEDHVT14_NR2_MM_0P5 saed14hvt_tt0p8v25c     0.222000       8     1.776000
SAEDHVT14_OAI22_0P5 saed14hvt_tt0p8v25c     0.310800       1     0.310800
SAEDHVT14_OR4_1    saed14hvt_tt0p8v25c     0.399600       1     0.399600
-----------------------------------------------------------------------------
Total 7 references                                     11.544000

****************************************
Design: timer_module_DW01_sub_J21_2 
****************************************
Reference          Library       Unit Area   Count    Total Area   Attributes
-----------------------------------------------------------------------------
SAEDHVT14_EO2_V1_0P75 saed14hvt_tt0p8v25c     0.444000       9     3.996000
SAEDHVT14_INV_0P5  saed14hvt_tt0p8v25c     0.177600      11     1.953600
SAEDHVT14_MUXI2_U_0P5 saed14hvt_tt0p8v25c     0.399600       9     3.596400
SAEDHVT14_ND2B_U_0P5 saed14hvt_tt0p8v25c     0.310800       7     2.175600
SAEDHVT14_NR2_MM_0P5 saed14hvt_tt0p8v25c     0.222000      10     2.220000
SAEDHVT14_OAI22_0P5 saed14hvt_tt0p8v25c     0.310800       1     0.310800
SAEDHVT14_OR4_1    saed14hvt_tt0p8v25c     0.399600       1     0.399600
-----------------------------------------------------------------------------
Total 7 references                                     14.652000

****************************************
Design: timer_module_DW01_sub_J21_3 
****************************************
Reference          Library       Unit Area   Count    Total Area   Attributes
-----------------------------------------------------------------------------
SAEDHVT14_EO2_V1_0P75 saed14hvt_tt0p8v25c     0.444000       7     3.108000
SAEDHVT14_INV_0P5  saed14hvt_tt0p8v25c     0.177600       9     1.598400
SAEDHVT14_MUXI2_U_0P5 saed14hvt_tt0p8v25c     0.399600       7     2.797200
SAEDHVT14_ND2B_U_0P5 saed14hvt_tt0p8v25c     0.310800       5     1.554000
SAEDHVT14_NR2_MM_0P5 saed14hvt_tt0p8v25c     0.222000       8     1.776000
SAEDHVT14_OAI22_0P5 saed14hvt_tt0p8v25c     0.310800       1     0.310800
SAEDHVT14_OR4_1    saed14hvt_tt0p8v25c     0.399600       1     0.399600
-----------------------------------------------------------------------------
Total 7 references                                     11.544000

****************************************
Design: timer_module_DW01_sub_J21_4 
****************************************
Reference          Library       Unit Area   Count    Total Area   Attributes
-----------------------------------------------------------------------------
SAEDHVT14_EO2_V1_0P75 saed14hvt_tt0p8v25c     0.444000       9     3.996000
SAEDHVT14_INV_0P5  saed14hvt_tt0p8v25c     0.177600      11     1.953600
SAEDHVT14_MUXI2_U_0P5 saed14hvt_tt0p8v25c     0.399600       9     3.596400
SAEDHVT14_ND2B_U_0P5 saed14hvt_tt0p8v25c     0.310800       7     2.175600
SAEDHVT14_NR2_MM_0P5 saed14hvt_tt0p8v25c     0.222000      10     2.220000
SAEDHVT14_OAI22_0P5 saed14hvt_tt0p8v25c     0.310800       1     0.310800
SAEDHVT14_OR4_1    saed14hvt_tt0p8v25c     0.399600       1     0.399600
-----------------------------------------------------------------------------
Total 7 references                                     14.652000

****************************************
Design: timer_module_DW01_sub_J21_5 
****************************************
Reference          Library       Unit Area   Count    Total Area   Attributes
-----------------------------------------------------------------------------
SAEDHVT14_EO2_V1_0P75 saed14hvt_tt0p8v25c     0.444000       7     3.108000
SAEDHVT14_INV_0P5  saed14hvt_tt0p8v25c     0.177600       9     1.598400
SAEDHVT14_MUXI2_U_0P5 saed14hvt_tt0p8v25c     0.399600       7     2.797200
SAEDHVT14_ND2B_U_0P5 saed14hvt_tt0p8v25c     0.310800       5     1.554000
SAEDHVT14_NR2_MM_0P5 saed14hvt_tt0p8v25c     0.222000       8     1.776000
SAEDHVT14_OAI22_0P5 saed14hvt_tt0p8v25c     0.310800       1     0.310800
SAEDHVT14_OR4_1    saed14hvt_tt0p8v25c     0.399600       1     0.399600
-----------------------------------------------------------------------------
Total 7 references                                     11.544000

****************************************
Design: uart_0 
****************************************
Reference          Library       Unit Area   Count    Total Area   Attributes
-----------------------------------------------------------------------------
SAEDHVT14_AN2B_MM_1 saed14hvt_tt0p8v25c     0.399600       1     0.399600
SAEDHVT14_AN2_0P5  saed14hvt_tt0p8v25c     0.399600       1     0.399600
SAEDHVT14_AN3_0P5  saed14hvt_tt0p8v25c     0.355200       6     2.131200
SAEDHVT14_AN4_0P75 saed14hvt_tt0p8v25c     0.399600      10     3.996000
SAEDHVT14_AO2BB2_V1_0P75 saed14hvt_tt0p8v25c     0.621600       1     0.621600
SAEDHVT14_AO22_0P75 saed14hvt_tt0p8v25c     0.532800       1     0.532800
SAEDHVT14_AO32_U_0P5 saed14hvt_tt0p8v25c     0.444000      11     4.884000
SAEDHVT14_AO222_1  saed14hvt_tt0p8v25c     0.754800       8     6.038400
SAEDHVT14_AOI21_0P5 saed14hvt_tt0p8v25c     0.266400      28     7.459200
SAEDHVT14_BUF_U_0P5 saed14hvt_tt0p8v25c     0.266400      15     3.996000
SAEDHVT14_EO2_V1_0P75 saed14hvt_tt0p8v25c     0.444000       2     0.888000
SAEDHVT14_FDPQB_V2LP_0P5 saed14hvt_tt0p8v25c     0.843600      12    10.123200 n
SAEDHVT14_FDPQB_V2LP_1 saed14hvt_tt0p8v25c     0.843600     177   149.317196 n
SAEDHVT14_FDP_V2LP_0P5 saed14hvt_tt0p8v25c     0.932400      16    14.918400 n
SAEDHVT14_INV_0P5  saed14hvt_tt0p8v25c     0.177600     100    17.760000
SAEDHVT14_MUX2_U_0P5 saed14hvt_tt0p8v25c     0.444000      13     5.772000
SAEDHVT14_MUXI2_U_0P5 saed14hvt_tt0p8v25c     0.399600       1     0.399600
SAEDHVT14_ND2B_U_0P5 saed14hvt_tt0p8v25c     0.310800       5     1.554000
SAEDHVT14_ND2_CDC_0P5 saed14hvt_tt0p8v25c     0.222000      84    18.648000
SAEDHVT14_ND3_0P5  saed14hvt_tt0p8v25c     0.444000       1     0.444000
SAEDHVT14_NR2_MM_0P5 saed14hvt_tt0p8v25c     0.222000      82    18.204000
SAEDHVT14_NR3_0P5  saed14hvt_tt0p8v25c     0.444000       1     0.444000
SAEDHVT14_NR4_0P75 saed14hvt_tt0p8v25c     0.488400       5     2.442000
SAEDHVT14_OA21_1   saed14hvt_tt0p8v25c     0.355200      21     7.459200
SAEDHVT14_OA22_U_0P5 saed14hvt_tt0p8v25c     0.399600       7     2.797200
SAEDHVT14_OA31_1   saed14hvt_tt0p8v25c     0.399600       5     1.998000
SAEDHVT14_OA221_U_0P5 saed14hvt_tt0p8v25c     0.488400       5     2.442000
SAEDHVT14_OAI21_0P5 saed14hvt_tt0p8v25c     0.266400      43    11.455200
SAEDHVT14_OAI22_0P5 saed14hvt_tt0p8v25c     0.310800     477   148.251593
SAEDHVT14_OR2_0P5  saed14hvt_tt0p8v25c     0.310800       3     0.932400
SAEDHVT14_OR3_0P5  saed14hvt_tt0p8v25c     0.355200       5     1.776000
SAEDHVT14_OR4_1    saed14hvt_tt0p8v25c     0.399600      44    17.582400
SAEDLVT14_ND2B_U_0P5 saed14lvt_tt0p8v25c     0.310800       1     0.310800
SAEDLVT14_TIE0_V1_2 saed14lvt_tt0p8v25c     0.488400       1     0.488400
SAEDLVT14_TIE1_4   saed14lvt_tt0p8v25c     0.399600       1     0.399600
SAEDRVT14_AN2_MM_0P5 saed14rvt_tt0p8v25c     0.310800      25     7.770000
SAEDRVT14_FDP_V2LP_0P5 saed14rvt_tt0p8v25c     0.932400     207   193.006798 n
SAEDRVT14_FDP_V2_1 saed14rvt_tt0p8v25c     0.932400       3     2.797200 n
uart_0_DW01_dec_J5_0_0            2.930400       1      2.930400  h
uart_0_DW01_dec_J5_1_0            2.930400       1      2.930400  h
uart_0_DW01_inc_J5_0_0            5.772000       1      5.772000  h
uart_0_DW01_inc_J5_1_0            5.772000       1      5.772000  h
uart_0_DW01_inc_J5_2_0            2.442000       1      2.442000  h
uart_0_DW01_inc_J5_3_0            2.442000       1      2.442000  h
uart_0_DW01_inc_J5_4_0            2.442000       1      2.442000  h
uart_0_DW01_inc_J5_5_0           15.096000       1     15.096000  h
uart_0_DW01_inc_J5_6_0            2.442000       1      2.442000  h
uart_0_DW01_inc_J5_7_0            2.442000       1      2.442000  h
uart_0_DW01_inc_J5_8_0            2.442000       1      2.442000  h
uart_0_DW_cmp_J5_0_0              2.841600       1      2.841600  h
uart_0_DW_cmp_J5_1_0              2.841600       1      2.841600  h
uart_0_DW_cmp_J5_2_0              0.621600       1      0.621600  h
-----------------------------------------------------------------------------
Total 52 references                                   724.297187

****************************************
Design: uart_0_DW01_dec_J5_0_0 
****************************************
Reference          Library       Unit Area   Count    Total Area   Attributes
-----------------------------------------------------------------------------
SAEDHVT14_EO2_V1_0P75 saed14hvt_tt0p8v25c     0.444000       2     0.888000
SAEDHVT14_INV_0P5  saed14hvt_tt0p8v25c     0.177600       3     0.532800
SAEDHVT14_MUXI2_U_0P5 saed14hvt_tt0p8v25c     0.399600       1     0.399600
SAEDHVT14_NR2_MM_0P5 saed14hvt_tt0p8v25c     0.222000       2     0.444000
SAEDHVT14_OAI22_0P5 saed14hvt_tt0p8v25c     0.310800       1     0.310800
SAEDHVT14_OR3_0P5  saed14hvt_tt0p8v25c     0.355200       1     0.355200
-----------------------------------------------------------------------------
Total 6 references                                      2.930400

****************************************
Design: uart_0_DW01_dec_J5_1_0 
****************************************
Reference          Library       Unit Area   Count    Total Area   Attributes
-----------------------------------------------------------------------------
SAEDHVT14_EO2_V1_0P75 saed14hvt_tt0p8v25c     0.444000       2     0.888000
SAEDHVT14_INV_0P5  saed14hvt_tt0p8v25c     0.177600       3     0.532800
SAEDHVT14_MUXI2_U_0P5 saed14hvt_tt0p8v25c     0.399600       1     0.399600
SAEDHVT14_NR2_MM_0P5 saed14hvt_tt0p8v25c     0.222000       2     0.444000
SAEDHVT14_OAI22_0P5 saed14hvt_tt0p8v25c     0.310800       1     0.310800
SAEDHVT14_OR3_0P5  saed14hvt_tt0p8v25c     0.355200       1     0.355200
-----------------------------------------------------------------------------
Total 6 references                                      2.930400

****************************************
Design: uart_0_DW01_inc_J5_0_0 
****************************************
Reference          Library       Unit Area   Count    Total Area   Attributes
-----------------------------------------------------------------------------
SAEDHVT14_EO2_V1_0P75 saed14hvt_tt0p8v25c     0.444000       1     0.444000
SAEDRVT14_ADDH_0P5 saed14rvt_tt0p8v25c     0.666000       8     5.328000 r
-----------------------------------------------------------------------------
Total 2 references                                      5.772000

****************************************
Design: uart_0_DW01_inc_J5_1_0 
****************************************
Reference          Library       Unit Area   Count    Total Area   Attributes
-----------------------------------------------------------------------------
SAEDHVT14_EO2_V1_0P75 saed14hvt_tt0p8v25c     0.444000       1     0.444000
SAEDRVT14_ADDH_0P5 saed14rvt_tt0p8v25c     0.666000       8     5.328000 r
-----------------------------------------------------------------------------
Total 2 references                                      5.772000

****************************************
Design: uart_0_DW01_inc_J5_2_0 
****************************************
Reference          Library       Unit Area   Count    Total Area   Attributes
-----------------------------------------------------------------------------
SAEDHVT14_EO2_V1_0P75 saed14hvt_tt0p8v25c     0.444000       1     0.444000
SAEDRVT14_ADDH_0P5 saed14rvt_tt0p8v25c     0.666000       3     1.998000 r
-----------------------------------------------------------------------------
Total 2 references                                      2.442000

****************************************
Design: uart_0_DW01_inc_J5_3_0 
****************************************
Reference          Library       Unit Area   Count    Total Area   Attributes
-----------------------------------------------------------------------------
SAEDHVT14_EO2_V1_0P75 saed14hvt_tt0p8v25c     0.444000       1     0.444000
SAEDRVT14_ADDH_0P5 saed14rvt_tt0p8v25c     0.666000       3     1.998000 r
-----------------------------------------------------------------------------
Total 2 references                                      2.442000

****************************************
Design: uart_0_DW01_inc_J5_4_0 
****************************************
Reference          Library       Unit Area   Count    Total Area   Attributes
-----------------------------------------------------------------------------
SAEDHVT14_EO2_V1_0P75 saed14hvt_tt0p8v25c     0.444000       1     0.444000
SAEDRVT14_ADDH_0P5 saed14rvt_tt0p8v25c     0.666000       3     1.998000 r
-----------------------------------------------------------------------------
Total 2 references                                      2.442000

****************************************
Design: uart_0_DW01_inc_J5_5_0 
****************************************
Reference          Library       Unit Area   Count    Total Area   Attributes
-----------------------------------------------------------------------------
SAEDHVT14_EO2_V1_0P75 saed14hvt_tt0p8v25c     0.444000       1     0.444000
SAEDRVT14_ADDH_0P5 saed14rvt_tt0p8v25c     0.666000      22    14.652000 r
-----------------------------------------------------------------------------
Total 2 references                                     15.096000

****************************************
Design: uart_0_DW01_inc_J5_6_0 
****************************************
Reference          Library       Unit Area   Count    Total Area   Attributes
-----------------------------------------------------------------------------
SAEDHVT14_EO2_V1_0P75 saed14hvt_tt0p8v25c     0.444000       1     0.444000
SAEDRVT14_ADDH_0P5 saed14rvt_tt0p8v25c     0.666000       3     1.998000 r
-----------------------------------------------------------------------------
Total 2 references                                      2.442000

****************************************
Design: uart_0_DW01_inc_J5_7_0 
****************************************
Reference          Library       Unit Area   Count    Total Area   Attributes
-----------------------------------------------------------------------------
SAEDHVT14_EO2_V1_0P75 saed14hvt_tt0p8v25c     0.444000       1     0.444000
SAEDRVT14_ADDH_0P5 saed14rvt_tt0p8v25c     0.666000       3     1.998000 r
-----------------------------------------------------------------------------
Total 2 references                                      2.442000

****************************************
Design: uart_0_DW01_inc_J5_8_0 
****************************************
Reference          Library       Unit Area   Count    Total Area   Attributes
-----------------------------------------------------------------------------
SAEDHVT14_EO2_V1_0P75 saed14hvt_tt0p8v25c     0.444000       1     0.444000
SAEDRVT14_ADDH_0P5 saed14rvt_tt0p8v25c     0.666000       3     1.998000 r
-----------------------------------------------------------------------------
Total 2 references                                      2.442000

****************************************
Design: uart_0_DW_cmp_J5_0_0 
****************************************
Reference          Library       Unit Area   Count    Total Area   Attributes
-----------------------------------------------------------------------------
SAEDHVT14_EO2_V1_0P75 saed14hvt_tt0p8v25c     0.444000       5     2.220000
SAEDHVT14_NR2_MM_0P5 saed14hvt_tt0p8v25c     0.222000       1     0.222000
SAEDHVT14_OR4_1    saed14hvt_tt0p8v25c     0.399600       1     0.399600
-----------------------------------------------------------------------------
Total 3 references                                      2.841600

****************************************
Design: uart_0_DW_cmp_J5_1_0 
****************************************
Reference          Library       Unit Area   Count    Total Area   Attributes
-----------------------------------------------------------------------------
SAEDHVT14_EO2_V1_0P75 saed14hvt_tt0p8v25c     0.444000       5     2.220000
SAEDHVT14_NR2_MM_0P5 saed14hvt_tt0p8v25c     0.222000       1     0.222000
SAEDHVT14_OR4_1    saed14hvt_tt0p8v25c     0.399600       1     0.399600
-----------------------------------------------------------------------------
Total 3 references                                      2.841600

****************************************
Design: uart_0_DW_cmp_J5_2_0 
****************************************
Reference          Library       Unit Area   Count    Total Area   Attributes
-----------------------------------------------------------------------------
SAEDHVT14_NR2_MM_0P5 saed14hvt_tt0p8v25c     0.222000       1     0.222000
SAEDHVT14_OA31_1   saed14hvt_tt0p8v25c     0.399600       1     0.399600
-----------------------------------------------------------------------------
Total 2 references                                      0.621600

****************************************
Design: uart_1 
****************************************
Reference          Library       Unit Area   Count    Total Area   Attributes
-----------------------------------------------------------------------------
SAEDHVT14_AN2B_MM_1 saed14hvt_tt0p8v25c     0.399600       1     0.399600
SAEDHVT14_AN3_0P5  saed14hvt_tt0p8v25c     0.355200       6     2.131200
SAEDHVT14_AN4_0P75 saed14hvt_tt0p8v25c     0.399600      10     3.996000
SAEDHVT14_AO2BB2_V1_0P75 saed14hvt_tt0p8v25c     0.621600       1     0.621600
SAEDHVT14_AO22_0P75 saed14hvt_tt0p8v25c     0.532800       1     0.532800
SAEDHVT14_AO32_U_0P5 saed14hvt_tt0p8v25c     0.444000      11     4.884000
SAEDHVT14_AO222_1  saed14hvt_tt0p8v25c     0.754800       8     6.038400
SAEDHVT14_AOI21_0P5 saed14hvt_tt0p8v25c     0.266400      28     7.459200
SAEDHVT14_BUF_U_0P5 saed14hvt_tt0p8v25c     0.266400      15     3.996000
SAEDHVT14_EO2_V1_0P75 saed14hvt_tt0p8v25c     0.444000       2     0.888000
SAEDHVT14_FDPQB_V2LP_0P5 saed14hvt_tt0p8v25c     0.843600      12    10.123200 n
SAEDHVT14_FDPQB_V2LP_1 saed14hvt_tt0p8v25c     0.843600     177   149.317196 n
SAEDHVT14_FDP_V2LP_0P5 saed14hvt_tt0p8v25c     0.932400      15    13.986000 n
SAEDHVT14_INV_0P5  saed14hvt_tt0p8v25c     0.177600     100    17.760000
SAEDHVT14_MUX2_U_0P5 saed14hvt_tt0p8v25c     0.444000      13     5.772000
SAEDHVT14_MUXI2_U_0P5 saed14hvt_tt0p8v25c     0.399600       1     0.399600
SAEDHVT14_ND2B_U_0P5 saed14hvt_tt0p8v25c     0.310800       5     1.554000
SAEDHVT14_ND2_CDC_0P5 saed14hvt_tt0p8v25c     0.222000      84    18.648000
SAEDHVT14_ND3_0P5  saed14hvt_tt0p8v25c     0.444000       1     0.444000
SAEDHVT14_NR2_MM_0P5 saed14hvt_tt0p8v25c     0.222000      81    17.982000
SAEDHVT14_NR3_0P5  saed14hvt_tt0p8v25c     0.444000       1     0.444000
SAEDHVT14_NR4_0P75 saed14hvt_tt0p8v25c     0.488400       5     2.442000
SAEDHVT14_OA21_1   saed14hvt_tt0p8v25c     0.355200      21     7.459200
SAEDHVT14_OA22_U_0P5 saed14hvt_tt0p8v25c     0.399600       7     2.797200
SAEDHVT14_OA31_1   saed14hvt_tt0p8v25c     0.399600       5     1.998000
SAEDHVT14_OA221_U_0P5 saed14hvt_tt0p8v25c     0.488400       5     2.442000
SAEDHVT14_OAI21_0P5 saed14hvt_tt0p8v25c     0.266400      43    11.455200
SAEDHVT14_OAI22_0P5 saed14hvt_tt0p8v25c     0.310800     477   148.251593
SAEDHVT14_OR2_0P5  saed14hvt_tt0p8v25c     0.310800       3     0.932400
SAEDHVT14_OR3_0P5  saed14hvt_tt0p8v25c     0.355200       5     1.776000
SAEDHVT14_OR4_1    saed14hvt_tt0p8v25c     0.399600      43    17.182800
SAEDLVT14_AN2_MM_1 saed14lvt_tt0p8v25c     0.310800       1     0.310800
SAEDLVT14_ND2B_U_0P5 saed14lvt_tt0p8v25c     0.310800       1     0.310800
SAEDLVT14_NR2_MM_0P5 saed14lvt_tt0p8v25c     0.222000       1     0.222000
SAEDLVT14_TIE0_V1_2 saed14lvt_tt0p8v25c     0.488400       1     0.488400
SAEDLVT14_TIE1_4   saed14lvt_tt0p8v25c     0.399600       1     0.399600
SAEDRVT14_AN2_MM_0P5 saed14rvt_tt0p8v25c     0.310800      25     7.770000
SAEDRVT14_FDP_V2LP_0P5 saed14rvt_tt0p8v25c     0.932400     208   193.939198 n
SAEDRVT14_FDP_V2_1 saed14rvt_tt0p8v25c     0.932400       3     2.797200 n
SAEDRVT14_OR4_1    saed14rvt_tt0p8v25c     0.399600       1     0.399600
uart_0_DW01_dec_J5_0_1            2.930400       1      2.930400  h
uart_0_DW01_dec_J5_1_1            2.930400       1      2.930400  h
uart_0_DW01_inc_J5_0_1            5.772000       1      5.772000  h
uart_0_DW01_inc_J5_1_1            5.772000       1      5.772000  h
uart_0_DW01_inc_J5_2_1            2.442000       1      2.442000  h
uart_0_DW01_inc_J5_3_1            2.442000       1      2.442000  h
uart_0_DW01_inc_J5_4_1            2.442000       1      2.442000  h
uart_0_DW01_inc_J5_5_1           15.096000       1     15.096000  h
uart_0_DW01_inc_J5_6_1            2.442000       1      2.442000  h
uart_0_DW01_inc_J5_7_1            2.442000       1      2.442000  h
uart_0_DW01_inc_J5_8_1            2.442000       1      2.442000  h
uart_0_DW_cmp_J5_0_1              2.841600       1      2.841600  h
uart_0_DW_cmp_J5_1_1              2.841600       1      2.841600  h
uart_0_DW_cmp_J5_2_1              0.621600       1      0.621600  h
-----------------------------------------------------------------------------
Total 54 references                                   724.208387

****************************************
Design: uart_0_DW01_dec_J5_0_1 
****************************************
Reference          Library       Unit Area   Count    Total Area   Attributes
-----------------------------------------------------------------------------
SAEDHVT14_EO2_V1_0P75 saed14hvt_tt0p8v25c     0.444000       2     0.888000
SAEDHVT14_INV_0P5  saed14hvt_tt0p8v25c     0.177600       3     0.532800
SAEDHVT14_MUXI2_U_0P5 saed14hvt_tt0p8v25c     0.399600       1     0.399600
SAEDHVT14_NR2_MM_0P5 saed14hvt_tt0p8v25c     0.222000       2     0.444000
SAEDHVT14_OAI22_0P5 saed14hvt_tt0p8v25c     0.310800       1     0.310800
SAEDHVT14_OR3_0P5  saed14hvt_tt0p8v25c     0.355200       1     0.355200
-----------------------------------------------------------------------------
Total 6 references                                      2.930400

****************************************
Design: uart_0_DW01_dec_J5_1_1 
****************************************
Reference          Library       Unit Area   Count    Total Area   Attributes
-----------------------------------------------------------------------------
SAEDHVT14_EO2_V1_0P75 saed14hvt_tt0p8v25c     0.444000       2     0.888000
SAEDHVT14_INV_0P5  saed14hvt_tt0p8v25c     0.177600       3     0.532800
SAEDHVT14_MUXI2_U_0P5 saed14hvt_tt0p8v25c     0.399600       1     0.399600
SAEDHVT14_NR2_MM_0P5 saed14hvt_tt0p8v25c     0.222000       2     0.444000
SAEDHVT14_OAI22_0P5 saed14hvt_tt0p8v25c     0.310800       1     0.310800
SAEDHVT14_OR3_0P5  saed14hvt_tt0p8v25c     0.355200       1     0.355200
-----------------------------------------------------------------------------
Total 6 references                                      2.930400

****************************************
Design: uart_0_DW01_inc_J5_0_1 
****************************************
Reference          Library       Unit Area   Count    Total Area   Attributes
-----------------------------------------------------------------------------
SAEDHVT14_EO2_V1_0P75 saed14hvt_tt0p8v25c     0.444000       1     0.444000
SAEDRVT14_ADDH_0P5 saed14rvt_tt0p8v25c     0.666000       8     5.328000 r
-----------------------------------------------------------------------------
Total 2 references                                      5.772000

****************************************
Design: uart_0_DW01_inc_J5_1_1 
****************************************
Reference          Library       Unit Area   Count    Total Area   Attributes
-----------------------------------------------------------------------------
SAEDHVT14_EO2_V1_0P75 saed14hvt_tt0p8v25c     0.444000       1     0.444000
SAEDRVT14_ADDH_0P5 saed14rvt_tt0p8v25c     0.666000       8     5.328000 r
-----------------------------------------------------------------------------
Total 2 references                                      5.772000

****************************************
Design: uart_0_DW01_inc_J5_2_1 
****************************************
Reference          Library       Unit Area   Count    Total Area   Attributes
-----------------------------------------------------------------------------
SAEDHVT14_EO2_V1_0P75 saed14hvt_tt0p8v25c     0.444000       1     0.444000
SAEDRVT14_ADDH_0P5 saed14rvt_tt0p8v25c     0.666000       3     1.998000 r
-----------------------------------------------------------------------------
Total 2 references                                      2.442000

****************************************
Design: uart_0_DW01_inc_J5_3_1 
****************************************
Reference          Library       Unit Area   Count    Total Area   Attributes
-----------------------------------------------------------------------------
SAEDHVT14_EO2_V1_0P75 saed14hvt_tt0p8v25c     0.444000       1     0.444000
SAEDRVT14_ADDH_0P5 saed14rvt_tt0p8v25c     0.666000       3     1.998000 r
-----------------------------------------------------------------------------
Total 2 references                                      2.442000

****************************************
Design: uart_0_DW01_inc_J5_4_1 
****************************************
Reference          Library       Unit Area   Count    Total Area   Attributes
-----------------------------------------------------------------------------
SAEDHVT14_EO2_V1_0P75 saed14hvt_tt0p8v25c     0.444000       1     0.444000
SAEDRVT14_ADDH_0P5 saed14rvt_tt0p8v25c     0.666000       3     1.998000 r
-----------------------------------------------------------------------------
Total 2 references                                      2.442000

****************************************
Design: uart_0_DW01_inc_J5_5_1 
****************************************
Reference          Library       Unit Area   Count    Total Area   Attributes
-----------------------------------------------------------------------------
SAEDHVT14_EO2_V1_0P75 saed14hvt_tt0p8v25c     0.444000       1     0.444000
SAEDRVT14_ADDH_0P5 saed14rvt_tt0p8v25c     0.666000      22    14.652000 r
-----------------------------------------------------------------------------
Total 2 references                                     15.096000

****************************************
Design: uart_0_DW01_inc_J5_6_1 
****************************************
Reference          Library       Unit Area   Count    Total Area   Attributes
-----------------------------------------------------------------------------
SAEDHVT14_EO2_V1_0P75 saed14hvt_tt0p8v25c     0.444000       1     0.444000
SAEDRVT14_ADDH_0P5 saed14rvt_tt0p8v25c     0.666000       3     1.998000 r
-----------------------------------------------------------------------------
Total 2 references                                      2.442000

****************************************
Design: uart_0_DW01_inc_J5_7_1 
****************************************
Reference          Library       Unit Area   Count    Total Area   Attributes
-----------------------------------------------------------------------------
SAEDHVT14_EO2_V1_0P75 saed14hvt_tt0p8v25c     0.444000       1     0.444000
SAEDRVT14_ADDH_0P5 saed14rvt_tt0p8v25c     0.666000       3     1.998000 r
-----------------------------------------------------------------------------
Total 2 references                                      2.442000

****************************************
Design: uart_0_DW01_inc_J5_8_1 
****************************************
Reference          Library       Unit Area   Count    Total Area   Attributes
-----------------------------------------------------------------------------
SAEDHVT14_EO2_V1_0P75 saed14hvt_tt0p8v25c     0.444000       1     0.444000
SAEDRVT14_ADDH_0P5 saed14rvt_tt0p8v25c     0.666000       3     1.998000 r
-----------------------------------------------------------------------------
Total 2 references                                      2.442000

****************************************
Design: uart_0_DW_cmp_J5_0_1 
****************************************
Reference          Library       Unit Area   Count    Total Area   Attributes
-----------------------------------------------------------------------------
SAEDHVT14_EO2_V1_0P75 saed14hvt_tt0p8v25c     0.444000       5     2.220000
SAEDHVT14_NR2_MM_0P5 saed14hvt_tt0p8v25c     0.222000       1     0.222000
SAEDHVT14_OR4_1    saed14hvt_tt0p8v25c     0.399600       1     0.399600
-----------------------------------------------------------------------------
Total 3 references                                      2.841600

****************************************
Design: uart_0_DW_cmp_J5_1_1 
****************************************
Reference          Library       Unit Area   Count    Total Area   Attributes
-----------------------------------------------------------------------------
SAEDHVT14_EO2_V1_0P75 saed14hvt_tt0p8v25c     0.444000       5     2.220000
SAEDHVT14_NR2_MM_0P5 saed14hvt_tt0p8v25c     0.222000       1     0.222000
SAEDHVT14_OR4_1    saed14hvt_tt0p8v25c     0.399600       1     0.399600
-----------------------------------------------------------------------------
Total 3 references                                      2.841600

****************************************
Design: uart_0_DW_cmp_J5_2_1 
****************************************
Reference          Library       Unit Area   Count    Total Area   Attributes
-----------------------------------------------------------------------------
SAEDHVT14_NR2_MM_0P5 saed14hvt_tt0p8v25c     0.222000       1     0.222000
SAEDHVT14_OA31_1   saed14hvt_tt0p8v25c     0.399600       1     0.399600
-----------------------------------------------------------------------------
Total 2 references                                      0.621600

****************************************
Design: wb_rr_arb2 
****************************************
Reference          Library       Unit Area   Count    Total Area   Attributes
-----------------------------------------------------------------------------
SAEDHVT14_AN2_0P5  saed14hvt_tt0p8v25c     0.399600       3     1.198800
SAEDHVT14_AN4_0P75 saed14hvt_tt0p8v25c     0.399600       1     0.399600
SAEDHVT14_AO21_U_0P5 saed14hvt_tt0p8v25c     0.355200       1     0.355200
SAEDHVT14_AO22_0P75 saed14hvt_tt0p8v25c     0.532800      36    19.180801
SAEDHVT14_AO22_1   saed14hvt_tt0p8v25c     0.532800       9     4.795200
SAEDHVT14_BUF_U_0P5 saed14hvt_tt0p8v25c     0.266400       3     0.799200
SAEDHVT14_FDPQB_V2LP_1 saed14hvt_tt0p8v25c     0.843600       1     0.843600 n
SAEDHVT14_INV_0P5  saed14hvt_tt0p8v25c     0.177600       9     1.598400
SAEDHVT14_MUXI2_U_0P5 saed14hvt_tt0p8v25c     0.399600       1     0.399600
SAEDHVT14_NR2_MM_0P5 saed14hvt_tt0p8v25c     0.222000       5     1.110000
SAEDHVT14_OA21B_1  saed14hvt_tt0p8v25c     0.355200       1     0.355200
SAEDHVT14_OAI21_0P5 saed14hvt_tt0p8v25c     0.266400       4     1.065600
SAEDLVT14_AN2_MM_0P5 saed14lvt_tt0p8v25c     0.310800       5     1.554000
SAEDLVT14_AO22_0P5 saed14lvt_tt0p8v25c     0.532800      13     6.926400
SAEDLVT14_FDPQB_V2LP_1 saed14lvt_tt0p8v25c     0.843600       2     1.687200 n
SAEDLVT14_INV_0P5  saed14lvt_tt0p8v25c     0.177600       1     0.177600
SAEDRVT14_AN2_MM_0P5 saed14rvt_tt0p8v25c     0.310800      23     7.148400
SAEDRVT14_AN2_MM_1 saed14rvt_tt0p8v25c     0.310800      35    10.878000
SAEDRVT14_AO22_0P5 saed14rvt_tt0p8v25c     0.532800      13     6.926400
SAEDRVT14_FDP_V2LP_0P5 saed14rvt_tt0p8v25c     0.932400       2     1.864800 n
-----------------------------------------------------------------------------
Total 20 references                                    69.264000

****************************************
Design: wishbone_arbiter 
****************************************
Reference          Library       Unit Area   Count    Total Area   Attributes
-----------------------------------------------------------------------------
SAEDHVT14_AN2_0P5  saed14hvt_tt0p8v25c     0.399600       1     0.399600
SAEDHVT14_AN2_1    saed14hvt_tt0p8v25c     0.310800       2     0.621600
SAEDHVT14_AN3_0P5  saed14hvt_tt0p8v25c     0.355200       1     0.355200
SAEDHVT14_AN4_0P75 saed14hvt_tt0p8v25c     0.399600       1     0.399600
SAEDHVT14_AO22_1   saed14hvt_tt0p8v25c     0.532800       1     0.532800
SAEDHVT14_AOI22_0P5 saed14hvt_tt0p8v25c     0.488400       3     1.465200
SAEDHVT14_BUF_S_3  saed14hvt_tt0p8v25c     0.399600       1     0.399600
SAEDHVT14_BUF_U_0P5 saed14hvt_tt0p8v25c     0.266400     298    79.387203
SAEDHVT14_FDPQB_V2LP_0P5 saed14hvt_tt0p8v25c     0.843600       1     0.843600 n
SAEDHVT14_INV_0P5  saed14hvt_tt0p8v25c     0.177600       3     0.532800
SAEDHVT14_MUX2_U_0P5 saed14hvt_tt0p8v25c     0.444000      42    18.648000
SAEDHVT14_ND2_CDC_0P5 saed14hvt_tt0p8v25c     0.222000       2     0.444000
SAEDHVT14_ND2_MM_0P5 saed14hvt_tt0p8v25c     0.310800       2     0.621600
SAEDHVT14_NR2_MM_0P5 saed14hvt_tt0p8v25c     0.222000       8     1.776000
SAEDHVT14_NR3_0P5  saed14hvt_tt0p8v25c     0.444000       1     0.444000
SAEDHVT14_OA21B_1  saed14hvt_tt0p8v25c     0.355200       1     0.355200
SAEDHVT14_OAI22_0P5 saed14hvt_tt0p8v25c     0.310800       1     0.310800
SAEDHVT14_OR2_MM_1P5 saed14hvt_tt0p8v25c     0.355200       2     0.710400
SAEDLVT14_AN2_MM_1 saed14lvt_tt0p8v25c     0.310800       1     0.310800
SAEDLVT14_AN2_MM_2 saed14lvt_tt0p8v25c     0.355200       1     0.355200
SAEDLVT14_AN3_0P75 saed14lvt_tt0p8v25c     0.355200       3     1.065600
SAEDLVT14_AN4_0P75 saed14lvt_tt0p8v25c     0.399600       9     3.596400
SAEDLVT14_AN4_1    saed14lvt_tt0p8v25c     0.399600       2     0.799200
SAEDLVT14_AO21B_0P5 saed14lvt_tt0p8v25c     0.355200      30    10.656000
SAEDLVT14_AO21_U_0P5 saed14lvt_tt0p8v25c     0.355200       1     0.355200
SAEDLVT14_AO32_U_0P5 saed14lvt_tt0p8v25c     0.444000       8     3.552000
SAEDLVT14_AOI21_0P5 saed14lvt_tt0p8v25c     0.266400       2     0.532800
SAEDLVT14_AOI21_0P75 saed14lvt_tt0p8v25c     0.266400      52    13.852800
SAEDLVT14_AOI22_0P5 saed14lvt_tt0p8v25c     0.488400      15     7.326000
SAEDLVT14_AOI22_1P5 saed14lvt_tt0p8v25c     0.488400      22    10.744800
SAEDLVT14_BUF_ECO_1 saed14lvt_tt0p8v25c     0.266400       3     0.799200
SAEDLVT14_BUF_ECO_2 saed14lvt_tt0p8v25c     0.488400       1     0.488400
SAEDLVT14_BUF_S_0P75 saed14lvt_tt0p8v25c     0.266400       2     0.532800
SAEDLVT14_BUF_U_0P5 saed14lvt_tt0p8v25c     0.266400       1     0.266400
SAEDLVT14_INV_0P5  saed14lvt_tt0p8v25c     0.177600       4     0.710400
SAEDLVT14_INV_0P75 saed14lvt_tt0p8v25c     0.177600       3     0.532800
SAEDLVT14_INV_1P5  saed14lvt_tt0p8v25c     0.177600      12     2.131200
SAEDLVT14_INV_2    saed14lvt_tt0p8v25c     0.222000       1     0.222000
SAEDLVT14_MUX2_1   saed14lvt_tt0p8v25c     0.488400       6     2.930400
SAEDLVT14_MUX2_U_0P5 saed14lvt_tt0p8v25c     0.444000       6     2.664000
SAEDLVT14_MUXI2_U_0P5 saed14lvt_tt0p8v25c     0.399600       5     1.998000
SAEDLVT14_ND2B_U_0P5 saed14lvt_tt0p8v25c     0.310800       4     1.243200
SAEDLVT14_ND2_CDC_0P5 saed14lvt_tt0p8v25c     0.222000      35     7.770000
SAEDLVT14_ND2_ECO_1 saed14lvt_tt0p8v25c     0.355200       4     1.420800
SAEDLVT14_NR2_1    saed14lvt_tt0p8v25c     0.222000       6     1.332000
SAEDLVT14_NR2_MM_0P5 saed14lvt_tt0p8v25c     0.222000       5     1.110000
SAEDLVT14_NR2_MM_1 saed14lvt_tt0p8v25c     0.222000       7     1.554000
SAEDLVT14_OA33_U_0P5 saed14lvt_tt0p8v25c     0.532800       1     0.532800
SAEDLVT14_OAI21_0P5 saed14lvt_tt0p8v25c     0.266400       3     0.799200
SAEDLVT14_OR2_1    saed14lvt_tt0p8v25c     0.310800       1     0.310800
SAEDLVT14_OR3_1    saed14lvt_tt0p8v25c     0.355200       2     0.710400
SAEDLVT14_OR4_1    saed14lvt_tt0p8v25c     0.399600       4     1.598400
SAEDLVT14_TIE0_V1_2 saed14lvt_tt0p8v25c     0.488400       1     0.488400
SAEDLVT14_TIE1_4   saed14lvt_tt0p8v25c     0.399600       1     0.399600
SAEDRVT14_AN4_0P75 saed14rvt_tt0p8v25c     0.399600       1     0.399600
SAEDRVT14_AN4_1    saed14rvt_tt0p8v25c     0.399600       2     0.799200
SAEDRVT14_AO22_0P5 saed14rvt_tt0p8v25c     0.532800       7     3.729600
SAEDRVT14_BUF_ECO_1 saed14rvt_tt0p8v25c     0.266400       3     0.799200
SAEDRVT14_FDP_V2LP_0P5 saed14rvt_tt0p8v25c     0.932400       1     0.932400 n
SAEDRVT14_INV_0P5  saed14rvt_tt0p8v25c     0.177600      14     2.486400
SAEDRVT14_MUX2_U_0P5 saed14rvt_tt0p8v25c     0.444000       4     1.776000
SAEDRVT14_ND2B_U_0P5 saed14rvt_tt0p8v25c     0.310800       1     0.310800
SAEDRVT14_ND2_ECO_1 saed14rvt_tt0p8v25c     0.355200       2     0.710400
SAEDRVT14_OA21_1   saed14rvt_tt0p8v25c     0.355200       2     0.710400
wishbone_arbiter_DW_cmp_J19_0     4.218000       1      4.218000  h
wishbone_arbiter_DW_cmp_J19_1     4.218000       1      4.218000  h
wishbone_arbiter_DW_cmp_J19_2     4.218000       1      4.218000  h
-----------------------------------------------------------------------------
Total 67 references                                   219.247204

****************************************
Design: wishbone_arbiter_DW_cmp_J19_0 
****************************************
Reference          Library       Unit Area   Count    Total Area   Attributes
-----------------------------------------------------------------------------
SAEDHVT14_OR4_1    saed14hvt_tt0p8v25c     0.399600       2     0.799200
SAEDLVT14_AN4_0P75 saed14lvt_tt0p8v25c     0.399600       1     0.399600
SAEDLVT14_AN4_1    saed14lvt_tt0p8v25c     0.399600       3     1.198800
SAEDLVT14_NR2_1    saed14lvt_tt0p8v25c     0.222000       1     0.222000
SAEDLVT14_OR4_1    saed14lvt_tt0p8v25c     0.399600       4     1.598400
-----------------------------------------------------------------------------
Total 5 references                                      4.218000

****************************************
Design: wishbone_arbiter_DW_cmp_J19_1 
****************************************
Reference          Library       Unit Area   Count    Total Area   Attributes
-----------------------------------------------------------------------------
SAEDHVT14_OR4_1    saed14hvt_tt0p8v25c     0.399600       2     0.799200
SAEDLVT14_AN4_0P75 saed14lvt_tt0p8v25c     0.399600       1     0.399600
SAEDLVT14_AN4_1    saed14lvt_tt0p8v25c     0.399600       1     0.399600
SAEDLVT14_AOI311_0P5 saed14lvt_tt0p8v25c     0.577200       1     0.577200
SAEDLVT14_OR4_1    saed14lvt_tt0p8v25c     0.399600       4     1.598400
SAEDLVT14_OR4_2    saed14lvt_tt0p8v25c     0.444000       1     0.444000
-----------------------------------------------------------------------------
Total 6 references                                      4.218000

****************************************
Design: wishbone_arbiter_DW_cmp_J19_2 
****************************************
Reference          Library       Unit Area   Count    Total Area   Attributes
-----------------------------------------------------------------------------
SAEDHVT14_OR4_1    saed14hvt_tt0p8v25c     0.399600       2     0.799200
SAEDLVT14_AN4_1    saed14lvt_tt0p8v25c     0.399600       3     1.198800
SAEDLVT14_NR2_MM_0P5 saed14lvt_tt0p8v25c     0.222000       1     0.222000
SAEDLVT14_OR4_1    saed14lvt_tt0p8v25c     0.399600       3     1.198800
SAEDRVT14_AN4_0P5  saed14rvt_tt0p8v25c     0.399600       1     0.399600
SAEDRVT14_OR4_1    saed14rvt_tt0p8v25c     0.399600       1     0.399600
-----------------------------------------------------------------------------
Total 6 references                                      4.218000
1
