 
****************************************
Report : constraint
        -all_violators
Design : system
Version: X-2025.06-SP1
Date   : Fri Oct 31 17:32:26 2025
****************************************


   max_delay/setup ('BRD_CLK_P' group)

                             Required        Actual
   Endpoint                 Path Delay     Path Delay        Slack
   -----------------------------------------------------------------
   u_amber0/u_execute/status_bits_flags_reg_0_/D   1.9946   5.8002 f  -3.8056 (VIOLATED)
   u_amber0/u_execute/R_5866/D   1.9945      5.7958 r      -3.8013  (VIOLATED)
   u_amber0/u_execute/R_5855/D   1.9944      5.7942 f      -3.7998  (VIOLATED)
   u_amber1/u_execute/R_5859/D   1.9946      5.7837 r      -3.7891  (VIOLATED)
   u_amber0/u_execute/o_daddress_reg_29_/D   1.9946   5.7805 r  -3.7860 (VIOLATED)
   u_amber1/u_execute/o_iaddress_reg_29_/D   1.9947   5.7785 f  -3.7838 (VIOLATED)
   u_amber1/u_execute/u_register_bank/R_5981/D   1.9946   5.7778 f  -3.7832 (VIOLATED)
   u_amber1/u_execute/R_5873/D   1.9947      5.7779 r      -3.7832  (VIOLATED)
   u_amber1/u_execute/R_5865/D   1.9889      5.7683 r      -3.7795  (VIOLATED)
   u_amber1/u_execute/o_daddress_reg_29_/D   1.9948   5.7728 f  -3.7780 (VIOLATED)
   u_amber0/u_execute/o_daddress_reg_28_/D   1.9948   5.7722 r  -3.7774 (VIOLATED)
   u_amber1/u_fetch/u_cache/address_r_reg_30_/D   1.9896   5.7574 r  -3.7678 (VIOLATED)
   u_amber0/u_fetch/u_cache/address_r_reg_30_/D   1.9946   5.7571 f  -3.7624 (VIOLATED)
   u_amber1/u_execute/u_register_bank/R_6125/D   1.9891   5.7514 r  -3.7623 (VIOLATED)
   u_amber1/u_execute/o_iaddress_reg_30_/D   1.9940   5.7549 r  -3.7609 (VIOLATED)
   u_amber0/u_execute/o_daddress_reg_27_/D   1.9948   5.7546 f  -3.7598 (VIOLATED)
   u_amber0/u_execute/o_iaddress_reg_30_/D   1.9946   5.7517 f  -3.7572 (VIOLATED)
   u_amber0/u_execute/R_5854/D   1.9946      5.7501 f      -3.7555  (VIOLATED)
   u_amber1/u_execute/o_daddress_reg_28_/D   1.9866   5.7413 f  -3.7547 (VIOLATED)
   u_amber1/u_execute/u_register_bank/R_4572/D   1.9936   5.7467 r  -3.7531 (VIOLATED)
   u_amber1/u_execute/u_register_bank/R_4734/D   1.9936   5.7467 r  -3.7531 (VIOLATED)
   u_amber1/u_fetch/u_cache/address_r_reg_29_/D   1.9947   5.7428 f  -3.7481 (VIOLATED)
   u_amber0/u_execute/u_register_bank/R_6057/D   1.9825   5.7290 f  -3.7465 (VIOLATED)
   u_amber0/u_execute/R_1430/D   1.9945      5.7369 f      -3.7424  (VIOLATED)
   u_amber0/u_execute/o_daddress_reg_26_/D   1.9943   5.7363 f  -3.7420 (VIOLATED)
   u_amber1/u_execute/R_1448/D   1.9945      5.7354 f      -3.7409  (VIOLATED)
   u_amber0/u_execute/u_register_bank/R_4825/D   1.9948   5.7272 r  -3.7324 (VIOLATED)
   u_amber0/u_execute/u_register_bank/R_3448/D   1.9946   5.7172 r  -3.7226 (VIOLATED)
   u_amber0/u_execute/u_register_bank/R_3485/D   1.9946   5.7172 r  -3.7226 (VIOLATED)
   u_amber0/u_execute/u_register_bank/R_4196/D   1.9946   5.7172 r  -3.7226 (VIOLATED)
   u_amber0/u_execute/o_write_data_reg_24_/D   1.9942   5.7165 f  -3.7222 (VIOLATED)
   u_amber1/u_execute/R_5864/D   1.9937      5.7157 r      -3.7220  (VIOLATED)
   u_amber0/u_execute/o_iaddress_reg_29_/D   1.9946   5.7148 f  -3.7202 (VIOLATED)
   u_amber1/u_execute/u_register_bank/R_6040/D   1.9946   5.7107 r  -3.7161 (VIOLATED)
   u_amber0/u_fetch/u_cache/address_r_reg_29_/D   1.9947   5.7063 f  -3.7117 (VIOLATED)
   u_amber0/u_execute/o_iaddress_reg_28_/D   1.9945   5.7018 f  -3.7073 (VIOLATED)
   u_amber0/u_execute/add_x_11/R_2063/D   1.9947   5.6920 f  -3.6973 (VIOLATED)
   u_amber1/u_execute/add_x_11/R_2539/D   1.9947   5.6914 f  -3.6967 (VIOLATED)
   u_amber0/u_execute/status_bits_firq_mask_reg/D   1.9946   5.6911 f  -3.6965 (VIOLATED)
   u_amber1/u_execute/o_daddress_reg_27_/D   1.9847   5.6767 f  -3.6920 (VIOLATED)
   u_amber0/u_execute/o_daddress_reg_25_/D   1.9888   5.6802 r  -3.6915 (VIOLATED)
   u_amber0/u_execute/u_register_bank/R_4422/D   1.9945   5.6855 r  -3.6911 (VIOLATED)
   u_amber0/u_execute/u_register_bank/R_4420/D   1.9945   5.6855 r  -3.6910 (VIOLATED)
   u_amber0/u_execute/u_register_bank/R_4424/D   1.9945   5.6855 r  -3.6910 (VIOLATED)
   u_amber0/u_execute/u_register_bank/R_4430/D   1.9946   5.6855 r  -3.6909 (VIOLATED)
   u_amber0/u_execute/u_register_bank/R_4307/D   1.9946   5.6847 f  -3.6902 (VIOLATED)
   u_amber0/u_execute/u_register_bank/R_4702/D   1.9946   5.6847 f  -3.6902 (VIOLATED)
   u_amber0/u_fetch/u_cache/address_r_reg_28_/D   1.9946   5.6841 f  -3.6894 (VIOLATED)
   u_amber0/u_execute/u_register_bank/R_4385/D   1.9905   5.6757 f  -3.6852 (VIOLATED)
   u_amber0/u_execute/u_register_bank/R_4432/D   1.9945   5.6784 r  -3.6839 (VIOLATED)
   u_amber0/u_execute/R_5872/D   1.9944      5.6747 r      -3.6803  (VIOLATED)
   u_amber0/u_execute/status_bits_irq_mask_reg/D   1.9946   5.6733 f  -3.6787 (VIOLATED)
   u_amber0/u_execute/o_iaddress_reg_27_/D   1.9945   5.6702 f  -3.6757 (VIOLATED)
   u_amber0/u_execute/u_register_bank/R_4048/D   1.9909   5.6570 r  -3.6661 (VIOLATED)
   u_amber0/u_execute/u_register_bank/R_4046/D   1.9923   5.6570 r  -3.6646 (VIOLATED)
   u_amber0/u_execute/u_register_bank/R_4056/D   1.9923   5.6570 r  -3.6646 (VIOLATED)
   u_amber0/u_execute/u_register_bank/R_4058/D   1.9923   5.6570 r  -3.6646 (VIOLATED)
   u_amber0/u_execute/u_register_bank/R_4044/D   1.9924   5.6570 r  -3.6646 (VIOLATED)
   u_amber0/u_execute/u_register_bank/R_4060/D   1.9924   5.6570 r  -3.6646 (VIOLATED)
   u_amber0/u_execute/u_register_bank/R_4062/D   1.9924   5.6570 r  -3.6646 (VIOLATED)
   u_amber0/u_execute/u_register_bank/R_4426/D   1.9887   5.6530 r  -3.6643 (VIOLATED)
   u_amber0/u_execute/u_register_bank/R_4052/D   1.9934   5.6570 r  -3.6636 (VIOLATED)
   u_amber0/u_execute/u_register_bank/R_4054/D   1.9934   5.6570 r  -3.6635 (VIOLATED)
   u_amber0/u_execute/u_register_bank/R_4042/D   1.9944   5.6570 r  -3.6626 (VIOLATED)
   u_amber0/u_execute/u_register_bank/R_4428/D   1.9905   5.6529 r  -3.6624 (VIOLATED)
   u_amber0/u_execute/R_3785/D   1.9877      5.6476 r      -3.6599  (VIOLATED)
   u_amber0/u_fetch/u_cache/address_r_reg_27_/D   1.9946   5.6528 r  -3.6582 (VIOLATED)
   u_amber0/u_execute/u_register_bank/R_4050/D   1.9830   5.6388 f  -3.6558 (VIOLATED)
   u_amber1/u_execute/u_register_bank/R_4521/D   1.9940   5.6484 f  -3.6543 (VIOLATED)
   u_amber1/u_execute/u_register_bank/R_4517/D   1.9940   5.6484 f  -3.6543 (VIOLATED)
   u_amber1/u_execute/u_register_bank/R_4523/D   1.9940   5.6484 f  -3.6543 (VIOLATED)
   u_amber1/u_execute/u_register_bank/R_4527/D   1.9940   5.6484 f  -3.6543 (VIOLATED)
   u_amber1/u_execute/u_register_bank/R_4529/D   1.9940   5.6484 f  -3.6543 (VIOLATED)
   u_amber1/u_execute/u_register_bank/R_4531/D   1.9940   5.6484 f  -3.6543 (VIOLATED)
   u_amber1/u_execute/u_register_bank/R_4519/D   1.9940   5.6484 f  -3.6543 (VIOLATED)
   u_amber1/u_execute/u_register_bank/R_4533/D   1.9940   5.6484 f  -3.6543 (VIOLATED)
   u_amber1/u_execute/u_register_bank/R_4525/D   1.9940   5.6484 f  -3.6543 (VIOLATED)
   u_amber1/u_execute/u_register_bank/R_5400/D   1.9941   5.6484 f  -3.6542 (VIOLATED)
   u_amber1/u_execute/u_register_bank/R_4515/D   1.9942   5.6484 f  -3.6542 (VIOLATED)
   u_amber0/u_execute/u_register_bank/r14_firq_reg_20_/D   1.9947   5.6457 f  -3.6511 (VIOLATED)
   u_amber1/u_execute/o_iaddress_reg_28_/D   1.9945   5.6382 f  -3.6437 (VIOLATED)
   u_amber0/u_execute/u_register_bank/R_4905/D   1.9905   5.6336 r  -3.6432 (VIOLATED)
   u_amber1/u_execute/o_daddress_reg_26_/D   1.9944   5.6370 f  -3.6425 (VIOLATED)
   u_amber0/u_execute/u_register_bank/r3_reg_22_/D   1.9947   5.6341 r  -3.6393 (VIOLATED)
   u_amber0/u_execute/u_register_bank/r5_reg_22_/D   1.9947   5.6339 r  -3.6391 (VIOLATED)
   u_amber0/u_execute/u_register_bank/r2_reg_22_/D   1.9947   5.6339 r  -3.6391 (VIOLATED)
   u_amber0/u_execute/u_register_bank/r6_reg_22_/D   1.9947   5.6339 r  -3.6391 (VIOLATED)
   u_amber0/u_execute/R_4622/D   1.9886      5.6242 r      -3.6355  (VIOLATED)
   u_amber1/u_execute/u_register_bank/r0_reg_22_/D   1.9947   5.6269 f  -3.6322 (VIOLATED)
   u_amber1/u_execute/u_register_bank/r2_reg_22_/D   1.9947   5.6266 f  -3.6318 (VIOLATED)
   u_amber1/u_execute/u_register_bank/r3_reg_22_/D   1.9947   5.6266 f  -3.6318 (VIOLATED)
   u_amber1/u_execute/u_register_bank/r1_reg_22_/D   1.9947   5.6265 f  -3.6318 (VIOLATED)
   u_amber1/u_execute/u_register_bank/r7_reg_22_/D   1.9947   5.6265 f  -3.6318 (VIOLATED)
   u_amber1/u_execute/u_register_bank/r11_firq_reg_22_/D   1.9947   5.6265 f  -3.6318 (VIOLATED)
   u_amber1/u_execute/u_register_bank/r13_reg_22_/D   1.9947   5.6265 f  -3.6318 (VIOLATED)
   u_amber1/u_execute/u_register_bank/r6_reg_22_/D   1.9947   5.6265 f  -3.6318 (VIOLATED)
   u_amber1/u_execute/u_register_bank/r5_reg_22_/D   1.9947   5.6265 f  -3.6318 (VIOLATED)
   u_amber1/u_execute/u_register_bank/r14_firq_reg_22_/D   1.9947   5.6263 f  -3.6316 (VIOLATED)
   u_amber1/u_execute/u_register_bank/r14_svc_reg_22_/D   1.9947   5.6262 f  -3.6314 (VIOLATED)
   u_amber1/u_execute/u_register_bank/r12_firq_reg_22_/D   1.9947   5.6262 f  -3.6314 (VIOLATED)
   u_amber1/u_execute/u_register_bank/r13_firq_reg_22_/D   1.9947   5.6261 f  -3.6314 (VIOLATED)
   u_amber1/u_execute/u_register_bank/r13_irq_reg_22_/D   1.9947   5.6261 f  -3.6313 (VIOLATED)
   u_amber1/u_execute/o_write_data_reg_25_/D   1.9940   5.6248 f  -3.6308 (VIOLATED)
   u_amber1/u_execute/R_5355/D   1.9946      5.6240 r      -3.6294  (VIOLATED)
   u_amber0/u_execute/u_alu/R_2969/D   1.9942   5.6222 r   -3.6281  (VIOLATED)
   u_amber1/u_fetch/u_cache/address_r_reg_28_/D   1.9946   5.6204 f  -3.6258 (VIOLATED)
   u_amber0/u_execute/u_alu/R_6054/D   1.9881   5.6073 f   -3.6192  (VIOLATED)
   u_amber1/u_execute/status_bits_firq_mask_reg/D   1.9946   5.6127 f  -3.6181 (VIOLATED)
   u_amber1/u_execute/u_alu/R_3788/D   1.9908   5.6050 r   -3.6142  (VIOLATED)
   u_amber0/u_execute/u_register_bank/r14_firq_reg_22_/D   1.9947   5.6067 f  -3.6121 (VIOLATED)
   u_amber0/u_execute/u_register_bank/r12_firq_reg_22_/D   1.9947   5.6067 f  -3.6120 (VIOLATED)
   u_amber0/u_execute/u_register_bank/r13_irq_reg_22_/D   1.9947   5.6067 f  -3.6120 (VIOLATED)
   u_amber0/u_execute/u_register_bank/r13_reg_22_/D   1.9947   5.6067 f  -3.6120 (VIOLATED)
   u_amber0/u_execute/u_register_bank/r14_svc_reg_22_/D   1.9947   5.6067 f  -3.6120 (VIOLATED)
   u_amber0/u_execute/u_register_bank/r13_firq_reg_22_/D   1.9947   5.6067 f  -3.6120 (VIOLATED)
   u_amber0/u_execute/u_register_bank/R_4754/D   1.9944   5.6051 r  -3.6107 (VIOLATED)
   u_amber0/u_execute/u_register_bank/R_5183/D   1.9944   5.6051 r  -3.6107 (VIOLATED)
   u_amber0/u_execute/u_register_bank/r0_reg_22_/D   1.9897   5.6001 r  -3.6104 (VIOLATED)
   u_amber0/u_execute/u_register_bank/r1_reg_22_/D   1.9897   5.6001 r  -3.6104 (VIOLATED)
   u_amber0/u_execute/u_register_bank/r4_reg_22_/D   1.9897   5.6001 r  -3.6104 (VIOLATED)
   u_amber0/u_execute/u_register_bank/r7_reg_22_/D   1.9897   5.6001 r  -3.6104 (VIOLATED)
   u_amber0/u_execute/u_register_bank/r10_firq_reg_22_/D   1.9897   5.6001 r  -3.6104 (VIOLATED)
   u_amber0/u_execute/u_register_bank/r11_firq_reg_22_/D   1.9897   5.6001 r  -3.6104 (VIOLATED)
   u_amber0/u_execute/u_register_bank/R_4735/D   1.9851   5.5917 f  -3.6066 (VIOLATED)
   u_amber0/u_execute/o_write_data_reg_23_/D   1.9943   5.6005 f  -3.6062 (VIOLATED)
   u_amber0/u_execute/o_iaddress_reg_26_/D   1.9945   5.6005 f  -3.6060 (VIOLATED)
   u_amber1/u_execute/status_bits_irq_mask_reg/D   1.9946   5.5990 f  -3.6044 (VIOLATED)
   u_amber0/u_execute/u_register_bank/R_4737/D   1.9944   5.5981 r  -3.6038 (VIOLATED)
   u_amber1/u_execute/u_register_bank/r10_firq_reg_22_/D   1.9986   5.5995 f  -3.6009 (VIOLATED)
   u_amber0/u_execute/o_iaddress_reg_25_/D   1.9945   5.5920 f  -3.5975 (VIOLATED)
   u_amber0/u_execute/o_iaddress_reg_24_/D   1.9946   5.5873 f  -3.5927 (VIOLATED)
   u_amber1/u_execute/u_alu/R_6186/D   1.9873   5.5781 r   -3.5908  (VIOLATED)
   u_amber0/u_execute/u_register_bank/r8_firq_reg_22_/D   1.9947   5.5830 r  -3.5882 (VIOLATED)
   u_amber1/u_execute/u_register_bank/R_6041/D   1.9947   5.5825 r  -3.5878 (VIOLATED)
   u_amber0/u_execute/u_register_bank/r13_svc_reg_22_/D   1.9947   5.5824 r  -3.5876 (VIOLATED)
   u_amber0/u_execute/u_register_bank/r12_reg_22_/D   1.9947   5.5823 r  -3.5876 (VIOLATED)
   u_amber0/u_execute/u_register_bank/r9_reg_22_/D   1.9947   5.5823 f  -3.5876 (VIOLATED)
   u_amber0/u_execute/u_register_bank/r9_firq_reg_22_/D   1.9947   5.5823 f  -3.5876 (VIOLATED)
   u_amber0/u_execute/u_register_bank/r10_reg_22_/D   1.9947   5.5823 f  -3.5876 (VIOLATED)
   u_amber0/u_fetch/u_cache/address_r_reg_26_/D   1.9946   5.5811 f  -3.5865 (VIOLATED)
   u_amber1/u_execute/u_multiply/product_reg_66_/D   1.9946   5.5809 r  -3.5862 (VIOLATED)
   u_amber1/u_execute/u_multiply/product_reg_67_/D   1.9946   5.5809 r  -3.5862 (VIOLATED)
   u_amber0/u_execute/u_register_bank/r14_irq_reg_22_/D   1.9947   5.5771 f  -3.5823 (VIOLATED)
   u_amber0/u_execute/o_daddress_reg_24_/D   1.9888   5.5711 r  -3.5823 (VIOLATED)
   u_amber0/u_execute/u_register_bank/r14_reg_22_/D   1.9947   5.5753 r  -3.5806 (VIOLATED)
   u_amber1/u_execute/u_register_bank/r8_reg_22_/D   1.9947   5.5750 f  -3.5803 (VIOLATED)
   u_amber1/u_execute/u_register_bank/r8_firq_reg_22_/D   1.9947   5.5750 f  -3.5803 (VIOLATED)
   u_amber1/u_execute/u_register_bank/r9_reg_22_/D   1.9947   5.5750 f  -3.5803 (VIOLATED)
   u_amber1/u_execute/u_register_bank/r9_firq_reg_22_/D   1.9947   5.5750 f  -3.5803 (VIOLATED)
   u_amber1/u_execute/u_register_bank/r10_reg_22_/D   1.9947   5.5750 f  -3.5803 (VIOLATED)
   u_amber1/u_execute/u_register_bank/r14_reg_22_/D   1.9947   5.5748 f  -3.5801 (VIOLATED)
   u_amber1/u_execute/u_register_bank/r12_reg_22_/D   1.9947   5.5748 f  -3.5801 (VIOLATED)
   u_amber1/u_execute/u_register_bank/r13_svc_reg_22_/D   1.9947   5.5747 f  -3.5800 (VIOLATED)
   u_amber1/u_execute/u_register_bank/r11_reg_22_/D   1.9947   5.5747 f  -3.5800 (VIOLATED)
   u_amber0/u_fetch/u_cache/address_r_reg_25_/D   1.9946   5.5740 f  -3.5794 (VIOLATED)
   u_amber1/u_execute/o_daddress_reg_25_/D   1.9885   5.5657 r  -3.5772 (VIOLATED)
   u_amber1/u_execute/u_multiply/product_reg_65_/D   1.9898   5.5657 r  -3.5759 (VIOLATED)
   u_amber1/u_execute/o_write_data_reg_24_/D   1.9940   5.5687 f  -3.5747 (VIOLATED)
   u_amber0/u_fetch/u_cache/address_r_reg_24_/D   1.9946   5.5690 f  -3.5744 (VIOLATED)
   u_amber1/u_decode/hold_instruction_address_reg_2_/D   1.9927   5.5563 r  -3.5636 (VIOLATED)
   u_amber1/u_decode/hold_instruction_address_reg_5_/D   1.9927   5.5563 r  -3.5636 (VIOLATED)
   u_amber1/u_decode/hold_instruction_address_reg_6_/D   1.9927   5.5563 r  -3.5636 (VIOLATED)
   u_amber1/u_decode/hold_instruction_address_reg_11_/D   1.9927   5.5563 r  -3.5636 (VIOLATED)
   u_amber1/u_decode/hold_instruction_address_reg_17_/D   1.9927   5.5563 r  -3.5636 (VIOLATED)
   u_amber1/u_decode/hold_instruction_address_reg_20_/D   1.9927   5.5563 r  -3.5636 (VIOLATED)
   u_amber1/u_decode/hold_instruction_address_reg_23_/D   1.9927   5.5563 r  -3.5636 (VIOLATED)
   u_amber1/u_decode/hold_instruction_address_reg_25_/D   1.9927   5.5563 r  -3.5636 (VIOLATED)
   u_amber1/u_decode/hold_instruction_address_reg_27_/D   1.9927   5.5563 r  -3.5636 (VIOLATED)
   u_amber1/u_decode/hold_instruction_address_reg_28_/D   1.9927   5.5563 r  -3.5636 (VIOLATED)
   u_amber1/u_decode/hold_instruction_address_reg_30_/D   1.9927   5.5563 r  -3.5636 (VIOLATED)
   u_amber1/u_decode/hold_instruction_address_reg_31_/D   1.9927   5.5563 r  -3.5636 (VIOLATED)
   u_amber1/u_decode/o_interrupt_vector_sel_reg_2_/D   1.9927   5.5563 r  -3.5636 (VIOLATED)
   u_amber1/u_execute/u_register_bank/r14_firq_reg_21_/D   1.9936   5.5548 f  -3.5612 (VIOLATED)
   u_amber0/u_execute/u_register_bank/R_5210/D   1.9944   5.5540 r  -3.5596 (VIOLATED)
   u_amber1/u_execute/u_alu/R_6185/D   1.9964   5.5534 f   -3.5571  (VIOLATED)
   u_amber1/u_execute/o_iaddress_reg_27_/D   1.9945   5.5479 f  -3.5534 (VIOLATED)
   u_amber0/u_execute/u_register_bank/R_6036/D   1.9948   5.5474 r  -3.5526 (VIOLATED)
   u_amber1/u_execute/R_4093/D   1.9944      5.5377 r      -3.5432  (VIOLATED)
   u_amber0/u_execute/u_register_bank/R_6031/D   1.9944   5.5357 r  -3.5413 (VIOLATED)
   u_amber0/u_execute/u_register_bank/R_3694/D   1.9897   5.5305 r  -3.5408 (VIOLATED)
   u_amber0/u_execute/u_register_bank/R_3690/D   1.9918   5.5305 r  -3.5387 (VIOLATED)
   u_amber0/u_execute/u_register_bank/R_3686/D   1.9927   5.5305 r  -3.5378 (VIOLATED)
   u_amber0/u_execute/u_register_bank/R_3692/D   1.9928   5.5305 r  -3.5377 (VIOLATED)
   u_amber0/u_execute/u_register_bank/R_3696/D   1.9936   5.5305 r  -3.5369 (VIOLATED)
   u_amber0/u_execute/u_register_bank/R_3688/D   1.9937   5.5305 r  -3.5368 (VIOLATED)
   u_amber1/u_fetch/u_cache/address_r_reg_27_/D   1.9946   5.5301 f  -3.5355 (VIOLATED)
   u_amber0/u_execute/R_1966/D   1.9947      5.5299 f      -3.5352  (VIOLATED)
   u_amber0/u_execute/u_alu/R_6052/D   1.9852   5.5194 r   -3.5342  (VIOLATED)
   u_amber0/u_execute/u_alu/R_1927/D   1.9947   5.5245 f   -3.5299  (VIOLATED)
   u_amber1/u_execute/o_iaddress_reg_26_/D   1.9945   5.5223 f  -3.5277 (VIOLATED)
   u_amber1/u_execute/u_register_bank/R_6042/D   1.9947   5.5171 r  -3.5223 (VIOLATED)
   u_amber0/u_execute/R_5078/D   1.9877      5.5096 r      -3.5220  (VIOLATED)
   u_amber0/u_execute/R_1724/D   1.9941      5.5133 f      -3.5192  (VIOLATED)
   u_amber1/u_decode/hold_instruction_reg_5_/D   1.9946   5.5114 r  -3.5168 (VIOLATED)
   u_amber1/u_decode/hold_instruction_reg_6_/D   1.9946   5.5114 r  -3.5168 (VIOLATED)
   u_amber1/u_decode/o_barrel_shift_amount_sel_reg_1_/D   1.9946   5.5091 r  -3.5145 (VIOLATED)
   u_amber1/u_decode/o_load_rd_reg_7_/D   1.9946   5.5091 r  -3.5145 (VIOLATED)
   u_amber1/u_decode/o_status_bits_irq_mask_wen_reg/D   1.9946   5.5091 r  -3.5145 (VIOLATED)
   u_amber1/u_decode/o_status_bits_mode_wen_reg/D   1.9946   5.5091 r  -3.5145 (VIOLATED)
   u_amber1/u_decode/o_status_bits_sel_reg_0_/D   1.9946   5.5091 r  -3.5145 (VIOLATED)
   u_amber1/u_decode/o_barrel_shift_data_sel_reg_0_/D   1.9947   5.5076 r  -3.5130 (VIOLATED)
   u_amber1/u_execute/u_register_bank/R_4513/D   1.9937   5.5067 f  -3.5129 (VIOLATED)
   u_amber0/u_execute/u_register_bank/r13_reg_20_/D   1.9947   5.5060 f  -3.5114 (VIOLATED)
   u_amber0/u_execute/u_register_bank/r12_firq_reg_20_/D   1.9947   5.5060 f  -3.5114 (VIOLATED)
   u_amber0/u_execute/u_register_bank/r0_reg_20_/D   1.9946   5.5057 f  -3.5110 (VIOLATED)
   u_amber0/u_execute/u_register_bank/r13_firq_reg_20_/D   1.9946   5.5057 f  -3.5110 (VIOLATED)
   u_amber0/u_execute/u_register_bank/r4_reg_20_/D   1.9947   5.5057 f  -3.5110 (VIOLATED)
   u_amber0/u_execute/u_register_bank/r7_reg_20_/D   1.9947   5.5057 f  -3.5110 (VIOLATED)
   u_amber0/u_execute/u_register_bank/r10_firq_reg_20_/D   1.9947   5.5057 f  -3.5110 (VIOLATED)
   u_amber0/u_execute/u_register_bank/r11_firq_reg_20_/D   1.9947   5.5057 f  -3.5110 (VIOLATED)
   u_amber0/u_execute/u_register_bank/r13_irq_reg_20_/D   1.9947   5.5057 f  -3.5110 (VIOLATED)
   u_amber0/u_execute/u_register_bank/r14_svc_reg_20_/D   1.9946   5.5043 f  -3.5097 (VIOLATED)
   u_amber0/u_execute/u_register_bank/r3_reg_20_/D   1.9947   5.5037 f  -3.5090 (VIOLATED)
   u_amber0/u_execute/u_register_bank/r2_reg_20_/D   1.9947   5.5036 f  -3.5090 (VIOLATED)
   u_amber0/u_execute/u_register_bank/r5_reg_20_/D   1.9947   5.5036 f  -3.5090 (VIOLATED)
   u_amber1/u_fetch/u_cache/address_r_reg_26_/D   1.9946   5.5029 f  -3.5082 (VIOLATED)
   u_amber0/u_execute/u_multiply/product_reg_67_/D   1.9946   5.4987 r  -3.5040 (VIOLATED)
   u_amber0/u_execute/u_multiply/product_reg_66_/D   1.9896   5.4935 r  -3.5039 (VIOLATED)
   u_amber0/u_execute/u_register_bank/r1_reg_20_/D   1.9947   5.4966 f  -3.5020 (VIOLATED)
   u_amber0/u_execute/o_write_data_reg_21_/D   1.9944   5.4960 f  -3.5017 (VIOLATED)
   u_amber1/u_decode/hold_instruction_reg_20_/D   1.9896   5.4842 r  -3.4945 (VIOLATED)
   u_amber1/u_decode/dabt_reg_reg/D   1.9945   5.4858 r    -3.4913  (VIOLATED)
   u_amber1/u_execute/o_daddress_reg_24_/D   1.9885   5.4783 r  -3.4898 (VIOLATED)
   u_amber0/u_execute/o_write_data_reg_22_/D   1.9944   5.4817 f  -3.4873 (VIOLATED)
   u_amber0/u_execute/u_multiply/product_reg_32_/D   1.9913   5.4781 f  -3.4868 (VIOLATED)
   u_amber1/u_execute/u_register_bank/R_4567/D   1.9940   5.4790 f  -3.4850 (VIOLATED)
   u_amber1/u_execute/u_register_bank/R_4569/D   1.9940   5.4790 f  -3.4850 (VIOLATED)
   u_amber1/u_execute/u_register_bank/R_4563/D   1.9940   5.4790 f  -3.4850 (VIOLATED)
   u_amber1/u_execute/u_register_bank/R_4571/D   1.9942   5.4790 f  -3.4849 (VIOLATED)
   u_amber1/u_execute/u_register_bank/R_4561/D   1.9942   5.4790 f  -3.4848 (VIOLATED)
   u_amber1/u_execute/R_4705/D   1.9944      5.4777 r      -3.4832  (VIOLATED)
   u_amber0/u_execute/u_register_bank/r6_reg_20_/D   1.9947   5.4764 f  -3.4817 (VIOLATED)
   u_amber1/u_execute/u_register_bank/r4_reg_22_/D   1.9947   5.4740 f  -3.4793 (VIOLATED)
   u_amber0/u_execute/u_register_bank/r8_firq_reg_20_/D   1.9947   5.4702 f  -3.4756 (VIOLATED)
   u_amber0/u_execute/u_register_bank/r8_reg_20_/D   1.9947   5.4698 f  -3.4752 (VIOLATED)
   u_amber0/u_execute/u_register_bank/r14_reg_20_/D   1.9947   5.4698 f  -3.4751 (VIOLATED)
   u_amber0/u_execute/u_register_bank/r9_reg_20_/D   1.9947   5.4698 f  -3.4751 (VIOLATED)
   u_amber0/u_execute/u_register_bank/r13_svc_reg_20_/D   1.9947   5.4698 f  -3.4751 (VIOLATED)
   u_amber0/u_execute/u_register_bank/r12_reg_20_/D   1.9947   5.4697 f  -3.4751 (VIOLATED)
   u_amber0/u_execute/u_register_bank/r11_reg_20_/D   1.9947   5.4697 f  -3.4750 (VIOLATED)
   u_amber0/u_execute/u_register_bank/r14_irq_reg_20_/D   1.9947   5.4697 f  -3.4750 (VIOLATED)
   u_amber0/u_execute/o_daddress_reg_23_/D   1.9888   5.4635 r  -3.4747 (VIOLATED)
   u_amber0/u_execute/u_register_bank/r8_reg_22_/D   1.9947   5.4644 f  -3.4697 (VIOLATED)
   u_amber0/u_execute/u_register_bank/r11_reg_22_/D   1.9947   5.4643 f  -3.4696 (VIOLATED)
   u_amber1/u_execute/u_register_bank/R_4753/D   1.9944   5.4620 r  -3.4676 (VIOLATED)
   u_amber0/u_execute/o_copro_write_data_reg_21_/D   1.9944   5.4597 f  -3.4653 (VIOLATED)
   u_amber1/u_decode/control_state_reg_1_/D   1.9947   5.4584 r  -3.4637 (VIOLATED)
   u_amber1/u_execute/o_write_data_reg_23_/D   1.9944   5.4571 f  -3.4628 (VIOLATED)
   u_amber1/u_execute/o_iaddress_reg_25_/D   1.9945   5.4568 f  -3.4623 (VIOLATED)
   u_amber1/u_execute/u_register_bank/r14_irq_reg_22_/D   1.9947   5.4568 f  -3.4621 (VIOLATED)
   u_amber1/u_decode/o_reg_bank_wen_reg_14_/D   1.9948   5.4497 r  -3.4550 (VIOLATED)
   u_amber0/u_execute/o_copro_write_data_reg_22_/D   1.9944   5.4453 f  -3.4509 (VIOLATED)
   u_amber0/u_execute/u_alu/R_6053/D   1.9880   5.4384 f   -3.4503  (VIOLATED)
   u_amber1/u_execute/u_register_bank/R_4565/D   1.9938   5.4411 f  -3.4473 (VIOLATED)
   u_amber1/u_execute/u_register_bank/R_4559/D   1.9940   5.4411 f  -3.4471 (VIOLATED)
   u_amber1/u_fetch/u_cache/address_r_reg_25_/D   1.9946   5.4389 f  -3.4442 (VIOLATED)
   u_amber1/u_execute/R_1757/D   1.9941      5.4350 f      -3.4409  (VIOLATED)
   u_amber1/u_decode/control_state_reg_0_/D   1.9948   5.4351 r  -3.4403 (VIOLATED)
   u_amber1/u_decode/hold_instruction_address_reg_8_/D   1.9901   5.4287 r  -3.4386 (VIOLATED)
   u_amber1/u_mem/mem_load_rd_r_reg_8_/D   1.9940   5.4281 f  -3.4341 (VIOLATED)
   u_amber1/u_mem/mem_load_rd_r_reg_9_/D   1.9940   5.4281 f  -3.4341 (VIOLATED)
   u_amber1/u_mem/mem_read_data_r_reg_4_/D   1.9940   5.4281 f  -3.4341 (VIOLATED)
   u_amber1/u_mem/mem_read_data_r_reg_30_/D   1.9889   5.4229 f  -3.4341 (VIOLATED)
   u_amber1/u_mem/mem_read_data_r_reg_12_/D   1.9941   5.4281 f  -3.4341 (VIOLATED)
   u_amber1/u_mem/mem_read_data_r_reg_13_/D   1.9941   5.4281 f  -3.4341 (VIOLATED)
   u_amber1/u_mem/mem_read_data_r_reg_18_/D   1.9941   5.4281 f  -3.4341 (VIOLATED)
   u_amber1/u_mem/mem_read_data_r_reg_20_/D   1.9941   5.4281 f  -3.4341 (VIOLATED)
   u_amber1/u_mem/mem_read_data_r_reg_22_/D   1.9941   5.4281 f  -3.4341 (VIOLATED)
   u_amber1/u_mem/mem_read_data_r_reg_25_/D   1.9941   5.4281 f  -3.4341 (VIOLATED)
   u_amber1/u_mem/mem_read_data_r_reg_28_/D   1.9941   5.4281 f  -3.4341 (VIOLATED)
   u_amber1/u_mem/mem_read_data_r_reg_9_/D   1.9941   5.4281 f  -3.4340 (VIOLATED)
   u_amber1/u_mem/mem_read_data_r_reg_29_/D   1.9941   5.4281 f  -3.4340 (VIOLATED)
   u_amber1/u_mem/mem_read_data_valid_r_reg/D   1.9941   5.4281 f  -3.4340 (VIOLATED)
   u_amber1/u_execute/o_write_data_reg_19_/D   1.9888   5.4214 f  -3.4327 (VIOLATED)
   u_amber1/u_execute/o_write_data_reg_10_/D   1.9940   5.4267 f  -3.4326 (VIOLATED)
   u_amber1/u_execute/o_write_data_reg_13_/D   1.9940   5.4267 f  -3.4326 (VIOLATED)
   u_amber1/u_execute/o_write_data_reg_16_/D   1.9940   5.4267 f  -3.4326 (VIOLATED)
   u_amber1/u_execute/o_write_data_reg_21_/D   1.9940   5.4267 f  -3.4326 (VIOLATED)
   u_amber1/u_execute/o_write_data_reg_22_/D   1.9940   5.4267 f  -3.4326 (VIOLATED)
   u_amber1/u_execute/o_write_data_reg_27_/D   1.9940   5.4267 f  -3.4326 (VIOLATED)
   u_amber1/u_execute/o_write_data_reg_28_/D   1.9940   5.4267 f  -3.4326 (VIOLATED)
   u_amber1/u_execute/o_write_data_reg_30_/D   1.9940   5.4267 f  -3.4326 (VIOLATED)
   u_amber1/u_execute/o_write_data_reg_31_/D   1.9940   5.4267 f  -3.4326 (VIOLATED)
   u_amber1/u_execute/u_multiply/product_reg_64_/D   1.9945   5.4265 r  -3.4319 (VIOLATED)
   u_amber0/u_execute/R_2030/D   1.9817      5.4127 r      -3.4310  (VIOLATED)
   u_amber1/u_execute/u_register_bank/r14_svc_reg_16_/D   1.9947   5.4215 r  -3.4268 (VIOLATED)
   u_amber1/u_execute/u_register_bank/r14_svc_reg_19_/D   1.9947   5.4213 r  -3.4266 (VIOLATED)
   u_amber1/u_execute/R_2569/D   1.9944      5.4203 r      -3.4258  (VIOLATED)
   u_amber0/u_execute/u_register_bank/r15_reg_21_/D   1.9947   5.4202 f  -3.4256 (VIOLATED)
   u_amber1/u_decode/o_reg_write_sel_reg_0_/D   1.9947   5.4200 f  -3.4254 (VIOLATED)
   u_amber1/u_decode/o_imm32_reg_10_/D   1.9892   5.4117 f  -3.4225 (VIOLATED)
   u_amber0/u_execute/o_daddress_reg_22_/D   1.9888   5.4109 r  -3.4222 (VIOLATED)
   u_amber1/u_execute/u_alu/R_6184/D   1.9853   5.4074 r   -3.4221  (VIOLATED)
   u_amber1/u_execute/u_register_bank/R_2531/D   1.9945   5.4162 r  -3.4217 (VIOLATED)
   u_amber1/u_mem/mem_read_data_r_reg_26_/D   1.9844   5.4050 r  -3.4206 (VIOLATED)
   u_amber1/u_execute/u_register_bank/R_6038/D   1.9948   5.4152 r  -3.4204 (VIOLATED)
   u_amber1/u_execute/u_register_bank/R_2532/D   1.9945   5.4119 r  -3.4173 (VIOLATED)
   u_amber1/u_execute/u_register_bank/R_2537/D   1.9947   5.4116 r  -3.4169 (VIOLATED)
   u_amber1/u_execute/u_alu/R_2559/D   1.9946   5.4111 f   -3.4165  (VIOLATED)
   u_amber0/u_execute/o_copro_write_data_reg_20_/D   1.9946   5.4102 f  -3.4155 (VIOLATED)
   u_amber0/u_decode/hold_instruction_reg_24_/D   1.9919   5.4072 r  -3.4153 (VIOLATED)
   u_amber0/u_decode/hold_instruction_reg_23_/D   1.9921   5.4072 r  -3.4152 (VIOLATED)
   u_amber0/u_decode/hold_instruction_reg_21_/D   1.9923   5.4072 r  -3.4149 (VIOLATED)
   u_amber0/u_decode/hold_instruction_reg_25_/D   1.9925   5.4072 r  -3.4147 (VIOLATED)
   u_amber0/u_decode/hold_instruction_reg_19_/D   1.9930   5.4072 r  -3.4142 (VIOLATED)
   u_amber0/u_decode/hold_instruction_reg_16_/D   1.9932   5.4072 r  -3.4140 (VIOLATED)
   u_amber0/u_decode/hold_instruction_reg_26_/D   1.9934   5.4072 r  -3.4138 (VIOLATED)
   u_amber0/u_decode/hold_instruction_reg_18_/D   1.9934   5.4072 r  -3.4138 (VIOLATED)
   u_amber0/u_decode/hold_instruction_reg_17_/D   1.9934   5.4072 r  -3.4138 (VIOLATED)
   u_amber0/u_execute/u_register_bank/r14_firq_reg_21_/D   1.9946   5.4071 f  -3.4124 (VIOLATED)
   u_amber0/u_execute/u_register_bank/R_4960/D   1.9941   5.4064 f  -3.4122 (VIOLATED)
   u_amber0/u_decode/o_imm32_reg_10_/D   1.9944   5.4062 f  -3.4119 (VIOLATED)
   u_amber0/u_execute/o_daddress_reg_21_/D   1.9888   5.4006 r  -3.4118 (VIOLATED)
   u_amber1/u_decode/o_imm32_reg_29_/D   1.9943   5.4061 f  -3.4118 (VIOLATED)
   u_amber1/u_decode/o_imm32_reg_31_/D   1.9943   5.4061 f  -3.4118 (VIOLATED)
   u_amber1/u_decode/o_imm32_reg_25_/D   1.9943   5.4061 f  -3.4118 (VIOLATED)
   u_amber1/u_decode/o_imm32_reg_27_/D   1.9943   5.4060 f  -3.4117 (VIOLATED)
   u_amber1/u_execute/o_copro_write_data_reg_21_/D   1.9947   5.4063 r  -3.4116 (VIOLATED)
   u_amber1/u_execute/o_copro_write_data_reg_22_/D   1.9947   5.4063 r  -3.4116 (VIOLATED)
   u_amber1/u_decode/o_imm32_reg_28_/D   1.9943   5.4058 f  -3.4115 (VIOLATED)
   u_amber1/u_decode/o_imm32_reg_26_/D   1.9943   5.4058 f  -3.4115 (VIOLATED)
   u_amber1/u_decode/o_imm32_reg_30_/D   1.9943   5.4058 f  -3.4114 (VIOLATED)
   u_amber1/u_execute/o_copro_write_data_reg_8_/D   1.9947   5.4061 f  -3.4114 (VIOLATED)
   u_amber1/u_execute/o_copro_write_data_reg_16_/D   1.9947   5.4061 f  -3.4114 (VIOLATED)
   u_amber1/u_execute/o_copro_write_data_reg_17_/D   1.9947   5.4061 f  -3.4114 (VIOLATED)
   u_amber1/u_execute/o_copro_write_data_reg_10_/D   1.9947   5.4060 f  -3.4113 (VIOLATED)
   u_amber1/u_execute/o_copro_write_data_reg_12_/D   1.9947   5.4060 f  -3.4113 (VIOLATED)
   u_amber1/u_execute/o_copro_write_data_reg_13_/D   1.9947   5.4060 f  -3.4113 (VIOLATED)
   u_amber1/u_execute/o_copro_write_data_reg_14_/D   1.9947   5.4060 f  -3.4113 (VIOLATED)
   u_amber1/u_execute/o_copro_write_data_reg_15_/D   1.9947   5.4060 f  -3.4113 (VIOLATED)
   u_amber1/u_execute/o_copro_write_data_reg_18_/D   1.9947   5.4060 f  -3.4113 (VIOLATED)
   u_amber1/u_execute/o_copro_write_data_reg_19_/D   1.9947   5.4060 f  -3.4113 (VIOLATED)
   u_amber1/u_decode/o_imm32_reg_11_/D   1.9946   5.4036 f  -3.4091 (VIOLATED)
   u_amber0/u_execute/u_register_bank/r14_firq_reg_19_/D   1.9941   5.4024 f  -3.4082 (VIOLATED)
   u_amber1/u_execute/u_register_bank/R_5236/D   1.9944   5.4023 r  -3.4079 (VIOLATED)
   u_amber1/u_execute/o_daddress_reg_23_/D   1.9885   5.3955 r  -3.4070 (VIOLATED)
   u_amber1/u_execute/u_register_bank/R_2399/D   1.9876   5.3904 r  -3.4028 (VIOLATED)
   u_amber1/u_execute/u_register_bank/R_2401/D   1.9876   5.3904 r  -3.4028 (VIOLATED)
   u_amber1/u_execute/u_register_bank/R_2404/D   1.9876   5.3904 r  -3.4028 (VIOLATED)
   u_amber1/u_execute/o_copro_write_data_reg_11_/D   1.9983   5.3989 f  -3.4006 (VIOLATED)
   u_amber0/u_execute/u_register_bank/R_5903/D   1.9941   5.3936 r  -3.3995 (VIOLATED)
   u_amber0/u_execute/u_register_bank/R_5909/D   1.9941   5.3936 r  -3.3995 (VIOLATED)
   u_amber0/u_execute/o_write_data_reg_20_/D   1.9943   5.3929 f  -3.3986 (VIOLATED)
   u_amber1/u_execute/R_5216/D   1.9945      5.3911 r      -3.3966  (VIOLATED)
   u_amber1/u_execute/u_register_bank/R_2402/D   1.9947   5.3908 r  -3.3962 (VIOLATED)
   u_amber1/u_execute/u_register_bank/R_6012/D   1.9891   5.3846 r  -3.3955 (VIOLATED)
   u_amber1/u_execute/u_register_bank/r14_svc_reg_18_/D   1.9947   5.3882 r  -3.3935 (VIOLATED)
   u_amber0/u_execute/o_iaddress_reg_23_/D   1.9945   5.3872 f  -3.3927 (VIOLATED)
   u_amber1/u_execute/u_register_bank/R_5415/D   1.9942   5.3790 f  -3.3848 (VIOLATED)
   u_amber1/u_decode/hold_instruction_iabt_status_reg_7_/D   1.9946   5.3785 r  -3.3839 (VIOLATED)
   u_amber1/u_decode/hold_instruction_iabt_status_reg_0_/D   1.9946   5.3785 r  -3.3839 (VIOLATED)
   u_amber1/u_decode/hold_instruction_iabt_status_reg_3_/D   1.9946   5.3785 r  -3.3839 (VIOLATED)
   u_amber1/u_fetch/u_cache/select_way_reg_3_/D   1.9947   5.3781 r  -3.3833 (VIOLATED)
   u_amber1/u_decode/o_copro_crn_reg_0_/D   1.9833   5.3586 r  -3.3753 (VIOLATED)
   u_amber1/u_decode/o_reg_bank_wen_reg_1_/D   1.9940   5.3693 r  -3.3753 (VIOLATED)
   u_amber1/u_decode/o_reg_bank_wen_reg_5_/D   1.9940   5.3693 r  -3.3753 (VIOLATED)
   u_amber1/u_decode/o_reg_bank_wen_reg_9_/D   1.9940   5.3693 r  -3.3753 (VIOLATED)
   u_amber0/u_fetch/u_cache/address_r_reg_23_/D   1.9946   5.3692 f  -3.3746 (VIOLATED)
   u_amber1/u_decode/firq_reg/D   1.9944     5.3683 r      -3.3739  (VIOLATED)
   u_amber1/u_decode/o_decode_daccess_reg/D   1.9944   5.3683 r  -3.3739 (VIOLATED)
   u_amber1/u_execute/u_register_bank/r14_svc_reg_15_/D   1.9896   5.3613 r  -3.3717 (VIOLATED)
   u_amber1/u_execute/u_register_bank/R_5657/D   1.9946   5.3563 f  -3.3617 (VIOLATED)
   u_amber1/u_decode/saved_current_instruction_reg_1_/D   1.9947   5.3528 f  -3.3580 (VIOLATED)
   u_amber1/u_decode/irq_reg/D   1.9944      5.3524 r      -3.3580  (VIOLATED)
   u_amber1/u_decode/o_alu_function_reg_3_/D   1.9944   5.3524 r  -3.3580 (VIOLATED)
   u_amber1/u_decode/o_decode_exclusive_reg/D   1.9944   5.3524 r  -3.3580 (VIOLATED)
   u_amber1/u_decode/o_status_bits_sel_reg_2_/D   1.9944   5.3524 r  -3.3580 (VIOLATED)
   u_amber0/u_execute/u_multiply/product_reg_65_/D   1.9946   5.3502 f  -3.3556 (VIOLATED)
   u_amber1/u_decode/o_imm32_reg_24_/D   1.9947   5.3470 f  -3.3524 (VIOLATED)
   u_amber1/u_decode/o_reg_bank_wen_reg_4_/D   1.9939   5.3459 r  -3.3520 (VIOLATED)
   u_amber1/u_decode/pre_fetch_instruction_reg_0_/D   1.9907   5.3426 r  -3.3519 (VIOLATED)
   u_amber1/u_decode/pre_fetch_instruction_reg_1_/D   1.9907   5.3426 r  -3.3519 (VIOLATED)
   u_amber1/u_decode/pre_fetch_instruction_reg_28_/D   1.9907   5.3426 r  -3.3519 (VIOLATED)
   u_amber1/u_decode/o_reg_bank_wen_reg_0_/D   1.9940   5.3458 r  -3.3518 (VIOLATED)
   u_amber1/u_decode/o_reg_bank_wen_reg_8_/D   1.9940   5.3458 r  -3.3518 (VIOLATED)
   u_amber1/u_decode/o_reg_bank_wen_reg_2_/D   1.9939   5.3457 r  -3.3518 (VIOLATED)
   u_amber0/u_decode/hold_instruction_reg_14_/D   1.9932   5.3449 r  -3.3518 (VIOLATED)
   u_amber0/u_decode/hold_instruction_reg_15_/D   1.9932   5.3449 r  -3.3518 (VIOLATED)
   u_amber1/u_decode/o_reg_bank_wen_reg_10_/D   1.9939   5.3457 r  -3.3517 (VIOLATED)
   u_amber1/u_decode/o_reg_bank_wen_reg_6_/D   1.9940   5.3455 r  -3.3515 (VIOLATED)
   u_amber1/u_execute/u_register_bank/R_1950/D   1.9945   5.3458 f  -3.3513 (VIOLATED)
   u_amber1/u_execute/u_register_bank/R_5658/D   1.9945   5.3458 f  -3.3513 (VIOLATED)
   u_amber0/u_execute/u_register_bank/r15_reg_19_/D   1.9947   5.3457 f  -3.3511 (VIOLATED)
   u_amber1/u_decode/pre_fetch_instruction_reg_6_/D   1.9941   5.3439 f  -3.3498 (VIOLATED)
   u_amber1/u_decode/pre_fetch_instruction_reg_12_/D   1.9941   5.3439 f  -3.3498 (VIOLATED)
   u_amber1/u_execute/R_2671/D   1.9869      5.3335 r      -3.3466  (VIOLATED)
   u_amber1/u_decode/pre_fetch_instruction_reg_11_/D   1.9941   5.3389 f  -3.3448 (VIOLATED)
   u_amber1/u_decode/pre_fetch_instruction_reg_16_/D   1.9941   5.3389 f  -3.3448 (VIOLATED)
   u_amber1/u_decode/pre_fetch_instruction_reg_22_/D   1.9941   5.3389 f  -3.3448 (VIOLATED)
   u_amber0/u_execute/u_register_bank/r12_firq_reg_18_/D   1.9947   5.3391 f  -3.3445 (VIOLATED)
   u_amber0/u_execute/u_register_bank/r13_reg_18_/D   1.9946   5.3391 f  -3.3444 (VIOLATED)
   u_amber0/u_execute/u_register_bank/r9_firq_reg_18_/D   1.9947   5.3389 f  -3.3443 (VIOLATED)
   u_amber0/u_execute/u_register_bank/r8_firq_reg_18_/D   1.9947   5.3389 f  -3.3442 (VIOLATED)
   u_amber0/u_execute/u_register_bank/r13_firq_reg_18_/D   1.9947   5.3389 f  -3.3442 (VIOLATED)
   u_amber0/u_execute/u_register_bank/r14_irq_reg_18_/D   1.9946   5.3388 f  -3.3442 (VIOLATED)
   u_amber0/u_execute/u_multiply/product_reg_31_/D   1.9946   5.3383 r  -3.3436 (VIOLATED)
   u_amber1/u_decode/o_rd_use_read_reg/D   1.9947   5.3370 f  -3.3423 (VIOLATED)
   u_amber1/u_fetch/u_cache/address_r_reg_24_/D   1.9946   5.3367 f  -3.3420 (VIOLATED)
   u_amber0/u_execute/o_daddress_reg_3_/D   1.9821   5.3237 r  -3.3416 (VIOLATED)
   u_amber1/u_fetch/u_cache/random_num_reg_0_/D   1.9942   5.3327 r  -3.3385 (VIOLATED)
   u_amber0/u_execute/u_register_bank/R_5203/D   1.9927   5.3306 r  -3.3379 (VIOLATED)
   u_amber0/u_execute/u_register_bank/R_5189/D   1.9927   5.3306 r  -3.3379 (VIOLATED)
   u_amber1/u_execute/o_iaddress_reg_24_/D   1.9947   5.3319 f  -3.3373 (VIOLATED)
   u_amber0/u_execute/u_register_bank/R_5185/D   1.9936   5.3306 r  -3.3370 (VIOLATED)
   u_amber1/u_execute/o_daddress_reg_22_/D   1.9885   5.3254 r  -3.3369 (VIOLATED)
   u_amber0/u_execute/u_register_bank/R_5195/D   1.9938   5.3306 r  -3.3369 (VIOLATED)
   u_amber0/u_execute/u_register_bank/R_5197/D   1.9937   5.3306 r  -3.3369 (VIOLATED)
   u_amber0/u_execute/u_register_bank/R_5201/D   1.9938   5.3306 r  -3.3368 (VIOLATED)
   u_amber0/u_execute/u_register_bank/r15_reg_20_/D   1.9947   5.3313 f  -3.3367 (VIOLATED)
   u_amber0/u_execute/u_register_bank/R_5205/D   1.9941   5.3306 r  -3.3365 (VIOLATED)
   u_amber0/u_execute/u_register_bank/R_5191/D   1.9942   5.3306 r  -3.3364 (VIOLATED)
   u_amber0/u_execute/u_register_bank/R_5199/D   1.9942   5.3306 r  -3.3364 (VIOLATED)
   u_amber0/u_execute/u_register_bank/R_5187/D   1.9945   5.3306 r  -3.3361 (VIOLATED)
   u_amber1/u_decode/pre_fetch_instruction_address_reg_21_/D   1.9908   5.3268 r  -3.3360 (VIOLATED)
   u_amber1/u_decode/pre_fetch_instruction_address_reg_27_/D   1.9908   5.3268 r  -3.3360 (VIOLATED)
   u_amber1/u_decode/o_imm32_reg_22_/D   1.9946   5.3301 f  -3.3355 (VIOLATED)
   u_amber1/u_decode/o_imm32_reg_13_/D   1.9946   5.3300 f  -3.3354 (VIOLATED)
   u_amber1/u_decode/o_imm32_reg_23_/D   1.9946   5.3300 f  -3.3354 (VIOLATED)
   u_amber1/u_decode/pre_fetch_instruction_address_reg_3_/D   1.9915   5.3268 r  -3.3353 (VIOLATED)
   u_amber1/u_decode/pre_fetch_instruction_address_reg_4_/D   1.9915   5.3268 r  -3.3353 (VIOLATED)
   u_amber1/u_decode/o_imm32_reg_19_/D   1.9946   5.3298 f  -3.3351 (VIOLATED)
   u_amber1/u_decode/o_imm32_reg_21_/D   1.9946   5.3297 f  -3.3351 (VIOLATED)
   u_amber1/u_decode/o_imm32_reg_20_/D   1.9946   5.3296 f  -3.3349 (VIOLATED)
   u_amber1/u_decode/o_imm32_reg_12_/D   1.9946   5.3295 f  -3.3349 (VIOLATED)
   u_amber1/u_decode/o_imm32_reg_16_/D   1.9946   5.3295 f  -3.3349 (VIOLATED)
   u_amber1/u_execute/u_multiply/product_reg_63_/D   1.9946   5.3294 f  -3.3347 (VIOLATED)
   u_amber1/u_decode/pre_fetch_instruction_address_reg_10_/D   1.9921   5.3268 r  -3.3347 (VIOLATED)
   u_amber0/u_execute/u_register_bank/R_5083/D   1.9889   5.3230 r  -3.3341 (VIOLATED)
   u_amber0/u_execute/u_register_bank/R_5091/D   1.9889   5.3230 r  -3.3341 (VIOLATED)
   u_amber1/u_decode/hold_instruction_reg_29_/D   1.9878   5.3208 r  -3.3330 (VIOLATED)
   u_amber1/u_decode/hold_instruction_reg_31_/D   1.9878   5.3208 r  -3.3330 (VIOLATED)
   u_amber0/u_decode/o_imm32_reg_11_/D   1.9944   5.3250 f  -3.3306 (VIOLATED)
   u_amber1/u_decode/pre_fetch_instruction_address_reg_19_/D   1.9908   5.3213 r  -3.3305 (VIOLATED)
   u_amber1/u_decode/pre_fetch_instruction_address_reg_24_/D   1.9908   5.3213 r  -3.3305 (VIOLATED)
   u_amber0/u_execute/u_register_bank/R_5093/D   1.9927   5.3230 r  -3.3303 (VIOLATED)
   u_amber0/u_execute/u_register_bank/R_5089/D   1.9928   5.3230 r  -3.3302 (VIOLATED)
   u_amber1/u_decode/pre_fetch_instruction_address_reg_1_/D   1.9915   5.3213 r  -3.3298 (VIOLATED)
   u_amber1/u_decode/pre_fetch_instruction_address_reg_31_/D   1.9915   5.3213 r  -3.3298 (VIOLATED)
   u_amber0/u_execute/u_register_bank/R_5085/D   1.9937   5.3230 r  -3.3292 (VIOLATED)
   u_amber1/u_decode/pre_fetch_instruction_address_reg_7_/D   1.9921   5.3213 r  -3.3292 (VIOLATED)
   u_amber1/u_decode/pre_fetch_instruction_address_reg_13_/D   1.9921   5.3213 r  -3.3292 (VIOLATED)
   u_amber1/u_decode/pre_fetch_instruction_address_reg_15_/D   1.9921   5.3213 r  -3.3292 (VIOLATED)
   u_amber1/u_execute/u_register_bank/R_5906/D   1.9879   5.3166 r  -3.3287 (VIOLATED)
   u_amber0/u_execute/u_register_bank/r14_firq_reg_18_/D   1.9945   5.3231 f  -3.3286 (VIOLATED)
   u_amber1/u_execute/u_register_bank/r0_reg_20_/D   1.9947   5.3230 f  -3.3283 (VIOLATED)
   u_amber1/u_execute/u_register_bank/r13_reg_20_/D   1.9947   5.3229 f  -3.3283 (VIOLATED)
   u_amber1/u_execute/u_register_bank/r11_firq_reg_20_/D   1.9947   5.3226 f  -3.3280 (VIOLATED)
   u_amber1/u_execute/u_register_bank/r1_reg_20_/D   1.9947   5.3226 f  -3.3280 (VIOLATED)
   u_amber1/u_execute/u_register_bank/r7_reg_20_/D   1.9947   5.3226 f  -3.3280 (VIOLATED)
   u_amber1/u_execute/u_register_bank/r10_firq_reg_20_/D   1.9947   5.3226 f  -3.3280 (VIOLATED)
   u_amber1/u_execute/u_register_bank/R_3786/D   1.9946   5.3226 r  -3.3280 (VIOLATED)
   u_amber1/u_execute/u_register_bank/r4_reg_20_/D   1.9947   5.3226 f  -3.3279 (VIOLATED)
   u_amber1/u_execute/u_register_bank/r14_svc_reg_20_/D   1.9947   5.3225 f  -3.3279 (VIOLATED)
   u_amber1/u_execute/u_register_bank/r13_firq_reg_20_/D   1.9947   5.3224 f  -3.3278 (VIOLATED)
   u_amber0/u_execute/u_register_bank/R_5193/D   1.9927   5.3203 r  -3.3276 (VIOLATED)
   u_amber1/u_execute/u_register_bank/r2_reg_20_/D   1.9946   5.3221 f  -3.3275 (VIOLATED)
   u_amber1/u_execute/u_register_bank/r3_reg_20_/D   1.9947   5.3221 f  -3.3275 (VIOLATED)
   u_amber1/u_execute/u_register_bank/r6_reg_20_/D   1.9947   5.3221 f  -3.3274 (VIOLATED)
   u_amber1/u_decode/pre_fetch_instruction_reg_25_/D   1.9889   5.3158 f  -3.3269 (VIOLATED)
   u_amber1/u_execute/u_register_bank/r12_firq_reg_20_/D   1.9946   5.3211 f  -3.3266 (VIOLATED)
   u_amber1/u_execute/u_register_bank/R_5914/D   1.9879   5.3142 r  -3.3263 (VIOLATED)
   u_amber1/u_execute/u_register_bank/r5_reg_20_/D   1.9946   5.3208 f  -3.3262 (VIOLATED)
   u_amber0/u_execute/o_daddress_reg_2_/D   1.9967   5.3198 f  -3.3231 (VIOLATED)
   u_amber0/u_execute/o_iaddress_reg_21_/D   1.9945   5.3170 f  -3.3224 (VIOLATED)
   u_amber1/u_decode/pre_fetch_instruction_iabt_reg/D   1.9947   5.3167 f  -3.3220 (VIOLATED)
   u_amber1/u_decode/pre_fetch_instruction_iabt_status_reg_0_/D   1.9947   5.3167 f  -3.3220 (VIOLATED)
   u_amber1/u_decode/pre_fetch_instruction_iabt_status_reg_1_/D   1.9947   5.3167 f  -3.3220 (VIOLATED)
   u_amber1/u_decode/pre_fetch_instruction_iabt_status_reg_2_/D   1.9947   5.3167 f  -3.3220 (VIOLATED)
   u_amber1/u_decode/pre_fetch_instruction_iabt_status_reg_3_/D   1.9947   5.3167 f  -3.3220 (VIOLATED)
   u_amber1/u_decode/pre_fetch_instruction_iabt_status_reg_4_/D   1.9947   5.3167 f  -3.3220 (VIOLATED)
   u_amber1/u_decode/pre_fetch_instruction_iabt_status_reg_6_/D   1.9947   5.3167 f  -3.3220 (VIOLATED)
   u_amber1/u_decode/pre_fetch_instruction_iabt_status_reg_7_/D   1.9947   5.3167 f  -3.3220 (VIOLATED)
   u_amber0/u_execute/u_register_bank/R_5087/D   1.9938   5.3158 r  -3.3219 (VIOLATED)
   u_amber1/u_decode/o_imm32_reg_15_/D   1.9829   5.3018 f  -3.3189 (VIOLATED)
   u_amber1/u_decode/o_imm32_reg_17_/D   1.9829   5.3018 f  -3.3189 (VIOLATED)
   u_amber0/u_execute/u_register_bank/R_5284/D   1.9936   5.3119 r  -3.3183 (VIOLATED)
   u_amber1/u_execute/u_register_bank/r14_firq_reg_20_/D   1.9946   5.3122 f  -3.3176 (VIOLATED)
   u_amber1/u_decode/pre_fetch_instruction_adex_reg/D   1.9907   5.3083 r  -3.3176 (VIOLATED)
   u_amber1/u_decode/pre_fetch_instruction_reg_8_/D   1.9907   5.3083 r  -3.3176 (VIOLATED)
   u_amber1/u_decode/pre_fetch_instruction_reg_20_/D   1.9907   5.3083 r  -3.3176 (VIOLATED)
   u_amber0/u_execute/u_register_bank/r13_irq_reg_18_/D   1.9947   5.3110 f  -3.3163 (VIOLATED)
   u_amber1/u_execute/u_register_bank/R_5145/D   1.9942   5.3101 f  -3.3158 (VIOLATED)
   u_amber0/u_execute/u_register_bank/R_5286/D   1.9889   5.3033 r  -3.3144 (VIOLATED)
   u_amber0/u_decode/o_imm32_reg_25_/D   1.9884   5.3022 f  -3.3137 (VIOLATED)
   u_amber1/u_execute/u_register_bank/R_2508/D   1.9948   5.3081 r  -3.3134 (VIOLATED)
   u_amber1/u_execute/u_register_bank/R_2530/D   1.9948   5.3081 r  -3.3134 (VIOLATED)
   u_amber0/u_decode/o_imm32_reg_31_/D   1.9942   5.3074 f  -3.3131 (VIOLATED)
   u_amber0/u_decode/o_imm32_reg_29_/D   1.9942   5.3073 f  -3.3131 (VIOLATED)
   u_amber0/u_decode/o_imm32_reg_27_/D   1.9942   5.3073 f  -3.3131 (VIOLATED)
   u_amber0/u_decode/o_imm32_reg_26_/D   1.9944   5.3073 f  -3.3128 (VIOLATED)
   u_amber0/u_decode/o_imm32_reg_28_/D   1.9944   5.3072 f  -3.3128 (VIOLATED)
   u_amber0/u_decode/o_imm32_reg_30_/D   1.9944   5.3072 f  -3.3128 (VIOLATED)
   u_amber1/u_decode/pre_fetch_instruction_reg_29_/D   1.9946   5.3069 f  -3.3123 (VIOLATED)
   u_amber1/u_decode/pre_fetch_instruction_reg_30_/D   1.9946   5.3069 f  -3.3123 (VIOLATED)
   u_amber1/u_decode/fetch_instruction_r_reg_17_/D   1.9946   5.3069 f  -3.3123 (VIOLATED)
   u_amber1/u_decode/fetch_instruction_r_reg_18_/D   1.9946   5.3069 f  -3.3123 (VIOLATED)
   u_amber1/u_decode/pre_fetch_instruction_reg_21_/D   1.9946   5.3069 f  -3.3123 (VIOLATED)
   u_amber1/u_decode/pre_fetch_instruction_reg_26_/D   1.9946   5.3069 f  -3.3123 (VIOLATED)
   u_amber0/u_execute/u_register_bank/R_5288/D   1.9914   5.3033 r  -3.3119 (VIOLATED)
   u_amber1/u_execute/u_register_bank/r15_reg_21_/D   1.9947   5.3060 f  -3.3113 (VIOLATED)
   u_amber1/u_decode/o_imm32_reg_18_/D   1.9944   5.3048 f  -3.3104 (VIOLATED)
   u_amber0/u_execute/u_register_bank/R_5282/D   1.9937   5.3035 r  -3.3099 (VIOLATED)
   u_amber0/u_execute/u_register_bank/R_5290/D   1.9937   5.3036 r  -3.3098 (VIOLATED)
   u_amber0/u_execute/u_register_bank/R_5292/D   1.9938   5.3035 r  -3.3098 (VIOLATED)
   u_amber0/u_execute/u_register_bank/R_5294/D   1.9942   5.3037 r  -3.3096 (VIOLATED)
   u_amber1/u_execute/o_copro_write_data_reg_29_/D   1.9947   5.3027 r  -3.3080 (VIOLATED)
   u_amber1/u_execute/o_copro_write_data_reg_20_/D   1.9947   5.3026 r  -3.3079 (VIOLATED)
   u_amber1/u_execute/o_copro_write_data_reg_26_/D   1.9947   5.3026 r  -3.3079 (VIOLATED)
   u_amber1/u_execute/o_copro_write_data_reg_27_/D   1.9947   5.3026 r  -3.3079 (VIOLATED)
   u_amber1/u_execute/o_copro_write_data_reg_31_/D   1.9947   5.3026 r  -3.3079 (VIOLATED)
   u_amber1/u_decode/pre_fetch_instruction_iabt_status_reg_5_/D   1.9817   5.2885 f  -3.3068 (VIOLATED)
   u_amber1/u_decode/pre_fetch_instruction_reg_10_/D   1.9939   5.3003 f  -3.3065 (VIOLATED)
   u_amber1/u_decode/pre_fetch_instruction_reg_17_/D   1.9940   5.3003 f  -3.3064 (VIOLATED)
   u_amber1/u_decode/pre_fetch_instruction_reg_19_/D   1.9940   5.3003 f  -3.3064 (VIOLATED)
   u_amber1/u_decode/pre_fetch_instruction_reg_23_/D   1.9940   5.3003 f  -3.3064 (VIOLATED)
   u_amber1/u_decode/pre_fetch_instruction_reg_24_/D   1.9940   5.3003 f  -3.3064 (VIOLATED)
   u_amber1/u_decode/load_rd_d1_reg_0_/D   1.9937   5.2994 r  -3.3057 (VIOLATED)
   u_amber1/u_decode/load_rd_d1_reg_1_/D   1.9937   5.2994 r  -3.3057 (VIOLATED)
   u_amber1/u_execute/u_register_bank/R_5408/D   1.9940   5.2987 f  -3.3046 (VIOLATED)
   u_amber1/u_execute/u_register_bank/R_5402/D   1.9940   5.2987 f  -3.3046 (VIOLATED)
   u_amber1/u_execute/u_register_bank/R_5404/D   1.9940   5.2987 f  -3.3046 (VIOLATED)
   u_amber1/u_execute/u_register_bank/R_5410/D   1.9940   5.2987 f  -3.3046 (VIOLATED)
   u_amber1/u_execute/u_register_bank/R_5412/D   1.9940   5.2987 f  -3.3046 (VIOLATED)
   u_amber0/u_execute/u_register_bank/r9_firq_reg_20_/D   1.9947   5.2962 f  -3.3016 (VIOLATED)
   u_amber0/u_execute/u_register_bank/r10_reg_20_/D   1.9947   5.2962 f  -3.3016 (VIOLATED)
   u_amber1/u_execute/o_copro_write_data_reg_30_/D   1.9947   5.2956 r  -3.3009 (VIOLATED)
   u_amber1/u_execute/u_register_bank/R_5406/D   1.9888   5.2895 f  -3.3007 (VIOLATED)
   u_amber1/u_execute/u_register_bank/r13_irq_reg_20_/D   1.9947   5.2952 f  -3.3004 (VIOLATED)
   u_amber1/u_execute/u_register_bank/R_5495/D   1.9940   5.2930 f  -3.2990 (VIOLATED)
   u_amber1/u_execute/u_register_bank/R_5477/D   1.9940   5.2930 f  -3.2990 (VIOLATED)
   u_amber1/u_execute/u_register_bank/R_5479/D   1.9940   5.2930 f  -3.2990 (VIOLATED)
   u_amber1/u_execute/u_register_bank/R_5483/D   1.9940   5.2930 f  -3.2990 (VIOLATED)
   u_amber1/u_execute/u_register_bank/R_5489/D   1.9940   5.2930 f  -3.2990 (VIOLATED)
   u_amber1/u_execute/u_register_bank/R_5491/D   1.9940   5.2930 f  -3.2990 (VIOLATED)
   u_amber1/u_execute/u_register_bank/R_5493/D   1.9940   5.2930 f  -3.2990 (VIOLATED)
   u_amber1/u_execute/u_register_bank/R_5497/D   1.9940   5.2930 f  -3.2990 (VIOLATED)
   u_amber1/u_execute/u_register_bank/R_5481/D   1.9940   5.2930 f  -3.2990 (VIOLATED)
   u_amber1/u_execute/u_register_bank/R_5487/D   1.9940   5.2930 f  -3.2990 (VIOLATED)
   u_amber1/u_execute/u_register_bank/R_5485/D   1.9941   5.2930 f  -3.2989 (VIOLATED)
   u_amber1/u_execute/u_register_bank/r13_reg_2_/D   1.9946   5.2924 r  -3.2977 (VIOLATED)
   u_amber0/u_execute/o_iaddress_reg_22_/D   1.9946   5.2910 f  -3.2964 (VIOLATED)
   u_amber1/u_decode/fetch_instruction_r_reg_11_/D   1.9946   5.2910 f  -3.2964 (VIOLATED)
   u_amber1/u_decode/fetch_instruction_r_reg_14_/D   1.9946   5.2910 f  -3.2964 (VIOLATED)
   u_amber1/u_decode/fetch_instruction_r_reg_27_/D   1.9946   5.2910 f  -3.2964 (VIOLATED)
   u_amber1/u_decode/pre_fetch_instruction_reg_31_/D   1.9824   5.2786 f  -3.2962 (VIOLATED)
   u_amber1/u_execute/u_register_bank/R_2528/D   1.9946   5.2891 f  -3.2945 (VIOLATED)
   u_amber1/u_execute/u_register_bank/r8_firq_reg_20_/D   1.9947   5.2885 f  -3.2938 (VIOLATED)
   u_amber1/u_execute/u_register_bank/r8_reg_20_/D   1.9947   5.2885 f  -3.2938 (VIOLATED)
   u_amber1/u_execute/u_register_bank/r9_firq_reg_20_/D   1.9947   5.2885 f  -3.2938 (VIOLATED)
   u_amber1/u_execute/u_register_bank/r10_reg_20_/D   1.9947   5.2885 f  -3.2938 (VIOLATED)
   u_amber1/u_execute/u_register_bank/r11_reg_20_/D   1.9947   5.2882 f  -3.2935 (VIOLATED)
   u_amber1/u_execute/u_register_bank/r14_irq_reg_20_/D   1.9947   5.2881 f  -3.2934 (VIOLATED)
   u_amber0/u_fetch/u_cache/address_r_reg_21_/D   1.9946   5.2873 f  -3.2927 (VIOLATED)
   u_amber1/u_decode/pre_fetch_instruction_reg_2_/D   1.9885   5.2809 f  -3.2925 (VIOLATED)
   u_amber1/u_execute/u_register_bank/r13_svc_reg_20_/D   1.9946   5.2867 f  -3.2921 (VIOLATED)
   u_amber1/u_execute/u_register_bank/r13_reg_13_/D   1.9947   5.2865 f  -3.2919 (VIOLATED)
   u_amber1/u_execute/u_register_bank/r13_reg_16_/D   1.9947   5.2865 f  -3.2919 (VIOLATED)
   u_amber1/u_execute/u_register_bank/r13_reg_3_/D   1.9947   5.2865 f  -3.2919 (VIOLATED)
   u_amber1/u_execute/u_register_bank/r13_reg_6_/D   1.9947   5.2865 f  -3.2919 (VIOLATED)
   u_amber1/u_execute/u_register_bank/r13_reg_12_/D   1.9947   5.2865 f  -3.2919 (VIOLATED)
   u_amber1/u_execute/u_register_bank/r13_reg_15_/D   1.9947   5.2865 f  -3.2919 (VIOLATED)
   u_amber1/u_execute/u_register_bank/r13_reg_10_/D   1.9947   5.2864 f  -3.2918 (VIOLATED)
   u_amber1/u_execute/u_register_bank/r13_reg_11_/D   1.9947   5.2864 f  -3.2918 (VIOLATED)
   u_amber1/u_execute/u_register_bank/r13_reg_7_/D   1.9947   5.2864 f  -3.2918 (VIOLATED)
   u_amber1/u_execute/u_register_bank/r13_reg_9_/D   1.9947   5.2864 f  -3.2918 (VIOLATED)
   u_amber1/u_execute/u_register_bank/R_2154/D   1.9942   5.2833 f  -3.2891 (VIOLATED)
   u_amber1/u_decode/o_rn_use_read_reg/D   1.9946   5.2815 f  -3.2869 (VIOLATED)
   u_amber1/u_execute/u_register_bank/R_2252/D   1.9944   5.2803 f  -3.2860 (VIOLATED)
   u_amber1/u_execute/u_register_bank/R_2536/D   1.9944   5.2803 f  -3.2860 (VIOLATED)
   u_amber0/u_execute/u_multiply/product_reg_64_/D   1.9945   5.2801 r  -3.2856 (VIOLATED)
   u_amber1/u_execute/u_register_bank/R_5650/D   1.9938   5.2792 f  -3.2853 (VIOLATED)
   u_amber1/u_execute/u_register_bank/R_5648/D   1.9939   5.2792 f  -3.2853 (VIOLATED)
   u_amber1/u_execute/u_register_bank/R_5646/D   1.9939   5.2792 f  -3.2853 (VIOLATED)
   u_amber1/u_execute/u_register_bank/R_5638/D   1.9939   5.2792 f  -3.2852 (VIOLATED)
   u_amber1/u_execute/u_register_bank/R_5644/D   1.9940   5.2792 f  -3.2852 (VIOLATED)
   u_amber1/u_execute/u_register_bank/R_5640/D   1.9941   5.2792 f  -3.2851 (VIOLATED)
   u_amber1/u_execute/u_register_bank/R_5642/D   1.9941   5.2792 f  -3.2851 (VIOLATED)
   u_amber1/u_execute/u_register_bank/r9_reg_20_/D   1.9968   5.2813 f  -3.2845 (VIOLATED)
   u_amber1/u_decode/o_reg_bank_wen_reg_11_/D   1.9939   5.2781 r  -3.2842 (VIOLATED)
   u_amber1/u_decode/o_reg_bank_wen_reg_3_/D   1.9940   5.2781 r  -3.2841 (VIOLATED)
   u_amber1/u_execute/o_copro_write_data_reg_9_/D   1.9945   5.2779 r  -3.2833 (VIOLATED)
   u_amber1/u_execute/u_register_bank/r13_reg_0_/D   1.9946   5.2779 r  -3.2833 (VIOLATED)
   u_amber1/u_execute/o_copro_write_data_reg_28_/D   1.9944   5.2768 r  -3.2824 (VIOLATED)
   u_amber0/u_execute/o_daddress_reg_20_/D   1.9888   5.2707 r  -3.2820 (VIOLATED)
   u_amber1/u_execute/u_multiply/product_reg_32_/D   1.9946   5.2757 r  -3.2811 (VIOLATED)
   u_amber1/u_execute/o_iaddress_reg_23_/D   1.9945   5.2733 f  -3.2787 (VIOLATED)
   u_amber0/u_fetch/u_cache/address_r_reg_22_/D   1.9946   5.2727 f  -3.2780 (VIOLATED)
   u_amber1/u_decode/o_rs_use_read_reg/D   1.9945   5.2718 f  -3.2773 (VIOLATED)
   u_amber0/u_decode/hold_instruction_reg_27_/D   1.9893   5.2665 r  -3.2772 (VIOLATED)
   u_amber1/u_decode/fetch_instruction_r_reg_10_/D   1.9945   5.2709 r  -3.2764 (VIOLATED)
   u_amber1/u_decode/fetch_instruction_r_reg_30_/D   1.9945   5.2709 r  -3.2764 (VIOLATED)
   u_amber1/u_decode/fetch_instruction_r_reg_0_/D   1.9945   5.2709 r  -3.2764 (VIOLATED)
   u_amber1/u_decode/fetch_instruction_r_reg_3_/D   1.9945   5.2709 r  -3.2764 (VIOLATED)
   u_amber1/u_decode/fetch_instruction_r_reg_8_/D   1.9945   5.2709 r  -3.2764 (VIOLATED)
   u_amber1/u_decode/fetch_instruction_r_reg_21_/D   1.9945   5.2709 r  -3.2764 (VIOLATED)
   u_amber1/u_decode/fetch_instruction_r_reg_28_/D   1.9945   5.2709 r  -3.2764 (VIOLATED)
   u_amber1/u_decode/hold_instruction_reg_21_/D   1.9889   5.2642 r  -3.2753 (VIOLATED)
   u_amber1/u_decode/hold_instruction_reg_23_/D   1.9889   5.2642 r  -3.2753 (VIOLATED)
   u_amber1/u_decode/hold_instruction_reg_24_/D   1.9889   5.2642 r  -3.2753 (VIOLATED)
   u_amber1/u_decode/hold_instruction_reg_26_/D   1.9889   5.2642 r  -3.2753 (VIOLATED)
   u_amber1/u_decode/hold_instruction_reg_27_/D   1.9889   5.2642 r  -3.2753 (VIOLATED)
   u_amber1/u_decode/o_imm32_reg_14_/D   1.9946   5.2698 f  -3.2752 (VIOLATED)
   u_amber1/u_decode/saved_current_instruction_reg_15_/D   1.9970   5.2720 f  -3.2751 (VIOLATED)
   u_amber0/u_decode/o_reg_write_sel_reg_0_/D   1.9947   5.2688 f  -3.2741 (VIOLATED)
   u_amber1/u_decode/saved_current_instruction_reg_9_/D   1.9947   5.2648 f  -3.2701 (VIOLATED)
   u_amber0/u_execute/u_register_bank/R_2435/D   1.9947   5.2632 f  -3.2685 (VIOLATED)
   u_amber1/u_decode/o_rm_use_read_reg/D   1.9955   5.2640 f  -3.2684 (VIOLATED)
   u_amber1/u_execute/u_register_bank/r14_firq_reg_19_/D   1.9941   5.2622 f  -3.2681 (VIOLATED)
   u_amber0/u_decode/fetch_instruction_r_reg_2_/D   1.9891   5.2566 f  -3.2675 (VIOLATED)
   u_amber1/u_decode/hold_instruction_iabt_status_reg_1_/D   1.9946   5.2618 f  -3.2672 (VIOLATED)
   u_amber1/u_decode/hold_instruction_iabt_status_reg_2_/D   1.9946   5.2618 f  -3.2672 (VIOLATED)
   u_amber1/u_decode/hold_instruction_iabt_status_reg_4_/D   1.9946   5.2618 f  -3.2672 (VIOLATED)
   u_amber1/u_decode/hold_instruction_iabt_status_reg_5_/D   1.9946   5.2618 f  -3.2672 (VIOLATED)
   u_amber1/u_decode/R_648/D   1.9946        5.2617 r      -3.2671  (VIOLATED)
   u_amber1/u_decode/o_iaddress_sel_reg_0_/D   1.9946   5.2600 f  -3.2653 (VIOLATED)
   u_amber1/u_decode/fetch_address_r_reg_15_/D   1.9857   5.2506 r  -3.2649 (VIOLATED)
   u_amber1/u_execute/u_register_bank/r13_reg_5_/D   1.9947   5.2593 f  -3.2646 (VIOLATED)
   u_amber1/u_decode/o_reg_bank_wen_reg_7_/D   1.9892   5.2499 r  -3.2607 (VIOLATED)
   u_amber1/u_fetch/u_cache/address_r_reg_23_/D   1.9946   5.2553 f  -3.2607 (VIOLATED)
   u_amber1/u_decode/fetch_address_r_reg_14_/D   1.9945   5.2550 r  -3.2604 (VIOLATED)
   u_amber1/u_decode/fetch_address_r_reg_18_/D   1.9945   5.2550 r  -3.2604 (VIOLATED)
   u_amber1/u_decode/fetch_address_r_reg_22_/D   1.9946   5.2550 r  -3.2604 (VIOLATED)
   u_amber1/u_decode/fetch_address_r_reg_20_/D   1.9946   5.2550 r  -3.2604 (VIOLATED)
   u_amber1/u_decode/fetch_address_r_reg_30_/D   1.9946   5.2550 r  -3.2604 (VIOLATED)
   u_amber1/u_decode/control_state_reg_3_/D   1.9944   5.2547 f  -3.2603 (VIOLATED)
   u_amber1/u_execute/u_register_bank/r13_reg_1_/D   1.9945   5.2547 r  -3.2602 (VIOLATED)
   u_amber1/u_execute/u_register_bank/R_5655/D   1.9945   5.2533 r  -3.2588 (VIOLATED)
   u_amber1/u_execute/o_write_data_reg_8_/D   1.9911   5.2492 r  -3.2580 (VIOLATED)
   u_amber1/u_execute/o_write_data_reg_9_/D   1.9911   5.2492 r  -3.2580 (VIOLATED)
   u_amber1/u_execute/o_write_data_reg_17_/D   1.9911   5.2492 r  -3.2580 (VIOLATED)
   u_amber1/u_decode/hold_instruction_reg_1_/D   1.9896   5.2468 r  -3.2572 (VIOLATED)
   u_amber1/u_decode/hold_instruction_reg_2_/D   1.9896   5.2468 r  -3.2572 (VIOLATED)
   u_amber1/u_decode/hold_instruction_reg_22_/D   1.9896   5.2468 r  -3.2572 (VIOLATED)
   u_amber1/u_execute/o_write_data_reg_12_/D   1.9928   5.2492 r  -3.2563 (VIOLATED)
   u_amber1/u_execute/o_write_data_reg_18_/D   1.9928   5.2492 r  -3.2563 (VIOLATED)
   u_amber1/u_execute/o_write_data_reg_11_/D   1.9929   5.2492 r  -3.2563 (VIOLATED)
   u_amber1/u_execute/o_write_data_reg_14_/D   1.9929   5.2492 r  -3.2563 (VIOLATED)
   u_amber1/u_execute/o_write_data_reg_15_/D   1.9929   5.2492 r  -3.2563 (VIOLATED)
   u_amber1/u_decode/o_reg_bank_wen_reg_13_/D   1.9940   5.2497 r  -3.2557 (VIOLATED)
   u_amber1/u_execute/u_register_bank/r14_firq_reg_2_/D   1.9922   5.2460 r  -3.2538 (VIOLATED)
   u_amber0/u_execute/u_register_bank/R_5559/D   1.9927   5.2459 r  -3.2532 (VIOLATED)
   u_amber0/u_execute/u_register_bank/R_5563/D   1.9927   5.2459 r  -3.2532 (VIOLATED)
   u_amber0/u_execute/u_register_bank/R_5565/D   1.9927   5.2459 r  -3.2532 (VIOLATED)
   u_amber0/u_execute/u_register_bank/R_5561/D   1.9928   5.2459 r  -3.2531 (VIOLATED)
   u_amber0/u_execute/u_register_bank/R_5879/D   2.0027   5.2557 f  -3.2529 (VIOLATED)
   u_amber1/u_mem/mem_read_data_r_reg_1_/D   1.9936   5.2463 r  -3.2527 (VIOLATED)
   u_amber1/u_mem/mem_read_data_r_reg_2_/D   1.9936   5.2463 r  -3.2527 (VIOLATED)
   u_amber1/u_mem/mem_read_data_r_reg_3_/D   1.9936   5.2463 r  -3.2527 (VIOLATED)
   u_amber1/u_mem/mem_read_data_r_reg_5_/D   1.9936   5.2463 r  -3.2527 (VIOLATED)
   u_amber1/u_mem/mem_read_data_r_reg_6_/D   1.9936   5.2463 r  -3.2527 (VIOLATED)
   u_amber1/u_mem/mem_read_data_r_reg_7_/D   1.9936   5.2463 r  -3.2527 (VIOLATED)
   u_amber1/u_mem/mem_read_data_r_reg_8_/D   1.9936   5.2463 r  -3.2527 (VIOLATED)
   u_amber1/u_mem/mem_read_data_r_reg_10_/D   1.9936   5.2463 r  -3.2527 (VIOLATED)
   u_amber1/u_mem/mem_read_data_r_reg_11_/D   1.9936   5.2463 r  -3.2527 (VIOLATED)
   u_amber1/u_mem/mem_read_data_r_reg_14_/D   1.9936   5.2463 r  -3.2527 (VIOLATED)
   u_amber1/u_mem/mem_read_data_r_reg_16_/D   1.9936   5.2463 r  -3.2527 (VIOLATED)
   u_amber1/u_mem/mem_read_data_r_reg_17_/D   1.9936   5.2463 r  -3.2527 (VIOLATED)
   u_amber1/u_mem/mem_read_data_r_reg_19_/D   1.9936   5.2463 r  -3.2527 (VIOLATED)
   u_amber1/u_mem/mem_read_data_r_reg_21_/D   1.9936   5.2463 r  -3.2527 (VIOLATED)
   u_amber1/u_mem/mem_read_data_r_reg_23_/D   1.9936   5.2463 r  -3.2527 (VIOLATED)
   u_amber1/u_mem/mem_read_data_r_reg_24_/D   1.9936   5.2463 r  -3.2527 (VIOLATED)
   u_amber1/u_mem/mem_read_data_r_reg_27_/D   1.9936   5.2463 r  -3.2527 (VIOLATED)
   u_amber1/u_execute/o_write_data_reg_20_/D   1.9944   5.2470 f  -3.2526 (VIOLATED)
   u_amber1/u_execute/o_write_data_reg_29_/D   1.9944   5.2470 f  -3.2526 (VIOLATED)
   u_amber0/u_execute/u_register_bank/R_5557/D   1.9937   5.2459 r  -3.2522 (VIOLATED)
   u_amber0/u_decode/saved_current_instruction_reg_9_/D   1.9946   5.2468 f  -3.2521 (VIOLATED)
   u_amber1/u_decode/fetch_instruction_r_reg_2_/D   1.9922   5.2435 r  -3.2514 (VIOLATED)
   u_amber1/u_decode/o_load_rd_reg_5_/D   1.9907   5.2420 r  -3.2513 (VIOLATED)
   u_amber1/u_decode/saved_current_instruction_reg_13_/D   1.9947   5.2454 f  -3.2508 (VIOLATED)
   u_amber1/u_execute/u_register_bank/R_2127/D   1.9947   5.2448 f  -3.2501 (VIOLATED)
   u_amber1/u_execute/u_register_bank/R_2392/D   1.9947   5.2445 f  -3.2498 (VIOLATED)
   u_amber0/u_execute/u_register_bank/R_2667/D   1.9945   5.2439 f  -3.2494 (VIOLATED)
   u_amber0/u_execute/u_register_bank/r15_reg_18_/D   1.9947   5.2418 f  -3.2472 (VIOLATED)
   u_amber1/u_fetch/u_cache/select_way_reg_0_/D   1.9941   5.2409 r  -3.2468 (VIOLATED)
   u_amber1/u_decode/fetch_instruction_r_reg_19_/D   1.9939   5.2395 r  -3.2457 (VIOLATED)
   u_amber1/u_execute/u_register_bank/r13_firq_reg_6_/D   1.9947   5.2393 r  -3.2447 (VIOLATED)
   u_amber1/u_execute/u_register_bank/r13_firq_reg_7_/D   1.9947   5.2393 r  -3.2447 (VIOLATED)
   u_amber1/u_execute/u_register_bank/r13_firq_reg_10_/D   1.9947   5.2393 r  -3.2447 (VIOLATED)
   u_amber1/u_execute/u_register_bank/r13_firq_reg_13_/D   1.9947   5.2393 r  -3.2447 (VIOLATED)
   u_amber1/u_execute/u_register_bank/r13_firq_reg_16_/D   1.9947   5.2393 r  -3.2447 (VIOLATED)
   u_amber1/u_execute/u_register_bank/r13_firq_reg_3_/D   1.9947   5.2391 r  -3.2445 (VIOLATED)
   u_amber1/u_execute/u_register_bank/r13_firq_reg_11_/D   1.9947   5.2389 r  -3.2442 (VIOLATED)
   u_amber0/u_execute/u_register_bank/R_5555/D   1.9927   5.2344 r  -3.2417 (VIOLATED)
   u_amber0/u_execute/o_copro_write_data_reg_19_/D   1.9946   5.2354 f  -3.2408 (VIOLATED)
   u_amber1/u_execute/u_register_bank/R_4623/D   1.9946   5.2343 f  -3.2398 (VIOLATED)
   u_amber1/u_execute/o_write_data_reg_26_/D   1.9944   5.2341 f  -3.2397 (VIOLATED)
   u_amber0/u_execute/u_register_bank/R_5586/D   1.9927   5.2301 r  -3.2374 (VIOLATED)
   u_amber0/u_execute/u_register_bank/R_5580/D   1.9927   5.2301 r  -3.2373 (VIOLATED)
   u_amber0/u_execute/u_register_bank/R_5574/D   1.9927   5.2300 r  -3.2373 (VIOLATED)
   u_amber0/u_execute/u_register_bank/R_5572/D   1.9927   5.2300 r  -3.2373 (VIOLATED)
   u_amber1/u_execute/u_register_bank/R_5656/D   1.9947   5.2314 f  -3.2367 (VIOLATED)
   u_amber0/u_execute/u_register_bank/R_5576/D   1.9938   5.2301 r  -3.2363 (VIOLATED)
   u_amber0/u_execute/u_register_bank/R_5578/D   1.9937   5.2300 r  -3.2363 (VIOLATED)
   u_amber0/u_execute/u_register_bank/R_5582/D   1.9938   5.2300 r  -3.2363 (VIOLATED)
   u_amber0/u_execute/u_register_bank/R_5592/D   1.9942   5.2301 r  -3.2359 (VIOLATED)
   u_amber0/u_execute/u_register_bank/R_5570/D   1.9945   5.2301 r  -3.2355 (VIOLATED)
   u_amber0/u_execute/u_register_bank/r14_svc_reg_19_/D   1.9947   5.2302 f  -3.2355 (VIOLATED)
   u_amber0/u_execute/u_register_bank/R_5568/D   1.9824   5.2173 f  -3.2349 (VIOLATED)
   u_amber1/u_decode/o_load_rd_reg_6_/D   1.9942   5.2288 f  -3.2346 (VIOLATED)
   u_amber1/u_execute/u_register_bank/R_2155/D   1.9941   5.2275 r  -3.2334 (VIOLATED)
   u_amber1/u_decode/fetch_instruction_r_reg_4_/D   1.9922   5.2254 r  -3.2333 (VIOLATED)
   u_amber1/u_decode/fetch_instruction_r_reg_6_/D   1.9922   5.2254 r  -3.2333 (VIOLATED)
   u_amber1/u_decode/fetch_instruction_r_reg_23_/D   1.9922   5.2254 r  -3.2333 (VIOLATED)
   u_amber1/u_decode/fetch_instruction_r_reg_25_/D   1.9922   5.2254 r  -3.2333 (VIOLATED)
   u_amber1/u_decode/fetch_instruction_r_reg_15_/D   1.9831   5.2163 r  -3.2333 (VIOLATED)
   u_amber1/u_decode/o_copro_crn_reg_3_/D   1.9890   5.2191 r  -3.2301 (VIOLATED)
   u_amber1/u_decode/fetch_instruction_r_reg_5_/D   1.9937   5.2237 r  -3.2300 (VIOLATED)
   u_amber1/u_decode/fetch_instruction_r_reg_12_/D   1.9937   5.2237 r  -3.2300 (VIOLATED)
   u_amber1/u_decode/fetch_instruction_r_reg_13_/D   1.9937   5.2237 r  -3.2300 (VIOLATED)
   u_amber1/u_decode/fetch_instruction_r_reg_22_/D   1.9937   5.2237 r  -3.2300 (VIOLATED)
   u_amber1/u_decode/fetch_instruction_r_reg_24_/D   1.9937   5.2237 r  -3.2300 (VIOLATED)
   u_amber1/u_mem/mem_read_data_r_reg_0_/D   1.9891   5.2190 r  -3.2299 (VIOLATED)
   u_amber1/u_mem/mem_read_data_r_reg_15_/D   1.9891   5.2190 r  -3.2299 (VIOLATED)
   u_amber0/u_execute/u_register_bank/R_5584/D   1.9927   5.2201 r  -3.2274 (VIOLATED)
   u_amber0/u_execute/u_register_bank/R_2377/D   1.9947   5.2221 f  -3.2274 (VIOLATED)
   u_amber1/u_execute/u_multiply/product_reg_31_/D   1.9946   5.2197 f  -3.2250 (VIOLATED)
   u_amber0/u_execute/o_write_data_reg_19_/D   1.9944   5.2182 f  -3.2238 (VIOLATED)
   u_amber0/u_execute/u_register_bank/R_2664/D   1.9945   5.2174 f  -3.2229 (VIOLATED)
   u_amber1/u_decode/R_660/D   1.9946        5.2168 r      -3.2221  (VIOLATED)
   u_amber1/u_execute/u_multiply/product_reg_14_/D   1.9946   5.2167 f  -3.2221 (VIOLATED)
   u_amber1/u_execute/u_register_bank/r13_firq_reg_12_/D   1.9945   5.2162 r  -3.2217 (VIOLATED)
   u_amber1/u_execute/u_register_bank/r13_firq_reg_5_/D   1.9945   5.2159 r  -3.2214 (VIOLATED)
   u_amber1/u_fetch/u_cache/select_way_reg_1_/D   1.9941   5.2154 r  -3.2213 (VIOLATED)
   u_amber0/u_decode/control_state_reg_1_/D   1.9947   5.2157 f  -3.2210 (VIOLATED)
   u_amber1/u_decode/R_337/D   1.9945        5.2145 r      -3.2201  (VIOLATED)
   u_amber0/u_decode/R_1225/D   1.9947       5.2139 r      -3.2192  (VIOLATED)
   u_amber0/u_decode/fetch_instruction_r_reg_19_/D   1.9942   5.2126 f  -3.2183 (VIOLATED)
   u_amber0/u_execute/u_register_bank/R_2273/D   1.9945   5.2106 r  -3.2162 (VIOLATED)
   u_amber0/u_execute/o_iaddress_reg_20_/D   1.9946   5.2099 f  -3.2154 (VIOLATED)
   u_amber1/u_decode/o_imm32_reg_5_/D   1.9946   5.2095 f  -3.2149  (VIOLATED)
   u_amber0/u_execute/o_daddress_reg_12_/D   1.9888   5.2029 r  -3.2141 (VIOLATED)
   u_amber0/u_execute/o_daddress_reg_13_/D   1.9888   5.2029 r  -3.2141 (VIOLATED)
   u_amber0/u_execute/o_daddress_reg_14_/D   1.9888   5.2029 r  -3.2141 (VIOLATED)
   u_amber0/u_execute/o_daddress_reg_15_/D   1.9888   5.2029 r  -3.2141 (VIOLATED)
   u_amber0/u_execute/o_daddress_reg_16_/D   1.9888   5.2029 r  -3.2141 (VIOLATED)
   u_amber0/u_execute/o_daddress_reg_17_/D   1.9888   5.2029 r  -3.2141 (VIOLATED)
   u_amber0/u_execute/o_daddress_reg_18_/D   1.9888   5.2029 r  -3.2141 (VIOLATED)
   u_amber0/u_execute/o_daddress_reg_19_/D   1.9888   5.2029 r  -3.2141 (VIOLATED)
   u_amber0/u_decode/o_imm32_reg_6_/D   1.9947   5.2051 f  -3.2105  (VIOLATED)
   u_amber0/u_execute/u_multiply/product_reg_30_/D   1.9946   5.2049 f  -3.2102 (VIOLATED)
   u_amber0/u_execute/u_register_bank/R_2665/D   1.9947   5.2019 f  -3.2073 (VIOLATED)
   u_amber1/u_decode/o_imm32_reg_3_/D   1.9946   5.2010 f  -3.2064  (VIOLATED)
   u_amber1/u_decode/o_imm32_reg_6_/D   1.9946   5.2010 f  -3.2064  (VIOLATED)
   u_amber1/u_decode/o_imm32_reg_2_/D   1.9946   5.2009 f  -3.2063  (VIOLATED)
   u_amber1/u_decode/conflict_reg/D   1.9874   5.1932 f    -3.2058  (VIOLATED)
   u_amber1/u_execute/u_register_bank/r15_reg_20_/D   1.9947   5.1978 f  -3.2032 (VIOLATED)
   u_amber1/u_execute/o_daddress_reg_21_/D   1.9885   5.1916 r  -3.2031 (VIOLATED)
   u_amber0/u_decode/fetch_instruction_r_reg_4_/D   1.9942   5.1967 f  -3.2025 (VIOLATED)
   u_amber0/u_decode/fetch_instruction_r_reg_6_/D   1.9942   5.1967 f  -3.2025 (VIOLATED)
   u_amber0/u_decode/fetch_instruction_r_reg_15_/D   1.9942   5.1967 f  -3.2025 (VIOLATED)
   u_amber0/u_decode/fetch_instruction_r_reg_25_/D   1.9942   5.1967 f  -3.2025 (VIOLATED)
   u_amber0/u_decode/fetch_instruction_r_reg_5_/D   1.9943   5.1967 f  -3.2025 (VIOLATED)
   u_amber0/u_decode/fetch_instruction_r_reg_12_/D   1.9943   5.1967 f  -3.2025 (VIOLATED)
   u_amber0/u_decode/fetch_instruction_r_reg_13_/D   1.9943   5.1967 f  -3.2025 (VIOLATED)
   u_amber0/u_decode/fetch_instruction_r_reg_22_/D   1.9943   5.1967 f  -3.2025 (VIOLATED)
   u_amber0/u_decode/fetch_instruction_r_reg_24_/D   1.9943   5.1967 f  -3.2025 (VIOLATED)
   u_amber1/u_decode/fetch_instruction_r_reg_1_/D   1.9946   5.1961 f  -3.2015 (VIOLATED)
   u_amber1/u_execute/u_register_bank/R_2210/D   1.9945   5.1936 r  -3.1991 (VIOLATED)
   u_amber0/u_decode/fetch_instruction_r_reg_23_/D   1.9891   5.1877 f  -3.1986 (VIOLATED)
   u_amber1/u_execute/u_register_bank/r13_reg_17_/D   1.9946   5.1923 r  -3.1977 (VIOLATED)
   u_amber1/u_execute/u_register_bank/r13_reg_4_/D   1.9946   5.1923 r  -3.1977 (VIOLATED)
   u_amber1/u_execute/u_register_bank/r13_reg_8_/D   1.9946   5.1923 r  -3.1977 (VIOLATED)
   u_amber1/u_execute/u_register_bank/r13_reg_14_/D   1.9946   5.1923 r  -3.1977 (VIOLATED)
   u_amber1/u_decode/pre_fetch_instruction_reg_3_/D   1.9876   5.1852 r  -3.1976 (VIOLATED)
   u_amber1/u_decode/pre_fetch_instruction_reg_9_/D   1.9876   5.1852 r  -3.1976 (VIOLATED)
   u_amber1/u_decode/o_imm32_reg_7_/D   1.9947   5.1923 f  -3.1976  (VIOLATED)
   u_amber0/u_fetch/u_cache/address_r_reg_20_/D   1.9946   5.1916 f  -3.1970 (VIOLATED)
   u_amber0/u_decode/o_imm32_reg_24_/D   1.9947   5.1915 f  -3.1968 (VIOLATED)
   u_amber1/u_decode/pre_fetch_instruction_reg_18_/D   1.9898   5.1852 r  -3.1955 (VIOLATED)
   u_amber1/u_decode/fetch_instruction_r_reg_9_/D   1.9946   5.1899 f  -3.1953 (VIOLATED)
   u_amber1/u_decode/fetch_instruction_r_reg_26_/D   1.9946   5.1899 f  -3.1953 (VIOLATED)
   u_amber0/u_decode/R_1178/D   1.9947       5.1887 r      -3.1940  (VIOLATED)
   u_amber0/u_decode/R_1181/D   1.9947       5.1887 r      -3.1940  (VIOLATED)
   u_amber1/u_execute/u_multiply/product_reg_5_/D   1.9946   5.1831 f  -3.1884 (VIOLATED)
   u_amber1/u_execute/u_multiply/product_reg_7_/D   1.9946   5.1831 f  -3.1884 (VIOLATED)
   u_amber1/u_execute/u_multiply/product_reg_11_/D   1.9946   5.1831 f  -3.1884 (VIOLATED)
   u_amber1/u_execute/u_multiply/product_reg_1_/D   1.9946   5.1830 f  -3.1884 (VIOLATED)
   u_amber1/u_execute/u_multiply/product_reg_13_/D   1.9946   5.1829 f  -3.1883 (VIOLATED)
   u_amber1/u_execute/u_multiply/product_reg_17_/D   1.9946   5.1829 f  -3.1883 (VIOLATED)
   u_amber1/u_execute/u_multiply/product_reg_19_/D   1.9946   5.1829 f  -3.1883 (VIOLATED)
   u_amber1/u_execute/u_multiply/product_reg_23_/D   1.9946   5.1829 f  -3.1883 (VIOLATED)
   u_amber1/u_execute/u_multiply/product_reg_25_/D   1.9946   5.1829 f  -3.1883 (VIOLATED)
   u_amber1/u_execute/u_register_bank/R_5039/D   1.9944   5.1812 f  -3.1868 (VIOLATED)
   u_amber1/u_execute/u_register_bank/R_5602/D   1.9944   5.1812 f  -3.1868 (VIOLATED)
   u_amber0/u_execute/u_register_bank/R_2272/D   1.9945   5.1812 r  -3.1868 (VIOLATED)
   u_amber0/u_execute/u_register_bank/R_2669/D   1.9945   5.1812 r  -3.1868 (VIOLATED)
   u_amber1/u_decode/pre_fetch_instruction_reg_7_/D   1.9896   5.1761 r  -3.1865 (VIOLATED)
   u_amber1/u_decode/fetch_address_r_reg_0_/D   1.9946   5.1803 f  -3.1857 (VIOLATED)
   u_amber1/u_decode/fetch_address_r_reg_1_/D   1.9946   5.1803 f  -3.1857 (VIOLATED)
   u_amber1/u_decode/fetch_address_r_reg_4_/D   1.9946   5.1803 f  -3.1857 (VIOLATED)
   u_amber1/u_decode/fetch_address_r_reg_6_/D   1.9946   5.1803 f  -3.1857 (VIOLATED)
   u_amber1/u_decode/fetch_address_r_reg_8_/D   1.9946   5.1803 f  -3.1857 (VIOLATED)
   u_amber1/u_decode/fetch_address_r_reg_11_/D   1.9946   5.1803 f  -3.1857 (VIOLATED)
   u_amber1/u_decode/fetch_address_r_reg_12_/D   1.9946   5.1803 f  -3.1857 (VIOLATED)
   u_amber1/u_decode/fetch_address_r_reg_13_/D   1.9946   5.1803 f  -3.1857 (VIOLATED)
   u_amber1/u_decode/fetch_address_r_reg_16_/D   1.9946   5.1803 f  -3.1857 (VIOLATED)
   u_amber1/u_execute/u_multiply/product_reg_12_/D   1.9946   5.1802 f  -3.1855 (VIOLATED)
   u_amber1/u_execute/u_multiply/product_reg_2_/D   1.9946   5.1801 f  -3.1854 (VIOLATED)
   u_amber1/u_execute/u_multiply/product_reg_4_/D   1.9946   5.1801 f  -3.1854 (VIOLATED)
   u_amber1/u_execute/u_multiply/product_reg_6_/D   1.9946   5.1801 f  -3.1854 (VIOLATED)
   u_amber1/u_execute/u_multiply/product_reg_8_/D   1.9946   5.1801 f  -3.1854 (VIOLATED)
   u_amber1/u_execute/u_multiply/product_reg_9_/D   1.9946   5.1801 f  -3.1854 (VIOLATED)
   u_amber1/u_execute/u_multiply/product_reg_10_/D   1.9946   5.1801 f  -3.1854 (VIOLATED)
   u_amber1/u_execute/u_multiply/product_reg_15_/D   1.9946   5.1799 f  -3.1853 (VIOLATED)
   u_amber1/u_execute/u_multiply/product_reg_16_/D   1.9946   5.1799 f  -3.1853 (VIOLATED)
   u_amber1/u_execute/u_multiply/product_reg_21_/D   1.9946   5.1799 f  -3.1853 (VIOLATED)
   u_amber1/u_execute/u_multiply/product_reg_27_/D   1.9946   5.1799 f  -3.1852 (VIOLATED)
   u_amber1/u_decode/pre_fetch_instruction_reg_14_/D   1.9923   5.1761 r  -3.1838 (VIOLATED)
   u_amber1/u_decode/pre_fetch_instruction_reg_27_/D   1.9923   5.1761 r  -3.1838 (VIOLATED)
   u_amber1/u_decode/pre_fetch_instruction_reg_15_/D   1.9926   5.1761 r  -3.1835 (VIOLATED)
   u_amber1/u_decode/pre_fetch_instruction_reg_13_/D   1.9927   5.1761 r  -3.1835 (VIOLATED)
   u_amber1/u_fetch/u_cache/random_num_reg_3_/D   1.9929   5.1743 r  -3.1815 (VIOLATED)
   u_amber1/u_execute/u_multiply/product_reg_3_/D   1.9947   5.1759 f  -3.1812 (VIOLATED)
   u_amber1/u_execute/u_register_bank/R_2521/D   1.9948   5.1759 r  -3.1812 (VIOLATED)
   u_amber1/u_execute/u_register_bank/r15_reg_1_/D   1.9947   5.1754 r  -3.1807 (VIOLATED)
   u_amber1/u_execute/u_register_bank/r15_reg_3_/D   1.9947   5.1754 r  -3.1807 (VIOLATED)
   u_amber1/u_execute/u_register_bank/r15_reg_5_/D   1.9947   5.1754 r  -3.1807 (VIOLATED)
   u_amber1/u_execute/u_register_bank/r15_reg_6_/D   1.9947   5.1754 r  -3.1807 (VIOLATED)
   u_amber1/u_execute/u_register_bank/r15_reg_7_/D   1.9947   5.1754 r  -3.1807 (VIOLATED)
   u_amber1/u_execute/u_register_bank/r15_reg_8_/D   1.9947   5.1754 r  -3.1807 (VIOLATED)
   u_amber1/u_execute/u_register_bank/r15_reg_9_/D   1.9947   5.1754 r  -3.1807 (VIOLATED)
   u_amber1/u_execute/u_register_bank/r15_reg_10_/D   1.9947   5.1754 r  -3.1807 (VIOLATED)
   u_amber1/u_execute/u_register_bank/r15_reg_11_/D   1.9947   5.1754 r  -3.1807 (VIOLATED)
   u_amber1/u_execute/u_register_bank/r15_reg_13_/D   1.9947   5.1754 r  -3.1807 (VIOLATED)
   u_amber1/u_decode/R_348/D   1.9886        5.1691 r      -3.1805  (VIOLATED)
   u_amber1/u_decode/R_349/D   1.9886        5.1691 r      -3.1805  (VIOLATED)
   u_amber1/u_execute/u_multiply/product_reg_29_/D   1.9953   5.1758 f  -3.1805 (VIOLATED)
   u_amber0/u_decode/o_imm32_reg_22_/D   1.9946   5.1744 f  -3.1798 (VIOLATED)
   u_amber0/u_decode/o_imm32_reg_21_/D   1.9946   5.1743 f  -3.1796 (VIOLATED)
   u_amber1/u_decode/fetch_address_r_reg_3_/D   1.9946   5.1740 f  -3.1794 (VIOLATED)
   u_amber1/u_decode/fetch_address_r_reg_5_/D   1.9946   5.1740 f  -3.1794 (VIOLATED)
   u_amber1/u_decode/fetch_address_r_reg_7_/D   1.9946   5.1740 f  -3.1794 (VIOLATED)
   u_amber1/u_decode/fetch_address_r_reg_9_/D   1.9946   5.1740 f  -3.1794 (VIOLATED)
   u_amber1/u_decode/fetch_address_r_reg_10_/D   1.9946   5.1740 f  -3.1794 (VIOLATED)
   u_amber0/u_decode/o_imm32_reg_23_/D   1.9947   5.1739 f  -3.1793 (VIOLATED)
   u_amber0/u_decode/o_imm32_reg_12_/D   1.9947   5.1737 f  -3.1790 (VIOLATED)
   u_amber0/u_decode/o_imm32_reg_14_/D   1.9947   5.1737 f  -3.1790 (VIOLATED)
   u_amber0/u_decode/o_imm32_reg_16_/D   1.9947   5.1737 f  -3.1790 (VIOLATED)
   u_amber0/u_decode/o_imm32_reg_17_/D   1.9947   5.1737 f  -3.1790 (VIOLATED)
   u_amber0/u_decode/o_imm32_reg_18_/D   1.9947   5.1737 f  -3.1790 (VIOLATED)
   u_amber0/u_decode/o_imm32_reg_20_/D   1.9947   5.1737 f  -3.1790 (VIOLATED)
   u_amber1/u_decode/fetch_instruction_r_reg_31_/D   1.9833   5.1616 f  -3.1783 (VIOLATED)
   u_amber0/u_decode/saved_current_instruction_reg_15_/D   1.9946   5.1728 f  -3.1781 (VIOLATED)
   u_amber1/u_execute/u_register_bank/r12_firq_reg_11_/D   1.9947   5.1714 f  -3.1768 (VIOLATED)
   u_amber1/u_execute/u_register_bank/r12_firq_reg_13_/D   1.9947   5.1714 f  -3.1768 (VIOLATED)
   u_amber1/u_execute/u_register_bank/r12_firq_reg_2_/D   1.9946   5.1714 f  -3.1768 (VIOLATED)
   u_amber1/u_execute/u_register_bank/r12_firq_reg_12_/D   1.9947   5.1714 f  -3.1768 (VIOLATED)
   u_amber1/u_execute/u_register_bank/r12_firq_reg_9_/D   1.9947   5.1714 f  -3.1768 (VIOLATED)
   u_amber1/u_execute/u_register_bank/r12_firq_reg_5_/D   1.9947   5.1714 f  -3.1767 (VIOLATED)
   u_amber1/u_execute/u_register_bank/R_1941/D   1.9947   5.1712 f  -3.1765 (VIOLATED)
   u_amber1/u_execute/u_register_bank/R_2390/D   1.9947   5.1706 r  -3.1759 (VIOLATED)
   u_amber1/u_decode/R_642/D   1.9945        5.1702 r      -3.1757  (VIOLATED)
   u_amber1/u_execute/u_register_bank/R_4809/D   1.9908   5.1661 r  -3.1753 (VIOLATED)
   u_amber0/u_execute/u_register_bank/R_2586/D   1.9945   5.1694 r  -3.1748 (VIOLATED)
   u_amber0/u_execute/u_register_bank/R_2587/D   1.9945   5.1694 r  -3.1748 (VIOLATED)
   u_amber1/u_decode/load_rd_d1_reg_3_/D   1.9808   5.1548 r  -3.1740 (VIOLATED)
   u_amber1/u_decode/o_base_address_wen_reg/D   1.9808   5.1548 r  -3.1740 (VIOLATED)
   u_amber1/u_decode/o_copro_operation_reg_0_/D   1.9808   5.1548 r  -3.1740 (VIOLATED)
   u_amber1/u_decode/rd_conflict1_r_reg/D   1.9808   5.1548 r  -3.1740 (VIOLATED)
   u_amber1/u_decode/rm_conflict1_r_reg/D   1.9808   5.1548 r  -3.1740 (VIOLATED)
   u_amber1/u_execute/u_register_bank/R_4817/D   1.9931   5.1661 r  -3.1731 (VIOLATED)
   u_amber1/u_decode/pre_fetch_instruction_address_reg_23_/D   1.9901   5.1629 r  -3.1728 (VIOLATED)
   u_amber1/u_decode/pre_fetch_instruction_address_reg_29_/D   1.9901   5.1629 r  -3.1728 (VIOLATED)
   u_amber1/u_execute/u_register_bank/R_4805/D   1.9933   5.1659 r  -3.1726 (VIOLATED)
   u_amber1/u_execute/u_register_bank/R_4811/D   1.9937   5.1661 r  -3.1725 (VIOLATED)
   u_amber1/u_execute/u_register_bank/R_4815/D   1.9936   5.1661 r  -3.1725 (VIOLATED)
   u_amber1/u_execute/u_register_bank/R_4803/D   1.9938   5.1661 r  -3.1724 (VIOLATED)
   u_amber1/u_execute/u_register_bank/R_4819/D   1.9938   5.1661 r  -3.1724 (VIOLATED)
   u_amber1/u_decode/pre_fetch_instruction_address_reg_0_/D   1.9908   5.1629 r  -3.1721 (VIOLATED)
   u_amber1/u_decode/pre_fetch_instruction_address_reg_6_/D   1.9908   5.1629 r  -3.1721 (VIOLATED)
   u_amber1/u_execute/u_register_bank/R_2384/D   1.9894   5.1610 r  -3.1717 (VIOLATED)
   u_amber1/u_execute/u_register_bank/R_4813/D   1.9945   5.1661 r  -3.1716 (VIOLATED)
   u_amber1/u_execute/u_register_bank/R_4821/D   1.9945   5.1661 r  -3.1716 (VIOLATED)
   u_amber1/u_decode/pre_fetch_instruction_address_reg_9_/D   1.9913   5.1629 r  -3.1716 (VIOLATED)
   u_amber1/u_decode/pre_fetch_instruction_address_reg_12_/D   1.9913   5.1629 r  -3.1716 (VIOLATED)
   u_amber1/u_decode/pre_fetch_instruction_address_reg_18_/D   1.9913   5.1629 r  -3.1716 (VIOLATED)
   u_amber1/u_execute/o_iaddress_reg_22_/D   1.9946   5.1655 f  -3.1709 (VIOLATED)
   u_amber1/u_decode/pre_fetch_instruction_reg_4_/D   1.9879   5.1587 r  -3.1708 (VIOLATED)
   u_amber1/u_decode/pre_fetch_instruction_address_reg_22_/D   1.9901   5.1602 r  -3.1701 (VIOLATED)
   u_amber0/u_execute/u_alu/R_1930/D   1.9946   5.1646 f   -3.1700  (VIOLATED)
   u_amber1/u_execute/R_4092/D   1.9945      5.1642 f      -3.1697  (VIOLATED)
   u_amber1/u_execute/R_4704/D   1.9945      5.1642 f      -3.1697  (VIOLATED)
   u_amber1/u_execute/R_5215/D   1.9945      5.1642 f      -3.1697  (VIOLATED)
   u_amber1/u_decode/pre_fetch_instruction_address_reg_5_/D   1.9908   5.1602 r  -3.1694 (VIOLATED)
   u_amber1/u_execute/u_register_bank/r14_firq_reg_18_/D   1.9941   5.1631 f  -3.1690 (VIOLATED)
   u_amber1/u_decode/pre_fetch_instruction_address_reg_11_/D   1.9913   5.1602 r  -3.1689 (VIOLATED)
   u_amber1/u_decode/pre_fetch_instruction_address_reg_17_/D   1.9913   5.1602 r  -3.1689 (VIOLATED)
   u_amber1/u_execute/u_register_bank/R_2433/D   1.9924   5.1606 r  -3.1683 (VIOLATED)
   u_amber1/u_decode/o_reg_bank_wen_reg_12_/D   1.9940   5.1619 r  -3.1679 (VIOLATED)
   u_amber1/u_execute/u_register_bank/R_2156/D   1.9944   5.1618 f  -3.1675 (VIOLATED)
   u_amber1/u_execute/u_register_bank/r14_firq_reg_3_/D   1.9922   5.1586 r  -3.1664 (VIOLATED)
   u_amber1/u_execute/u_register_bank/r14_firq_reg_5_/D   1.9922   5.1586 r  -3.1664 (VIOLATED)
   u_amber1/u_execute/u_register_bank/r14_firq_reg_6_/D   1.9922   5.1586 r  -3.1664 (VIOLATED)
   u_amber1/u_execute/u_register_bank/r14_firq_reg_7_/D   1.9922   5.1586 r  -3.1664 (VIOLATED)
   u_amber1/u_execute/u_register_bank/r14_firq_reg_9_/D   1.9922   5.1586 r  -3.1664 (VIOLATED)
   u_amber1/u_execute/u_register_bank/r14_firq_reg_11_/D   1.9922   5.1586 r  -3.1664 (VIOLATED)
   u_amber1/u_execute/u_register_bank/r14_firq_reg_12_/D   1.9922   5.1586 r  -3.1664 (VIOLATED)
   u_amber1/u_execute/u_register_bank/r14_firq_reg_15_/D   1.9922   5.1586 r  -3.1664 (VIOLATED)
   u_amber1/u_execute/u_register_bank/r14_firq_reg_16_/D   1.9922   5.1586 r  -3.1664 (VIOLATED)
   u_amber1/u_decode/pre_fetch_instruction_address_reg_16_/D   1.9948   5.1609 r  -3.1662 (VIOLATED)
   u_amber1/u_decode/pre_fetch_instruction_address_reg_26_/D   1.9948   5.1609 r  -3.1662 (VIOLATED)
   u_amber1/u_execute/u_register_bank/R_4823/D   1.9938   5.1589 r  -3.1651 (VIOLATED)
   u_amber1/u_execute/u_register_bank/R_4807/D   1.9938   5.1589 r  -3.1651 (VIOLATED)
   u_amber1/u_decode/pre_fetch_instruction_address_reg_2_/D   1.9861   5.1510 r  -3.1648 (VIOLATED)
   u_amber1/u_decode/pre_fetch_instruction_address_reg_14_/D   1.9861   5.1510 r  -3.1648 (VIOLATED)
   u_amber1/u_decode/pre_fetch_instruction_address_reg_20_/D   1.9861   5.1510 r  -3.1648 (VIOLATED)
   u_amber1/u_decode/pre_fetch_instruction_address_reg_25_/D   1.9861   5.1510 r  -3.1648 (VIOLATED)
   u_amber1/u_decode/pre_fetch_instruction_address_reg_30_/D   1.9861   5.1510 r  -3.1648 (VIOLATED)
   u_amber1/u_execute/u_register_bank/r13_firq_reg_2_/D   1.9946   5.1588 r  -3.1642 (VIOLATED)
   u_amber1/u_execute/u_register_bank/r13_firq_reg_15_/D   1.9946   5.1588 r  -3.1641 (VIOLATED)
   u_amber1/u_execute/u_register_bank/r12_firq_reg_6_/D   1.9946   5.1586 r  -3.1640 (VIOLATED)
   u_amber1/u_execute/u_register_bank/r12_firq_reg_15_/D   1.9946   5.1586 r  -3.1640 (VIOLATED)
   u_amber1/u_execute/u_register_bank/r12_firq_reg_10_/D   1.9946   5.1586 r  -3.1640 (VIOLATED)
   u_amber1/u_decode/R_656/D   1.9934        5.1571 r      -3.1637  (VIOLATED)
   u_amber0/u_decode/o_imm32_reg_15_/D   1.9819   5.1455 f  -3.1636 (VIOLATED)
   u_amber1/u_execute/u_register_bank/R_4747/D   1.9938   5.1573 r  -3.1635 (VIOLATED)
   u_amber1/u_execute/u_register_bank/R_4749/D   1.9938   5.1573 r  -3.1635 (VIOLATED)
   u_amber1/u_execute/u_register_bank/R_4743/D   1.9938   5.1573 r  -3.1635 (VIOLATED)
   u_amber1/u_execute/u_register_bank/R_2393/D   1.9945   5.1577 f  -3.1632 (VIOLATED)
   u_amber1/u_decode/R_340/D   1.9945        5.1576 r      -3.1632  (VIOLATED)
   u_amber1/u_decode/R_343/D   1.9945        5.1576 r      -3.1632  (VIOLATED)
   u_amber1/u_execute/u_register_bank/R_4745/D   1.9945   5.1574 r  -3.1628 (VIOLATED)
   u_amber1/u_execute/u_register_bank/R_4739/D   1.9945   5.1573 r  -3.1628 (VIOLATED)
   u_amber1/u_execute/u_register_bank/r12_firq_reg_3_/D   1.9944   5.1570 f  -3.1626 (VIOLATED)
   u_amber1/u_decode/pre_fetch_instruction_reg_5_/D   1.9933   5.1557 r  -3.1624 (VIOLATED)
   u_amber1/u_execute/u_register_bank/R_2403/D   1.9940   5.1562 r  -3.1622 (VIOLATED)
   u_amber1/u_decode/rs_conflict1_r_reg/D   1.9875   5.1494 r  -3.1619 (VIOLATED)
   u_amber1/u_execute/u_register_bank/r15_reg_15_/D   1.9947   5.1565 r  -3.1618 (VIOLATED)
   u_amber1/u_execute/u_register_bank/R_2124/D   1.9948   5.1563 f  -3.1616 (VIOLATED)
   u_amber0/u_decode/o_imm32_reg_4_/D   1.9947   5.1558 f  -3.1611  (VIOLATED)
   u_amber1/u_decode/pre_fetch_instruction_address_reg_8_/D   1.9828   5.1425 r  -3.1597 (VIOLATED)
   u_amber0/u_execute/u_register_bank/R_2662/D   1.9941   5.1533 r  -3.1592 (VIOLATED)
   u_amber0/u_decode/o_reg_bank_wen_reg_14_/D   1.9947   5.1527 f  -3.1580 (VIOLATED)
   u_amber1/u_execute/u_register_bank/r15_reg_12_/D   1.9946   5.1519 r  -3.1573 (VIOLATED)
   u_amber1/u_execute/u_register_bank/R_2398/D   1.9945   5.1517 f  -3.1572 (VIOLATED)
   u_amber1/u_execute/u_register_bank/R_2400/D   1.9945   5.1517 f  -3.1572 (VIOLATED)
   u_amber1/u_execute/u_register_bank/R_2405/D   1.9945   5.1517 f  -3.1572 (VIOLATED)
   u_amber1/u_execute/u_register_bank/r14_svc_reg_13_/D   1.9946   5.1518 r  -3.1572 (VIOLATED)
   u_amber1/u_execute/u_register_bank/r14_svc_reg_6_/D   1.9946   5.1518 r  -3.1572 (VIOLATED)
   u_amber1/u_execute/u_register_bank/r14_svc_reg_9_/D   1.9946   5.1518 r  -3.1572 (VIOLATED)
   u_amber1/u_execute/u_register_bank/r14_svc_reg_10_/D   1.9946   5.1518 r  -3.1572 (VIOLATED)
   u_amber1/u_execute/u_register_bank/r14_svc_reg_11_/D   1.9946   5.1518 r  -3.1572 (VIOLATED)
   u_amber1/u_execute/u_register_bank/r14_svc_reg_12_/D   1.9946   5.1518 r  -3.1572 (VIOLATED)
   u_amber1/u_execute/u_register_bank/r14_svc_reg_1_/D   1.9947   5.1515 r  -3.1568 (VIOLATED)
   u_amber1/u_execute/u_register_bank/r14_svc_reg_0_/D   1.9947   5.1515 r  -3.1568 (VIOLATED)
   u_amber1/u_execute/u_register_bank/r14_svc_reg_2_/D   1.9947   5.1514 r  -3.1568 (VIOLATED)
   u_amber1/u_execute/u_register_bank/r14_svc_reg_3_/D   1.9947   5.1514 r  -3.1568 (VIOLATED)
   u_amber1/u_execute/u_register_bank/r14_svc_reg_5_/D   1.9947   5.1514 r  -3.1568 (VIOLATED)
   u_amber0/u_decode/fetch_instruction_r_reg_0_/D   1.9944   5.1507 r  -3.1563 (VIOLATED)
   u_amber0/u_decode/fetch_instruction_r_reg_8_/D   1.9944   5.1507 r  -3.1563 (VIOLATED)
   u_amber0/u_decode/fetch_instruction_r_reg_10_/D   1.9944   5.1507 r  -3.1563 (VIOLATED)
   u_amber0/u_decode/fetch_instruction_r_reg_16_/D   1.9944   5.1507 r  -3.1563 (VIOLATED)
   u_amber0/u_decode/fetch_instruction_r_reg_20_/D   1.9944   5.1507 r  -3.1563 (VIOLATED)
   u_amber1/u_execute/u_register_bank/r15_reg_14_/D   1.9947   5.1494 r  -3.1547 (VIOLATED)
   u_amber0/u_decode/o_imm32_reg_13_/D   1.9944   5.1488 f  -3.1544 (VIOLATED)
   u_amber1/u_execute/u_register_bank/r12_firq_reg_7_/D   1.9947   5.1485 f  -3.1539 (VIOLATED)
   u_amber0/u_decode/o_imm32_reg_2_/D   1.9947   5.1478 f  -3.1532  (VIOLATED)
   u_amber1/u_execute/u_register_bank/r14_svc_reg_17_/D   1.9946   5.1473 r  -3.1527 (VIOLATED)
   u_amber1/u_execute/u_register_bank/r14_svc_reg_14_/D   1.9946   5.1473 r  -3.1527 (VIOLATED)
   u_amber1/u_fetch/u_cache/address_r_reg_22_/D   1.9946   5.1472 f  -3.1526 (VIOLATED)
   u_amber1/u_decode/pre_fetch_instruction_address_reg_28_/D   1.9948   5.1448 f  -3.1500 (VIOLATED)
   u_amber0/u_execute/u_register_bank/R_2434/D   1.9945   5.1430 r  -3.1485 (VIOLATED)
   u_amber1/u_execute/u_register_bank/r13_firq_reg_9_/D   1.9946   5.1426 r  -3.1479 (VIOLATED)
   u_amber1/u_decode/o_imm32_reg_4_/D   1.9946   5.1423 f  -3.1477  (VIOLATED)
   u_amber1/u_execute/u_register_bank/r14_firq_reg_1_/D   1.9947   5.1419 r  -3.1472 (VIOLATED)
   u_amber1/u_execute/u_register_bank/R_5651/D   1.9941   5.1397 f  -3.1456 (VIOLATED)
   u_amber1/u_execute/u_register_bank/R_4741/D   1.9941   5.1397 r  -3.1456 (VIOLATED)
   u_amber1/u_execute/u_register_bank/R_5035/D   1.9928   5.1382 r  -3.1454 (VIOLATED)
   u_amber0/u_execute/u_register_bank/R_2509/D   1.9947   5.1401 f  -3.1453 (VIOLATED)
   u_amber1/u_execute/u_register_bank/R_5037/D   1.9931   5.1381 r  -3.1451 (VIOLATED)
   u_amber0/u_execute/o_copro_write_data_reg_18_/D   1.9946   5.1397 f  -3.1451 (VIOLATED)
   u_amber1/u_execute/u_register_bank/R_5027/D   1.9931   5.1380 r  -3.1450 (VIOLATED)
   u_amber1/u_execute/u_register_bank/R_5029/D   1.9929   5.1378 r  -3.1448 (VIOLATED)
   u_amber0/u_fetch/u_cache/select_way_reg_3_/D   1.9946   5.1392 r  -3.1446 (VIOLATED)
   u_amber1/u_execute/u_register_bank/R_5031/D   1.9933   5.1378 r  -3.1445 (VIOLATED)
   u_amber1/u_execute/u_register_bank/r14_firq_reg_13_/D   1.9900   5.1344 r  -3.1443 (VIOLATED)
   u_amber1/u_decode/fetch_address_r_reg_21_/D   1.9946   5.1385 f  -3.1438 (VIOLATED)
   u_amber1/u_decode/fetch_address_r_reg_25_/D   1.9946   5.1385 f  -3.1438 (VIOLATED)
   u_amber1/u_decode/fetch_address_r_reg_27_/D   1.9946   5.1385 f  -3.1438 (VIOLATED)
   u_amber1/u_decode/fetch_address_r_reg_29_/D   1.9946   5.1385 f  -3.1438 (VIOLATED)
   u_amber1/u_execute/u_register_bank/R_5033/D   1.9945   5.1381 r  -3.1436 (VIOLATED)
   u_amber1/u_fetch/u_cache/init_count_reg_2_/D   1.9945   5.1381 r  -3.1436 (VIOLATED)
   u_amber1/u_fetch/u_cache/init_count_reg_3_/D   1.9945   5.1381 r  -3.1436 (VIOLATED)
   u_amber1/u_fetch/u_cache/init_count_reg_4_/D   1.9945   5.1381 r  -3.1436 (VIOLATED)
   u_amber1/u_fetch/u_cache/init_count_reg_5_/D   1.9945   5.1381 r  -3.1436 (VIOLATED)
   u_amber1/u_fetch/u_cache/init_count_reg_6_/D   1.9945   5.1381 r  -3.1436 (VIOLATED)
   u_amber1/u_fetch/u_cache/init_count_reg_7_/D   1.9945   5.1381 r  -3.1436 (VIOLATED)
   u_amber0/u_decode/adex_reg_reg/D   1.9945   5.1351 r    -3.1406  (VIOLATED)
   u_amber0/u_decode/fetch_instruction_r_reg_1_/D   1.9945   5.1351 r  -3.1406 (VIOLATED)
   u_amber0/u_decode/fetch_instruction_r_reg_7_/D   1.9945   5.1351 r  -3.1406 (VIOLATED)
   u_amber0/u_decode/fetch_instruction_r_reg_9_/D   1.9945   5.1351 r  -3.1406 (VIOLATED)
   u_amber0/u_decode/fetch_instruction_r_reg_17_/D   1.9945   5.1351 r  -3.1406 (VIOLATED)
   u_amber0/u_decode/fetch_instruction_r_reg_18_/D   1.9945   5.1351 r  -3.1406 (VIOLATED)
   u_amber0/u_decode/fetch_instruction_r_reg_21_/D   1.9945   5.1351 r  -3.1406 (VIOLATED)
   u_amber0/u_decode/fetch_instruction_r_reg_28_/D   1.9945   5.1351 r  -3.1406 (VIOLATED)
   u_amber0/u_decode/fetch_instruction_r_reg_30_/D   1.9945   5.1351 r  -3.1406 (VIOLATED)
   u_amber1/u_decode/R_664/D   1.9876        5.1279 r      -3.1403  (VIOLATED)
   u_amber0/u_decode/fetch_address_r_reg_12_/D   1.9945   5.1347 r  -3.1402 (VIOLATED)
   u_amber0/u_decode/fetch_address_r_reg_14_/D   1.9945   5.1347 r  -3.1402 (VIOLATED)
   u_amber0/u_decode/fetch_address_r_reg_15_/D   1.9945   5.1347 r  -3.1402 (VIOLATED)
   u_amber0/u_decode/fetch_address_r_reg_18_/D   1.9945   5.1347 r  -3.1402 (VIOLATED)
   u_amber0/u_decode/fetch_address_r_reg_22_/D   1.9945   5.1347 r  -3.1402 (VIOLATED)
   u_amber0/u_decode/fetch_address_r_reg_24_/D   1.9945   5.1347 r  -3.1402 (VIOLATED)
   u_amber0/u_decode/fetch_address_r_reg_26_/D   1.9945   5.1347 r  -3.1402 (VIOLATED)
   u_amber0/u_decode/fetch_address_r_reg_30_/D   1.9945   5.1347 r  -3.1402 (VIOLATED)
   u_amber0/u_decode/fetch_address_r_reg_31_/D   1.9945   5.1347 r  -3.1402 (VIOLATED)
   u_amber0/u_decode/fetch_instruction_r_reg_11_/D   1.9945   5.1347 r  -3.1402 (VIOLATED)
   u_amber1/u_execute/u_register_bank/r15_reg_2_/D   1.9947   5.1346 r  -3.1399 (VIOLATED)
   u_amber0/u_execute/u_register_bank/r14_svc_reg_18_/D   1.9946   5.1330 f  -3.1384 (VIOLATED)
   u_amber0/u_decode/fetch_instruction_r_reg_26_/D   1.9946   5.1324 f  -3.1378 (VIOLATED)
   u_amber0/u_decode/fetch_instruction_r_reg_31_/D   1.9946   5.1324 f  -3.1378 (VIOLATED)
   u_amber0/u_decode/o_iaddress_sel_reg_0_/D   1.9946   5.1319 r  -3.1373 (VIOLATED)
   u_amber1/u_decode/fetch_address_r_reg_31_/D   1.9942   5.1313 f  -3.1372 (VIOLATED)
   u_amber1/u_decode/control_state_reg_2_/D   1.9946   5.1311 f  -3.1365 (VIOLATED)
   u_amber0/u_execute/o_copro_write_data_reg_8_/D   1.9946   5.1286 f  -3.1340 (VIOLATED)
   u_amber0/u_execute/o_copro_write_data_reg_9_/D   1.9946   5.1286 f  -3.1340 (VIOLATED)
   u_amber0/u_execute/o_copro_write_data_reg_10_/D   1.9946   5.1286 f  -3.1340 (VIOLATED)
   u_amber0/u_execute/o_copro_write_data_reg_11_/D   1.9946   5.1286 f  -3.1340 (VIOLATED)
   u_amber0/u_execute/o_copro_write_data_reg_12_/D   1.9946   5.1286 f  -3.1340 (VIOLATED)
   u_amber0/u_execute/o_copro_write_data_reg_14_/D   1.9946   5.1286 f  -3.1340 (VIOLATED)
   u_amber0/u_execute/o_copro_write_data_reg_15_/D   1.9946   5.1286 f  -3.1340 (VIOLATED)
   u_amber0/u_execute/o_copro_write_data_reg_17_/D   1.9946   5.1286 f  -3.1340 (VIOLATED)
   u_amber0/u_execute/o_copro_write_data_reg_27_/D   1.9946   5.1286 f  -3.1340 (VIOLATED)
   u_amber0/u_execute/o_copro_write_data_reg_28_/D   1.9946   5.1286 f  -3.1340 (VIOLATED)
   u_amber0/u_execute/o_copro_write_data_reg_29_/D   1.9946   5.1286 f  -3.1340 (VIOLATED)
   u_amber0/u_execute/o_copro_write_data_reg_30_/D   1.9946   5.1286 f  -3.1340 (VIOLATED)
   u_amber0/u_execute/o_copro_write_data_reg_31_/D   1.9946   5.1286 f  -3.1340 (VIOLATED)
   u_amber0/u_decode/R_1229/D   1.9884       5.1224 r      -3.1339  (VIOLATED)
   u_amber0/u_execute/o_copro_write_data_reg_26_/D   1.9896   5.1235 f  -3.1339 (VIOLATED)
   u_amber0/u_fetch/u_cache/random_num_reg_0_/D   1.9871   5.1208 r  -3.1337 (VIOLATED)
   u_amber1/u_decode/fetch_address_r_reg_2_/D   1.9946   5.1280 f  -3.1334 (VIOLATED)
   u_amber1/u_decode/fetch_address_r_reg_17_/D   1.9946   5.1280 f  -3.1334 (VIOLATED)
   u_amber1/u_decode/fetch_address_r_reg_26_/D   1.9946   5.1280 f  -3.1334 (VIOLATED)
   u_amber1/u_decode/fetch_address_r_reg_28_/D   1.9946   5.1280 f  -3.1334 (VIOLATED)
   u_amber1/u_decode/fetch_address_r_reg_19_/D   1.9946   5.1280 f  -3.1334 (VIOLATED)
   u_amber1/u_decode/fetch_address_r_reg_23_/D   1.9946   5.1280 f  -3.1334 (VIOLATED)
   u_amber1/u_decode/fetch_address_r_reg_24_/D   1.9946   5.1280 f  -3.1334 (VIOLATED)
   u_amber1/u_execute/u_register_bank/r12_firq_reg_16_/D   1.9946   5.1263 r  -3.1317 (VIOLATED)
   u_amber1/u_execute/u_multiply/product_reg_62_/D   1.9895   5.1204 r  -3.1309 (VIOLATED)
   u_amber1/u_fetch/u_cache/source_sel_reg_0_/D   1.9942   5.1250 f  -3.1308 (VIOLATED)
   u_amber1/u_execute/u_register_bank/r14_svc_reg_4_/D   1.9896   5.1201 r  -3.1305 (VIOLATED)
   u_amber1/u_execute/u_register_bank/r14_svc_reg_8_/D   1.9896   5.1201 r  -3.1305 (VIOLATED)
   u_amber1/u_mem/u_dcache/c_state_reg_0_/D   1.9940   5.1229 f  -3.1289 (VIOLATED)
   u_amber0/u_execute/o_write_data_reg_18_/D   1.9943   5.1225 f  -3.1282 (VIOLATED)
   u_amber0/u_execute/u_register_bank/r13_firq_reg_2_/D   1.9946   5.1203 r  -3.1257 (VIOLATED)
   u_amber0/u_decode/fetch_instruction_r_reg_3_/D   1.9946   5.1200 f  -3.1254 (VIOLATED)
   u_amber0/u_decode/fetch_address_r_reg_0_/D   1.9945   5.1191 r  -3.1245 (VIOLATED)
   u_amber0/u_decode/fetch_address_r_reg_2_/D   1.9945   5.1191 r  -3.1245 (VIOLATED)
   u_amber0/u_decode/fetch_address_r_reg_4_/D   1.9945   5.1191 r  -3.1245 (VIOLATED)
   u_amber0/u_decode/fetch_address_r_reg_11_/D   1.9945   5.1191 r  -3.1245 (VIOLATED)
   u_amber0/u_decode/fetch_address_r_reg_13_/D   1.9945   5.1191 r  -3.1245 (VIOLATED)
   u_amber0/u_decode/fetch_address_r_reg_16_/D   1.9945   5.1191 r  -3.1245 (VIOLATED)
   u_amber0/u_decode/fetch_address_r_reg_17_/D   1.9945   5.1191 r  -3.1245 (VIOLATED)
   u_amber0/u_decode/fetch_address_r_reg_19_/D   1.9945   5.1191 r  -3.1245 (VIOLATED)
   u_amber0/u_decode/fetch_address_r_reg_20_/D   1.9945   5.1191 r  -3.1245 (VIOLATED)
   u_amber0/u_decode/fetch_address_r_reg_21_/D   1.9945   5.1191 r  -3.1245 (VIOLATED)
   u_amber0/u_decode/fetch_address_r_reg_25_/D   1.9945   5.1191 r  -3.1245 (VIOLATED)
   u_amber0/u_decode/fetch_address_r_reg_27_/D   1.9945   5.1191 r  -3.1245 (VIOLATED)
   u_amber0/u_decode/fetch_address_r_reg_29_/D   1.9945   5.1191 r  -3.1245 (VIOLATED)
   u_amber0/u_decode/fetch_instruction_r_reg_14_/D   1.9945   5.1191 r  -3.1245 (VIOLATED)
   u_amber0/u_decode/fetch_instruction_r_reg_27_/D   1.9945   5.1191 r  -3.1245 (VIOLATED)
   u_amber0/u_execute/u_register_bank/r6_reg_17_/D   1.9947   5.1182 f  -3.1235 (VIOLATED)
   u_amber0/u_execute/u_register_bank/r2_reg_17_/D   1.9947   5.1181 f  -3.1235 (VIOLATED)
   u_amber0/u_execute/u_multiply/product_reg_10_/D   1.9946   5.1173 f  -3.1227 (VIOLATED)
   u_amber0/u_execute/u_multiply/product_reg_2_/D   1.9946   5.1173 f  -3.1226 (VIOLATED)
   u_amber0/u_execute/u_multiply/product_reg_6_/D   1.9946   5.1173 f  -3.1226 (VIOLATED)
   u_amber0/u_execute/u_multiply/product_reg_9_/D   1.9946   5.1173 f  -3.1226 (VIOLATED)
   u_amber0/u_execute/u_multiply/product_reg_7_/D   1.9946   5.1171 f  -3.1225 (VIOLATED)
   u_amber0/u_execute/u_multiply/product_reg_25_/D   1.9946   5.1171 f  -3.1225 (VIOLATED)
   u_amber0/u_execute/u_register_bank/r3_reg_17_/D   1.9946   5.1169 f  -3.1223 (VIOLATED)
   u_amber0/u_decode/R_1233/D   1.9911       5.1131 r      -3.1220  (VIOLATED)
   u_amber0/u_decode/R_1237/D   1.9911       5.1131 r      -3.1220  (VIOLATED)
   u_amber0/u_decode/fetch_address_r_reg_5_/D   1.9946   5.1165 f  -3.1219 (VIOLATED)
   u_amber0/u_decode/fetch_address_r_reg_9_/D   1.9946   5.1165 f  -3.1219 (VIOLATED)
   u_amber0/u_decode/fetch_address_r_reg_10_/D   1.9946   5.1165 f  -3.1219 (VIOLATED)
   u_amber1/u_fetch/u_cache/init_count_reg_1_/D   1.9895   5.1107 r  -3.1212 (VIOLATED)
   u_amber0/u_decode/o_imm32_reg_19_/D   1.9946   5.1150 f  -3.1204 (VIOLATED)
   u_amber0/u_execute/u_multiply/product_reg_62_/D   1.9945   5.1144 r  -3.1199 (VIOLATED)
   u_amber0/u_execute/u_register_bank/R_2612/D   1.9941   5.1129 f  -3.1189 (VIOLATED)
   u_amber0/u_execute/u_register_bank/R_2613/D   1.9941   5.1129 f  -3.1189 (VIOLATED)
   u_amber0/u_execute/u_register_bank/R_2614/D   1.9941   5.1129 f  -3.1189 (VIOLATED)
   u_amber1/u_execute/R_1953/D   1.9946      5.1134 f      -3.1188  (VIOLATED)
   u_amber1/u_decode/o_imm32_reg_1_/D   1.9943   5.1122 f  -3.1179  (VIOLATED)
   u_amber0/u_decode/fetch_address_r_reg_6_/D   1.9945   5.1119 r  -3.1173 (VIOLATED)
   u_amber0/u_decode/fetch_address_r_reg_8_/D   1.9945   5.1119 r  -3.1173 (VIOLATED)
   u_amber0/u_decode/fetch_address_r_reg_23_/D   1.9945   5.1119 r  -3.1173 (VIOLATED)
   u_amber1/u_decode/o_imm32_reg_9_/D   1.9947   5.1107 f  -3.1160  (VIOLATED)
   u_amber1/u_execute/u_multiply/product_reg_18_/D   1.9946   5.1092 f  -3.1146 (VIOLATED)
   u_amber1/u_execute/u_multiply/product_reg_22_/D   1.9946   5.1092 f  -3.1146 (VIOLATED)
   u_amber1/u_execute/u_multiply/product_reg_24_/D   1.9946   5.1092 f  -3.1146 (VIOLATED)
   u_amber1/u_decode/R_668/D   1.9926        5.1064 r      -3.1138  (VIOLATED)
   u_amber1/u_decode/R_672/D   1.9926        5.1064 r      -3.1138  (VIOLATED)
   u_amber1/u_execute/u_register_bank/r15_reg_19_/D   1.9947   5.1082 f  -3.1135 (VIOLATED)
   u_amber0/u_decode/o_imm32_reg_8_/D   1.9947   5.1061 f  -3.1114  (VIOLATED)
   u_amber0/u_execute/u_register_bank/r13_firq_reg_0_/D   1.9946   5.1051 r  -3.1106 (VIOLATED)
   u_amber0/u_execute/u_register_bank/r13_firq_reg_1_/D   1.9946   5.1051 r  -3.1106 (VIOLATED)
   u_amber1/u_decode/R_3792/D   1.9932       5.1032 r      -3.1100  (VIOLATED)
   u_amber1/u_execute/u_register_bank/r14_svc_reg_7_/D   1.9946   5.1043 r  -3.1097 (VIOLATED)
   u_amber0/u_decode/fetch_address_r_reg_3_/D   1.9946   5.1041 f  -3.1095 (VIOLATED)
   u_amber0/u_decode/fetch_address_r_reg_7_/D   1.9946   5.1041 f  -3.1095 (VIOLATED)
   u_amber0/u_execute/o_copro_write_data_reg_13_/D   1.9945   5.1036 f  -3.1091 (VIOLATED)
   u_amber0/u_decode/R_1217/D   1.9939       5.1009 r      -3.1070  (VIOLATED)
   u_amber1/u_execute/u_multiply/product_reg_20_/D   1.9946   5.1015 r  -3.1069 (VIOLATED)
   u_amber0/u_decode/hold_instruction_reg_2_/D   1.9920   5.0988 r  -3.1068 (VIOLATED)
   u_amber1/u_execute/u_multiply/product_reg_26_/D   1.9946   5.0994 f  -3.1048 (VIOLATED)
   u_amber1/u_execute/u_multiply/product_reg_28_/D   1.9946   5.0994 f  -3.1048 (VIOLATED)
   u_amber1/u_execute/u_multiply/product_reg_30_/D   1.9946   5.0994 f  -3.1048 (VIOLATED)
   u_amber0/u_execute/u_register_bank/r13_reg_17_/D   1.9947   5.0992 f  -3.1045 (VIOLATED)
   u_amber0/u_execute/u_register_bank/r14_firq_reg_17_/D   1.9946   5.0988 f  -3.1042 (VIOLATED)
   u_amber0/u_execute/u_register_bank/r0_reg_17_/D   1.9946   5.0988 f  -3.1042 (VIOLATED)
   u_amber0/u_execute/u_register_bank/r13_firq_reg_17_/D   1.9947   5.0988 f  -3.1041 (VIOLATED)
   u_amber0/u_execute/u_register_bank/r1_reg_17_/D   1.9947   5.0988 f  -3.1041 (VIOLATED)
   u_amber0/u_execute/u_register_bank/r7_reg_17_/D   1.9947   5.0988 f  -3.1041 (VIOLATED)
   u_amber0/u_execute/u_register_bank/r10_firq_reg_17_/D   1.9947   5.0988 f  -3.1041 (VIOLATED)
   u_amber0/u_execute/u_register_bank/r4_reg_17_/D   1.9947   5.0988 f  -3.1041 (VIOLATED)
   u_amber0/u_execute/u_register_bank/r14_svc_reg_17_/D   1.9947   5.0988 f  -3.1041 (VIOLATED)
   u_amber1/u_fetch/u_cache/random_num_reg_2_/D   1.9940   5.0981 f  -3.1040 (VIOLATED)
   u_amber1/u_execute/u_register_bank/R_6011/D   1.9899   5.0938 f  -3.1039 (VIOLATED)
   u_amber1/u_mem/u_dcache/c_state_reg_1_/D   1.9909   5.0947 r  -3.1038 (VIOLATED)
   u_amber1/u_mem/u_dcache/c_state_reg_2_/D   1.9911   5.0947 r  -3.1036 (VIOLATED)
   u_amber0/u_execute/u_register_bank/r13_irq_reg_17_/D   1.9946   5.0974 f  -3.1028 (VIOLATED)
   u_amber1/u_decode/fetch_instruction_r_reg_20_/D   1.9945   5.0970 r  -3.1024 (VIOLATED)
   u_amber1/u_decode/fetch_instruction_r_reg_29_/D   1.9945   5.0970 r  -3.1024 (VIOLATED)
   u_amber1/u_decode/fetch_instruction_r_reg_16_/D   1.9946   5.0970 r  -3.1024 (VIOLATED)
   u_amber0/u_decode/o_alu_function_reg_0_/D   1.9925   5.0946 r  -3.1021 (VIOLATED)
   u_amber0/u_execute/u_register_bank/R_5878/D   1.9946   5.0954 r  -3.1008 (VIOLATED)
   u_amber0/u_decode/o_alu_function_reg_7_/D   1.9938   5.0946 r  -3.1008 (VIOLATED)
   u_amber0/u_decode/o_reg_bank_wen_reg_7_/D   1.9944   5.0946 r  -3.1001 (VIOLATED)
   u_amber1/u_decode/R_652/D   1.9943        5.0945 r      -3.1001  (VIOLATED)
   u_amber0/u_decode/o_imm32_reg_0_/D   1.9944   5.0938 f  -3.0994  (VIOLATED)
   u_amber0/u_execute/u_register_bank/r14_svc_reg_0_/D   1.9945   5.0933 r  -3.0988 (VIOLATED)
   u_amber0/u_execute/u_register_bank/r14_svc_reg_3_/D   1.9946   5.0932 r  -3.0986 (VIOLATED)
   u_amber1/u_execute/o_daddress_reg_20_/D   1.9885   5.0870 r  -3.0985 (VIOLATED)
   u_amber0/u_execute/u_register_bank/r14_svc_reg_2_/D   1.9946   5.0926 r  -3.0980 (VIOLATED)
   u_amber0/u_execute/u_register_bank/r14_svc_reg_5_/D   1.9946   5.0926 r  -3.0980 (VIOLATED)
   u_amber0/u_mem/mem_read_data_r_reg_0_/D   1.9934   5.0913 r  -3.0979 (VIOLATED)
   u_amber0/u_mem/mem_read_data_r_reg_1_/D   1.9934   5.0913 r  -3.0979 (VIOLATED)
   u_amber0/u_mem/mem_read_data_r_reg_2_/D   1.9934   5.0913 r  -3.0979 (VIOLATED)
   u_amber0/u_mem/mem_read_data_r_reg_3_/D   1.9934   5.0913 r  -3.0979 (VIOLATED)
   u_amber0/u_mem/mem_read_data_r_reg_6_/D   1.9934   5.0913 r  -3.0979 (VIOLATED)
   u_amber0/u_mem/mem_read_data_r_reg_7_/D   1.9934   5.0913 r  -3.0979 (VIOLATED)
   u_amber0/u_mem/mem_read_data_r_reg_8_/D   1.9934   5.0913 r  -3.0979 (VIOLATED)
   u_amber0/u_mem/mem_read_data_r_reg_10_/D   1.9934   5.0913 r  -3.0979 (VIOLATED)
   u_amber0/u_mem/mem_read_data_r_reg_11_/D   1.9934   5.0913 r  -3.0979 (VIOLATED)
   u_amber0/u_mem/mem_read_data_r_reg_14_/D   1.9934   5.0913 r  -3.0979 (VIOLATED)
   u_amber0/u_mem/mem_read_data_r_reg_15_/D   1.9934   5.0913 r  -3.0979 (VIOLATED)
   u_amber0/u_mem/mem_read_data_r_reg_16_/D   1.9934   5.0913 r  -3.0979 (VIOLATED)
   u_amber0/u_mem/mem_read_data_r_reg_17_/D   1.9934   5.0913 r  -3.0979 (VIOLATED)
   u_amber0/u_mem/mem_read_data_r_reg_19_/D   1.9934   5.0913 r  -3.0979 (VIOLATED)
   u_amber0/u_mem/mem_read_data_r_reg_21_/D   1.9934   5.0913 r  -3.0979 (VIOLATED)
   u_amber0/u_mem/mem_read_data_r_reg_23_/D   1.9934   5.0913 r  -3.0979 (VIOLATED)
   u_amber0/u_mem/mem_read_data_r_reg_24_/D   1.9934   5.0913 r  -3.0979 (VIOLATED)
   u_amber0/u_mem/mem_read_data_r_reg_27_/D   1.9934   5.0913 r  -3.0979 (VIOLATED)
   u_amber0/u_execute/u_register_bank/r14_svc_reg_12_/D   1.9946   5.0925 r  -3.0978 (VIOLATED)
   u_amber0/u_execute/u_register_bank/r14_svc_reg_6_/D   1.9946   5.0924 r  -3.0978 (VIOLATED)
   u_amber0/u_execute/u_register_bank/r14_svc_reg_7_/D   1.9946   5.0924 r  -3.0978 (VIOLATED)
   u_amber0/u_execute/u_register_bank/r14_svc_reg_10_/D   1.9946   5.0924 r  -3.0978 (VIOLATED)
   u_amber0/u_execute/u_register_bank/r14_svc_reg_13_/D   1.9946   5.0924 r  -3.0978 (VIOLATED)
   u_amber1/u_mem/u_dcache/c_state_reg_3_/D   1.9943   5.0919 f  -3.0976 (VIOLATED)
   u_amber1/u_fetch/u_cache/random_num_reg_1_/D   1.9939   5.0909 f  -3.0971 (VIOLATED)
   u_amber1/u_execute/u_register_bank/r14_reg_20_/D   1.9947   5.0901 f  -3.0954 (VIOLATED)
   u_amber1/u_execute/o_iaddress_reg_21_/D   1.9945   5.0874 f  -3.0929 (VIOLATED)
   u_amber0/u_decode/conflict_r_reg/D   1.9891   5.0810 r  -3.0919  (VIOLATED)
   u_amber0/u_execute/u_register_bank/R_2666/D   1.9942   5.0844 f  -3.0903 (VIOLATED)
   u_amber0/u_execute/u_register_bank/r8_firq_reg_17_/D   1.9947   5.0849 f  -3.0903 (VIOLATED)
   u_amber0/u_execute/u_register_bank/r8_reg_17_/D   1.9947   5.0845 f  -3.0899 (VIOLATED)
   u_amber0/u_execute/u_register_bank/r9_reg_17_/D   1.9947   5.0845 f  -3.0898 (VIOLATED)
   u_amber0/u_execute/u_register_bank/r14_reg_17_/D   1.9947   5.0845 f  -3.0898 (VIOLATED)
   u_amber0/u_execute/u_register_bank/r12_reg_17_/D   1.9947   5.0844 f  -3.0898 (VIOLATED)
   u_amber0/u_execute/u_register_bank/r11_reg_17_/D   1.9947   5.0844 f  -3.0897 (VIOLATED)
   u_amber0/u_execute/u_register_bank/r14_irq_reg_17_/D   1.9947   5.0844 f  -3.0897 (VIOLATED)
   u_amber0/u_execute/u_register_bank/r11_firq_reg_17_/D   1.9815   5.0706 f  -3.0891 (VIOLATED)
   u_amber0/u_execute/u_multiply/product_reg_16_/D   1.9825   5.0715 f  -3.0890 (VIOLATED)
   u_amber0/u_execute/u_register_bank/r13_svc_reg_17_/D   1.9946   5.0829 f  -3.0883 (VIOLATED)
   u_amber1/u_execute/u_register_bank/r12_firq_reg_0_/D   1.9947   5.0826 r  -3.0880 (VIOLATED)
   u_amber1/u_execute/u_register_bank/r12_firq_reg_1_/D   1.9947   5.0826 r  -3.0880 (VIOLATED)
   u_amber1/u_execute/u_register_bank/r12_reg_20_/D   1.9964   5.0829 f  -3.0865 (VIOLATED)
   u_amber0/u_execute/u_register_bank/r5_reg_17_/D   1.9947   5.0810 f  -3.0863 (VIOLATED)
   u_amber0/u_execute/u_multiply/product_reg_15_/D   1.9946   5.0806 f  -3.0860 (VIOLATED)
   u_amber0/u_execute/u_multiply/product_reg_27_/D   1.9946   5.0806 f  -3.0860 (VIOLATED)
   u_amber0/u_execute/u_multiply/product_reg_63_/D   1.9945   5.0805 r  -3.0859 (VIOLATED)
   u_amber0/u_execute/u_multiply/product_reg_12_/D   1.9946   5.0805 f  -3.0859 (VIOLATED)
   u_amber0/u_execute/u_multiply/product_reg_14_/D   1.9946   5.0805 f  -3.0859 (VIOLATED)
   u_amber0/u_execute/u_multiply/product_reg_4_/D   1.9946   5.0805 f  -3.0859 (VIOLATED)
   u_amber0/u_execute/u_multiply/product_reg_8_/D   1.9946   5.0805 f  -3.0859 (VIOLATED)
   u_amber0/u_execute/u_multiply/product_reg_3_/D   1.9946   5.0804 f  -3.0857 (VIOLATED)
   u_amber0/u_execute/u_multiply/product_reg_11_/D   1.9946   5.0804 f  -3.0857 (VIOLATED)
   u_amber0/u_execute/u_multiply/product_reg_13_/D   1.9946   5.0804 f  -3.0857 (VIOLATED)
   u_amber0/u_execute/u_multiply/product_reg_17_/D   1.9946   5.0804 f  -3.0857 (VIOLATED)
   u_amber0/u_execute/u_multiply/product_reg_19_/D   1.9946   5.0804 f  -3.0857 (VIOLATED)
   u_amber0/u_execute/u_multiply/product_reg_23_/D   1.9946   5.0804 f  -3.0857 (VIOLATED)
   u_amber0/u_execute/u_multiply/product_reg_1_/D   1.9946   5.0804 f  -3.0857 (VIOLATED)
   u_amber0/u_execute/u_multiply/product_reg_29_/D   1.9946   5.0803 f  -3.0857 (VIOLATED)
   u_amber1/u_decode/abt_status_reg_reg_0_/D   1.9909   5.0760 r  -3.0851 (VIOLATED)
   u_amber0/u_execute/o_write_data_reg_16_/D   1.9911   5.0753 r  -3.0841 (VIOLATED)
   u_amber1/u_execute/u_register_bank/R_5233/D   1.9929   5.0768 r  -3.0838 (VIOLATED)
   u_amber1/u_execute/u_register_bank/R_5225/D   1.9933   5.0768 r  -3.0834 (VIOLATED)
   u_amber1/u_execute/u_register_bank/R_5231/D   1.9938   5.0768 r  -3.0830 (VIOLATED)
   u_amber1/u_execute/u_register_bank/R_5227/D   1.9938   5.0768 r  -3.0830 (VIOLATED)
   u_amber1/u_decode/hold_instruction_address_reg_0_/D   1.9873   5.0700 r  -3.0827 (VIOLATED)
   u_amber1/u_decode/hold_instruction_address_reg_1_/D   1.9873   5.0700 r  -3.0827 (VIOLATED)
   u_amber1/u_decode/hold_instruction_address_reg_3_/D   1.9873   5.0700 r  -3.0827 (VIOLATED)
   u_amber1/u_decode/hold_instruction_address_reg_4_/D   1.9873   5.0700 r  -3.0827 (VIOLATED)
   u_amber1/u_decode/hold_instruction_address_reg_9_/D   1.9873   5.0700 r  -3.0827 (VIOLATED)
   u_amber1/u_decode/hold_instruction_address_reg_10_/D   1.9873   5.0700 r  -3.0827 (VIOLATED)
   u_amber1/u_decode/hold_instruction_address_reg_12_/D   1.9873   5.0700 r  -3.0827 (VIOLATED)
   u_amber1/u_decode/hold_instruction_address_reg_13_/D   1.9873   5.0700 r  -3.0827 (VIOLATED)
   u_amber1/u_decode/hold_instruction_address_reg_14_/D   1.9873   5.0700 r  -3.0827 (VIOLATED)
   u_amber1/u_decode/hold_instruction_address_reg_15_/D   1.9873   5.0700 r  -3.0827 (VIOLATED)
   u_amber1/u_decode/hold_instruction_address_reg_16_/D   1.9873   5.0700 r  -3.0827 (VIOLATED)
   u_amber1/u_decode/hold_instruction_address_reg_18_/D   1.9873   5.0700 r  -3.0827 (VIOLATED)
   u_amber1/u_decode/hold_instruction_address_reg_19_/D   1.9873   5.0700 r  -3.0827 (VIOLATED)
   u_amber1/u_decode/hold_instruction_address_reg_21_/D   1.9873   5.0700 r  -3.0827 (VIOLATED)
   u_amber1/u_decode/hold_instruction_address_reg_22_/D   1.9873   5.0700 r  -3.0827 (VIOLATED)
   u_amber1/u_decode/hold_instruction_address_reg_24_/D   1.9873   5.0700 r  -3.0827 (VIOLATED)
   u_amber1/u_decode/hold_instruction_address_reg_26_/D   1.9873   5.0700 r  -3.0827 (VIOLATED)
   u_amber1/u_decode/hold_instruction_address_reg_29_/D   1.9873   5.0700 r  -3.0827 (VIOLATED)
   u_amber1/u_decode/o_daddress_sel_reg_0_/D   1.9873   5.0700 r  -3.0827 (VIOLATED)
   u_amber0/u_execute/o_write_data_reg_10_/D   1.9929   5.0754 r  -3.0825 (VIOLATED)
   u_amber1/u_execute/u_register_bank/R_5229/D   1.9945   5.0768 r  -3.0823 (VIOLATED)
   u_amber1/u_execute/u_register_bank/R_5223/D   1.9945   5.0768 r  -3.0822 (VIOLATED)
   u_amber1/u_fetch/u_cache/c_state_reg_1_/D   1.9946   5.0746 r  -3.0801 (VIOLATED)
   u_amber1/u_decode/fetch_instruction_r_reg_7_/D   1.9895   5.0695 r  -3.0800 (VIOLATED)
   u_amber1/u_decode/o_barrel_shift_amount_sel_reg_0_/D   1.9875   5.0673 r  -3.0798 (VIOLATED)
   u_amber1/u_fetch/u_cache/select_way_reg_2_/D   1.9945   5.0742 r  -3.0798 (VIOLATED)
   u_amber0/u_execute/u_register_bank/r12_firq_reg_16_/D   1.9947   5.0721 f  -3.0774 (VIOLATED)
   u_amber0/u_execute/o_write_data_reg_8_/D   1.9942   5.0715 r  -3.0774 (VIOLATED)
   u_amber0/u_execute/o_write_data_reg_9_/D   1.9942   5.0715 r  -3.0774 (VIOLATED)
   u_amber0/u_execute/o_write_data_reg_11_/D   1.9942   5.0715 r  -3.0773 (VIOLATED)
   u_amber0/u_execute/o_write_data_reg_12_/D   1.9942   5.0715 r  -3.0773 (VIOLATED)
   u_amber0/u_execute/o_write_data_reg_14_/D   1.9942   5.0715 r  -3.0773 (VIOLATED)
   u_amber0/u_execute/o_write_data_reg_15_/D   1.9942   5.0715 r  -3.0773 (VIOLATED)
   u_amber0/u_execute/u_register_bank/r12_firq_reg_17_/D   1.9947   5.0719 f  -3.0772 (VIOLATED)
   u_amber0/u_decode/fetch_address_r_reg_28_/D   1.9946   5.0716 f  -3.0770 (VIOLATED)
   u_amber0/u_decode/fetch_address_r_reg_1_/D   1.9946   5.0716 f  -3.0770 (VIOLATED)
   u_amber1/u_execute/u_register_bank/R_2519/D   1.9947   5.0707 r  -3.0760 (VIOLATED)
   u_amber1/u_execute/u_register_bank/R_2520/D   1.9947   5.0707 r  -3.0760 (VIOLATED)
   u_amber0/u_execute/u_register_bank/r14_svc_reg_1_/D   1.9896   5.0655 r  -3.0760 (VIOLATED)
   u_amber0/u_execute/u_register_bank/r14_svc_reg_9_/D   1.9896   5.0653 r  -3.0758 (VIOLATED)
   u_amber1/u_fetch/u_cache/c_state_reg_2_/D   1.9947   5.0698 r  -3.0751 (VIOLATED)
   u_amber0/u_mem/mem_read_data_r_reg_5_/D   1.9891   5.0640 r  -3.0749 (VIOLATED)
   u_amber0/u_execute/u_register_bank/r14_svc_reg_11_/D   1.9945   5.0692 r  -3.0747 (VIOLATED)
   u_amber1/u_execute/u_register_bank/R_5264/D   1.9927   5.0668 r  -3.0740 (VIOLATED)
   u_amber1/u_execute/u_register_bank/R_5276/D   1.9927   5.0668 r  -3.0740 (VIOLATED)
   u_amber1/u_execute/u_register_bank/R_5599/D   1.9840   5.0579 f  -3.0739 (VIOLATED)
   u_amber1/u_decode/instruction_execute_r_reg/D   1.9946   5.0683 f  -3.0737 (VIOLATED)
   u_amber1/u_execute/u_register_bank/R_5270/D   1.9931   5.0668 r  -3.0737 (VIOLATED)
   u_amber1/u_execute/u_register_bank/R_5274/D   1.9931   5.0668 r  -3.0737 (VIOLATED)
   u_amber1/u_execute/u_register_bank/R_5262/D   1.9933   5.0668 r  -3.0734 (VIOLATED)
   u_amber1/u_execute/u_register_bank/R_5266/D   1.9933   5.0668 r  -3.0734 (VIOLATED)
   u_amber1/u_execute/u_register_bank/R_5280/D   1.9935   5.0668 r  -3.0733 (VIOLATED)
   u_amber0/u_execute/u_register_bank/r12_firq_reg_9_/D   1.9946   5.0679 f  -3.0732 (VIOLATED)
   u_amber0/u_execute/u_register_bank/r12_firq_reg_7_/D   1.9947   5.0679 f  -3.0732 (VIOLATED)
   u_amber0/u_execute/u_register_bank/r12_firq_reg_6_/D   1.9947   5.0679 f  -3.0732 (VIOLATED)
   u_amber0/u_execute/u_register_bank/r12_firq_reg_5_/D   1.9947   5.0679 f  -3.0732 (VIOLATED)
   u_amber0/u_decode/o_load_rd_reg_6_/D   1.9888   5.0620 r  -3.0732 (VIOLATED)
   u_amber1/u_execute/u_register_bank/R_5268/D   1.9937   5.0668 r  -3.0731 (VIOLATED)
   u_amber0/u_execute/u_register_bank/r1_reg_16_/D   1.9946   5.0677 f  -3.0731 (VIOLATED)
   u_amber0/u_execute/u_register_bank/r4_reg_16_/D   1.9946   5.0677 f  -3.0731 (VIOLATED)
   u_amber0/u_execute/u_register_bank/r5_reg_16_/D   1.9946   5.0677 f  -3.0731 (VIOLATED)
   u_amber0/u_execute/u_register_bank/r3_reg_16_/D   1.9946   5.0677 f  -3.0731 (VIOLATED)
   u_amber0/u_execute/u_register_bank/r2_reg_16_/D   1.9946   5.0677 f  -3.0730 (VIOLATED)
   u_amber0/u_execute/u_register_bank/r6_reg_16_/D   1.9946   5.0676 f  -3.0730 (VIOLATED)
   u_amber0/u_execute/u_register_bank/r15_reg_17_/D   1.9947   5.0672 f  -3.0725 (VIOLATED)
   u_amber1/u_execute/u_register_bank/R_5260/D   1.9945   5.0668 r  -3.0723 (VIOLATED)
   u_amber1/u_execute/u_register_bank/R_5278/D   1.9945   5.0668 r  -3.0723 (VIOLATED)
   u_amber0/u_execute/u_register_bank/r14_svc_reg_16_/D   1.9946   5.0659 f  -3.0713 (VIOLATED)
   u_amber1/u_execute/u_register_bank/R_2516/D   1.9947   5.0659 r  -3.0712 (VIOLATED)
   u_amber0/u_execute/u_register_bank/r13_firq_reg_9_/D   1.9946   5.0657 r  -3.0711 (VIOLATED)
   u_amber0/u_execute/u_register_bank/r13_firq_reg_6_/D   1.9946   5.0657 r  -3.0711 (VIOLATED)
   u_amber0/u_execute/u_register_bank/r13_firq_reg_7_/D   1.9946   5.0657 r  -3.0711 (VIOLATED)
   u_amber0/u_execute/u_register_bank/r9_firq_reg_16_/D   1.9947   5.0657 f  -3.0710 (VIOLATED)
   u_amber0/u_execute/u_register_bank/r8_firq_reg_16_/D   1.9947   5.0656 f  -3.0710 (VIOLATED)
   u_amber0/u_execute/u_register_bank/r14_irq_reg_16_/D   1.9946   5.0655 f  -3.0709 (VIOLATED)
   u_amber0/u_decode/o_load_rd_reg_7_/D   1.9946   5.0655 f  -3.0708 (VIOLATED)
   u_amber1/u_execute/u_register_bank/R_5597/D   1.9944   5.0652 f  -3.0708 (VIOLATED)
   u_amber1/u_execute/u_register_bank/R_2697/D   1.9944   5.0652 f  -3.0708 (VIOLATED)
   u_amber1/u_execute/u_register_bank/R_2699/D   1.9944   5.0651 f  -3.0706 (VIOLATED)
   u_amber0/u_execute/u_register_bank/r13_irq_reg_16_/D   1.9947   5.0648 f  -3.0702 (VIOLATED)
   u_amber1/u_decode/o_imm_shift_amount_reg_0_/D   1.9946   5.0647 f  -3.0701 (VIOLATED)
   u_amber1/u_execute/u_register_bank/R_939/D   1.9941   5.0635 f  -3.0694 (VIOLATED)
   u_amber1/u_execute/u_register_bank/R_1056/D   1.9941   5.0635 f  -3.0694 (VIOLATED)
   u_amber1/u_execute/u_register_bank/R_1195/D   1.9941   5.0635 f  -3.0694 (VIOLATED)
   u_amber1/u_execute/u_register_bank/R_2542/D   1.9941   5.0635 f  -3.0694 (VIOLATED)
   u_amber1/u_fetch/u_cache/init_count_reg_0_/D   1.9940   5.0633 f  -3.0693 (VIOLATED)
   u_amber1/u_execute/u_register_bank/R_2158/D   1.9810   5.0503 r  -3.0692 (VIOLATED)
   u_amber1/u_decode/o_alu_function_reg_7_/D   1.9944   5.0628 f  -3.0684 (VIOLATED)
   u_amber1/u_execute/u_register_bank/r13_firq_reg_0_/D   1.9947   5.0620 r  -3.0673 (VIOLATED)
   u_amber1/u_execute/u_register_bank/r13_firq_reg_1_/D   1.9947   5.0620 r  -3.0673 (VIOLATED)
   u_amber0/u_execute/u_multiply/product_reg_21_/D   1.9946   5.0616 f  -3.0670 (VIOLATED)
   u_amber0/u_execute/u_multiply/product_reg_5_/D   1.9946   5.0614 f  -3.0668 (VIOLATED)
   u_amber1/u_execute/u_register_bank/R_4752/D   1.9945   5.0608 f  -3.0663 (VIOLATED)
   u_amber1/u_execute/u_register_bank/R_5235/D   1.9945   5.0608 f  -3.0663 (VIOLATED)
   u_amber1/u_decode/o_alu_function_reg_5_/D   1.9872   5.0532 r  -3.0661 (VIOLATED)
   u_amber1/u_execute/u_register_bank/R_2153/D   1.9890   5.0550 f  -3.0659 (VIOLATED)
   u_amber1/u_execute/u_register_bank/R_2397/D   1.9890   5.0550 f  -3.0659 (VIOLATED)
   u_amber1/u_execute/u_register_bank/R_299/D   1.9889   5.0542 f  -3.0653 (VIOLATED)
   u_amber1/u_execute/u_register_bank/R_5272/D   1.9936   5.0588 r  -3.0652 (VIOLATED)
   u_amber1/u_execute/u_register_bank/R_5606/D   1.9927   5.0576 r  -3.0649 (VIOLATED)
   u_amber1/u_execute/u_register_bank/R_5596/D   1.9927   5.0575 r  -3.0648 (VIOLATED)
   u_amber1/u_execute/u_register_bank/R_5608/D   1.9931   5.0576 r  -3.0645 (VIOLATED)
   u_amber1/u_execute/u_register_bank/R_5598/D   1.9929   5.0572 r  -3.0643 (VIOLATED)
   u_amber1/u_execute/u_register_bank/R_5600/D   1.9933   5.0576 r  -3.0642 (VIOLATED)
   u_amber1/u_execute/u_register_bank/R_5604/D   1.9933   5.0573 r  -3.0639 (VIOLATED)
   u_amber1/u_decode/o_copro_write_data_wen_reg/D   1.9822   5.0458 r  -3.0636 (VIOLATED)
   u_amber1/u_fetch/u_cache/address_r_reg_21_/D   1.9946   5.0578 f  -3.0632 (VIOLATED)
   u_amber1/u_decode/rn_conflict1_r_reg/D   1.9940   5.0569 f  -3.0629 (VIOLATED)
   u_amber0/u_execute/u_register_bank/R_2375/D   1.9946   5.0563 r  -3.0618 (VIOLATED)
   u_amber1/u_execute/u_alu/R_2562/D   1.9946   5.0559 f   -3.0613  (VIOLATED)
   u_amber1/u_decode/o_imm32_reg_8_/D   1.9947   5.0560 r  -3.0613  (VIOLATED)
   u_amber1/u_decode/o_daddress_sel_reg_2_/D   1.9946   5.0556 f  -3.0610 (VIOLATED)
   u_amber1/u_execute/u_register_bank/r14_firq_reg_10_/D   1.9889   5.0494 r  -3.0605 (VIOLATED)
   u_amber1/u_execute/u_register_bank/r15_reg_18_/D   1.9947   5.0552 r  -3.0605 (VIOLATED)
   u_amber1/u_execute/u_register_bank/r15_reg_0_/D   1.9947   5.0546 r  -3.0599 (VIOLATED)
   u_amber1/u_execute/u_register_bank/r15_reg_4_/D   1.9947   5.0546 r  -3.0599 (VIOLATED)
   u_amber1/u_execute/u_register_bank/r15_reg_16_/D   1.9947   5.0546 r  -3.0599 (VIOLATED)
   u_amber1/u_execute/u_register_bank/r15_reg_17_/D   1.9947   5.0546 r  -3.0599 (VIOLATED)
   u_amber0/u_decode/o_imm32_reg_3_/D   1.9945   5.0543 f  -3.0598  (VIOLATED)
   u_amber0/u_decode/saved_current_instruction_reg_13_/D   1.9946   5.0544 f  -3.0597 (VIOLATED)
   u_amber1/u_execute/u_register_bank/R_457/D   1.9908   5.0503 f  -3.0596 (VIOLATED)
   u_amber0/u_execute/u_register_bank/R_2138/D   1.9918   5.0512 r  -3.0594 (VIOLATED)
   u_amber0/u_execute/u_register_bank/R_2144/D   1.9918   5.0512 r  -3.0594 (VIOLATED)
   u_amber0/u_execute/u_register_bank/R_2149/D   1.9918   5.0512 r  -3.0594 (VIOLATED)
   u_amber1/u_execute/u_register_bank/R_6138/D   1.9941   5.0523 f  -3.0582 (VIOLATED)
   u_amber1/u_execute/u_register_bank/r9_firq_reg_15_/D   1.9946   5.0522 f  -3.0576 (VIOLATED)
   u_amber1/u_execute/u_register_bank/r9_firq_reg_13_/D   1.9947   5.0522 f  -3.0576 (VIOLATED)
   u_amber1/u_execute/u_register_bank/r9_firq_reg_16_/D   1.9947   5.0522 f  -3.0576 (VIOLATED)
   u_amber1/u_execute/u_register_bank/r8_firq_reg_13_/D   1.9947   5.0516 f  -3.0569 (VIOLATED)
   u_amber1/u_execute/u_register_bank/r8_firq_reg_16_/D   1.9947   5.0516 f  -3.0569 (VIOLATED)
   u_amber1/u_execute/u_register_bank/r8_firq_reg_15_/D   1.9947   5.0516 f  -3.0569 (VIOLATED)
   u_amber1/u_execute/u_register_bank/r13_svc_reg_15_/D   1.9947   5.0499 r  -3.0553 (VIOLATED)
   u_amber1/u_execute/u_register_bank/r13_svc_reg_10_/D   1.9947   5.0499 r  -3.0553 (VIOLATED)
   u_amber1/u_execute/u_register_bank/r13_svc_reg_16_/D   1.9947   5.0499 r  -3.0553 (VIOLATED)
   u_amber1/u_execute/u_register_bank/r13_svc_reg_5_/D   1.9947   5.0499 r  -3.0552 (VIOLATED)
   u_amber1/u_execute/u_register_bank/r13_svc_reg_6_/D   1.9947   5.0499 r  -3.0552 (VIOLATED)
   u_amber1/u_execute/u_register_bank/r13_svc_reg_13_/D   1.9947   5.0499 r  -3.0552 (VIOLATED)
   u_amber1/u_execute/u_register_bank/r13_svc_reg_9_/D   1.9947   5.0499 r  -3.0552 (VIOLATED)
   u_amber1/u_execute/u_register_bank/r13_svc_reg_1_/D   1.9947   5.0496 r  -3.0549 (VIOLATED)
   u_amber1/u_decode/hold_instruction_reg_7_/D   1.9818   5.0365 f  -3.0547 (VIOLATED)
   u_amber0/u_execute/u_register_bank/r13_reg_11_/D   1.9946   5.0490 r  -3.0543 (VIOLATED)
   u_amber1/u_decode/hold_instruction_address_reg_7_/D   1.9864   5.0406 r  -3.0542 (VIOLATED)
   u_amber0/u_execute/u_register_bank/r13_reg_2_/D   1.9946   5.0486 r  -3.0539 (VIOLATED)
   u_amber0/u_execute/u_register_bank/r14_firq_reg_16_/D   1.9945   5.0484 f  -3.0539 (VIOLATED)
   u_amber0/u_decode/hold_instruction_reg_6_/D   1.9946   5.0483 f  -3.0537 (VIOLATED)
   u_amber0/u_execute/u_register_bank/r8_reg_16_/D   1.9946   5.0479 f  -3.0533 (VIOLATED)
   u_amber0/u_execute/u_register_bank/r11_reg_16_/D   1.9946   5.0479 f  -3.0532 (VIOLATED)
   u_amber0/u_execute/u_register_bank/r11_firq_reg_16_/D   1.9946   5.0478 f  -3.0532 (VIOLATED)
   u_amber0/u_execute/u_register_bank/r10_reg_16_/D   1.9946   5.0478 f  -3.0532 (VIOLATED)
   u_amber0/u_execute/u_register_bank/r0_reg_16_/D   1.9946   5.0478 f  -3.0532 (VIOLATED)
   u_amber0/u_execute/u_register_bank/r12_reg_16_/D   1.9946   5.0478 f  -3.0531 (VIOLATED)
   u_amber1/u_mem/mem_read_data_r_reg_31_/D   1.9938   5.0469 r  -3.0531 (VIOLATED)
   u_amber0/u_execute/u_register_bank/r9_reg_16_/D   1.9946   5.0478 f  -3.0531 (VIOLATED)
   u_amber0/u_execute/u_register_bank/r10_firq_reg_16_/D   1.9946   5.0475 f  -3.0529 (VIOLATED)
   u_amber1/u_decode/o_alu_function_reg_8_/D   1.9865   5.0390 r  -3.0524 (VIOLATED)
   u_amber1/u_execute/u_register_bank/r12_firq_reg_17_/D   1.9946   5.0465 r  -3.0519 (VIOLATED)
   u_amber1/u_execute/u_register_bank/r12_firq_reg_14_/D   1.9946   5.0465 r  -3.0519 (VIOLATED)
   u_amber1/u_execute/u_register_bank/r12_firq_reg_4_/D   1.9946   5.0460 r  -3.0513 (VIOLATED)
   u_amber1/u_wishbone/o_wb_adr_reg_7_/D   1.9947   5.0448 f  -3.0501 (VIOLATED)
   u_amber1/u_wishbone/o_wb_adr_reg_12_/D   1.9947   5.0448 f  -3.0501 (VIOLATED)
   u_amber1/u_wishbone/o_wb_adr_reg_14_/D   1.9947   5.0447 f  -3.0500 (VIOLATED)
   u_amber1/u_wishbone/o_wb_adr_reg_4_/D   1.9947   5.0447 f  -3.0500 (VIOLATED)
   u_amber1/u_wishbone/o_wb_adr_reg_5_/D   1.9947   5.0447 f  -3.0500 (VIOLATED)
   u_amber1/u_wishbone/o_wb_adr_reg_8_/D   1.9947   5.0447 f  -3.0500 (VIOLATED)
   u_amber1/u_wishbone/o_wb_adr_reg_10_/D   1.9947   5.0447 f  -3.0500 (VIOLATED)
   u_amber1/u_wishbone/o_wb_adr_reg_11_/D   1.9947   5.0447 f  -3.0500 (VIOLATED)
   u_amber1/u_wishbone/o_wb_adr_reg_13_/D   1.9947   5.0447 f  -3.0500 (VIOLATED)
   u_amber1/u_wishbone/o_wb_adr_reg_6_/D   1.9947   5.0447 f  -3.0500 (VIOLATED)
   u_amber1/u_wishbone/o_wb_adr_reg_9_/D   1.9947   5.0447 f  -3.0500 (VIOLATED)
   u_amber1/u_wishbone/o_wb_adr_reg_15_/D   1.9947   5.0446 f  -3.0500 (VIOLATED)
   u_amber1/u_execute/u_register_bank/r12_firq_reg_8_/D   1.9945   5.0438 r  -3.0492 (VIOLATED)
   u_amber0/u_execute/u_register_bank/R_2148/D   1.9932   5.0412 r  -3.0481 (VIOLATED)
   u_amber0/u_execute/u_register_bank/r13_firq_reg_3_/D   1.9945   5.0424 r  -3.0479 (VIOLATED)
   u_amber1/u_execute/u_register_bank/r14_reg_3_/D   1.9947   5.0424 r  -3.0478 (VIOLATED)
   u_amber1/u_execute/u_register_bank/r14_reg_16_/D   1.9947   5.0424 r  -3.0477 (VIOLATED)
   u_amber1/u_fetch/u_cache/c_state_reg_3_/D   1.9925   5.0386 r  -3.0461 (VIOLATED)
   u_amber0/u_execute/u_register_bank/r12_firq_reg_3_/D   1.9947   5.0407 f  -3.0460 (VIOLATED)
   u_amber0/u_execute/u_register_bank/r14_firq_reg_2_/D   1.9943   5.0397 r  -3.0454 (VIOLATED)
   u_amber0/u_execute/u_register_bank/r14_reg_16_/D   1.9958   5.0408 f  -3.0450 (VIOLATED)
   u_amber1/u_execute/u_register_bank/R_6016/D   1.9865   5.0311 f  -3.0446 (VIOLATED)
   u_amber0/u_execute/u_register_bank/r13_svc_reg_16_/D   1.9947   5.0386 f  -3.0439 (VIOLATED)
   u_amber1/u_decode/o_barrel_shift_function_reg_0_/D   1.9939   5.0361 f  -3.0422 (VIOLATED)
   u_amber1/u_execute/u_register_bank/r2_reg_17_/D   1.9946   5.0358 f  -3.0411 (VIOLATED)
   u_amber1/u_execute/u_register_bank/r3_reg_17_/D   1.9947   5.0358 f  -3.0411 (VIOLATED)
   u_amber1/u_execute/u_register_bank/r6_reg_17_/D   1.9947   5.0358 f  -3.0411 (VIOLATED)
   u_amber1/u_execute/u_register_bank/r5_reg_17_/D   1.9947   5.0358 f  -3.0411 (VIOLATED)
   u_amber0/u_execute/o_iaddress_reg_19_/D   1.9945   5.0352 f  -3.0407 (VIOLATED)
   u_amber0/u_decode/abt_status_reg_reg_0_/D   1.9933   5.0337 r  -3.0403 (VIOLATED)
   u_amber0/u_decode/o_barrel_shift_function_reg_1_/D   1.9941   5.0322 f  -3.0380 (VIOLATED)
   u_amber0/u_decode/R_1221/D   1.9847       5.0215 r      -3.0369  (VIOLATED)
   u_amber0/u_decode/o_imm32_reg_5_/D   1.9820   5.0175 f  -3.0355  (VIOLATED)
   u_amber0/u_decode/o_daddress_sel_reg_2_/D   1.9946   5.0279 r  -3.0333 (VIOLATED)
   u_amber0/u_fetch/u_cache/select_way_reg_0_/D   1.9944   5.0254 r  -3.0310 (VIOLATED)
   u_amber1/u_execute/u_register_bank/r13_svc_reg_2_/D   1.9944   5.0248 r  -3.0304 (VIOLATED)
   u_amber0/u_execute/u_register_bank/r7_reg_16_/D   1.9944   5.0244 f  -3.0300 (VIOLATED)
   u_amber0/u_execute/u_multiply/product_reg_22_/D   1.9946   5.0246 f  -3.0299 (VIOLATED)
   u_amber0/u_execute/u_multiply/product_reg_24_/D   1.9946   5.0246 f  -3.0299 (VIOLATED)
   u_amber0/u_execute/u_multiply/product_reg_28_/D   1.9946   5.0246 f  -3.0299 (VIOLATED)
   u_amber0/u_execute/u_register_bank/R_2676/D   1.9947   5.0245 f  -3.0298 (VIOLATED)
   u_amber1/u_wishbone/o_wb_adr_reg_23_/D   1.9947   5.0244 f  -3.0297 (VIOLATED)
   u_amber1/u_wishbone/o_wb_adr_reg_17_/D   1.9947   5.0243 f  -3.0296 (VIOLATED)
   u_amber1/u_wishbone/o_wb_adr_reg_18_/D   1.9947   5.0243 f  -3.0296 (VIOLATED)
   u_amber1/u_wishbone/o_wb_adr_reg_19_/D   1.9947   5.0243 f  -3.0296 (VIOLATED)
   u_amber1/u_wishbone/o_wb_adr_reg_20_/D   1.9947   5.0243 f  -3.0296 (VIOLATED)
   u_amber1/u_wishbone/o_wb_adr_reg_21_/D   1.9947   5.0243 f  -3.0296 (VIOLATED)
   u_amber1/u_wishbone/o_wb_adr_reg_22_/D   1.9947   5.0243 f  -3.0296 (VIOLATED)
   u_amber1/u_wishbone/o_wb_adr_reg_24_/D   1.9947   5.0243 f  -3.0296 (VIOLATED)
   u_amber1/u_wishbone/o_wb_adr_reg_25_/D   1.9947   5.0243 f  -3.0296 (VIOLATED)
   u_amber1/u_wishbone/o_wb_adr_reg_26_/D   1.9947   5.0243 f  -3.0296 (VIOLATED)
   u_amber1/u_wishbone/o_wb_adr_reg_27_/D   1.9947   5.0243 f  -3.0296 (VIOLATED)
   u_amber1/u_decode/o_imm32_reg_0_/D   1.9944   5.0231 r  -3.0287  (VIOLATED)
   u_amber1/u_execute/u_register_bank/r10_firq_reg_13_/D   1.9946   5.0218 f  -3.0272 (VIOLATED)
   u_amber1/u_execute/u_register_bank/r10_firq_reg_15_/D   1.9946   5.0218 f  -3.0272 (VIOLATED)
   u_amber1/u_execute/u_register_bank/r10_firq_reg_16_/D   1.9946   5.0218 f  -3.0271 (VIOLATED)
   u_amber1/u_execute/u_register_bank/r11_firq_reg_16_/D   1.9946   5.0212 f  -3.0266 (VIOLATED)
   u_amber1/u_execute/u_register_bank/r11_firq_reg_12_/D   1.9946   5.0212 f  -3.0266 (VIOLATED)
   u_amber1/u_execute/u_register_bank/r11_firq_reg_15_/D   1.9946   5.0212 f  -3.0266 (VIOLATED)
   u_amber0/u_execute/o_write_data_reg_13_/D   1.9929   5.0194 r  -3.0265 (VIOLATED)
   u_amber1/u_decode/o_barrel_shift_data_sel_reg_1_/D   1.9943   5.0196 f  -3.0253 (VIOLATED)
   u_amber0/u_execute/u_register_bank/R_5635/D   1.9924   5.0170 r  -3.0246 (VIOLATED)
   u_amber0/u_fetch/u_cache/address_r_reg_19_/D   1.9946   5.0172 f  -3.0226 (VIOLATED)
   u_amber1/u_execute/u_register_bank/r0_reg_17_/D   1.9947   5.0165 f  -3.0218 (VIOLATED)
   u_amber1/u_execute/u_register_bank/r11_firq_reg_17_/D   1.9947   5.0161 f  -3.0215 (VIOLATED)
   u_amber1/u_execute/u_register_bank/r1_reg_17_/D   1.9947   5.0161 f  -3.0215 (VIOLATED)
   u_amber1/u_execute/u_register_bank/r4_reg_17_/D   1.9947   5.0161 f  -3.0214 (VIOLATED)
   u_amber1/u_fetch/u_cache/c_state_reg_0_/D   1.9908   5.0122 r  -3.0214 (VIOLATED)
   u_amber1/u_execute/u_register_bank/r14_firq_reg_17_/D   1.9946   5.0159 f  -3.0213 (VIOLATED)
   u_amber1/u_execute/u_register_bank/r14_reg_15_/D   1.9946   5.0149 r  -3.0202 (VIOLATED)
   u_amber1/u_execute/u_register_bank/r10_firq_reg_17_/D   1.9946   5.0148 f  -3.0202 (VIOLATED)
   u_amber1/u_execute/u_register_bank/r13_firq_reg_17_/D   1.9946   5.0145 f  -3.0200 (VIOLATED)
   u_amber1/u_mem/u_dcache/init_count_reg_1_/D   1.9945   5.0140 r  -3.0195 (VIOLATED)
   u_amber1/u_mem/u_dcache/init_count_reg_3_/D   1.9945   5.0140 r  -3.0195 (VIOLATED)
   u_amber1/u_mem/u_dcache/init_count_reg_4_/D   1.9945   5.0140 r  -3.0195 (VIOLATED)
   u_amber1/u_mem/u_dcache/init_count_reg_5_/D   1.9945   5.0140 r  -3.0195 (VIOLATED)
   u_amber1/u_mem/u_dcache/init_count_reg_6_/D   1.9945   5.0140 r  -3.0195 (VIOLATED)
   u_amber1/u_mem/u_dcache/init_count_reg_7_/D   1.9945   5.0140 r  -3.0195 (VIOLATED)
   u_amber0/u_execute/R_1995/D   1.9810      5.0004 r      -3.0194  (VIOLATED)
   u_amber0/u_fetch/u_cache/select_way_reg_1_/D   1.9944   5.0136 r  -3.0192 (VIOLATED)
   u_amber0/u_execute/u_register_bank/R_5880/D   1.9942   5.0121 r  -3.0179 (VIOLATED)
   u_amber1/u_execute/o_daddress_reg_19_/D   1.9885   5.0063 r  -3.0178 (VIOLATED)
   u_amber0/u_execute/u_register_bank/r13_reg_0_/D   1.9945   5.0103 r  -3.0158 (VIOLATED)
   u_amber0/u_execute/u_register_bank/r13_reg_1_/D   1.9946   5.0103 r  -3.0158 (VIOLATED)
   u_amber0/u_execute/R_2165/D   1.9915      5.0056 r      -3.0141  (VIOLATED)
   u_amber1/u_execute/u_register_bank/R_6136/D   1.9941   5.0078 f  -3.0137 (VIOLATED)
   u_amber1/u_execute/u_register_bank/R_2284/D   1.9945   5.0071 r  -3.0126 (VIOLATED)
   u_amber1/u_execute/u_register_bank/R_2424/D   1.9945   5.0071 r  -3.0126 (VIOLATED)
   u_amber1/u_execute/u_register_bank/r13_irq_reg_17_/D   1.9946   5.0067 f  -3.0121 (VIOLATED)
   u_amber1/u_decode/o_status_bits_firq_mask_wen_reg/D   1.9940   5.0052 r  -3.0111 (VIOLATED)
   u_amber0/u_decode/o_imm32_reg_7_/D   1.9947   5.0051 f  -3.0104  (VIOLATED)
   u_amber0/u_execute/u_register_bank/r13_firq_reg_11_/D   1.9946   5.0050 r  -3.0103 (VIOLATED)
   u_amber0/u_execute/u_register_bank/r13_firq_reg_13_/D   1.9946   5.0050 r  -3.0103 (VIOLATED)
   u_amber0/u_execute/u_register_bank/r13_firq_reg_15_/D   1.9946   5.0050 r  -3.0103 (VIOLATED)
   u_amber0/u_execute/u_register_bank/r13_firq_reg_16_/D   1.9946   5.0050 r  -3.0103 (VIOLATED)
   u_amber0/u_execute/u_register_bank/r13_firq_reg_10_/D   1.9946   5.0050 r  -3.0103 (VIOLATED)
   u_amber1/u_execute/u_register_bank/r8_firq_reg_17_/D   1.9946   5.0021 f  -3.0074 (VIOLATED)
   u_amber1/u_execute/u_register_bank/r9_firq_reg_17_/D   1.9946   5.0021 f  -3.0074 (VIOLATED)
   u_amber1/u_execute/u_register_bank/r10_reg_17_/D   1.9946   5.0021 f  -3.0074 (VIOLATED)
   u_amber1/u_execute/u_register_bank/r8_reg_17_/D   1.9947   5.0021 f  -3.0074 (VIOLATED)
   u_amber1/u_execute/u_register_bank/r9_reg_17_/D   1.9947   5.0021 f  -3.0074 (VIOLATED)
   u_amber1/u_execute/u_register_bank/r11_reg_17_/D   1.9946   5.0018 f  -3.0072 (VIOLATED)
   u_amber1/u_execute/u_register_bank/r13_svc_reg_17_/D   1.9946   5.0018 f  -3.0072 (VIOLATED)
   u_amber1/u_execute/u_register_bank/r14_irq_reg_17_/D   1.9946   5.0017 f  -3.0070 (VIOLATED)
   u_amber0/u_execute/o_write_data_reg_27_/D   1.9929   4.9989 r  -3.0060 (VIOLATED)
   u_amber0/u_execute/o_write_data_reg_28_/D   1.9929   4.9989 r  -3.0060 (VIOLATED)
   u_amber0/u_execute/o_write_data_reg_30_/D   1.9929   4.9989 r  -3.0060 (VIOLATED)
   u_amber1/u_decode/hold_instruction_reg_8_/D   1.9879   4.9938 r  -3.0059 (VIOLATED)
   u_amber1/u_decode/hold_instruction_reg_9_/D   1.9879   4.9938 r  -3.0059 (VIOLATED)
   u_amber1/u_decode/hold_instruction_reg_10_/D   1.9879   4.9938 r  -3.0059 (VIOLATED)
   u_amber1/u_decode/hold_instruction_reg_11_/D   1.9879   4.9938 r  -3.0059 (VIOLATED)
   u_amber1/u_decode/hold_instruction_reg_12_/D   1.9879   4.9938 r  -3.0059 (VIOLATED)
   u_amber1/u_decode/hold_instruction_reg_13_/D   1.9879   4.9938 r  -3.0059 (VIOLATED)
   u_amber1/u_decode/hold_instruction_reg_14_/D   1.9879   4.9938 r  -3.0059 (VIOLATED)
   u_amber1/u_decode/hold_instruction_reg_16_/D   1.9879   4.9938 r  -3.0059 (VIOLATED)
   u_amber1/u_decode/hold_instruction_reg_18_/D   1.9879   4.9938 r  -3.0059 (VIOLATED)
   u_amber1/u_decode/hold_instruction_reg_19_/D   1.9879   4.9938 r  -3.0059 (VIOLATED)
   u_amber0/u_decode/hold_instruction_address_reg_2_/D   1.9903   4.9955 r  -3.0052 (VIOLATED)
   u_amber0/u_decode/hold_instruction_address_reg_5_/D   1.9903   4.9955 r  -3.0052 (VIOLATED)
   u_amber0/u_decode/hold_instruction_address_reg_6_/D   1.9903   4.9955 r  -3.0052 (VIOLATED)
   u_amber0/u_decode/hold_instruction_address_reg_8_/D   1.9903   4.9955 r  -3.0052 (VIOLATED)
   u_amber0/u_decode/hold_instruction_address_reg_11_/D   1.9903   4.9955 r  -3.0052 (VIOLATED)
   u_amber0/u_decode/hold_instruction_address_reg_17_/D   1.9903   4.9955 r  -3.0052 (VIOLATED)
   u_amber0/u_decode/hold_instruction_address_reg_20_/D   1.9903   4.9955 r  -3.0052 (VIOLATED)
   u_amber0/u_decode/hold_instruction_address_reg_22_/D   1.9903   4.9955 r  -3.0052 (VIOLATED)
   u_amber0/u_decode/hold_instruction_address_reg_23_/D   1.9903   4.9955 r  -3.0052 (VIOLATED)
   u_amber0/u_decode/hold_instruction_address_reg_25_/D   1.9903   4.9955 r  -3.0052 (VIOLATED)
   u_amber0/u_decode/hold_instruction_address_reg_26_/D   1.9903   4.9955 r  -3.0052 (VIOLATED)
   u_amber0/u_decode/hold_instruction_address_reg_27_/D   1.9903   4.9955 r  -3.0052 (VIOLATED)
   u_amber0/u_decode/hold_instruction_address_reg_28_/D   1.9903   4.9955 r  -3.0052 (VIOLATED)
   u_amber0/u_decode/hold_instruction_address_reg_30_/D   1.9903   4.9955 r  -3.0052 (VIOLATED)
   u_amber0/u_decode/hold_instruction_address_reg_31_/D   1.9903   4.9955 r  -3.0052 (VIOLATED)
   u_amber0/u_decode/o_interrupt_vector_sel_reg_2_/D   1.9903   4.9955 r  -3.0052 (VIOLATED)
   u_amber1/u_execute/u_register_bank/r14_firq_reg_0_/D   1.9946   4.9979 r  -3.0033 (VIOLATED)
   u_amber0/u_execute/u_multiply/product_reg_20_/D   1.9946   4.9977 f  -3.0030 (VIOLATED)
   u_amber0/u_execute/u_multiply/product_reg_26_/D   1.9946   4.9977 f  -3.0030 (VIOLATED)
   u_amber0/u_execute/u_register_bank/r13_firq_reg_14_/D   1.9946   4.9976 r  -3.0030 (VIOLATED)
   u_amber0/u_execute/u_multiply/product_reg_18_/D   1.9946   4.9976 f  -3.0030 (VIOLATED)
   u_amber0/u_execute/u_register_bank/r13_firq_reg_8_/D   1.9946   4.9976 r  -3.0030 (VIOLATED)
   u_amber0/u_execute/u_register_bank/r13_firq_reg_4_/D   1.9946   4.9976 r  -3.0029 (VIOLATED)
   u_amber0/u_execute/u_register_bank/R_2629/D   1.9945   4.9974 r  -3.0029 (VIOLATED)
   u_amber0/u_decode/o_reg_bank_wen_reg_8_/D   1.9944   4.9944 f  -3.0000 (VIOLATED)
   u_amber0/u_decode/o_reg_bank_wen_reg_10_/D   1.9944   4.9944 f  -3.0000 (VIOLATED)
   u_amber0/u_decode/o_reg_bank_wen_reg_2_/D   1.9944   4.9940 f  -2.9995 (VIOLATED)
   u_amber0/u_execute/o_copro_write_data_reg_16_/D   1.9946   4.9938 f  -2.9993 (VIOLATED)
   u_amber0/u_execute/o_write_data_reg_31_/D   1.9824   4.9811 f  -2.9987 (VIOLATED)
   u_amber0/u_execute/u_register_bank/R_2628/D   1.9945   4.9931 r  -2.9985 (VIOLATED)
   u_amber1/u_mem/u_dcache/init_count_reg_2_/D   1.9895   4.9865 r  -2.9970 (VIOLATED)
   u_amber1/u_decode/o_imm_shift_amount_reg_2_/D   1.9810   4.9775 r  -2.9965 (VIOLATED)
   u_amber1/u_decode/o_imm_shift_amount_reg_3_/D   1.9810   4.9775 r  -2.9965 (VIOLATED)
   u_amber1/u_decode/o_imm_shift_amount_reg_4_/D   1.9810   4.9775 r  -2.9965 (VIOLATED)
   u_amber0/u_decode/saved_current_instruction_reg_12_/D   1.9940   4.9901 f  -2.9961 (VIOLATED)
   u_amber1/u_execute/u_register_bank/r11_reg_16_/D   1.9946   4.9895 f  -2.9949 (VIOLATED)
   u_amber1/u_execute/u_register_bank/r11_reg_15_/D   1.9946   4.9895 f  -2.9948 (VIOLATED)
   u_amber1/u_execute/u_register_bank/r11_reg_0_/D   1.9946   4.9895 f  -2.9948 (VIOLATED)
   u_amber1/u_execute/u_register_bank/r7_reg_17_/D   1.9947   4.9889 f  -2.9941 (VIOLATED)
   u_amber1/u_execute/o_byte_enable_reg_0_/D   1.9944   4.9883 f  -2.9939 (VIOLATED)
   u_amber1/u_execute/o_byte_enable_reg_1_/D   1.9944   4.9883 f  -2.9939 (VIOLATED)
   u_amber0/u_execute/R_2505/D   1.9946      4.9876 r      -2.9930  (VIOLATED)
   u_amber1/u_execute/u_register_bank/r12_reg_1_/D   1.9946   4.9875 f  -2.9929 (VIOLATED)
   u_amber1/u_decode/hold_instruction_reg_30_/D   1.9895   4.9821 r  -2.9926 (VIOLATED)
   u_amber0/u_execute/u_multiply/product_reg_61_/D   1.9945   4.9869 r  -2.9923 (VIOLATED)
   u_amber0/u_execute/u_register_bank/r12_firq_reg_12_/D   1.9946   4.9868 r  -2.9922 (VIOLATED)
   u_amber1/u_mem/u_dcache/source_sel_reg_0_/D   1.9943   4.9850 f  -2.9907 (VIOLATED)
   u_amber1/u_execute/u_register_bank/r13_svc_reg_12_/D   1.9947   4.9850 r  -2.9903 (VIOLATED)
   u_amber1/u_decode/o_reg_write_sel_reg_2_/D   1.9944   4.9832 r  -2.9888 (VIOLATED)
   u_amber1/u_execute/u_register_bank/r13_irq_reg_16_/D   1.9947   4.9826 f  -2.9879 (VIOLATED)
   u_amber1/u_execute/u_register_bank/r14_irq_reg_16_/D   1.9947   4.9822 f  -2.9876 (VIOLATED)
   u_amber1/u_execute/u_multiply/product_reg_61_/D   1.9946   4.9802 f  -2.9855 (VIOLATED)
   u_amber1/u_decode/hold_instruction_reg_25_/D   1.9874   4.9716 r  -2.9842 (VIOLATED)
   u_amber1/u_decode/hold_instruction_reg_15_/D   1.9875   4.9716 r  -2.9841 (VIOLATED)
   u_amber0/u_decode/hold_instruction_reg_28_/D   1.9946   4.9785 r  -2.9839 (VIOLATED)
   u_amber1/u_execute/u_register_bank/r14_firq_reg_8_/D   1.9946   4.9780 r  -2.9834 (VIOLATED)
   u_amber1/u_execute/u_register_bank/r14_firq_reg_14_/D   1.9946   4.9780 r  -2.9834 (VIOLATED)
   u_amber0/u_execute/u_register_bank/r15_reg_2_/D   1.9946   4.9777 r  -2.9832 (VIOLATED)
   u_amber0/u_execute/u_register_bank/r15_reg_5_/D   1.9946   4.9776 r  -2.9830 (VIOLATED)
   u_amber0/u_execute/u_register_bank/r15_reg_8_/D   1.9946   4.9776 r  -2.9830 (VIOLATED)
   u_amber0/u_execute/u_register_bank/r15_reg_1_/D   1.9946   4.9773 r  -2.9827 (VIOLATED)
   u_amber0/u_execute/u_register_bank/r15_reg_3_/D   1.9946   4.9773 r  -2.9827 (VIOLATED)
   u_amber0/u_execute/u_register_bank/r15_reg_6_/D   1.9946   4.9773 r  -2.9827 (VIOLATED)
   u_amber0/u_execute/u_register_bank/r15_reg_12_/D   1.9946   4.9773 r  -2.9827 (VIOLATED)
   u_amber0/u_execute/u_register_bank/r15_reg_7_/D   1.9946   4.9773 r  -2.9827 (VIOLATED)
   u_amber0/u_execute/u_register_bank/r15_reg_10_/D   1.9946   4.9773 r  -2.9827 (VIOLATED)
   u_amber0/u_execute/u_register_bank/r15_reg_13_/D   1.9946   4.9773 r  -2.9827 (VIOLATED)
   u_amber0/u_decode/conflict_reg/D   1.9945   4.9758 r    -2.9813  (VIOLATED)
   u_amber0/u_decode/o_reg_bank_wen_reg_0_/D   1.9944   4.9756 f  -2.9811 (VIOLATED)
   u_amber1/u_execute/u_register_bank/r13_firq_reg_8_/D   1.9946   4.9756 r  -2.9809 (VIOLATED)
   u_amber1/u_execute/u_register_bank/r13_firq_reg_14_/D   1.9946   4.9756 r  -2.9809 (VIOLATED)
   u_amber1/u_execute/u_register_bank/r13_firq_reg_4_/D   1.9946   4.9756 r  -2.9809 (VIOLATED)
   u_amber1/u_execute/o_iaddress_reg_20_/D   1.9946   4.9753 f  -2.9807 (VIOLATED)
   u_amber0/u_execute/u_register_bank/r15_reg_14_/D   1.9946   4.9748 r  -2.9802 (VIOLATED)
   u_amber0/u_execute/u_register_bank/r15_reg_15_/D   1.9946   4.9748 r  -2.9802 (VIOLATED)
   u_amber0/u_decode/o_reg_bank_wen_reg_1_/D   1.9944   4.9734 f  -2.9790 (VIOLATED)
   u_amber0/u_decode/hold_instruction_address_reg_14_/D   1.9885   4.9667 r  -2.9781 (VIOLATED)
   u_amber1/u_decode/R_1934/D   1.9875       4.9656 r      -2.9781  (VIOLATED)
   u_amber0/u_fetch/u_cache/random_num_reg_3_/D   1.9944   4.9723 r  -2.9779 (VIOLATED)
   u_amber1/u_decode/hold_instruction_reg_17_/D   1.9880   4.9658 r  -2.9777 (VIOLATED)
   u_amber1/u_execute/u_register_bank/R_3499/D   1.9944   4.9721 f  -2.9777 (VIOLATED)
   u_amber1/u_execute/u_register_bank/R_1862/D   1.9945   4.9721 f  -2.9776 (VIOLATED)
   u_amber1/u_execute/u_register_bank/R_295/D   1.9945   4.9721 f  -2.9776 (VIOLATED)
   u_amber0/u_execute/u_register_bank/r15_reg_16_/D   1.9947   4.9721 f  -2.9774 (VIOLATED)
   u_amber0/u_decode/hold_instruction_reg_0_/D   1.9947   4.9708 r  -2.9761 (VIOLATED)
   u_amber0/u_decode/hold_instruction_reg_3_/D   1.9947   4.9708 r  -2.9761 (VIOLATED)
   u_amber0/u_decode/hold_instruction_reg_4_/D   1.9947   4.9708 r  -2.9761 (VIOLATED)
   u_amber0/u_decode/hold_instruction_reg_7_/D   1.9947   4.9708 r  -2.9761 (VIOLATED)
   u_amber0/u_decode/o_alu_function_reg_2_/D   1.9947   4.9708 r  -2.9761 (VIOLATED)
   u_amber0/u_decode/o_imm_shift_amount_reg_0_/D   1.9947   4.9708 r  -2.9761 (VIOLATED)
   u_amber0/u_decode/o_pc_sel_reg_0_/D   1.9947   4.9708 r  -2.9761 (VIOLATED)
   u_amber1/u_execute/u_register_bank/r13_svc_reg_0_/D   1.9947   4.9707 r  -2.9761 (VIOLATED)
   u_amber1/u_execute/u_register_bank/r13_svc_reg_3_/D   1.9946   4.9704 r  -2.9758 (VIOLATED)
   u_amber1/u_execute/u_register_bank/r13_svc_reg_11_/D   1.9946   4.9704 r  -2.9758 (VIOLATED)
   u_amber0/u_execute/u_register_bank/r15_reg_9_/D   1.9946   4.9702 r  -2.9756 (VIOLATED)
   u_amber0/u_execute/u_register_bank/R_2257/D   1.9944   4.9696 r  -2.9752 (VIOLATED)
   u_amber1/u_decode/hold_instruction_iabt_reg/D   1.9813   4.9552 r  -2.9738 (VIOLATED)
   u_amber1/u_execute/u_register_bank/R_287/D   1.9944   4.9667 f  -2.9724 (VIOLATED)
   u_amber1/u_execute/u_register_bank/R_1542/D   1.9944   4.9667 f  -2.9723 (VIOLATED)
   u_amber1/u_execute/u_register_bank/R_5040/D   1.9944   4.9667 f  -2.9723 (VIOLATED)
   u_amber1/u_decode/R_1334/D   1.9946       4.9668 r      -2.9722  (VIOLATED)
   u_amber1/u_execute/R_1945/D   1.9946      4.9668 r      -2.9722  (VIOLATED)
   u_amber1/u_execute/u_register_bank/R_2114/D   1.9946   4.9668 r  -2.9722 (VIOLATED)
   u_amber0/u_write_back/R_2164/D   1.9943   4.9655 f      -2.9712  (VIOLATED)
   u_amber0/u_write_back/R_2504/D   1.9944   4.9652 f      -2.9709  (VIOLATED)
   u_amber1/u_execute/o_daddress_reg_3_/D   1.9827   4.9534 r  -2.9707 (VIOLATED)
   u_amber1/u_execute/u_register_bank/r9_reg_12_/D   1.9946   4.9651 f  -2.9704 (VIOLATED)
   u_amber1/u_execute/u_register_bank/r9_reg_15_/D   1.9946   4.9651 f  -2.9704 (VIOLATED)
   u_amber0/u_execute/u_register_bank/r13_firq_reg_12_/D   1.9946   4.9649 r  -2.9702 (VIOLATED)
   u_amber1/u_execute/u_register_bank/r8_reg_13_/D   1.9946   4.9648 f  -2.9702 (VIOLATED)
   u_amber1/u_execute/u_register_bank/r8_reg_15_/D   1.9946   4.9648 f  -2.9702 (VIOLATED)
   u_amber1/u_execute/u_register_bank/r8_reg_16_/D   1.9946   4.9648 f  -2.9702 (VIOLATED)
   u_amber1/u_execute/u_register_bank/r12_reg_16_/D   1.9945   4.9639 r  -2.9693 (VIOLATED)
   u_amber1/u_execute/u_register_bank/R_3618/D   1.9943   4.9634 f  -2.9690 (VIOLATED)
   u_amber1/u_decode/load_rd_d1_reg_2_/D   1.9937   4.9623 r  -2.9686 (VIOLATED)
   u_amber0/u_decode/o_reg_bank_wen_reg_9_/D   1.9872   4.9551 f  -2.9680 (VIOLATED)
   u_amber0/u_decode/o_reg_bank_wen_reg_4_/D   1.9944   4.9622 f  -2.9677 (VIOLATED)
   u_amber0/u_decode/o_reg_bank_wen_reg_6_/D   1.9944   4.9618 f  -2.9674 (VIOLATED)
   u_amber0/u_execute/u_register_bank/r12_firq_reg_15_/D   1.9946   4.9618 r  -2.9672 (VIOLATED)
   u_amber1/u_wishbone/o_wb_adr_reg_16_/D   1.9945   4.9614 f  -2.9668 (VIOLATED)
   u_amber1/u_execute/u_register_bank/r14_irq_reg_9_/D   1.9946   4.9615 r  -2.9668 (VIOLATED)
   u_amber1/u_execute/u_register_bank/r8_firq_reg_0_/D   1.9946   4.9615 r  -2.9668 (VIOLATED)
   u_amber1/u_execute/u_register_bank/r8_firq_reg_2_/D   1.9946   4.9614 r  -2.9668 (VIOLATED)
   u_amber1/u_execute/u_register_bank/r9_firq_reg_2_/D   1.9946   4.9614 r  -2.9668 (VIOLATED)
   u_amber1/u_execute/u_register_bank/r9_firq_reg_0_/D   1.9946   4.9614 r  -2.9668 (VIOLATED)
   u_amber1/u_execute/u_register_bank/r9_firq_reg_6_/D   1.9946   4.9613 r  -2.9667 (VIOLATED)
   u_amber1/u_execute/u_register_bank/r8_firq_reg_10_/D   1.9946   4.9613 r  -2.9667 (VIOLATED)
   u_amber1/u_execute/u_register_bank/r9_firq_reg_5_/D   1.9946   4.9613 r  -2.9667 (VIOLATED)
   u_amber1/u_execute/u_register_bank/r8_firq_reg_9_/D   1.9946   4.9613 r  -2.9667 (VIOLATED)
   u_amber1/u_execute/u_register_bank/r8_firq_reg_6_/D   1.9946   4.9613 r  -2.9667 (VIOLATED)
   u_amber1/u_execute/u_register_bank/r9_firq_reg_10_/D   1.9946   4.9613 r  -2.9667 (VIOLATED)
   u_amber1/u_execute/u_register_bank/r8_firq_reg_12_/D   1.9946   4.9613 r  -2.9667 (VIOLATED)
   u_amber1/u_execute/u_register_bank/r9_firq_reg_12_/D   1.9946   4.9613 r  -2.9667 (VIOLATED)
   u_amber1/u_execute/u_register_bank/r9_firq_reg_9_/D   1.9946   4.9613 r  -2.9667 (VIOLATED)
   u_amber1/u_execute/u_register_bank/r12_reg_15_/D   1.9947   4.9612 f  -2.9666 (VIOLATED)
   u_amber1/u_execute/u_register_bank/r9_firq_reg_1_/D   1.9946   4.9611 r  -2.9665 (VIOLATED)
   u_amber1/u_execute/u_register_bank/r8_firq_reg_1_/D   1.9946   4.9611 r  -2.9665 (VIOLATED)
   u_amber1/u_execute/u_register_bank/r8_firq_reg_3_/D   1.9946   4.9611 r  -2.9664 (VIOLATED)
   u_amber1/u_execute/u_register_bank/r8_firq_reg_7_/D   1.9946   4.9611 r  -2.9664 (VIOLATED)
   u_amber1/u_execute/u_register_bank/r9_firq_reg_3_/D   1.9946   4.9610 r  -2.9664 (VIOLATED)
   u_amber1/u_execute/u_register_bank/r9_firq_reg_11_/D   1.9946   4.9610 r  -2.9664 (VIOLATED)
   u_amber1/u_execute/u_register_bank/r9_firq_reg_7_/D   1.9946   4.9610 r  -2.9664 (VIOLATED)
   u_amber1/u_execute/u_register_bank/r14_irq_reg_0_/D   1.9946   4.9609 r  -2.9662 (VIOLATED)
   u_amber1/u_execute/u_register_bank/r14_irq_reg_2_/D   1.9946   4.9609 r  -2.9662 (VIOLATED)
   u_amber1/u_execute/u_register_bank/r14_irq_reg_3_/D   1.9946   4.9609 r  -2.9662 (VIOLATED)
   u_amber1/u_execute/u_register_bank/r14_irq_reg_6_/D   1.9946   4.9609 r  -2.9662 (VIOLATED)
   u_amber1/u_execute/u_register_bank/r14_irq_reg_7_/D   1.9946   4.9609 r  -2.9662 (VIOLATED)
   u_amber1/u_execute/u_register_bank/r14_irq_reg_11_/D   1.9946   4.9608 r  -2.9662 (VIOLATED)
   u_amber1/u_execute/u_register_bank/r14_irq_reg_10_/D   1.9946   4.9608 r  -2.9661 (VIOLATED)
   u_amber1/u_execute/u_register_bank/r14_irq_reg_13_/D   1.9946   4.9607 r  -2.9661 (VIOLATED)
   u_amber1/u_execute/u_register_bank/R_2518/D   1.9946   4.9605 r  -2.9659 (VIOLATED)
   u_amber1/u_execute/o_daddress_reg_12_/D   1.9936   4.9588 f  -2.9652 (VIOLATED)
   u_amber1/u_execute/o_daddress_reg_13_/D   1.9936   4.9588 f  -2.9652 (VIOLATED)
   u_amber1/u_execute/o_daddress_reg_14_/D   1.9936   4.9588 f  -2.9652 (VIOLATED)
   u_amber1/u_execute/o_daddress_reg_15_/D   1.9936   4.9588 f  -2.9652 (VIOLATED)
   u_amber1/u_execute/o_daddress_reg_16_/D   1.9936   4.9588 f  -2.9652 (VIOLATED)
   u_amber1/u_execute/o_daddress_reg_18_/D   1.9936   4.9588 f  -2.9652 (VIOLATED)
   u_amber1/u_execute/u_register_bank/r10_reg_16_/D   1.9946   4.9596 f  -2.9650 (VIOLATED)
   u_amber1/u_decode/R_5862/D   1.9946       4.9580 f      -2.9634  (VIOLATED)
   u_amber1/u_fetch/u_cache/address_r_reg_20_/D   1.9946   4.9570 f  -2.9624 (VIOLATED)
   u_amber1/u_execute/u_multiply/product_reg_0_/D   1.9869   4.9486 r  -2.9617 (VIOLATED)
   u_amber0/u_execute/o_write_data_reg_26_/D   1.9943   4.9559 f  -2.9617 (VIOLATED)
   u_amber0/u_execute/o_write_data_reg_29_/D   1.9943   4.9559 f  -2.9617 (VIOLATED)
   u_amber1/u_execute/u_register_bank/r14_firq_reg_4_/D   1.9945   4.9559 r  -2.9614 (VIOLATED)
   u_amber0/u_execute/u_register_bank/r15_reg_11_/D   1.9945   4.9546 r  -2.9601 (VIOLATED)
   u_amber1/u_decode/R_5863/D   1.9946       4.9536 f      -2.9590  (VIOLATED)
   u_amber0/u_execute/u_register_bank/r14_firq_reg_5_/D   1.9943   4.9523 r  -2.9580 (VIOLATED)
   u_amber0/u_execute/u_register_bank/r14_firq_reg_3_/D   1.9944   4.9523 r  -2.9579 (VIOLATED)
   u_amber0/u_execute/u_register_bank/r14_firq_reg_6_/D   1.9944   4.9523 r  -2.9579 (VIOLATED)
   u_amber0/u_execute/u_register_bank/r14_firq_reg_7_/D   1.9944   4.9523 r  -2.9579 (VIOLATED)
   u_amber0/u_execute/u_register_bank/r14_firq_reg_10_/D   1.9944   4.9523 r  -2.9579 (VIOLATED)
   u_amber0/u_execute/u_register_bank/r14_firq_reg_11_/D   1.9944   4.9523 r  -2.9579 (VIOLATED)
   u_amber0/u_execute/u_register_bank/r14_firq_reg_12_/D   1.9944   4.9523 r  -2.9579 (VIOLATED)
   u_amber0/u_execute/u_register_bank/r14_firq_reg_13_/D   1.9944   4.9523 r  -2.9579 (VIOLATED)
   u_amber0/u_execute/u_register_bank/r14_firq_reg_15_/D   1.9944   4.9523 r  -2.9579 (VIOLATED)
   u_amber0/u_execute/u_register_bank/r14_firq_reg_9_/D   1.9945   4.9523 r  -2.9579 (VIOLATED)
   u_amber0/u_decode/o_reg_bank_wen_reg_5_/D   1.9944   4.9505 f  -2.9561 (VIOLATED)
   u_amber1/u_decode/o_status_bits_flags_wen_reg/D   1.9945   4.9503 r  -2.9558 (VIOLATED)
   u_amber0/u_execute/o_iaddress_reg_18_/D   1.9945   4.9490 f  -2.9545 (VIOLATED)
   u_amber1/u_execute/u_register_bank/R_5660/D   1.9942   4.9484 f  -2.9542 (VIOLATED)
   u_amber1/u_execute/u_register_bank/R_4740/D   1.9943   4.9484 f  -2.9541 (VIOLATED)
   u_amber1/u_execute/u_register_bank/R_5224/D   1.9943   4.9484 f  -2.9541 (VIOLATED)
   u_amber1/u_execute/u_register_bank/R_5674/D   1.9943   4.9484 f  -2.9541 (VIOLATED)
   u_amber1/u_execute/u_register_bank/R_5668/D   1.9943   4.9484 f  -2.9541 (VIOLATED)
   u_amber1/u_execute/u_register_bank/R_5680/D   1.9943   4.9484 f  -2.9541 (VIOLATED)
   u_amber1/u_execute/u_register_bank/R_5662/D   1.9943   4.9484 f  -2.9541 (VIOLATED)
   u_amber1/u_execute/u_register_bank/R_1438/D   1.9943   4.9484 f  -2.9541 (VIOLATED)
   u_amber1/u_execute/u_register_bank/R_2598/D   1.9943   4.9484 f  -2.9541 (VIOLATED)
   u_amber1/u_execute/u_register_bank/R_905/D   1.9945   4.9484 f  -2.9539 (VIOLATED)
   u_amber1/u_execute/u_register_bank/R_1014/D   1.9945   4.9484 f  -2.9539 (VIOLATED)
   u_amber1/u_execute/u_register_bank/R_1122/D   1.9945   4.9484 f  -2.9539 (VIOLATED)
   u_amber0/u_execute/R_2506/D   1.9823      4.9361 f      -2.9538  (VIOLATED)
   u_amber0/u_decode/o_alu_function_reg_1_/D   1.9947   4.9478 r  -2.9531 (VIOLATED)
   u_amber1/u_decode/R_1935/D   1.9843       4.9372 r      -2.9528  (VIOLATED)
   u_amber1/u_execute/R_1948/D   1.9843      4.9372 r      -2.9528  (VIOLATED)
   u_amber1/u_execute/u_register_bank/r2_reg_2_/D   1.9947   4.9472 r  -2.9525 (VIOLATED)
   u_amber1/u_execute/u_register_bank/r2_reg_1_/D   1.9947   4.9469 r  -2.9523 (VIOLATED)
   u_amber1/u_decode/o_firq_not_user_mode_reg/D   1.9946   4.9465 f  -2.9518 (VIOLATED)
   u_amber0/u_decode/o_imm32_reg_1_/D   1.9944   4.9455 f  -2.9511  (VIOLATED)
   u_amber1/u_execute/u_register_bank/r10_firq_reg_0_/D   1.9946   4.9458 r  -2.9511 (VIOLATED)
   u_amber0/u_execute/R_2167/D   1.9943      4.9455 f      -2.9511  (VIOLATED)
   u_amber1/u_execute/u_register_bank/r11_firq_reg_0_/D   1.9947   4.9458 r  -2.9511 (VIOLATED)
   u_amber1/u_execute/u_register_bank/r10_firq_reg_12_/D   1.9946   4.9457 r  -2.9511 (VIOLATED)
   u_amber1/u_execute/u_register_bank/r11_firq_reg_11_/D   1.9947   4.9457 r  -2.9510 (VIOLATED)
   u_amber1/u_execute/u_register_bank/r10_firq_reg_11_/D   1.9947   4.9457 r  -2.9510 (VIOLATED)
   u_amber1/u_execute/u_register_bank/r11_firq_reg_3_/D   1.9947   4.9457 r  -2.9510 (VIOLATED)
   u_amber1/u_execute/u_register_bank/r10_firq_reg_10_/D   1.9947   4.9457 r  -2.9510 (VIOLATED)
   u_amber1/u_execute/u_register_bank/r10_firq_reg_9_/D   1.9947   4.9457 r  -2.9510 (VIOLATED)
   u_amber1/u_execute/u_register_bank/r10_firq_reg_6_/D   1.9947   4.9457 r  -2.9510 (VIOLATED)
   u_amber1/u_execute/u_register_bank/r10_firq_reg_7_/D   1.9947   4.9457 r  -2.9510 (VIOLATED)
   u_amber1/u_execute/u_register_bank/r10_firq_reg_3_/D   1.9947   4.9457 r  -2.9510 (VIOLATED)
   u_amber1/u_execute/u_register_bank/r10_firq_reg_5_/D   1.9947   4.9457 r  -2.9510 (VIOLATED)
   u_amber1/u_execute/u_register_bank/r11_firq_reg_13_/D   1.9946   4.9456 r  -2.9510 (VIOLATED)
   u_amber1/u_execute/u_register_bank/r11_firq_reg_6_/D   1.9947   4.9456 r  -2.9510 (VIOLATED)
   u_amber1/u_execute/u_register_bank/r11_firq_reg_5_/D   1.9947   4.9456 r  -2.9510 (VIOLATED)
   u_amber1/u_execute/u_register_bank/r11_firq_reg_10_/D   1.9947   4.9456 r  -2.9510 (VIOLATED)
   u_amber1/u_execute/u_register_bank/r11_firq_reg_2_/D   1.9947   4.9456 r  -2.9509 (VIOLATED)
   u_amber1/u_execute/u_register_bank/r10_firq_reg_1_/D   1.9947   4.9452 r  -2.9506 (VIOLATED)
   u_amber1/u_execute/u_register_bank/r11_firq_reg_1_/D   1.9947   4.9452 r  -2.9506 (VIOLATED)
   u_amber0/u_execute/R_2166/D   1.9944      4.9449 f      -2.9505  (VIOLATED)
   u_amber0/u_execute/u_register_bank/r13_firq_reg_5_/D   1.9896   4.9378 r  -2.9482 (VIOLATED)
   u_amber0/u_execute/u_register_bank/R_2145/D   1.9946   4.9416 f  -2.9470 (VIOLATED)
   u_amber0/u_execute/u_register_bank/R_2588/D   1.9946   4.9416 f  -2.9470 (VIOLATED)
   u_amber1/u_execute/u_register_bank/r9_reg_16_/D   1.9945   4.9410 f  -2.9465 (VIOLATED)
   u_amber0/u_decode/o_load_rd_reg_5_/D   1.9883   4.9339 f  -2.9456 (VIOLATED)
   u_amber0/u_write_back/mem_read_data_r_reg_9_/D   1.9946   4.9400 f  -2.9453 (VIOLATED)
   u_amber0/u_write_back/mem_read_data_r_reg_25_/D   1.9946   4.9400 f  -2.9453 (VIOLATED)
   u_amber0/u_write_back/mem_read_data_r_reg_13_/D   1.9946   4.9400 f  -2.9453 (VIOLATED)
   u_amber0/u_write_back/mem_read_data_r_reg_20_/D   1.9946   4.9400 f  -2.9453 (VIOLATED)
   u_amber0/u_write_back/mem_read_data_r_reg_22_/D   1.9946   4.9400 f  -2.9453 (VIOLATED)
   u_amber0/u_write_back/mem_read_data_r_reg_28_/D   1.9946   4.9400 f  -2.9453 (VIOLATED)
   u_amber0/u_write_back/mem_read_data_r_reg_29_/D   1.9946   4.9400 f  -2.9453 (VIOLATED)
   u_amber0/u_write_back/mem_read_data_r_reg_30_/D   1.9946   4.9400 f  -2.9453 (VIOLATED)
   u_amber0/u_write_back/mem_read_data_r_reg_21_/D   1.9946   4.9400 f  -2.9453 (VIOLATED)
   u_amber0/u_write_back/mem_read_data_r_reg_23_/D   1.9946   4.9400 f  -2.9453 (VIOLATED)
   u_amber0/u_write_back/mem_read_data_r_reg_31_/D   1.9946   4.9400 f  -2.9453 (VIOLATED)
   u_amber0/u_write_back/mem_read_data_r_reg_8_/D   1.9946   4.9400 f  -2.9453 (VIOLATED)
   u_amber0/u_write_back/mem_read_data_r_reg_17_/D   1.9946   4.9400 f  -2.9453 (VIOLATED)
   u_amber0/u_write_back/mem_read_data_r_reg_24_/D   1.9946   4.9400 f  -2.9453 (VIOLATED)
   u_amber0/u_write_back/mem_read_data_r_reg_10_/D   1.9946   4.9400 f  -2.9453 (VIOLATED)
   u_amber0/u_write_back/mem_read_data_r_reg_14_/D   1.9946   4.9400 f  -2.9453 (VIOLATED)
   u_amber0/u_write_back/mem_read_data_r_reg_15_/D   1.9946   4.9400 f  -2.9453 (VIOLATED)
   u_amber1/u_mem/u_dcache/init_count_reg_0_/D   1.9940   4.9391 f  -2.9451 (VIOLATED)
   u_amber1/u_execute/u_register_bank/r8_firq_reg_5_/D   1.9896   4.9342 r  -2.9446 (VIOLATED)
   u_amber1/u_execute/u_register_bank/r14_irq_reg_12_/D   1.9896   4.9336 r  -2.9440 (VIOLATED)
   u_amber0/u_execute/u_register_bank/R_2576/D   1.9945   4.9385 r  -2.9439 (VIOLATED)
   u_amber1/u_execute/u_register_bank/r11_firq_reg_9_/D   1.9947   4.9385 r  -2.9439 (VIOLATED)
   u_amber1/u_execute/u_register_bank/r14_irq_reg_1_/D   1.9945   4.9375 r  -2.9430 (VIOLATED)
   u_amber1/u_coprocessor/cacheable_area_reg_8_/D   1.9940   4.9370 f  -2.9430 (VIOLATED)
   u_amber1/u_coprocessor/cacheable_area_reg_9_/D   1.9940   4.9370 f  -2.9430 (VIOLATED)
   u_amber1/u_coprocessor/cacheable_area_reg_11_/D   1.9940   4.9370 f  -2.9430 (VIOLATED)
   u_amber1/u_coprocessor/cacheable_area_reg_12_/D   1.9940   4.9370 f  -2.9430 (VIOLATED)
   u_amber1/u_coprocessor/cacheable_area_reg_13_/D   1.9940   4.9370 f  -2.9430 (VIOLATED)
   u_amber1/u_coprocessor/cacheable_area_reg_14_/D   1.9940   4.9370 f  -2.9430 (VIOLATED)
   u_amber1/u_coprocessor/cacheable_area_reg_15_/D   1.9940   4.9370 f  -2.9430 (VIOLATED)
   u_amber1/u_coprocessor/cacheable_area_reg_16_/D   1.9940   4.9370 f  -2.9430 (VIOLATED)
   u_amber1/u_coprocessor/cacheable_area_reg_17_/D   1.9940   4.9370 f  -2.9430 (VIOLATED)
   u_amber1/u_coprocessor/cacheable_area_reg_18_/D   1.9940   4.9370 f  -2.9430 (VIOLATED)
   u_amber1/u_coprocessor/cacheable_area_reg_19_/D   1.9940   4.9370 f  -2.9430 (VIOLATED)
   u_amber1/u_coprocessor/cacheable_area_reg_20_/D   1.9940   4.9370 f  -2.9430 (VIOLATED)
   u_amber1/u_coprocessor/cacheable_area_reg_21_/D   1.9940   4.9370 f  -2.9430 (VIOLATED)
   u_amber1/u_coprocessor/cacheable_area_reg_22_/D   1.9940   4.9370 f  -2.9430 (VIOLATED)
   u_amber1/u_coprocessor/cacheable_area_reg_23_/D   1.9940   4.9370 f  -2.9430 (VIOLATED)
   u_amber1/u_coprocessor/cacheable_area_reg_24_/D   1.9940   4.9370 f  -2.9430 (VIOLATED)
   u_amber1/u_coprocessor/cacheable_area_reg_25_/D   1.9940   4.9370 f  -2.9430 (VIOLATED)
   u_amber1/u_coprocessor/cacheable_area_reg_26_/D   1.9940   4.9370 f  -2.9430 (VIOLATED)
   u_amber1/u_coprocessor/cacheable_area_reg_27_/D   1.9940   4.9370 f  -2.9430 (VIOLATED)
   u_amber1/u_coprocessor/cacheable_area_reg_28_/D   1.9940   4.9370 f  -2.9430 (VIOLATED)
   u_amber1/u_coprocessor/cacheable_area_reg_29_/D   1.9940   4.9370 f  -2.9430 (VIOLATED)
   u_amber1/u_coprocessor/cacheable_area_reg_30_/D   1.9940   4.9370 f  -2.9430 (VIOLATED)
   u_amber1/u_coprocessor/cacheable_area_reg_31_/D   1.9940   4.9370 f  -2.9430 (VIOLATED)
   u_amber1/u_coprocessor/cacheable_area_reg_5_/D   1.9941   4.9370 f  -2.9429 (VIOLATED)
   u_amber1/u_coprocessor/cacheable_area_reg_6_/D   1.9941   4.9370 f  -2.9429 (VIOLATED)
   u_amber1/u_execute/u_register_bank/r5_reg_2_/D   1.9947   4.9376 r  -2.9429 (VIOLATED)
   u_amber1/u_execute/u_register_bank/r5_reg_1_/D   1.9947   4.9372 r  -2.9425 (VIOLATED)
   u_amber1/u_execute/u_register_bank/r1_reg_2_/D   1.9946   4.9370 r  -2.9423 (VIOLATED)
   u_amber1/u_execute/u_register_bank/r0_reg_1_/D   1.9947   4.9369 r  -2.9422 (VIOLATED)
   u_amber1/u_execute/o_daddress_reg_17_/D   1.9937   4.9359 f  -2.9422 (VIOLATED)
   u_amber1/u_execute/u_register_bank/r1_reg_1_/D   1.9947   4.9366 r  -2.9419 (VIOLATED)
   u_amber1/u_execute/u_register_bank/r8_firq_reg_11_/D   1.9942   4.9359 r  -2.9417 (VIOLATED)
   u_amber0/u_execute/u_register_bank/r14_firq_reg_0_/D   1.9946   4.9355 r  -2.9410 (VIOLATED)
   u_amber0/u_write_back/R_2163/D   1.9885   4.9292 f      -2.9407  (VIOLATED)
   u_amber1/u_coprocessor/cacheable_area_reg_10_/D   1.9888   4.9278 f  -2.9390 (VIOLATED)
   u_amber1/u_execute/u_register_bank/r10_reg_15_/D   1.9948   4.9337 f  -2.9389 (VIOLATED)
   u_amber0/u_execute/o_write_data_reg_17_/D   1.9943   4.9317 f  -2.9375 (VIOLATED)
   u_amber1/u_execute/u_register_bank/R_6029/D   1.9834   4.9204 r  -2.9370 (VIOLATED)
   u_amber1/u_execute/o_byte_enable_reg_2_/D   1.9944   4.9305 f  -2.9361 (VIOLATED)
   u_amber1/u_execute/o_byte_enable_reg_3_/D   1.9944   4.9305 f  -2.9361 (VIOLATED)
   u_amber0/u_execute/u_register_bank/r13_reg_8_/D   1.9946   4.9295 r  -2.9348 (VIOLATED)
   u_amber0/u_execute/u_register_bank/r13_reg_14_/D   1.9946   4.9295 r  -2.9348 (VIOLATED)
   u_amber0/u_execute/u_register_bank/r13_reg_4_/D   1.9946   4.9295 r  -2.9348 (VIOLATED)
   u_amber1/u_execute/u_register_bank/r14_reg_4_/D   1.9947   4.9295 r  -2.9348 (VIOLATED)
   u_amber1/u_execute/u_register_bank/r14_reg_17_/D   1.9946   4.9290 r  -2.9343 (VIOLATED)
   u_amber1/u_execute/u_register_bank/r14_reg_14_/D   1.9947   4.9290 r  -2.9343 (VIOLATED)
   u_amber0/u_execute/u_register_bank/r14_firq_reg_1_/D   1.9946   4.9284 r  -2.9338 (VIOLATED)
   u_amber1/u_decode/hold_instruction_reg_28_/D   1.9945   4.9272 r  -2.9327 (VIOLATED)
   u_amber1/u_execute/R_2383/D   1.9933      4.9258 f      -2.9325  (VIOLATED)
   u_amber0/u_wishbone/o_wb_adr_reg_4_/D   1.9947   4.9269 f  -2.9323 (VIOLATED)
   u_amber0/u_wishbone/o_wb_adr_reg_14_/D   1.9947   4.9268 f  -2.9322 (VIOLATED)
   u_amber0/u_wishbone/o_wb_adr_reg_10_/D   1.9947   4.9268 f  -2.9321 (VIOLATED)
   u_amber0/u_wishbone/o_wb_adr_reg_7_/D   1.9947   4.9268 f  -2.9321 (VIOLATED)
   u_amber0/u_wishbone/o_wb_adr_reg_13_/D   1.9947   4.9268 f  -2.9321 (VIOLATED)
   u_amber0/u_wishbone/o_wb_adr_reg_8_/D   1.9947   4.9268 f  -2.9321 (VIOLATED)
   u_amber0/u_wishbone/o_wb_adr_reg_5_/D   1.9947   4.9268 f  -2.9321 (VIOLATED)
   u_amber0/u_wishbone/o_wb_adr_reg_11_/D   1.9947   4.9268 f  -2.9321 (VIOLATED)
   u_amber0/u_wishbone/o_wb_adr_reg_6_/D   1.9947   4.9268 f  -2.9321 (VIOLATED)
   u_amber0/u_wishbone/o_wb_adr_reg_9_/D   1.9947   4.9268 f  -2.9321 (VIOLATED)
   u_amber0/u_decode/o_reg_bank_wen_reg_11_/D   1.9944   4.9263 f  -2.9320 (VIOLATED)
   u_amber0/u_decode/o_reg_bank_wen_reg_3_/D   1.9944   4.9259 f  -2.9315 (VIOLATED)
   u_amber1/u_wishbone/o_wb_adr_reg_30_/D   1.9946   4.9257 f  -2.9311 (VIOLATED)
   u_amber1/u_wishbone/o_wb_adr_reg_28_/D   1.9947   4.9257 f  -2.9311 (VIOLATED)
   u_amber1/u_wishbone/o_wb_adr_reg_29_/D   1.9947   4.9257 f  -2.9311 (VIOLATED)
   u_amber1/u_mem/u_dcache/source_sel_reg_1_/D   1.9946   4.9249 r  -2.9303 (VIOLATED)
   u_amber1/u_execute/u_register_bank/r14_irq_reg_5_/D   1.9947   4.9229 f  -2.9282 (VIOLATED)
   u_amber1/u_execute/u_register_bank/r14_reg_8_/D   1.9947   4.9224 r  -2.9277 (VIOLATED)
   u_amber0/u_execute/u_register_bank/r12_firq_reg_13_/D   1.9947   4.9222 f  -2.9275 (VIOLATED)
   u_amber0/u_execute/u_register_bank/r12_firq_reg_2_/D   1.9946   4.9222 f  -2.9275 (VIOLATED)
   u_amber0/u_execute/u_register_bank/r12_firq_reg_10_/D   1.9947   4.9222 f  -2.9275 (VIOLATED)
   u_amber0/u_execute/u_register_bank/r12_firq_reg_11_/D   1.9947   4.9222 f  -2.9275 (VIOLATED)
   u_amber1/u_execute/u_register_bank/r3_reg_2_/D   1.9947   4.9220 r  -2.9274 (VIOLATED)
   u_amber1/u_execute/u_register_bank/r6_reg_2_/D   1.9947   4.9220 r  -2.9274 (VIOLATED)
   u_amber1/u_execute/u_register_bank/r6_reg_1_/D   1.9947   4.9217 r  -2.9270 (VIOLATED)
   u_amber1/u_execute/u_register_bank/r3_reg_1_/D   1.9947   4.9217 r  -2.9270 (VIOLATED)
   u_amber1/u_decode/restore_base_address_reg/D   1.9938   4.9206 f  -2.9268 (VIOLATED)
   u_amber1/u_decode/hold_instruction_reg_0_/D   1.9946   4.9213 r  -2.9267 (VIOLATED)
   u_amber1/u_decode/hold_instruction_reg_3_/D   1.9946   4.9213 r  -2.9267 (VIOLATED)
   u_amber1/u_decode/hold_instruction_reg_4_/D   1.9946   4.9213 r  -2.9267 (VIOLATED)
   u_amber1/u_decode/o_alu_function_reg_1_/D   1.9946   4.9213 r  -2.9267 (VIOLATED)
   u_amber1/u_decode/o_alu_function_reg_2_/D   1.9946   4.9213 r  -2.9267 (VIOLATED)
   u_amber1/u_decode/o_pc_sel_reg_0_/D   1.9946   4.9213 r  -2.9267 (VIOLATED)
   u_amber1/u_decode/o_rm_sel_reg_0_/D   1.9946   4.9213 r  -2.9267 (VIOLATED)
   u_amber1/u_decode/o_rm_sel_reg_1_/D   1.9946   4.9213 r  -2.9267 (VIOLATED)
   u_amber1/u_decode/o_rm_sel_reg_2_/D   1.9946   4.9213 r  -2.9267 (VIOLATED)
   u_amber1/u_decode/o_rm_sel_reg_3_/D   1.9946   4.9213 r  -2.9267 (VIOLATED)
   u_amber1/u_execute/u_register_bank/r8_reg_5_/D   1.9946   4.9211 f  -2.9265 (VIOLATED)
   u_amber1/u_execute/u_register_bank/r11_firq_reg_7_/D   1.9944   4.9207 r  -2.9263 (VIOLATED)
   u_amber1/u_execute/u_register_bank/r10_firq_reg_2_/D   1.9944   4.9205 r  -2.9260 (VIOLATED)
   u_amber1/u_execute/u_register_bank/r13_irq_reg_15_/D   1.9946   4.9193 r  -2.9247 (VIOLATED)
   u_amber1/u_execute/u_register_bank/r13_svc_reg_7_/D   1.9946   4.9178 r  -2.9232 (VIOLATED)
   u_amber0/u_fetch/u_cache/address_r_reg_18_/D   1.9947   4.9174 f  -2.9227 (VIOLATED)
   u_amber1/u_execute/u_register_bank/r10_reg_13_/D   1.9945   4.9168 f  -2.9223 (VIOLATED)
   u_amber1/u_execute/u_register_bank/r13_svc_reg_8_/D   1.9947   4.9169 r  -2.9223 (VIOLATED)
   u_amber1/u_execute/u_register_bank/r13_svc_reg_14_/D   1.9947   4.9164 r  -2.9217 (VIOLATED)
   u_amber0/u_execute/u_register_bank/r13_reg_5_/D   1.9946   4.9162 r  -2.9216 (VIOLATED)
   u_amber0/u_execute/u_register_bank/r13_reg_7_/D   1.9946   4.9162 r  -2.9216 (VIOLATED)
   u_amber0/u_execute/u_register_bank/r13_reg_9_/D   1.9946   4.9162 r  -2.9216 (VIOLATED)
   u_amber0/u_execute/u_register_bank/r13_reg_10_/D   1.9946   4.9162 r  -2.9216 (VIOLATED)
   u_amber0/u_mem/u_dcache/c_state_reg_0_/D   1.9940   4.9153 f  -2.9213 (VIOLATED)
   u_amber0/u_execute/u_register_bank/r13_reg_3_/D   1.9946   4.9158 r  -2.9212 (VIOLATED)
   u_amber0/u_execute/u_register_bank/r13_reg_12_/D   1.9946   4.9158 r  -2.9212 (VIOLATED)
   u_amber0/u_execute/u_register_bank/r13_reg_6_/D   1.9947   4.9158 r  -2.9212 (VIOLATED)
   u_amber0/u_execute/u_register_bank/r13_reg_13_/D   1.9947   4.9158 r  -2.9212 (VIOLATED)
   u_amber0/u_execute/u_register_bank/r13_reg_15_/D   1.9947   4.9158 r  -2.9212 (VIOLATED)
   u_amber0/u_execute/u_register_bank/r13_reg_16_/D   1.9947   4.9158 r  -2.9212 (VIOLATED)
   u_amber1/u_execute/u_register_bank/r9_reg_3_/D   1.9946   4.9157 f  -2.9211 (VIOLATED)
   u_amber1/u_execute/u_register_bank/r9_reg_5_/D   1.9946   4.9157 f  -2.9210 (VIOLATED)
   u_amber1/u_decode/control_state_reg_4_/D   1.9943   4.9153 f  -2.9210 (VIOLATED)
   u_amber1/u_execute/u_register_bank/r9_reg_1_/D   1.9947   4.9157 f  -2.9210 (VIOLATED)
   u_amber1/u_execute/u_register_bank/r8_reg_3_/D   1.9946   4.9155 f  -2.9208 (VIOLATED)
   u_amber1/u_execute/u_register_bank/r8_reg_2_/D   1.9946   4.9155 f  -2.9208 (VIOLATED)
   u_amber1/u_execute/u_register_bank/r8_reg_0_/D   1.9947   4.9155 f  -2.9208 (VIOLATED)
   u_amber1/u_execute/u_register_bank/r8_reg_1_/D   1.9947   4.9155 f  -2.9208 (VIOLATED)
   u_amber1/u_decode/hold_instruction_iabt_status_reg_6_/D   1.9946   4.9138 f  -2.9192 (VIOLATED)
   u_amber1/u_decode/o_interrupt_vector_sel_reg_1_/D   1.9946   4.9138 f  -2.9192 (VIOLATED)
   u_amber0/u_decode/fetch_instruction_r_reg_29_/D   1.9945   4.9131 r  -2.9186 (VIOLATED)
   u_amber1/u_execute/u_register_bank/r0_reg_2_/D   1.9944   4.9120 r  -2.9176 (VIOLATED)
   u_amber1/u_decode/adex_reg_reg/D   1.9946   4.9122 f    -2.9176  (VIOLATED)
   u_amber1/u_decode/o_copro_operation_reg_1_/D   1.9887   4.9050 r  -2.9163 (VIOLATED)
   u_amber1/u_decode/o_status_bits_sel_reg_1_/D   1.9887   4.9050 r  -2.9163 (VIOLATED)
   u_amber1/u_execute/u_register_bank/r14_reg_2_/D   1.9946   4.9108 r  -2.9161 (VIOLATED)
   u_amber1/u_execute/u_register_bank/r14_reg_7_/D   1.9947   4.9108 r  -2.9161 (VIOLATED)
   u_amber1/u_execute/u_register_bank/r14_reg_1_/D   1.9947   4.9107 r  -2.9161 (VIOLATED)
   u_amber1/u_execute/u_register_bank/r14_reg_5_/D   1.9947   4.9107 r  -2.9161 (VIOLATED)
   u_amber1/u_execute/u_register_bank/r14_reg_10_/D   1.9947   4.9107 r  -2.9161 (VIOLATED)
   u_amber1/u_execute/u_register_bank/r14_reg_9_/D   1.9947   4.9107 r  -2.9160 (VIOLATED)
   u_amber1/u_execute/u_register_bank/r14_reg_0_/D   1.9947   4.9107 r  -2.9160 (VIOLATED)
   u_amber1/u_execute/u_register_bank/r14_reg_11_/D   1.9947   4.9107 r  -2.9160 (VIOLATED)
   u_amber1/u_execute/u_register_bank/r14_reg_12_/D   1.9947   4.9107 r  -2.9160 (VIOLATED)
   u_amber1/u_execute/u_register_bank/r14_reg_13_/D   1.9947   4.9107 r  -2.9160 (VIOLATED)
   u_amber1/u_decode/o_condition_reg_0_/D   1.9891   4.9050 r  -2.9158 (VIOLATED)
   u_amber1/u_decode/o_load_rd_reg_4_/D   1.9891   4.9050 r  -2.9158 (VIOLATED)
   u_amber1/u_decode/o_shift_imm_zero_reg/D   1.9891   4.9050 r  -2.9158 (VIOLATED)
   u_amber1/u_execute/u_register_bank/r13_svc_reg_4_/D   1.9947   4.9098 r  -2.9151 (VIOLATED)
   u_amber1/u_decode/hold_instruction_adex_reg/D   1.9918   4.9061 r  -2.9144 (VIOLATED)
   u_amber1/u_execute/o_iaddress_valid_reg/D   1.9943   4.9080 f  -2.9137 (VIOLATED)
   u_amber1/u_execute/u_register_bank/r9_reg_2_/D   1.9953   4.9086 f  -2.9133 (VIOLATED)
   u_amber0/u_execute/R_3784/D   1.9945      4.9077 f      -2.9132  (VIOLATED)
   u_amber0/u_execute/R_4621/D   1.9945      4.9077 f      -2.9132  (VIOLATED)
   u_amber0/u_execute/R_5077/D   1.9945      4.9077 f      -2.9132  (VIOLATED)
   u_amber0/u_execute/u_register_bank/r13_svc_reg_15_/D   1.9946   4.9077 f  -2.9131 (VIOLATED)
   u_amber1/u_execute/u_register_bank/R_6142/D   1.9941   4.9069 f  -2.9128 (VIOLATED)
   u_amber0/u_wishbone/o_wb_adr_reg_20_/D   1.9947   4.9071 f  -2.9124 (VIOLATED)
   u_amber0/u_wishbone/o_wb_adr_reg_25_/D   1.9946   4.9070 f  -2.9123 (VIOLATED)
   u_amber0/u_wishbone/o_wb_adr_reg_24_/D   1.9946   4.9070 f  -2.9123 (VIOLATED)
   u_amber0/u_wishbone/o_wb_adr_reg_16_/D   1.9947   4.9070 f  -2.9123 (VIOLATED)
   u_amber0/u_wishbone/o_wb_adr_reg_18_/D   1.9947   4.9070 f  -2.9123 (VIOLATED)
   u_amber0/u_wishbone/o_wb_adr_reg_22_/D   1.9947   4.9070 f  -2.9123 (VIOLATED)
   u_amber0/u_wishbone/o_wb_adr_reg_26_/D   1.9947   4.9070 f  -2.9123 (VIOLATED)
   u_amber0/u_wishbone/o_wb_adr_reg_17_/D   1.9947   4.9070 f  -2.9123 (VIOLATED)
   u_amber0/u_wishbone/o_wb_adr_reg_19_/D   1.9947   4.9070 f  -2.9123 (VIOLATED)
   u_amber0/u_wishbone/o_wb_adr_reg_21_/D   1.9947   4.9070 f  -2.9123 (VIOLATED)
   u_amber0/u_wishbone/o_wb_adr_reg_23_/D   1.9947   4.9070 f  -2.9123 (VIOLATED)
   u_amber0/u_wishbone/o_wb_adr_reg_27_/D   1.9947   4.9070 f  -2.9123 (VIOLATED)
   u_amber1/u_wishbone/o_wb_adr_reg_31_/D   1.9947   4.9064 f  -2.9117 (VIOLATED)
   u_amber1/u_decode/o_alu_function_reg_6_/D   1.9842   4.8957 r  -2.9115 (VIOLATED)
   u_amber1/u_execute/u_register_bank/R_2511/D   1.9818   4.8931 r  -2.9114 (VIOLATED)
   u_amber0/u_decode/o_imm32_reg_9_/D   1.9947   4.9049 f  -2.9102  (VIOLATED)
   u_amber1/u_coprocessor/updateable_area_reg_0_/D   1.9938   4.9038 f  -2.9100 (VIOLATED)
   u_amber1/u_execute/u_register_bank/R_505/D   1.9943   4.9038 f  -2.9095 (VIOLATED)
   u_amber1/u_execute/u_register_bank/R_5777/D   1.9929   4.9021 r  -2.9092 (VIOLATED)
   u_amber0/u_wishbone/o_wb_adr_reg_15_/D   1.9945   4.9024 f  -2.9079 (VIOLATED)
   u_amber1/u_execute/u_register_bank/R_5755/D   1.9945   4.9021 r  -2.9076 (VIOLATED)
   u_amber1/u_execute/u_register_bank/R_1872/D   1.9943   4.9016 f  -2.9073 (VIOLATED)
   u_amber1/u_execute/u_register_bank/r11_reg_4_/D   1.9947   4.9017 r  -2.9070 (VIOLATED)
   u_amber1/u_execute/u_register_bank/r11_reg_8_/D   1.9947   4.9017 r  -2.9070 (VIOLATED)
   u_amber1/u_execute/u_register_bank/r11_reg_14_/D   1.9947   4.9011 r  -2.9064 (VIOLATED)
   u_amber1/u_execute/u_register_bank/R_5775/D   1.9890   4.8935 f  -2.9044 (VIOLATED)
   u_amber0/u_decode/o_reg_bank_wen_reg_13_/D   1.9944   4.8984 f  -2.9040 (VIOLATED)
   u_amber1/u_execute/u_register_bank/R_2522/D   1.9931   4.8960 f  -2.9029 (VIOLATED)
   u_amber1/u_execute/u_register_bank/r13_irq_reg_13_/D   1.9896   4.8925 r  -2.9029 (VIOLATED)
   u_amber1/u_execute/u_register_bank/r14_reg_6_/D   1.9944   4.8962 r  -2.9018 (VIOLATED)
   u_amber1/u_execute/u_register_bank/r9_reg_8_/D   1.9947   4.8964 f  -2.9017 (VIOLATED)
   u_amber1/u_execute/u_register_bank/r9_reg_14_/D   1.9947   4.8964 f  -2.9017 (VIOLATED)
   u_amber1/u_execute/u_register_bank/r9_reg_4_/D   1.9947   4.8964 f  -2.9017 (VIOLATED)
   u_amber1/u_execute/u_register_bank/r8_reg_8_/D   1.9947   4.8963 f  -2.9016 (VIOLATED)
   u_amber1/u_execute/u_register_bank/r8_reg_14_/D   1.9947   4.8963 f  -2.9016 (VIOLATED)
   u_amber1/u_decode/o_load_rd_reg_3_/D   1.9897   4.8901 r  -2.9004 (VIOLATED)
   u_amber1/u_execute/u_register_bank/r8_reg_4_/D   1.9946   4.8949 f  -2.9003 (VIOLATED)
   u_amber0/u_decode/control_state_reg_3_/D   1.9947   4.8939 f  -2.8993 (VIOLATED)
   u_amber0/u_execute/R_2085/D   1.9945      4.8935 f      -2.8989  (VIOLATED)
   u_amber0/u_mem/mem_read_data_r_reg_31_/D   1.9934   4.8919 r  -2.8985 (VIOLATED)
   u_amber1/u_execute/u_register_bank/r9_reg_0_/D   1.9945   4.8917 f  -2.8972 (VIOLATED)
   u_amber0/u_wishbone/o_wb_adr_reg_12_/D   1.9947   4.8916 f  -2.8970 (VIOLATED)
   u_amber1/u_execute/u_register_bank/R_3495/D   1.9942   4.8909 f  -2.8967 (VIOLATED)
   u_amber1/u_execute/u_register_bank/R_5719/D   1.9945   4.8911 r  -2.8966 (VIOLATED)
   u_amber1/u_execute/u_register_bank/R_5727/D   1.9945   4.8911 r  -2.8966 (VIOLATED)
   u_amber1/u_execute/u_register_bank/R_5729/D   1.9945   4.8911 r  -2.8966 (VIOLATED)
   u_amber1/u_decode/o_imm_shift_amount_reg_1_/D   1.9862   4.8827 r  -2.8965 (VIOLATED)
   u_amber1/u_execute/u_register_bank/r10_reg_2_/D   1.9946   4.8908 f  -2.8962 (VIOLATED)
   u_amber1/u_execute/u_register_bank/r10_reg_3_/D   1.9946   4.8907 f  -2.8961 (VIOLATED)
   u_amber1/u_execute/u_register_bank/r10_reg_5_/D   1.9946   4.8907 f  -2.8961 (VIOLATED)
   u_amber1/u_execute/u_register_bank/r10_reg_1_/D   1.9947   4.8907 f  -2.8960 (VIOLATED)
   u_amber0/u_mem/u_dcache/c_state_reg_1_/D   1.9911   4.8871 r  -2.8960 (VIOLATED)
   u_amber0/u_mem/u_dcache/c_state_reg_2_/D   1.9911   4.8871 r  -2.8960 (VIOLATED)
   u_amber1/u_execute/u_register_bank/R_5703/D   1.9938   4.8897 r  -2.8959 (VIOLATED)
   u_amber1/u_execute/u_register_bank/R_5705/D   1.9938   4.8897 r  -2.8959 (VIOLATED)
   u_amber1/u_decode/R_5516/D   1.9778       4.8736 f      -2.8957  (VIOLATED)
   u_amber0/u_decode/R_1213/D   1.9947       4.8903 r      -2.8956  (VIOLATED)
   u_amber0/u_execute/u_register_bank/r9_firq_reg_17_/D   1.9947   4.8902 f  -2.8955 (VIOLATED)
   u_amber0/u_execute/u_register_bank/r10_reg_17_/D   1.9947   4.8902 f  -2.8955 (VIOLATED)
   u_amber1/u_execute/u_register_bank/R_5801/D   1.9945   4.8897 f  -2.8953 (VIOLATED)
   u_amber1/u_execute/u_register_bank/R_5799/D   1.9945   4.8897 f  -2.8953 (VIOLATED)
   u_amber1/u_execute/u_register_bank/R_5795/D   1.9945   4.8897 f  -2.8952 (VIOLATED)
   u_amber0/u_execute/u_register_bank/R_2073/D   1.9947   4.8895 f  -2.8948 (VIOLATED)
   u_amber0/u_decode/o_rd_use_read_reg/D   1.9946   4.8894 f  -2.8948 (VIOLATED)
   u_amber1/u_execute/u_register_bank/R_5847/D   1.9944   4.8891 f  -2.8946 (VIOLATED)
   u_amber1/u_execute/u_register_bank/R_5849/D   1.9944   4.8891 f  -2.8946 (VIOLATED)
   u_amber1/u_execute/u_register_bank/R_5827/D   1.9944   4.8890 f  -2.8946 (VIOLATED)
   u_amber1/u_execute/u_register_bank/R_5753/D   1.9938   4.8882 r  -2.8944 (VIOLATED)
   u_amber0/u_decode/hold_instruction_reg_22_/D   1.9943   4.8881 r  -2.8938 (VIOLATED)
   u_amber1/u_execute/u_register_bank/R_5681/D   1.9945   4.8882 r  -2.8936 (VIOLATED)
   u_amber1/u_execute/u_register_bank/R_2515/D   1.9940   4.8876 f  -2.8935 (VIOLATED)
   u_amber0/u_decode/hold_instruction_reg_5_/D   1.9946   4.8881 f  -2.8935 (VIOLATED)
   u_amber1/u_execute/u_register_bank/R_6131/D   1.9869   4.8798 r  -2.8928 (VIOLATED)
   u_amber1/u_execute/u_register_bank/R_5669/D   1.9945   4.8871 f  -2.8926 (VIOLATED)
   u_amber1/u_execute/u_register_bank/R_6130/D   1.9872   4.8797 r  -2.8924 (VIOLATED)
   u_amber1/u_execute/u_register_bank/R_5679/D   1.9945   4.8869 f  -2.8924 (VIOLATED)
   u_amber1/u_decode/o_rn_sel_reg_1_/D   1.9941   4.8862 r  -2.8922 (VIOLATED)
   u_amber1/u_execute/u_register_bank/R_2389/D   1.9942   4.8863 f  -2.8921 (VIOLATED)
   u_amber1/u_execute/u_register_bank/r8_reg_11_/D   1.9947   4.8864 r  -2.8917 (VIOLATED)
   u_amber1/u_execute/u_register_bank/r8_reg_7_/D   1.9947   4.8864 r  -2.8917 (VIOLATED)
   u_amber1/u_execute/u_register_bank/r9_reg_9_/D   1.9947   4.8863 r  -2.8917 (VIOLATED)
   u_amber1/u_execute/u_register_bank/r9_reg_11_/D   1.9947   4.8863 r  -2.8917 (VIOLATED)
   u_amber1/u_execute/u_register_bank/r9_reg_6_/D   1.9947   4.8863 r  -2.8917 (VIOLATED)
   u_amber1/u_execute/u_register_bank/r9_reg_7_/D   1.9947   4.8863 r  -2.8917 (VIOLATED)
   u_amber1/u_execute/u_register_bank/r9_reg_13_/D   1.9947   4.8863 r  -2.8917 (VIOLATED)
   u_amber1/u_execute/u_register_bank/r9_reg_10_/D   1.9947   4.8863 r  -2.8917 (VIOLATED)
   u_amber1/u_execute/u_register_bank/r8_reg_9_/D   1.9947   4.8862 r  -2.8915 (VIOLATED)
   u_amber1/u_execute/u_register_bank/r8_reg_12_/D   1.9947   4.8862 r  -2.8915 (VIOLATED)
   u_amber1/u_decode/o_load_rd_reg_0_/D   1.9923   4.8829 r  -2.8905 (VIOLATED)
   u_amber1/u_decode/o_load_rd_reg_1_/D   1.9923   4.8829 r  -2.8905 (VIOLATED)
   u_amber1/u_decode/o_load_rd_reg_2_/D   1.9923   4.8829 r  -2.8905 (VIOLATED)
   u_amber0/u_execute/u_register_bank/r8_reg_15_/D   1.9946   4.8848 f  -2.8901 (VIOLATED)
   u_amber0/u_execute/u_register_bank/r10_firq_reg_15_/D   1.9946   4.8848 f  -2.8901 (VIOLATED)
   u_amber0/u_execute/u_register_bank/r0_reg_15_/D   1.9946   4.8847 f  -2.8901 (VIOLATED)
   u_amber0/u_execute/u_register_bank/r14_reg_15_/D   1.9947   4.8848 f  -2.8901 (VIOLATED)
   u_amber0/u_execute/u_register_bank/r11_reg_15_/D   1.9946   4.8847 f  -2.8901 (VIOLATED)
   u_amber0/u_execute/u_register_bank/r11_firq_reg_15_/D   1.9946   4.8847 f  -2.8901 (VIOLATED)
   u_amber0/u_mem/u_dcache/c_state_reg_3_/D   1.9943   4.8843 f  -2.8900 (VIOLATED)
   u_amber0/u_execute/u_register_bank/r9_reg_15_/D   1.9946   4.8846 f  -2.8900 (VIOLATED)
   u_amber0/u_execute/u_register_bank/r7_reg_15_/D   1.9946   4.8846 f  -2.8900 (VIOLATED)
   u_amber0/u_execute/u_register_bank/r12_reg_7_/D   1.9947   4.8837 r  -2.8890 (VIOLATED)
   u_amber0/u_decode/o_write_data_wen_reg/D   1.9920   4.8807 r  -2.8888 (VIOLATED)
   u_amber1/u_execute/u_register_bank/r10_reg_0_/D   1.9950   4.8837 f  -2.8887 (VIOLATED)
   u_amber0/u_decode/o_rm_use_read_reg/D   1.9946   4.8820 f  -2.8874 (VIOLATED)
   u_amber1/u_execute/u_multiply/product_reg_60_/D   1.9946   4.8818 f  -2.8872 (VIOLATED)
   u_amber1/u_execute/o_iaddress_reg_19_/D   1.9945   4.8810 f  -2.8865 (VIOLATED)
   u_amber0/u_execute/u_register_bank/R_236/D   1.9920   4.8781 f  -2.8861 (VIOLATED)
   u_amber1/u_coprocessor/updateable_area_reg_1_/D   1.9939   4.8799 f  -2.8860 (VIOLATED)
   u_amber1/u_coprocessor/updateable_area_reg_2_/D   1.9939   4.8799 f  -2.8860 (VIOLATED)
   u_amber1/u_coprocessor/updateable_area_reg_3_/D   1.9939   4.8799 f  -2.8860 (VIOLATED)
   u_amber1/u_coprocessor/updateable_area_reg_4_/D   1.9939   4.8799 f  -2.8860 (VIOLATED)
   u_amber1/u_coprocessor/updateable_area_reg_5_/D   1.9939   4.8799 f  -2.8860 (VIOLATED)
   u_amber1/u_coprocessor/updateable_area_reg_6_/D   1.9939   4.8799 f  -2.8860 (VIOLATED)
   u_amber1/u_coprocessor/updateable_area_reg_7_/D   1.9939   4.8799 f  -2.8860 (VIOLATED)
   u_amber1/u_coprocessor/updateable_area_reg_9_/D   1.9939   4.8799 f  -2.8860 (VIOLATED)
   u_amber1/u_coprocessor/updateable_area_reg_13_/D   1.9939   4.8799 f  -2.8860 (VIOLATED)
   u_amber1/u_coprocessor/updateable_area_reg_17_/D   1.9939   4.8799 f  -2.8860 (VIOLATED)
   u_amber1/u_coprocessor/updateable_area_reg_19_/D   1.9939   4.8799 f  -2.8860 (VIOLATED)
   u_amber1/u_coprocessor/updateable_area_reg_12_/D   1.9939   4.8797 f  -2.8857 (VIOLATED)
   u_amber1/u_coprocessor/updateable_area_reg_20_/D   1.9939   4.8797 f  -2.8857 (VIOLATED)
   u_amber1/u_coprocessor/updateable_area_reg_21_/D   1.9939   4.8797 f  -2.8857 (VIOLATED)
   u_amber1/u_coprocessor/updateable_area_reg_22_/D   1.9939   4.8797 f  -2.8857 (VIOLATED)
   u_amber1/u_coprocessor/updateable_area_reg_24_/D   1.9939   4.8797 f  -2.8857 (VIOLATED)
   u_amber1/u_coprocessor/updateable_area_reg_25_/D   1.9939   4.8797 f  -2.8857 (VIOLATED)
   u_amber1/u_coprocessor/updateable_area_reg_26_/D   1.9939   4.8797 f  -2.8857 (VIOLATED)
   u_amber1/u_coprocessor/updateable_area_reg_27_/D   1.9939   4.8797 f  -2.8857 (VIOLATED)
   u_amber1/u_coprocessor/updateable_area_reg_28_/D   1.9939   4.8797 f  -2.8857 (VIOLATED)
   u_amber1/u_coprocessor/updateable_area_reg_30_/D   1.9939   4.8797 f  -2.8857 (VIOLATED)
   u_amber1/u_coprocessor/updateable_area_reg_31_/D   1.9939   4.8797 f  -2.8857 (VIOLATED)
   u_amber0/u_execute/u_multiply/product_reg_0_/D   1.9916   4.8770 r  -2.8855 (VIOLATED)
   u_amber0/u_execute/u_register_bank/r12_firq_reg_8_/D   1.9946   4.8795 r  -2.8849 (VIOLATED)
   u_amber0/u_execute/u_register_bank/r12_firq_reg_14_/D   1.9946   4.8795 r  -2.8848 (VIOLATED)
   u_amber1/u_execute/u_register_bank/r8_reg_6_/D   1.9947   4.8791 r  -2.8844 (VIOLATED)
   u_amber0/u_execute/u_register_bank/R_4736/D   1.9940   4.8780 f  -2.8840 (VIOLATED)
   u_amber0/u_execute/u_register_bank/R_5209/D   1.9940   4.8780 f  -2.8840 (VIOLATED)
   u_amber1/u_execute/u_multiply/product_reg_33_/D   1.9944   4.8783 r  -2.8839 (VIOLATED)
   u_amber0/u_execute/u_register_bank/r12_firq_reg_4_/D   1.9945   4.8776 r  -2.8831 (VIOLATED)
   u_amber1/u_execute/u_multiply/product_reg_37_/D   1.9946   4.8775 f  -2.8829 (VIOLATED)
   u_amber1/u_execute/u_multiply/product_reg_48_/D   1.9946   4.8775 f  -2.8829 (VIOLATED)
   u_amber1/u_execute/u_multiply/product_reg_39_/D   1.9946   4.8775 f  -2.8829 (VIOLATED)
   u_amber1/u_execute/u_multiply/product_reg_34_/D   1.9946   4.8775 f  -2.8829 (VIOLATED)
   u_amber1/u_execute/u_multiply/product_reg_35_/D   1.9946   4.8775 f  -2.8829 (VIOLATED)
   u_amber1/u_execute/u_multiply/product_reg_43_/D   1.9946   4.8775 f  -2.8829 (VIOLATED)
   u_amber1/u_execute/u_multiply/product_reg_45_/D   1.9946   4.8775 f  -2.8829 (VIOLATED)
   u_amber1/u_execute/u_multiply/product_reg_51_/D   1.9946   4.8775 f  -2.8829 (VIOLATED)
   u_amber1/u_execute/u_multiply/product_reg_55_/D   1.9946   4.8775 f  -2.8829 (VIOLATED)
   u_amber1/u_execute/u_multiply/product_reg_59_/D   1.9946   4.8775 f  -2.8829 (VIOLATED)
   u_amber1/u_execute/u_multiply/product_reg_41_/D   1.9946   4.8775 f  -2.8829 (VIOLATED)
   u_amber1/u_execute/u_multiply/product_reg_52_/D   1.9946   4.8775 f  -2.8829 (VIOLATED)
   u_amber1/u_execute/u_multiply/product_reg_56_/D   1.9946   4.8775 f  -2.8829 (VIOLATED)
   u_amber1/u_execute/u_multiply/product_reg_42_/D   1.9946   4.8775 f  -2.8828 (VIOLATED)
   u_amber1/u_execute/u_multiply/product_reg_44_/D   1.9946   4.8775 f  -2.8828 (VIOLATED)
   u_amber1/u_execute/u_multiply/product_reg_49_/D   1.9946   4.8775 f  -2.8828 (VIOLATED)
   u_amber1/u_execute/u_multiply/product_reg_57_/D   1.9946   4.8775 f  -2.8828 (VIOLATED)
   u_amber1/u_execute/u_multiply/product_reg_36_/D   1.9946   4.8775 f  -2.8828 (VIOLATED)
   u_amber1/u_execute/u_multiply/product_reg_38_/D   1.9946   4.8775 f  -2.8828 (VIOLATED)
   u_amber0/u_decode/saved_current_instruction_reg_1_/D   1.9821   4.8643 f  -2.8822 (VIOLATED)
   u_amber1/u_coprocessor/updateable_area_reg_23_/D   1.9887   4.8705 f  -2.8818 (VIOLATED)
   u_amber0/u_execute/R_1994/D   1.9933      4.8746 r      -2.8813  (VIOLATED)
   u_amber0/u_execute/u_register_bank/r14_svc_reg_8_/D   1.9946   4.8751 r  -2.8805 (VIOLATED)
   u_amber0/u_execute/u_register_bank/r14_svc_reg_14_/D   1.9946   4.8751 r  -2.8805 (VIOLATED)
   u_amber1/u_execute/u_register_bank/R_6003/D   1.9884   4.8688 f  -2.8804 (VIOLATED)
   u_amber1/u_decode/o_write_data_wen_reg/D   1.9940   4.8735 f  -2.8795 (VIOLATED)
   u_amber1/u_mem/u_dcache/source_sel_reg_3_/D   1.9896   4.8680 r  -2.8784 (VIOLATED)
   u_amber0/u_decode/o_barrel_shift_function_reg_0_/D   1.9940   4.8720 f  -2.8780 (VIOLATED)
   u_amber1/u_execute/u_register_bank/r12_reg_8_/D   1.9947   4.8726 r  -2.8779 (VIOLATED)
   u_amber1/u_execute/u_register_bank/r12_reg_17_/D   1.9946   4.8721 r  -2.8774 (VIOLATED)
   u_amber1/u_execute/u_register_bank/r12_reg_14_/D   1.9947   4.8721 r  -2.8774 (VIOLATED)
   u_amber0/u_execute/u_register_bank/r15_reg_0_/D   1.9947   4.8718 r  -2.8771 (VIOLATED)
   u_amber0/u_execute/u_register_bank/r15_reg_4_/D   1.9947   4.8718 r  -2.8771 (VIOLATED)
   u_amber1/u_execute/u_register_bank/R_5821/D   1.9944   4.8714 f  -2.8770 (VIOLATED)
   u_amber1/u_execute/u_register_bank/R_5823/D   1.9944   4.8714 f  -2.8770 (VIOLATED)
   u_amber1/u_execute/u_register_bank/R_5825/D   1.9944   4.8714 f  -2.8770 (VIOLATED)
   u_amber1/u_coprocessor/updateable_area_reg_14_/D   1.9937   4.8707 f  -2.8770 (VIOLATED)
   u_amber1/u_execute/u_register_bank/r10_reg_4_/D   1.9947   4.8716 f  -2.8769 (VIOLATED)
   u_amber1/u_execute/u_register_bank/r10_reg_8_/D   1.9947   4.8716 f  -2.8769 (VIOLATED)
   u_amber1/u_coprocessor/updateable_area_reg_29_/D   1.9937   4.8704 f  -2.8767 (VIOLATED)
   u_amber1/u_execute/o_iaddress_reg_16_/D   1.9945   4.8710 f  -2.8765 (VIOLATED)
   u_amber1/u_execute/o_iaddress_reg_0_/D   1.9945   4.8710 f  -2.8765 (VIOLATED)
   u_amber1/u_execute/o_iaddress_reg_10_/D   1.9945   4.8710 f  -2.8765 (VIOLATED)
   u_amber1/u_execute/u_register_bank/R_3628/D   1.9842   4.8606 f  -2.8764 (VIOLATED)
   u_amber0/u_decode/o_interrupt_vector_sel_reg_0_/D   1.9901   4.8648 r  -2.8747 (VIOLATED)
   u_amber0/u_decode/o_rn_sel_reg_0_/D   1.9901   4.8648 r  -2.8747 (VIOLATED)
   u_amber0/u_decode/o_rn_sel_reg_2_/D   1.9901   4.8648 r  -2.8747 (VIOLATED)
   u_amber0/u_decode/o_alu_function_reg_5_/D   1.9902   4.8648 r  -2.8745 (VIOLATED)
   u_amber0/u_decode/control_state_reg_0_/D   1.9947   4.8688 f  -2.8741 (VIOLATED)
   u_amber0/u_decode/o_alu_function_reg_4_/D   1.9908   4.8648 r  -2.8739 (VIOLATED)
   u_amber0/u_decode/o_byte_enable_sel_reg_0_/D   1.9908   4.8648 r  -2.8739 (VIOLATED)
   u_amber0/u_decode/o_copro_crn_reg_2_/D   1.9908   4.8648 r  -2.8739 (VIOLATED)
   u_amber1/u_decode/R_3525/D   1.9941       4.8678 f      -2.8736  (VIOLATED)
   u_amber0/u_execute/u_register_bank/r13_irq_reg_0_/D   1.9946   4.8682 r  -2.8736 (VIOLATED)
   u_amber1/u_execute/u_register_bank/R_4808/D   1.9943   4.8677 f  -2.8735 (VIOLATED)
   u_amber1/u_execute/u_register_bank/R_4810/D   1.9943   4.8677 f  -2.8735 (VIOLATED)
   u_amber1/u_execute/u_register_bank/R_5265/D   1.9943   4.8677 f  -2.8735 (VIOLATED)
   u_amber1/u_execute/u_register_bank/R_5267/D   1.9943   4.8677 f  -2.8735 (VIOLATED)
   u_amber1/u_execute/u_register_bank/R_3491/D   1.9943   4.8677 f  -2.8734 (VIOLATED)
   u_amber1/u_execute/u_register_bank/R_1456/D   1.9943   4.8677 f  -2.8734 (VIOLATED)
   u_amber1/u_execute/u_register_bank/R_1458/D   1.9943   4.8677 f  -2.8734 (VIOLATED)
   u_amber1/u_execute/u_register_bank/R_2642/D   1.9943   4.8677 f  -2.8734 (VIOLATED)
   u_amber1/u_execute/u_register_bank/R_2644/D   1.9943   4.8677 f  -2.8734 (VIOLATED)
   u_amber0/u_execute/u_register_bank/r13_irq_reg_5_/D   1.9947   4.8680 r  -2.8733 (VIOLATED)
   u_amber1/u_execute/u_register_bank/R_1538/D   1.9944   4.8677 f  -2.8733 (VIOLATED)
   u_amber1/u_execute/u_register_bank/R_1540/D   1.9944   4.8677 f  -2.8733 (VIOLATED)
   u_amber1/u_execute/u_register_bank/R_3626/D   1.9944   4.8677 f  -2.8733 (VIOLATED)
   u_amber1/u_execute/u_register_bank/R_2596/D   1.9944   4.8677 f  -2.8733 (VIOLATED)
   u_amber1/u_execute/u_register_bank/R_2618/D   1.9944   4.8677 f  -2.8733 (VIOLATED)
   u_amber1/u_execute/u_register_bank/R_1037/D   1.9945   4.8677 f  -2.8733 (VIOLATED)
   u_amber1/u_execute/u_register_bank/R_921/D   1.9945   4.8677 f  -2.8733 (VIOLATED)
   u_amber1/u_execute/u_register_bank/R_923/D   1.9945   4.8677 f  -2.8733 (VIOLATED)
   u_amber1/u_execute/u_register_bank/R_1810/D   1.9945   4.8677 f  -2.8733 (VIOLATED)
   u_amber0/u_execute/u_register_bank/R_5985/D   1.9872   4.8604 f  -2.8732 (VIOLATED)
   u_amber1/u_execute/u_register_bank/R_269/D   1.9945   4.8677 f  -2.8732 (VIOLATED)
   u_amber1/u_execute/u_register_bank/R_1035/D   1.9945   4.8677 f  -2.8732 (VIOLATED)
   u_amber1/u_execute/u_register_bank/R_1152/D   1.9945   4.8677 f  -2.8732 (VIOLATED)
   u_amber1/u_execute/u_register_bank/R_1154/D   1.9945   4.8677 f  -2.8732 (VIOLATED)
   u_amber1/u_execute/u_register_bank/R_1860/D   1.9945   4.8677 f  -2.8732 (VIOLATED)
   u_amber1/u_execute/u_register_bank/R_1287/D   1.9946   4.8677 f  -2.8732 (VIOLATED)
   u_amber1/u_execute/u_register_bank/R_1289/D   1.9946   4.8677 f  -2.8732 (VIOLATED)
   u_amber1/u_execute/u_register_bank/R_277/D   1.9945   4.8677 f  -2.8732 (VIOLATED)
   u_amber1/u_execute/u_register_bank/R_322/D   1.9944   4.8675 f  -2.8731 (VIOLATED)
   u_amber1/u_execute/u_register_bank/R_260/D   1.9943   4.8674 f  -2.8731 (VIOLATED)
   u_amber1/u_execute/u_register_bank/R_5609/D   1.9944   4.8675 f  -2.8731 (VIOLATED)
   u_amber1/u_execute/u_register_bank/R_2695/D   1.9944   4.8675 f  -2.8731 (VIOLATED)
   u_amber1/u_execute/u_register_bank/R_320/D   1.9944   4.8674 f  -2.8731 (VIOLATED)
   u_amber1/u_execute/u_register_bank/R_968/D   1.9944   4.8675 f  -2.8731 (VIOLATED)
   u_amber1/u_execute/u_register_bank/R_5607/D   1.9944   4.8674 f  -2.8730 (VIOLATED)
   u_amber1/u_execute/u_register_bank/R_2693/D   1.9944   4.8674 f  -2.8730 (VIOLATED)
   u_amber1/u_execute/u_register_bank/R_5036/D   1.9944   4.8674 f  -2.8730 (VIOLATED)
   u_amber1/u_execute/u_register_bank/R_1082/D   1.9945   4.8675 f  -2.8730 (VIOLATED)
   u_amber1/u_execute/u_register_bank/R_1080/D   1.9945   4.8674 f  -2.8729 (VIOLATED)
   u_amber0/u_execute/u_register_bank/r13_irq_reg_6_/D   1.9947   4.8674 r  -2.8727 (VIOLATED)
   u_amber0/u_execute/u_register_bank/r13_irq_reg_9_/D   1.9947   4.8674 r  -2.8727 (VIOLATED)
   u_amber1/u_execute/u_register_bank/R_5683/D   1.9929   4.8656 r  -2.8726 (VIOLATED)
   u_amber0/u_execute/u_register_bank/r13_irq_reg_10_/D   1.9947   4.8673 r  -2.8726 (VIOLATED)
   u_amber0/u_execute/u_register_bank/r13_irq_reg_11_/D   1.9947   4.8673 r  -2.8726 (VIOLATED)
   u_amber0/u_execute/u_register_bank/r13_irq_reg_1_/D   1.9947   4.8671 r  -2.8725 (VIOLATED)
   u_amber1/u_execute/u_register_bank/r10_reg_14_/D   1.9947   4.8664 f  -2.8718 (VIOLATED)
   u_amber0/u_execute/u_register_bank/r12_firq_reg_0_/D   1.9946   4.8662 r  -2.8715 (VIOLATED)
   u_amber0/u_execute/u_register_bank/r12_firq_reg_1_/D   1.9946   4.8662 r  -2.8715 (VIOLATED)
   u_amber1/u_decode/R_5509/D   1.9806       4.8512 r      -2.8706  (VIOLATED)
   u_amber0/u_decode/o_rn_use_read_reg/D   1.9946   4.8651 f  -2.8705 (VIOLATED)
   u_amber0/u_execute/o_iaddress_valid_reg/D   1.9942   4.8645 f  -2.8703 (VIOLATED)
   u_amber1/u_mem/u_dcache/source_sel_reg_2_/D   1.9939   4.8642 r  -2.8702 (VIOLATED)
   u_amber0/u_execute/u_register_bank/r2_reg_15_/D   1.9946   4.8641 f  -2.8694 (VIOLATED)
   u_amber0/u_execute/u_register_bank/r4_reg_15_/D   1.9946   4.8640 f  -2.8694 (VIOLATED)
   u_amber0/u_execute/u_register_bank/r1_reg_15_/D   1.9946   4.8638 f  -2.8691 (VIOLATED)
   u_amber0/u_execute/u_register_bank/r6_reg_15_/D   1.9946   4.8637 f  -2.8690 (VIOLATED)
   u_amber0/u_execute/u_register_bank/r5_reg_15_/D   1.9946   4.8637 f  -2.8690 (VIOLATED)
   u_amber1/u_execute/u_register_bank/r14_irq_reg_15_/D   1.9947   4.8632 f  -2.8685 (VIOLATED)
   u_amber0/u_execute/u_register_bank/r0_reg_0_/D   1.9946   4.8627 r  -2.8680 (VIOLATED)
   u_amber0/u_execute/u_register_bank/r0_reg_3_/D   1.9946   4.8625 r  -2.8678 (VIOLATED)
   u_amber0/u_execute/u_register_bank/r0_reg_11_/D   1.9946   4.8625 r  -2.8678 (VIOLATED)
   u_amber0/u_execute/u_register_bank/r9_firq_reg_15_/D   1.9946   4.8622 r  -2.8676 (VIOLATED)
   u_amber0/u_execute/u_register_bank/r9_firq_reg_11_/D   1.9946   4.8621 r  -2.8675 (VIOLATED)
   u_amber0/u_execute/u_register_bank/R_2417/D   1.9943   4.8617 f  -2.8674 (VIOLATED)
   u_amber0/u_decode/o_copro_crn_reg_1_/D   1.9859   4.8533 r  -2.8673 (VIOLATED)
   u_amber1/u_execute/u_register_bank/r10_reg_11_/D   1.9947   4.8619 r  -2.8672 (VIOLATED)
   u_amber1/u_execute/u_register_bank/r10_reg_7_/D   1.9947   4.8619 r  -2.8672 (VIOLATED)
   u_amber0/u_decode/o_rn_sel_reg_3_/D   1.9941   4.8609 r  -2.8668 (VIOLATED)
   u_amber0/u_execute/u_register_bank/r8_firq_reg_15_/D   1.9947   4.8615 f  -2.8668 (VIOLATED)
   u_amber1/u_execute/u_multiply/product_reg_46_/D   1.9824   4.8492 f  -2.8668 (VIOLATED)
   u_amber0/u_execute/u_register_bank/r14_irq_reg_15_/D   1.9946   4.8614 f  -2.8667 (VIOLATED)
   u_amber1/u_execute/u_register_bank/r10_reg_9_/D   1.9947   4.8613 r  -2.8667 (VIOLATED)
   u_amber1/u_execute/u_register_bank/r10_reg_12_/D   1.9947   4.8613 r  -2.8667 (VIOLATED)
   u_amber1/u_execute/u_register_bank/r10_reg_10_/D   1.9947   4.8613 r  -2.8666 (VIOLATED)
   u_amber1/u_execute/u_register_bank/R_1020/D   1.9944   4.8611 f  -2.8666 (VIOLATED)
   u_amber0/u_execute/u_register_bank/r14_svc_reg_15_/D   1.9947   4.8613 f  -2.8666 (VIOLATED)
   u_amber0/u_execute/u_register_bank/r9_firq_reg_13_/D   1.9946   4.8612 r  -2.8666 (VIOLATED)
   u_amber1/u_execute/u_register_bank/R_1158/D   1.9945   4.8608 f  -2.8663 (VIOLATED)
   u_amber1/u_execute/u_register_bank/r7_reg_2_/D   1.9947   4.8609 r  -2.8662 (VIOLATED)
   u_amber0/u_execute/u_register_bank/r10_reg_15_/D   1.9945   4.8605 f  -2.8660 (VIOLATED)
   u_amber0/u_execute/u_register_bank/r13_irq_reg_15_/D   1.9947   4.8607 f  -2.8660 (VIOLATED)
   u_amber0/u_execute/u_register_bank/r8_firq_reg_13_/D   1.9946   4.8606 r  -2.8660 (VIOLATED)
   u_amber1/u_execute/u_register_bank/r7_reg_1_/D   1.9947   4.8605 r  -2.8659 (VIOLATED)
   u_amber1/u_execute/R_1720/D   1.9945      4.8602 r      -2.8657  (VIOLATED)
   u_amber0/u_execute/u_register_bank/r11_firq_reg_1_/D   1.9946   4.8602 f  -2.8656 (VIOLATED)
   u_amber1/u_execute/u_register_bank/R_5718/D   1.9943   4.8597 f  -2.8654 (VIOLATED)
   u_amber1/u_execute/u_register_bank/R_5714/D   1.9943   4.8597 f  -2.8654 (VIOLATED)
   u_amber1/u_execute/u_register_bank/R_5724/D   1.9943   4.8597 f  -2.8654 (VIOLATED)
   u_amber1/u_execute/u_register_bank/R_5726/D   1.9943   4.8597 f  -2.8654 (VIOLATED)
   u_amber1/u_execute/u_register_bank/R_3418/D   1.9943   4.8597 f  -2.8654 (VIOLATED)
   u_amber1/u_execute/u_register_bank/R_5712/D   1.9943   4.8597 f  -2.8654 (VIOLATED)
   u_amber1/u_execute/u_register_bank/R_5730/D   1.9943   4.8597 f  -2.8654 (VIOLATED)
   u_amber1/u_execute/u_register_bank/R_5720/D   1.9943   4.8597 f  -2.8654 (VIOLATED)
   u_amber0/u_execute/u_register_bank/r8_firq_reg_2_/D   1.9947   4.8599 r  -2.8653 (VIOLATED)
   u_amber1/u_execute/u_register_bank/R_1816/D   1.9945   4.8597 f  -2.8652 (VIOLATED)
   u_amber1/u_execute/u_register_bank/R_5766/D   1.9943   4.8593 f  -2.8650 (VIOLATED)
   u_amber1/u_execute/u_register_bank/R_5762/D   1.9943   4.8593 f  -2.8650 (VIOLATED)
   u_amber1/u_execute/u_register_bank/R_5772/D   1.9943   4.8593 f  -2.8650 (VIOLATED)
   u_amber1/u_execute/u_register_bank/R_5774/D   1.9943   4.8593 f  -2.8650 (VIOLATED)
   u_amber1/u_execute/u_register_bank/R_3493/D   1.9943   4.8593 f  -2.8650 (VIOLATED)
   u_amber1/u_execute/u_register_bank/R_5760/D   1.9943   4.8593 f  -2.8650 (VIOLATED)
   u_amber1/u_execute/u_register_bank/R_5778/D   1.9943   4.8593 f  -2.8650 (VIOLATED)
   u_amber1/u_execute/u_register_bank/R_5768/D   1.9943   4.8593 f  -2.8650 (VIOLATED)
   u_amber1/u_execute/u_register_bank/R_275/D   1.9944   4.8593 f  -2.8650 (VIOLATED)
   u_amber0/u_execute/u_register_bank/R_2083/D   1.9946   4.8595 f  -2.8649 (VIOLATED)
   u_amber1/u_execute/u_register_bank/R_1856/D   1.9944   4.8593 f  -2.8649 (VIOLATED)
   u_amber1/u_execute/R_2103/D   1.9876      4.8525 r      -2.8649  (VIOLATED)
   u_amber1/u_execute/u_register_bank/R_5694/D   1.9943   4.8591 f  -2.8648 (VIOLATED)
   u_amber1/u_execute/u_register_bank/R_5690/D   1.9943   4.8591 f  -2.8648 (VIOLATED)
   u_amber1/u_execute/u_register_bank/R_5700/D   1.9943   4.8591 f  -2.8648 (VIOLATED)
   u_amber1/u_execute/u_register_bank/R_5702/D   1.9943   4.8591 f  -2.8648 (VIOLATED)
   u_amber1/u_execute/u_register_bank/R_3416/D   1.9943   4.8591 f  -2.8648 (VIOLATED)
   u_amber1/u_execute/u_register_bank/R_5706/D   1.9943   4.8591 f  -2.8648 (VIOLATED)
   u_amber1/u_execute/u_register_bank/R_5696/D   1.9943   4.8591 f  -2.8648 (VIOLATED)
   u_amber1/u_execute/u_register_bank/R_262/D   1.9944   4.8591 f  -2.8647 (VIOLATED)
   u_amber1/u_execute/u_register_bank/R_1814/D   1.9945   4.8591 f  -2.8646 (VIOLATED)
   u_amber0/u_decode/o_barrel_shift_amount_sel_reg_0_/D   1.9940   4.8586 f  -2.8646 (VIOLATED)
   u_amber0/u_decode/R_1175/D   1.9947       4.8588 r      -2.8641  (VIOLATED)
   u_amber1/u_execute/base_address_reg_15_/D   1.9882   4.8522 r  -2.8640 (VIOLATED)
   u_amber1/u_execute/base_address_reg_17_/D   1.9882   4.8522 r  -2.8640 (VIOLATED)
   u_amber1/u_execute/base_address_reg_19_/D   1.9882   4.8522 r  -2.8640 (VIOLATED)
   u_amber1/u_execute/base_address_reg_21_/D   1.9882   4.8522 r  -2.8640 (VIOLATED)
   u_amber1/u_execute/base_address_reg_23_/D   1.9882   4.8522 r  -2.8640 (VIOLATED)
   u_amber1/u_execute/base_address_reg_13_/D   1.9882   4.8522 r  -2.8639 (VIOLATED)
   u_amber1/u_execute/base_address_reg_16_/D   1.9882   4.8522 r  -2.8639 (VIOLATED)
   u_amber1/u_execute/base_address_reg_20_/D   1.9882   4.8522 r  -2.8639 (VIOLATED)
   u_amber1/u_execute/base_address_reg_22_/D   1.9882   4.8522 r  -2.8639 (VIOLATED)
   u_amber1/u_decode/o_interrupt_vector_sel_reg_0_/D   1.9940   4.8574 f  -2.8634 (VIOLATED)
   u_amber1/u_decode/o_rn_sel_reg_0_/D   1.9940   4.8574 f  -2.8634 (VIOLATED)
   u_amber1/u_decode/o_rn_sel_reg_2_/D   1.9940   4.8574 f  -2.8634 (VIOLATED)
   u_amber1/u_execute/base_address_reg_14_/D   1.9889   4.8522 r  -2.8633 (VIOLATED)
   u_amber1/u_execute/base_address_reg_18_/D   1.9889   4.8522 r  -2.8633 (VIOLATED)
   u_amber1/u_execute/base_address_reg_24_/D   1.9889   4.8522 r  -2.8633 (VIOLATED)
   u_amber0/u_decode/hold_instruction_reg_29_/D   1.9921   4.8553 r  -2.8632 (VIOLATED)
   u_amber0/u_decode/hold_instruction_reg_31_/D   1.9921   4.8553 r  -2.8632 (VIOLATED)
   u_amber0/u_decode/o_rs_use_read_reg/D   1.9946   4.8577 f  -2.8631 (VIOLATED)
   u_amber0/u_execute/u_register_bank/R_872/D   1.9941   4.8571 f  -2.8630 (VIOLATED)
   u_amber0/u_execute/u_register_bank/R_1026/D   1.9941   4.8571 f  -2.8630 (VIOLATED)
   u_amber0/u_execute/u_register_bank/R_1338/D   1.9941   4.8571 f  -2.8630 (VIOLATED)
   u_amber0/u_execute/u_register_bank/r3_reg_15_/D   1.9948   4.8566 f  -2.8618 (VIOLATED)
   u_amber1/u_execute/u_register_bank/r11_reg_9_/D   1.9946   4.8562 r  -2.8616 (VIOLATED)
   u_amber1/u_execute/u_register_bank/r11_reg_11_/D   1.9946   4.8562 r  -2.8616 (VIOLATED)
   u_amber1/u_execute/u_register_bank/r11_reg_13_/D   1.9946   4.8562 r  -2.8616 (VIOLATED)
   u_amber1/u_execute/u_register_bank/r11_reg_2_/D   1.9947   4.8562 r  -2.8615 (VIOLATED)
   u_amber1/u_execute/u_register_bank/r11_reg_3_/D   1.9947   4.8562 r  -2.8615 (VIOLATED)
   u_amber1/u_execute/u_register_bank/r11_reg_5_/D   1.9947   4.8562 r  -2.8615 (VIOLATED)
   u_amber1/u_execute/u_register_bank/r11_reg_6_/D   1.9947   4.8562 r  -2.8615 (VIOLATED)
   u_amber1/u_execute/u_register_bank/r11_reg_7_/D   1.9947   4.8562 r  -2.8615 (VIOLATED)
   u_amber1/u_execute/base_address_reg_0_/D   1.9878   4.8488 r  -2.8610 (VIOLATED)
   u_amber1/u_execute/base_address_reg_4_/D   1.9878   4.8488 r  -2.8610 (VIOLATED)
   u_amber1/u_execute/base_address_reg_8_/D   1.9878   4.8488 r  -2.8610 (VIOLATED)
   u_amber1/u_execute/base_address_reg_26_/D   1.9878   4.8488 r  -2.8610 (VIOLATED)
   u_amber1/u_execute/base_address_reg_28_/D   1.9878   4.8488 r  -2.8610 (VIOLATED)
   u_amber1/u_execute/base_address_reg_29_/D   1.9878   4.8488 r  -2.8610 (VIOLATED)
   u_amber1/u_execute/base_address_reg_30_/D   1.9878   4.8488 r  -2.8610 (VIOLATED)
   u_amber1/u_execute/base_address_reg_31_/D   1.9878   4.8488 r  -2.8610 (VIOLATED)
   u_amber1/u_execute/base_address_reg_10_/D   1.9887   4.8493 f  -2.8606 (VIOLATED)
   u_amber1/u_execute/base_address_reg_25_/D   1.9887   4.8493 f  -2.8606 (VIOLATED)
   u_amber1/u_execute/u_register_bank/r12_reg_0_/D   1.9947   4.8550 r  -2.8604 (VIOLATED)
   u_amber1/u_execute/u_register_bank/r12_reg_3_/D   1.9947   4.8550 r  -2.8603 (VIOLATED)
   u_amber1/u_execute/u_register_bank/r12_reg_5_/D   1.9947   4.8550 r  -2.8603 (VIOLATED)
   u_amber1/u_execute/u_register_bank/r12_reg_6_/D   1.9947   4.8550 r  -2.8603 (VIOLATED)
   u_amber1/u_execute/u_register_bank/r12_reg_10_/D   1.9947   4.8550 r  -2.8603 (VIOLATED)
   u_amber1/u_execute/u_register_bank/r12_reg_12_/D   1.9947   4.8550 r  -2.8603 (VIOLATED)
   u_amber1/u_execute/u_register_bank/r12_reg_9_/D   1.9947   4.8549 r  -2.8602 (VIOLATED)
   u_amber1/u_execute/u_register_bank/r12_reg_11_/D   1.9947   4.8549 r  -2.8602 (VIOLATED)
   u_amber1/u_execute/u_register_bank/r12_reg_13_/D   1.9947   4.8549 r  -2.8602 (VIOLATED)
   u_amber1/u_execute/u_register_bank/r4_reg_2_/D   1.9947   4.8545 r  -2.8599 (VIOLATED)
   u_amber1/u_execute/u_register_bank/r4_reg_1_/D   1.9947   4.8542 r  -2.8595 (VIOLATED)
   u_amber1/u_fetch/u_cache/init_count_reg_8_/D   1.9945   4.8537 r  -2.8592 (VIOLATED)
   u_amber0/u_execute/u_register_bank/R_40/D   1.9889   4.8479 f  -2.8590 (VIOLATED)
   u_amber1/u_execute/o_iaddress_reg_15_/D   1.9945   4.8534 f  -2.8588 (VIOLATED)
   u_amber1/u_execute/o_iaddress_reg_5_/D   1.9945   4.8534 f  -2.8588 (VIOLATED)
   u_amber0/u_execute/u_register_bank/r14_svc_reg_4_/D   1.9896   4.8478 r  -2.8582 (VIOLATED)
   u_amber1/u_execute/u_register_bank/r11_reg_1_/D   1.9947   4.8518 f  -2.8572 (VIOLATED)
   u_amber1/u_fetch/u_cache/address_r_reg_19_/D   1.9946   4.8514 f  -2.8568 (VIOLATED)
   u_amber1/u_execute/u_register_bank/r12_reg_7_/D   1.9947   4.8509 f  -2.8563 (VIOLATED)
   u_amber0/u_execute/u_register_bank/r12_reg_15_/D   1.9945   4.8506 f  -2.8561 (VIOLATED)
   u_amber1/u_execute/base_address_reg_12_/D   1.9844   4.8393 r  -2.8549 (VIOLATED)
   u_amber1/u_execute/base_address_reg_27_/D   1.9846   4.8393 r  -2.8547 (VIOLATED)
   u_amber1/u_execute/u_register_bank/R_497/D   1.9939   4.8483 f  -2.8544 (VIOLATED)
   u_amber1/u_execute/u_register_bank/r11_reg_12_/D   1.9947   4.8490 r  -2.8543 (VIOLATED)
   u_amber0/u_execute/u_register_bank/R_2026/D   1.9944   4.8480 f  -2.8536 (VIOLATED)
   u_amber0/u_execute/u_register_bank/R_6069/D   1.9891   4.8424 f  -2.8534 (VIOLATED)
   u_amber1/u_execute/u_register_bank/r12_reg_2_/D   1.9947   4.8479 r  -2.8533 (VIOLATED)
   u_amber1/u_decode/o_reg_write_sel_reg_1_/D   1.9947   4.8471 f  -2.8525 (VIOLATED)
   u_amber1/u_execute/u_register_bank/r12_reg_4_/D   1.9947   4.8467 r  -2.8520 (VIOLATED)
   u_amber0/u_decode/o_base_address_wen_reg/D   1.9875   4.8392 r  -2.8517 (VIOLATED)
   u_amber0/u_execute/u_register_bank/r14_irq_reg_0_/D   1.9946   4.8460 r  -2.8514 (VIOLATED)
   u_amber0/u_execute/u_register_bank/r14_irq_reg_1_/D   1.9946   4.8460 r  -2.8514 (VIOLATED)
   u_amber0/u_execute/u_register_bank/r14_irq_reg_11_/D   1.9946   4.8458 r  -2.8513 (VIOLATED)
   u_amber0/u_execute/u_register_bank/r14_irq_reg_5_/D   1.9946   4.8459 r  -2.8512 (VIOLATED)
   u_amber0/u_execute/u_register_bank/r13_irq_reg_13_/D   1.9895   4.8407 r  -2.8512 (VIOLATED)
   u_amber0/u_execute/u_register_bank/r14_irq_reg_2_/D   1.9946   4.8457 r  -2.8512 (VIOLATED)
   u_amber1/u_execute/o_iaddress_reg_2_/D   1.9945   4.8455 f  -2.8510 (VIOLATED)
   u_amber1/u_execute/o_iaddress_reg_7_/D   1.9945   4.8454 f  -2.8509 (VIOLATED)
   u_amber1/u_execute/o_iaddress_reg_14_/D   1.9945   4.8454 f  -2.8509 (VIOLATED)
   u_amber1/u_execute/o_iaddress_reg_12_/D   1.9945   4.8454 f  -2.8509 (VIOLATED)
   u_amber1/u_execute/o_iaddress_reg_18_/D   1.9945   4.8454 f  -2.8509 (VIOLATED)
   u_amber0/u_execute/u_register_bank/r14_irq_reg_7_/D   1.9946   4.8453 r  -2.8507 (VIOLATED)
   u_amber0/u_execute/u_register_bank/r14_irq_reg_3_/D   1.9946   4.8453 r  -2.8507 (VIOLATED)
   u_amber0/u_execute/u_register_bank/r14_irq_reg_9_/D   1.9946   4.8453 r  -2.8507 (VIOLATED)
   u_amber0/u_execute/u_register_bank/r14_irq_reg_10_/D   1.9946   4.8451 r  -2.8504 (VIOLATED)
   u_amber0/u_execute/u_register_bank/r14_irq_reg_12_/D   1.9946   4.8451 r  -2.8504 (VIOLATED)
   u_amber0/u_decode/load_rd_d1_reg_3_/D   1.9887   4.8392 r  -2.8504 (VIOLATED)
   u_amber1/u_execute/u_register_bank/R_5790/D   1.9943   4.8442 f  -2.8499 (VIOLATED)
   u_amber1/u_execute/u_register_bank/R_5838/D   1.9943   4.8442 f  -2.8499 (VIOLATED)
   u_amber1/u_execute/u_register_bank/R_5786/D   1.9943   4.8442 f  -2.8499 (VIOLATED)
   u_amber1/u_execute/u_register_bank/R_5834/D   1.9943   4.8442 f  -2.8499 (VIOLATED)
   u_amber1/u_execute/u_register_bank/R_5796/D   1.9943   4.8442 f  -2.8499 (VIOLATED)
   u_amber1/u_execute/u_register_bank/R_5798/D   1.9943   4.8442 f  -2.8499 (VIOLATED)
   u_amber1/u_execute/u_register_bank/R_5844/D   1.9943   4.8442 f  -2.8499 (VIOLATED)
   u_amber1/u_execute/u_register_bank/R_5846/D   1.9943   4.8442 f  -2.8499 (VIOLATED)
   u_amber1/u_execute/u_register_bank/R_3414/D   1.9943   4.8442 f  -2.8499 (VIOLATED)
   u_amber1/u_execute/u_register_bank/R_3422/D   1.9943   4.8442 f  -2.8499 (VIOLATED)
   u_amber1/u_execute/u_register_bank/R_5784/D   1.9943   4.8442 f  -2.8499 (VIOLATED)
   u_amber1/u_execute/u_register_bank/R_5832/D   1.9943   4.8442 f  -2.8499 (VIOLATED)
   u_amber1/u_execute/u_register_bank/R_5802/D   1.9943   4.8442 f  -2.8499 (VIOLATED)
   u_amber1/u_execute/u_register_bank/R_5850/D   1.9943   4.8442 f  -2.8499 (VIOLATED)
   u_amber1/u_execute/u_register_bank/R_5792/D   1.9943   4.8442 f  -2.8499 (VIOLATED)
   u_amber1/u_execute/u_register_bank/R_5840/D   1.9943   4.8442 f  -2.8499 (VIOLATED)
   u_amber1/u_execute/u_register_bank/R_1812/D   1.9945   4.8442 f  -2.8497 (VIOLATED)
   u_amber1/u_execute/u_register_bank/R_1852/D   1.9945   4.8442 f  -2.8497 (VIOLATED)
   u_amber1/u_execute/u_register_bank/R_271/D   1.9945   4.8442 f  -2.8497 (VIOLATED)
   u_amber0/u_execute/u_register_bank/r13_irq_reg_12_/D   1.9945   4.8439 r  -2.8494 (VIOLATED)
   u_amber0/u_execute/u_register_bank/r13_irq_reg_2_/D   1.9945   4.8437 r  -2.8492 (VIOLATED)
   u_amber0/u_fetch/u_cache/init_count_reg_1_/D   1.9945   4.8435 r  -2.8490 (VIOLATED)
   u_amber0/u_fetch/u_cache/init_count_reg_2_/D   1.9945   4.8435 r  -2.8490 (VIOLATED)
   u_amber0/u_fetch/u_cache/init_count_reg_3_/D   1.9945   4.8435 r  -2.8490 (VIOLATED)
   u_amber0/u_fetch/u_cache/init_count_reg_4_/D   1.9945   4.8435 r  -2.8490 (VIOLATED)
   u_amber0/u_fetch/u_cache/init_count_reg_5_/D   1.9945   4.8435 r  -2.8490 (VIOLATED)
   u_amber0/u_fetch/u_cache/init_count_reg_6_/D   1.9945   4.8435 r  -2.8490 (VIOLATED)
   u_amber0/u_fetch/u_cache/init_count_reg_7_/D   1.9945   4.8435 r  -2.8490 (VIOLATED)
   u_amber0/u_decode/rm_conflict1_r_reg/D   1.9905   4.8392 r  -2.8486 (VIOLATED)
   u_amber0/u_decode/rs_conflict1_r_reg/D   1.9909   4.8392 r  -2.8483 (VIOLATED)
   u_amber0/u_decode/o_copro_operation_reg_0_/D   1.9913   4.8392 r  -2.8479 (VIOLATED)
   u_amber0/u_decode/o_copro_write_data_wen_reg/D   1.9913   4.8392 r  -2.8479 (VIOLATED)
   u_amber1/u_execute/u_register_bank/r11_reg_10_/D   1.9944   4.8417 r  -2.8473 (VIOLATED)
   u_amber1/u_decode/o_barrel_shift_function_reg_1_/D   1.9872   4.8343 r  -2.8471 (VIOLATED)
   u_amber1/u_execute/o_iaddress_reg_13_/D   1.9946   4.8415 f  -2.8469 (VIOLATED)
   u_amber1/u_execute/o_iaddress_reg_17_/D   1.9946   4.8415 f  -2.8469 (VIOLATED)
   u_amber1/u_execute/o_iaddress_reg_1_/D   1.9946   4.8415 f  -2.8469 (VIOLATED)
   u_amber1/u_execute/o_iaddress_reg_6_/D   1.9946   4.8415 f  -2.8469 (VIOLATED)
   u_amber1/u_execute/o_iaddress_reg_4_/D   1.9946   4.8414 f  -2.8468 (VIOLATED)
   u_amber0/u_execute/u_register_bank/r11_reg_5_/D   1.9830   4.8291 r  -2.8461 (VIOLATED)
   u_amber1/u_coprocessor/o_copro_read_data_reg_24_/D   1.9942   4.8393 f  -2.8451 (VIOLATED)
   u_amber1/u_coprocessor/o_copro_read_data_reg_17_/D   1.9942   4.8392 f  -2.8450 (VIOLATED)
   u_amber1/u_coprocessor/o_copro_read_data_reg_20_/D   1.9942   4.8392 f  -2.8450 (VIOLATED)
   u_amber0/u_decode/rd_conflict1_r_reg/D   1.9889   4.8339 r  -2.8449 (VIOLATED)
   u_amber0/u_decode/saved_current_instruction_address_reg_6_/D   1.9946   4.8396 f  -2.8449 (VIOLATED)
   u_amber0/u_decode/saved_current_instruction_address_reg_7_/D   1.9946   4.8396 f  -2.8449 (VIOLATED)
   u_amber0/u_decode/saved_current_instruction_address_reg_9_/D   1.9946   4.8396 f  -2.8449 (VIOLATED)
   u_amber0/u_decode/saved_current_instruction_address_reg_10_/D   1.9946   4.8396 f  -2.8449 (VIOLATED)
   u_amber0/u_decode/saved_current_instruction_address_reg_11_/D   1.9946   4.8396 f  -2.8449 (VIOLATED)
   u_amber0/u_decode/saved_current_instruction_address_reg_13_/D   1.9946   4.8396 f  -2.8449 (VIOLATED)
   u_amber0/u_decode/saved_current_instruction_address_reg_14_/D   1.9946   4.8396 f  -2.8449 (VIOLATED)
   u_amber0/u_decode/saved_current_instruction_address_reg_15_/D   1.9946   4.8396 f  -2.8449 (VIOLATED)
   u_amber0/u_decode/saved_current_instruction_address_reg_16_/D   1.9946   4.8396 f  -2.8449 (VIOLATED)
   u_amber0/u_decode/saved_current_instruction_address_reg_17_/D   1.9946   4.8396 f  -2.8449 (VIOLATED)
   u_amber0/u_decode/saved_current_instruction_address_reg_18_/D   1.9946   4.8396 f  -2.8449 (VIOLATED)
   u_amber0/u_decode/saved_current_instruction_address_reg_19_/D   1.9946   4.8396 f  -2.8449 (VIOLATED)
   u_amber0/u_decode/saved_current_instruction_address_reg_20_/D   1.9946   4.8396 f  -2.8449 (VIOLATED)
   u_amber0/u_decode/saved_current_instruction_address_reg_21_/D   1.9946   4.8396 f  -2.8449 (VIOLATED)
   u_amber0/u_decode/saved_current_instruction_address_reg_22_/D   1.9946   4.8396 f  -2.8449 (VIOLATED)
   u_amber0/u_decode/saved_current_instruction_address_reg_23_/D   1.9946   4.8396 f  -2.8449 (VIOLATED)
   u_amber0/u_decode/saved_current_instruction_address_reg_25_/D   1.9946   4.8396 f  -2.8449 (VIOLATED)
   u_amber0/u_decode/saved_current_instruction_address_reg_26_/D   1.9946   4.8396 f  -2.8449 (VIOLATED)
   u_amber0/u_decode/saved_current_instruction_iabt_status_reg_4_/D   1.9946   4.8396 f  -2.8449 (VIOLATED)
   u_amber1/u_execute/R_1482/D   1.9943      4.8382 r      -2.8439  (VIOLATED)
   u_amber1/u_execute/u_register_bank/R_5708/D   1.9942   4.8378 f  -2.8435 (VIOLATED)
   u_amber1/u_execute/u_register_bank/R_4746/D   1.9943   4.8378 f  -2.8435 (VIOLATED)
   u_amber1/u_execute/u_register_bank/R_5230/D   1.9943   4.8378 f  -2.8435 (VIOLATED)
   u_amber1/u_execute/u_register_bank/R_5722/D   1.9943   4.8378 f  -2.8435 (VIOLATED)
   u_amber1/u_execute/u_register_bank/R_5716/D   1.9943   4.8378 f  -2.8435 (VIOLATED)
   u_amber1/u_execute/u_register_bank/R_5728/D   1.9943   4.8378 f  -2.8435 (VIOLATED)
   u_amber1/u_execute/u_register_bank/R_5710/D   1.9943   4.8378 f  -2.8435 (VIOLATED)
   u_amber1/u_execute/u_register_bank/R_1444/D   1.9943   4.8378 f  -2.8435 (VIOLATED)
   u_amber1/u_execute/u_register_bank/R_5756/D   1.9941   4.8375 f  -2.8433 (VIOLATED)
   u_amber1/u_execute/u_register_bank/R_911/D   1.9945   4.8378 f  -2.8433 (VIOLATED)
   u_amber1/u_execute/u_register_bank/R_5684/D   1.9942   4.8375 f  -2.8432 (VIOLATED)
   u_amber1/u_execute/u_register_bank/R_4744/D   1.9943   4.8375 f  -2.8432 (VIOLATED)
   u_amber1/u_execute/u_register_bank/R_4804/D   1.9943   4.8375 f  -2.8432 (VIOLATED)
   u_amber1/u_execute/u_register_bank/R_5228/D   1.9943   4.8375 f  -2.8432 (VIOLATED)
   u_amber1/u_execute/u_register_bank/R_5261/D   1.9943   4.8375 f  -2.8432 (VIOLATED)
   u_amber1/u_execute/u_register_bank/R_5698/D   1.9943   4.8375 f  -2.8432 (VIOLATED)
   u_amber1/u_execute/u_register_bank/R_5770/D   1.9943   4.8375 f  -2.8432 (VIOLATED)
   u_amber1/u_execute/u_register_bank/R_5692/D   1.9943   4.8375 f  -2.8432 (VIOLATED)
   u_amber1/u_execute/u_register_bank/R_5776/D   1.9943   4.8375 f  -2.8432 (VIOLATED)
   u_amber1/u_execute/u_register_bank/R_5686/D   1.9943   4.8375 f  -2.8432 (VIOLATED)
   u_amber1/u_execute/u_register_bank/R_5758/D   1.9943   4.8375 f  -2.8432 (VIOLATED)
   u_amber1/u_execute/u_register_bank/R_1442/D   1.9943   4.8375 f  -2.8432 (VIOLATED)
   u_amber1/u_execute/u_register_bank/R_1454/D   1.9943   4.8375 f  -2.8432 (VIOLATED)
   u_amber1/u_execute/u_register_bank/R_2602/D   1.9943   4.8375 f  -2.8432 (VIOLATED)
   u_amber1/u_execute/u_register_bank/R_2638/D   1.9943   4.8375 f  -2.8432 (VIOLATED)
   u_amber0/u_execute/u_register_bank/r0_reg_7_/D   1.9944   4.8375 r  -2.8430 (VIOLATED)
   u_amber1/u_execute/u_register_bank/R_919/D   1.9944   4.8375 f  -2.8430 (VIOLATED)
   u_amber1/u_execute/u_register_bank/R_1018/D   1.9945   4.8375 f  -2.8430 (VIOLATED)
   u_amber1/u_execute/u_register_bank/R_909/D   1.9945   4.8375 f  -2.8430 (VIOLATED)
   u_amber1/u_execute/u_register_bank/R_1033/D   1.9945   4.8375 f  -2.8430 (VIOLATED)
   u_amber1/u_execute/u_register_bank/R_1128/D   1.9945   4.8375 f  -2.8430 (VIOLATED)
   u_amber0/u_execute/u_register_bank/r11_firq_reg_9_/D   1.9946   4.8375 f  -2.8429 (VIOLATED)
   u_amber0/u_execute/u_register_bank/r11_firq_reg_6_/D   1.9946   4.8375 f  -2.8429 (VIOLATED)
   u_amber0/u_execute/u_register_bank/r11_firq_reg_12_/D   1.9946   4.8375 f  -2.8429 (VIOLATED)
   u_amber0/u_execute/u_register_bank/r11_firq_reg_10_/D   1.9946   4.8375 f  -2.8429 (VIOLATED)
   u_amber0/u_execute/u_register_bank/r11_firq_reg_13_/D   1.9946   4.8375 f  -2.8429 (VIOLATED)
   u_amber0/u_execute/u_register_bank/r11_firq_reg_5_/D   1.9946   4.8375 f  -2.8429 (VIOLATED)
   u_amber0/u_execute/u_register_bank/r11_firq_reg_7_/D   1.9946   4.8373 f  -2.8426 (VIOLATED)
   u_amber0/u_execute/u_register_bank/r11_firq_reg_11_/D   1.9946   4.8373 f  -2.8426 (VIOLATED)
   u_amber0/u_execute/u_register_bank/r11_firq_reg_0_/D   1.9947   4.8371 f  -2.8425 (VIOLATED)
   u_amber0/u_execute/u_register_bank/r13_svc_reg_0_/D   1.9947   4.8370 r  -2.8423 (VIOLATED)
   u_amber1/u_execute/u_register_bank/R_6140/D   1.9941   4.8361 f  -2.8420 (VIOLATED)
   u_amber1/u_execute/u_register_bank/R_1530/D   1.9944   4.8360 f  -2.8416 (VIOLATED)
   u_amber1/u_execute/u_register_bank/R_5028/D   1.9944   4.8360 f  -2.8416 (VIOLATED)
   u_amber1/u_execute/u_register_bank/R_3616/D   1.9944   4.8360 f  -2.8416 (VIOLATED)
   u_amber1/u_execute/u_register_bank/R_1532/D   1.9944   4.8356 f  -2.8412 (VIOLATED)
   u_amber1/u_execute/u_register_bank/R_5030/D   1.9944   4.8356 f  -2.8412 (VIOLATED)
   u_amber0/u_fetch/u_cache/random_num_reg_2_/D   1.9939   4.8349 f  -2.8410 (VIOLATED)
   u_amber0/u_fetch/u_cache/random_num_reg_1_/D   1.9939   4.8349 f  -2.8410 (VIOLATED)
   u_amber0/u_execute/u_multiply/product_reg_60_/D   1.9946   4.8344 r  -2.8398 (VIOLATED)
   u_amber1/u_execute/u_register_bank/R_5996/D   1.9825   4.8206 r  -2.8381 (VIOLATED)
   u_amber1/u_execute/u_register_bank/R_5277/D   1.9942   4.8316 f  -2.8374 (VIOLATED)
   u_amber1/u_execute/u_register_bank/R_1870/D   1.9944   4.8316 f  -2.8373 (VIOLATED)
   u_amber1/u_execute/o_daddress_reg_2_/D   1.9947   4.8319 f  -2.8372 (VIOLATED)
   u_amber1/u_execute/u_register_bank/r13_irq_reg_4_/D   1.9946   4.8311 r  -2.8365 (VIOLATED)
   u_amber1/u_execute/u_register_bank/r13_irq_reg_14_/D   1.9946   4.8311 r  -2.8365 (VIOLATED)
   u_amber0/u_fetch/u_cache/source_sel_reg_0_/D   1.9942   4.8304 f  -2.8362 (VIOLATED)
   u_amber1/u_execute/o_iaddress_reg_3_/D   1.9945   4.8298 f  -2.8352 (VIOLATED)
   u_amber1/u_execute/o_iaddress_reg_9_/D   1.9945   4.8298 f  -2.8352 (VIOLATED)
   u_amber0/u_execute/u_register_bank/r14_reg_2_/D   1.9946   4.8291 r  -2.8344 (VIOLATED)
   u_amber1/u_execute/u_register_bank/r8_reg_10_/D   1.9946   4.8284 f  -2.8338 (VIOLATED)
   u_amber1/u_execute/u_register_bank/R_1472/D   1.9944   4.8278 f  -2.8334 (VIOLATED)
   u_amber1/u_execute/u_register_bank/R_5281/D   1.9944   4.8278 f  -2.8334 (VIOLATED)
   u_amber1/u_execute/u_register_bank/R_2658/D   1.9944   4.8278 f  -2.8334 (VIOLATED)
   u_amber1/u_execute/u_register_bank/R_4824/D   1.9944   4.8278 f  -2.8334 (VIOLATED)
   u_amber1/u_execute/u_register_bank/R_3511/D   1.9944   4.8278 f  -2.8334 (VIOLATED)
   u_amber1/u_execute/u_register_bank/R_1874/D   1.9944   4.8278 f  -2.8334 (VIOLATED)
   u_amber1/u_execute/u_register_bank/R_937/D   1.9944   4.8278 f  -2.8334 (VIOLATED)
   u_amber1/u_execute/u_register_bank/R_297/D   1.9945   4.8278 f  -2.8333 (VIOLATED)
   u_amber1/u_execute/u_register_bank/R_1051/D   1.9945   4.8278 f  -2.8333 (VIOLATED)
   u_amber1/u_execute/u_register_bank/R_1172/D   1.9945   4.8278 f  -2.8333 (VIOLATED)
   u_amber0/u_execute/R_5871/D   1.9810      4.8142 r      -2.8332  (VIOLATED)
   u_amber0/u_execute/u_register_bank/r13_irq_reg_7_/D   1.9947   4.8264 r  -2.8317 (VIOLATED)
   u_amber0/u_execute/u_register_bank/r13_irq_reg_3_/D   1.9947   4.8263 r  -2.8317 (VIOLATED)
   u_amber0/u_execute/o_iaddress_reg_11_/D   1.9945   4.8258 f  -2.8312 (VIOLATED)
   u_amber0/u_execute/o_iaddress_reg_12_/D   1.9945   4.8258 f  -2.8312 (VIOLATED)
   u_amber1/u_execute/u_register_bank/R_6020/D   1.9878   4.8189 f  -2.8312 (VIOLATED)
   u_amber1/u_coprocessor/o_copro_read_data_reg_8_/D   1.9942   4.8254 f  -2.8311 (VIOLATED)
   u_amber1/u_coprocessor/o_copro_read_data_reg_9_/D   1.9942   4.8254 f  -2.8311 (VIOLATED)
   u_amber0/u_execute/o_iaddress_reg_10_/D   1.9945   4.8256 f  -2.8311 (VIOLATED)
   u_amber0/u_execute/o_iaddress_reg_15_/D   1.9945   4.8256 f  -2.8311 (VIOLATED)
   u_amber1/u_coprocessor/o_copro_read_data_reg_22_/D   1.9942   4.8253 f  -2.8311 (VIOLATED)
   u_amber1/u_coprocessor/o_copro_read_data_reg_28_/D   1.9947   4.8254 f  -2.8307 (VIOLATED)
   u_amber1/u_coprocessor/o_copro_read_data_reg_29_/D   1.9947   4.8254 f  -2.8307 (VIOLATED)
   u_amber1/u_coprocessor/o_copro_read_data_reg_21_/D   1.9947   4.8252 f  -2.8305 (VIOLATED)
   u_amber0/u_execute/u_register_bank/r10_firq_reg_13_/D   1.9946   4.8249 r  -2.8302 (VIOLATED)
   u_amber0/u_decode/saved_current_instruction_address_reg_24_/D   1.9824   4.8113 f  -2.8289 (VIOLATED)
   u_amber1/u_execute/u_register_bank/r13_irq_reg_2_/D   1.9946   4.8234 f  -2.8288 (VIOLATED)
   u_amber1/u_execute/u_register_bank/r13_irq_reg_5_/D   1.9946   4.8233 r  -2.8287 (VIOLATED)
   u_amber1/u_execute/u_register_bank/r13_irq_reg_6_/D   1.9946   4.8233 r  -2.8287 (VIOLATED)
   u_amber1/u_execute/u_register_bank/r13_irq_reg_10_/D   1.9946   4.8233 r  -2.8287 (VIOLATED)
   u_amber1/u_execute/u_register_bank/r13_irq_reg_12_/D   1.9946   4.8233 r  -2.8287 (VIOLATED)
   u_amber1/u_execute/u_register_bank/r13_irq_reg_9_/D   1.9946   4.8233 r  -2.8287 (VIOLATED)
   u_amber1/u_execute/u_register_bank/r13_irq_reg_0_/D   1.9946   4.8232 r  -2.8286 (VIOLATED)
   u_amber1/u_execute/u_register_bank/r13_irq_reg_1_/D   1.9947   4.8231 f  -2.8285 (VIOLATED)
   u_amber1/u_execute/u_register_bank/R_5780/D   1.9942   4.8226 f  -2.8284 (VIOLATED)
   u_amber1/u_execute/u_register_bank/R_4742/D   1.9943   4.8226 f  -2.8283 (VIOLATED)
   u_amber1/u_execute/u_register_bank/R_5226/D   1.9943   4.8226 f  -2.8283 (VIOLATED)
   u_amber1/u_execute/u_register_bank/R_5794/D   1.9943   4.8226 f  -2.8283 (VIOLATED)
   u_amber1/u_execute/u_register_bank/R_5788/D   1.9943   4.8226 f  -2.8283 (VIOLATED)
   u_amber1/u_execute/u_register_bank/R_5800/D   1.9943   4.8226 f  -2.8283 (VIOLATED)
   u_amber1/u_execute/u_register_bank/R_5782/D   1.9943   4.8226 f  -2.8283 (VIOLATED)
   u_amber1/u_execute/u_register_bank/R_1440/D   1.9943   4.8226 f  -2.8283 (VIOLATED)
   u_amber1/u_execute/u_register_bank/R_2600/D   1.9943   4.8226 f  -2.8283 (VIOLATED)
   u_amber1/u_execute/u_register_bank/r13_irq_reg_11_/D   1.9945   4.8228 r  -2.8283 (VIOLATED)
   u_amber1/u_execute/u_register_bank/R_907/D   1.9945   4.8226 f  -2.8281 (VIOLATED)
   u_amber1/u_execute/u_register_bank/R_1016/D   1.9945   4.8226 f  -2.8281 (VIOLATED)
   u_amber1/u_execute/u_register_bank/R_1124/D   1.9945   4.8226 f  -2.8281 (VIOLATED)
   u_amber1/u_execute/u_register_bank/R_5828/D   1.9942   4.8223 f  -2.8281 (VIOLATED)
   u_amber1/u_execute/u_register_bank/R_4750/D   1.9943   4.8223 f  -2.8280 (VIOLATED)
   u_amber1/u_execute/u_register_bank/R_5234/D   1.9943   4.8223 f  -2.8280 (VIOLATED)
   u_amber1/u_execute/u_register_bank/R_5842/D   1.9943   4.8223 f  -2.8280 (VIOLATED)
   u_amber1/u_execute/u_register_bank/R_5836/D   1.9943   4.8223 f  -2.8280 (VIOLATED)
   u_amber1/u_execute/u_register_bank/R_5848/D   1.9943   4.8223 f  -2.8280 (VIOLATED)
   u_amber1/u_execute/u_register_bank/R_5830/D   1.9943   4.8223 f  -2.8280 (VIOLATED)
   u_amber1/u_execute/u_register_bank/R_1436/D   1.9943   4.8223 f  -2.8280 (VIOLATED)
   u_amber1/u_execute/u_register_bank/R_2608/D   1.9943   4.8223 f  -2.8280 (VIOLATED)
   u_amber1/u_execute/u_register_bank/R_1031/D   1.9945   4.8223 f  -2.8278 (VIOLATED)
   u_amber1/u_execute/u_register_bank/R_1156/D   1.9945   4.8223 f  -2.8278 (VIOLATED)
   u_amber0/u_execute/u_register_bank/r14_irq_reg_6_/D   1.9945   4.8221 r  -2.8276 (VIOLATED)
   u_amber1/u_execute/u_register_bank/R_6000/D   1.9823   4.8098 r  -2.8275 (VIOLATED)
   u_amber1/u_decode/o_alu_function_reg_0_/D   1.9943   4.8210 f  -2.8267 (VIOLATED)
   u_amber1/u_execute/o_iaddress_reg_11_/D   1.9922   4.8181 f  -2.8259 (VIOLATED)
   u_amber1/u_coprocessor/disruptive_area_reg_0_/D   1.9941   4.8198 f  -2.8257 (VIOLATED)
   u_amber1/u_coprocessor/o_copro_read_data_reg_30_/D   1.9942   4.8192 f  -2.8250 (VIOLATED)
   u_amber1/u_execute/u_register_bank/R_509/D   1.9832   4.8067 r  -2.8235 (VIOLATED)
   u_amber1/u_execute/u_register_bank/R_6018/D   1.9832   4.8067 r  -2.8235 (VIOLATED)
   u_amber1/u_execute/u_register_bank/R_515/D   1.9831   4.8061 r  -2.8230 (VIOLATED)
   u_amber0/u_decode/hold_instruction_address_reg_0_/D   1.9913   4.8103 r  -2.8190 (VIOLATED)
   u_amber1/u_execute/u_register_bank/r2_reg_4_/D   1.9946   4.8131 r  -2.8185 (VIOLATED)
   u_amber1/u_execute/u_register_bank/r2_reg_8_/D   1.9946   4.8131 r  -2.8185 (VIOLATED)
   u_amber1/u_execute/u_register_bank/r2_reg_14_/D   1.9946   4.8131 r  -2.8185 (VIOLATED)
   u_amber0/u_execute/u_register_bank/r10_firq_reg_0_/D   1.9946   4.8126 f  -2.8180 (VIOLATED)
   u_amber0/u_execute/u_register_bank/r11_firq_reg_3_/D   1.9944   4.8122 f  -2.8178 (VIOLATED)
   u_amber1/u_fetch/u_cache/address_r_reg_16_/D   1.9946   4.8114 r  -2.8168 (VIOLATED)
   u_amber1/u_fetch/u_cache/address_r_reg_15_/D   1.9946   4.8114 r  -2.8168 (VIOLATED)
   u_amber0/u_decode/o_alu_function_reg_8_/D   1.9920   4.8087 r  -2.8167 (VIOLATED)
   u_amber1/u_fetch/u_cache/address_r_reg_18_/D   1.9946   4.8111 r  -2.8165 (VIOLATED)
   u_amber0/u_decode/o_reg_bank_wen_reg_12_/D   1.9944   4.8109 f  -2.8164 (VIOLATED)
   u_amber1/u_decode/o_alu_function_reg_4_/D   1.9872   4.8032 r  -2.8161 (VIOLATED)
   u_amber1/u_decode/o_byte_enable_sel_reg_0_/D   1.9872   4.8032 r  -2.8161 (VIOLATED)
   u_amber1/u_decode/o_copro_crn_reg_1_/D   1.9872   4.8032 r  -2.8161 (VIOLATED)
   u_amber1/u_decode/o_copro_crn_reg_2_/D   1.9872   4.8032 r  -2.8161 (VIOLATED)
   u_amber1/u_fetch/u_cache/address_r_reg_14_/D   1.9945   4.8094 r  -2.8149 (VIOLATED)
   u_amber1/u_execute/u_register_bank/R_1072/D   1.9944   4.8088 f  -2.8144 (VIOLATED)
   u_amber1/u_fetch/u_cache/address_r_reg_5_/D   1.9945   4.8087 r  -2.8143 (VIOLATED)
   u_amber1/u_fetch/u_cache/address_r_reg_10_/D   1.9945   4.8087 r  -2.8143 (VIOLATED)
   u_amber1/u_execute/u_register_bank/r13_irq_reg_8_/D   1.9896   4.8039 r  -2.8143 (VIOLATED)
   u_amber1/u_fetch/u_cache/address_r_reg_3_/D   1.9946   4.8089 f  -2.8142 (VIOLATED)
   u_amber1/u_execute/u_register_bank/R_4822/D   1.9943   4.8084 f  -2.8142 (VIOLATED)
   u_amber1/u_execute/u_register_bank/R_5279/D   1.9943   4.8084 f  -2.8142 (VIOLATED)
   u_amber1/u_execute/u_register_bank/R_1470/D   1.9943   4.8084 f  -2.8141 (VIOLATED)
   u_amber1/u_execute/u_register_bank/R_2656/D   1.9943   4.8084 f  -2.8141 (VIOLATED)
   u_amber1/u_execute/u_register_bank/R_4820/D   1.9943   4.8084 f  -2.8141 (VIOLATED)
   u_amber1/u_execute/u_register_bank/R_3505/D   1.9943   4.8084 f  -2.8141 (VIOLATED)
   u_amber1/u_execute/u_register_bank/R_1468/D   1.9943   4.8084 f  -2.8141 (VIOLATED)
   u_amber1/u_execute/u_register_bank/R_2654/D   1.9943   4.8084 f  -2.8141 (VIOLATED)
   u_amber1/u_execute/u_register_bank/R_1049/D   1.9945   4.8084 f  -2.8140 (VIOLATED)
   u_amber1/u_execute/u_register_bank/R_935/D   1.9945   4.8084 f  -2.8140 (VIOLATED)
   u_amber1/u_execute/u_register_bank/R_933/D   1.9944   4.8084 f  -2.8139 (VIOLATED)
   u_amber1/u_execute/u_register_bank/R_1170/D   1.9945   4.8084 f  -2.8139 (VIOLATED)
   u_amber1/u_execute/u_register_bank/R_3507/D   1.9943   4.8082 f  -2.8139 (VIOLATED)
   u_amber1/u_fetch/u_cache/address_r_reg_6_/D   1.9945   4.8084 r  -2.8139 (VIOLATED)
   u_amber1/u_fetch/u_cache/address_r_reg_8_/D   1.9945   4.8084 r  -2.8139 (VIOLATED)
   u_amber1/u_fetch/u_cache/address_r_reg_7_/D   1.9945   4.8084 r  -2.8139 (VIOLATED)
   u_amber1/u_fetch/u_cache/address_r_reg_9_/D   1.9945   4.8084 r  -2.8139 (VIOLATED)
   u_amber1/u_fetch/u_cache/address_r_reg_11_/D   1.9945   4.8084 r  -2.8139 (VIOLATED)
   u_amber1/u_execute/u_register_bank/R_279/D   1.9945   4.8084 f  -2.8139 (VIOLATED)
   u_amber1/u_execute/u_register_bank/R_1047/D   1.9945   4.8084 f  -2.8139 (VIOLATED)
   u_amber1/u_execute/u_register_bank/R_1168/D   1.9945   4.8084 f  -2.8139 (VIOLATED)
   u_amber1/u_execute/u_register_bank/R_1858/D   1.9945   4.8082 f  -2.8137 (VIOLATED)
   u_amber1/u_execute/u_register_bank/R_281/D   1.9945   4.8082 f  -2.8137 (VIOLATED)
   u_amber0/u_execute/o_iaddress_reg_14_/D   1.9945   4.8080 f  -2.8134 (VIOLATED)
   u_amber0/u_execute/o_iaddress_reg_9_/D   1.9945   4.8080 f  -2.8134 (VIOLATED)
   u_amber0/u_execute/u_register_bank/r8_reg_13_/D   1.9946   4.8080 f  -2.8134 (VIOLATED)
   u_amber1/u_execute/u_register_bank/R_5977/D   1.9873   4.8005 r  -2.8132 (VIOLATED)
   u_amber0/u_wishbone/o_wb_adr_reg_30_/D   1.9947   4.8076 f  -2.8129 (VIOLATED)
   u_amber0/u_wishbone/o_wb_adr_reg_29_/D   1.9947   4.8076 f  -2.8129 (VIOLATED)
   u_amber1/u_execute/u_register_bank/R_6152/D   1.9843   4.7970 r  -2.8127 (VIOLATED)
   u_amber1/u_execute/u_register_bank/R_5038/D   1.9827   4.7951 f  -2.8124 (VIOLATED)
   u_amber0/u_execute/u_register_bank/r9_reg_13_/D   1.9946   4.8070 f  -2.8124 (VIOLATED)
   u_amber0/u_execute/u_register_bank/r14_irq_reg_13_/D   1.9946   4.8069 r  -2.8123 (VIOLATED)
   u_amber1/u_execute/u_register_bank/R_5751/D   1.9944   4.8064 f  -2.8119 (VIOLATED)
   u_amber1/u_execute/u_register_bank/R_5731/D   1.9945   4.8064 f  -2.8118 (VIOLATED)
   u_amber0/u_mem/u_dcache/init_count_reg_2_/D   1.9945   4.8063 r  -2.8118 (VIOLATED)
   u_amber0/u_mem/u_dcache/init_count_reg_3_/D   1.9945   4.8063 r  -2.8118 (VIOLATED)
   u_amber0/u_mem/u_dcache/init_count_reg_4_/D   1.9945   4.8063 r  -2.8118 (VIOLATED)
   u_amber0/u_mem/u_dcache/init_count_reg_5_/D   1.9945   4.8063 r  -2.8118 (VIOLATED)
   u_amber0/u_mem/u_dcache/init_count_reg_6_/D   1.9945   4.8063 r  -2.8118 (VIOLATED)
   u_amber0/u_mem/u_dcache/init_count_reg_7_/D   1.9945   4.8063 r  -2.8118 (VIOLATED)
   u_amber1/u_execute/u_register_bank/r14_irq_reg_14_/D   1.9947   4.8064 r  -2.8118 (VIOLATED)
   u_amber1/u_execute/u_register_bank/r14_irq_reg_8_/D   1.9947   4.8064 r  -2.8117 (VIOLATED)
   u_amber0/u_execute/u_alu/R_1929/D   1.9970   4.8086 f   -2.8116  (VIOLATED)
   u_amber0/u_decode/control_state_reg_2_/D   1.9945   4.8059 r  -2.8114 (VIOLATED)
   u_amber0/u_decode/hold_instruction_reg_11_/D   1.9888   4.7998 r  -2.8111 (VIOLATED)
   u_amber0/u_execute/u_register_bank/r8_firq_reg_0_/D   1.9946   4.8053 f  -2.8107 (VIOLATED)
   u_amber1/u_execute/u_register_bank/r10_reg_6_/D   1.9947   4.8053 r  -2.8107 (VIOLATED)
   u_amber0/u_execute/u_register_bank/r8_firq_reg_7_/D   1.9947   4.8051 f  -2.8105 (VIOLATED)
   u_amber0/u_execute/u_register_bank/r8_firq_reg_11_/D   1.9947   4.8051 f  -2.8105 (VIOLATED)
   u_amber0/u_execute/u_register_bank/r8_firq_reg_3_/D   1.9947   4.8051 f  -2.8105 (VIOLATED)
   u_amber0/u_execute/u_register_bank/r8_firq_reg_5_/D   1.9946   4.8049 f  -2.8103 (VIOLATED)
   u_amber0/u_execute/u_register_bank/r8_firq_reg_6_/D   1.9947   4.8049 f  -2.8102 (VIOLATED)
   u_amber0/u_execute/u_register_bank/r8_firq_reg_9_/D   1.9947   4.8049 f  -2.8102 (VIOLATED)
   u_amber1/u_execute/u_register_bank/R_5997/D   1.9821   4.7922 r  -2.8101 (VIOLATED)
   u_amber1/u_execute/o_iaddress_reg_8_/D   1.9947   4.8030 f  -2.8084 (VIOLATED)
   u_amber1/u_mem/u_dcache/select_way_reg_0_/D   1.9886   4.7968 r  -2.8082 (VIOLATED)
   u_amber1/u_mem/u_dcache/select_way_reg_3_/D   1.9886   4.7968 r  -2.8082 (VIOLATED)
   u_amber0/u_execute/o_iaddress_reg_16_/D   1.9946   4.8026 f  -2.8080 (VIOLATED)
   u_amber1/u_execute/u_register_bank/R_966/D   1.9943   4.8022 f  -2.8079 (VIOLATED)
   u_amber0/u_execute/u_register_bank/R_5962/D   1.9930   4.8009 f  -2.8079 (VIOLATED)
   u_amber0/u_execute/u_register_bank/R_2028/D   1.9944   4.8019 f  -2.8075 (VIOLATED)
   u_amber0/u_execute/R_1475/D   1.9854      4.7930 r      -2.8075  (VIOLATED)
   u_amber1/u_fetch/u_cache/address_r_reg_4_/D   1.9945   4.8010 r  -2.8065 (VIOLATED)
   u_amber0/u_execute/u_register_bank/R_5988/D   1.9864   4.7929 f  -2.8065 (VIOLATED)
   u_amber0/u_execute/u_register_bank/R_2534/D   1.9946   4.8007 f  -2.8061 (VIOLATED)
   u_amber0/u_execute/u_register_bank/R_2660/D   1.9946   4.8007 f  -2.8061 (VIOLATED)
   u_amber0/u_execute/o_iaddress_reg_3_/D   1.9945   4.8003 f  -2.8057 (VIOLATED)
   u_amber0/u_execute/o_iaddress_reg_7_/D   1.9945   4.8003 f  -2.8057 (VIOLATED)
   u_amber0/u_execute/u_register_bank/r10_reg_13_/D   1.9948   4.8004 f  -2.8056 (VIOLATED)
   u_amber0/u_execute/o_iaddress_reg_0_/D   1.9945   4.8001 f  -2.8056 (VIOLATED)
   u_amber0/u_execute/o_iaddress_reg_2_/D   1.9945   4.8001 f  -2.8056 (VIOLATED)
   u_amber1/u_execute/u_register_bank/R_309/D   1.9944   4.7990 f  -2.8047 (VIOLATED)
   u_amber1/u_execute/u_register_bank/R_3109/D   1.9944   4.7990 f  -2.8046 (VIOLATED)
   u_amber1/u_execute/u_register_bank/R_960/D   1.9944   4.7990 f  -2.8046 (VIOLATED)
   u_amber1/u_execute/R_2280/D   1.9946      4.7992 f      -2.8046  (VIOLATED)
   u_amber1/u_execute/u_register_bank/r14_irq_reg_4_/D   1.9947   4.7993 r  -2.8046 (VIOLATED)
   u_amber1/u_execute/u_register_bank/R_1074/D   1.9945   4.7990 f  -2.8045 (VIOLATED)
   u_amber1/u_execute/u_register_bank/R_1932/D   1.9944   4.7988 f  -2.8044 (VIOLATED)
   u_amber1/u_execute/u_register_bank/R_2592/D   1.9944   4.7988 f  -2.8044 (VIOLATED)
   u_amber1/u_execute/u_register_bank/R_1281/D   1.9945   4.7988 f  -2.8043 (VIOLATED)
   u_amber1/u_coprocessor/o_copro_read_data_reg_18_/D   1.9939   4.7981 f  -2.8041 (VIOLATED)
   u_amber1/u_execute/u_register_bank/r11_firq_reg_8_/D   1.9947   4.7987 f  -2.8040 (VIOLATED)
   u_amber1/u_execute/u_register_bank/r11_firq_reg_14_/D   1.9947   4.7987 f  -2.8040 (VIOLATED)
   u_amber1/u_mem/u_dcache/select_way_reg_1_/D   1.9944   4.7983 r  -2.8039 (VIOLATED)
   u_amber1/u_execute/u_register_bank/r10_firq_reg_8_/D   1.9947   4.7984 f  -2.8037 (VIOLATED)
   u_amber1/u_execute/u_register_bank/r10_firq_reg_14_/D   1.9947   4.7984 f  -2.8037 (VIOLATED)
   u_amber1/u_mem/u_dcache/select_way_reg_2_/D   1.9887   4.7916 r  -2.8029 (VIOLATED)
   u_amber0/u_execute/o_iaddress_reg_17_/D   1.9946   4.7962 f  -2.8016 (VIOLATED)
   u_amber0/u_execute/o_iaddress_reg_4_/D   1.9946   4.7962 f  -2.8015 (VIOLATED)
   u_amber1/u_execute/u_register_bank/R_6019/D   1.9863   4.7875 f  -2.8012 (VIOLATED)
   u_amber1/u_execute/u_register_bank/R_929/D   1.9944   4.7955 f  -2.8012 (VIOLATED)
   u_amber0/u_execute/u_register_bank/R_2663/D   1.9946   4.7949 f  -2.8003 (VIOLATED)
   u_amber1/u_execute/u_register_bank/R_264/D   1.9943   4.7945 f  -2.8002 (VIOLATED)
   u_amber1/u_decode/dabt_reg_d1_reg/D   1.9936   4.7938 f  -2.8002 (VIOLATED)
   u_amber1/u_coprocessor/disruptive_area_reg_1_/D   1.9940   4.7939 f  -2.8000 (VIOLATED)
   u_amber1/u_coprocessor/disruptive_area_reg_2_/D   1.9940   4.7939 f  -2.8000 (VIOLATED)
   u_amber1/u_execute/u_register_bank/R_5688/D   1.9942   4.7939 f  -2.7997 (VIOLATED)
   u_amber1/u_fetch/u_cache/address_r_reg_13_/D   1.9946   4.7939 r  -2.7993 (VIOLATED)
   u_amber1/u_fetch/u_cache/address_r_reg_12_/D   1.9946   4.7939 r  -2.7993 (VIOLATED)
   u_amber0/u_fetch/u_cache/select_way_reg_2_/D   1.9946   4.7936 r  -2.7990 (VIOLATED)
   u_amber1/u_execute/u_register_bank/R_6001/D   1.9874   4.7851 r  -2.7977 (VIOLATED)
   u_amber0/u_execute/u_register_bank/R_2661/D   1.9946   4.7919 f  -2.7973 (VIOLATED)
   u_amber0/u_execute/u_register_bank/R_2668/D   1.9946   4.7919 f  -2.7973 (VIOLATED)
   u_amber0/u_wishbone/o_wb_adr_reg_28_/D   1.9947   4.7919 r  -2.7972 (VIOLATED)
   u_amber0/u_execute/u_register_bank/r14_firq_reg_4_/D   1.9946   4.7914 r  -2.7968 (VIOLATED)
   u_amber0/u_execute/u_register_bank/r14_firq_reg_8_/D   1.9946   4.7914 r  -2.7968 (VIOLATED)
   u_amber0/u_execute/u_register_bank/r14_firq_reg_14_/D   1.9946   4.7914 r  -2.7968 (VIOLATED)
   u_amber1/u_decode/R_5500/D   1.9738       4.7705 r      -2.7968  (VIOLATED)
   u_amber0/u_execute/u_register_bank/R_2589/D   1.9907   4.7874 r  -2.7967 (VIOLATED)
   u_amber0/u_execute/u_register_bank/R_5594/D   1.9907   4.7874 r  -2.7967 (VIOLATED)
   u_amber0/u_execute/u_register_bank/R_5595/D   1.9907   4.7874 r  -2.7967 (VIOLATED)
   u_amber0/u_execute/u_register_bank/r6_reg_2_/D   1.9847   4.7809 r  -2.7962 (VIOLATED)
   u_amber1/u_execute/R_1958/D   1.9930      4.7891 r      -2.7961  (VIOLATED)
   u_amber1/u_execute/u_register_bank/R_2646/D   1.9942   4.7903 f  -2.7961 (VIOLATED)
   u_amber0/u_execute/u_register_bank/R_2137/D   1.9808   4.7768 r  -2.7960 (VIOLATED)
   u_amber0/u_execute/u_register_bank/R_2619/D   1.9808   4.7768 r  -2.7960 (VIOLATED)
   u_amber0/u_execute/u_register_bank/R_2627/D   1.9808   4.7768 r  -2.7960 (VIOLATED)
   u_amber0/u_execute/u_register_bank/R_2630/D   1.9808   4.7768 r  -2.7960 (VIOLATED)
   u_amber0/u_execute/u_register_bank/r10_firq_reg_7_/D   1.9946   4.7896 f  -2.7950 (VIOLATED)
   u_amber0/u_execute/u_register_bank/r10_firq_reg_3_/D   1.9946   4.7896 f  -2.7950 (VIOLATED)
   u_amber0/u_execute/u_register_bank/r10_firq_reg_11_/D   1.9946   4.7896 f  -2.7950 (VIOLATED)
   u_amber0/u_execute/u_register_bank/r10_firq_reg_6_/D   1.9946   4.7894 f  -2.7947 (VIOLATED)
   u_amber0/u_execute/u_register_bank/r10_firq_reg_12_/D   1.9946   4.7894 f  -2.7947 (VIOLATED)
   u_amber0/u_execute/u_register_bank/r10_firq_reg_9_/D   1.9946   4.7894 f  -2.7947 (VIOLATED)
   u_amber0/u_execute/u_register_bank/r10_firq_reg_10_/D   1.9946   4.7894 f  -2.7947 (VIOLATED)
   u_amber0/u_execute/u_register_bank/r10_firq_reg_5_/D   1.9946   4.7894 f  -2.7947 (VIOLATED)
   u_amber1/u_fetch/u_cache/address_r_reg_17_/D   1.9896   4.7839 r  -2.7943 (VIOLATED)
   u_amber1/u_execute/u_register_bank/R_5974/D   1.9906   4.7849 r  -2.7943 (VIOLATED)
   u_amber0/u_decode/hold_instruction_reg_1_/D   1.9891   4.7829 f  -2.7939 (VIOLATED)
   u_amber1/u_execute/u_register_bank/r13_irq_reg_3_/D   1.9946   4.7865 r  -2.7919 (VIOLATED)
   u_amber1/u_execute/u_register_bank/r13_irq_reg_7_/D   1.9946   4.7865 r  -2.7919 (VIOLATED)
   u_amber0/u_execute/u_register_bank/r12_reg_12_/D   1.9946   4.7862 r  -2.7916 (VIOLATED)
   u_amber1/u_execute/u_register_bank/R_301/D   1.9944   4.7858 f  -2.7914 (VIOLATED)
   u_amber1/u_execute/u_register_bank/R_1070/D   1.9945   4.7858 f  -2.7913 (VIOLATED)
   u_amber1/u_execute/u_register_bank/R_1239/D   1.9945   4.7858 f  -2.7913 (VIOLATED)
   u_amber1/u_execute/u_register_bank/R_1544/D   1.9945   4.7858 f  -2.7913 (VIOLATED)
   u_amber1/u_execute/u_register_bank/R_2573/D   1.9945   4.7858 f  -2.7913 (VIOLATED)
   u_amber1/u_execute/u_register_bank/R_943/D   1.9945   4.7854 f  -2.7909 (VIOLATED)
   u_amber1/u_execute/u_register_bank/R_2575/D   1.9945   4.7854 f  -2.7909 (VIOLATED)
   u_amber0/u_execute/u_register_bank/r9_firq_reg_0_/D   1.9946   4.7854 r  -2.7908 (VIOLATED)
   u_amber0/u_execute/u_register_bank/r3_reg_7_/D   1.9946   4.7854 r  -2.7908 (VIOLATED)
   u_amber0/u_execute/u_register_bank/r9_firq_reg_7_/D   1.9946   4.7851 r  -2.7905 (VIOLATED)
   u_amber0/u_execute/u_register_bank/r4_reg_9_/D   1.9946   4.7851 r  -2.7904 (VIOLATED)
   u_amber0/u_execute/u_register_bank/r9_firq_reg_3_/D   1.9946   4.7851 r  -2.7904 (VIOLATED)
   u_amber0/u_execute/u_register_bank/r9_firq_reg_10_/D   1.9946   4.7848 r  -2.7903 (VIOLATED)
   u_amber0/u_execute/u_register_bank/r9_firq_reg_2_/D   1.9946   4.7849 r  -2.7903 (VIOLATED)
   u_amber0/u_execute/u_register_bank/R_5186/D   1.9943   4.7845 f  -2.7902 (VIOLATED)
   u_amber0/u_execute/u_register_bank/R_5569/D   1.9943   4.7845 f  -2.7902 (VIOLATED)
   u_amber0/u_execute/u_register_bank/R_1410/D   1.9943   4.7845 f  -2.7902 (VIOLATED)
   u_amber0/u_execute/u_register_bank/R_1973/D   1.9943   4.7845 f  -2.7902 (VIOLATED)
   u_amber0/u_execute/u_register_bank/r0_reg_13_/D   1.9946   4.7848 r  -2.7902 (VIOLATED)
   u_amber0/u_execute/u_register_bank/r9_firq_reg_6_/D   1.9946   4.7848 r  -2.7902 (VIOLATED)
   u_amber0/u_execute/u_register_bank/r9_firq_reg_9_/D   1.9946   4.7848 r  -2.7902 (VIOLATED)
   u_amber0/u_execute/u_register_bank/r9_firq_reg_5_/D   1.9947   4.7848 r  -2.7902 (VIOLATED)
   u_amber0/u_execute/u_register_bank/r7_reg_13_/D   1.9947   4.7848 r  -2.7901 (VIOLATED)
   u_amber0/u_execute/u_register_bank/R_992/D   1.9944   4.7845 f  -2.7901 (VIOLATED)
   u_amber0/u_execute/u_register_bank/R_1100/D   1.9945   4.7845 f  -2.7900 (VIOLATED)
   u_amber0/u_execute/u_register_bank/r2_reg_9_/D   1.9946   4.7846 r  -2.7900 (VIOLATED)
   u_amber0/u_execute/u_register_bank/R_1316/D   1.9945   4.7845 f  -2.7900 (VIOLATED)
   u_amber0/u_execute/o_iaddress_reg_5_/D   1.9945   4.7844 f  -2.7898 (VIOLATED)
   u_amber1/u_execute/u_register_bank/R_4812/D   1.9943   4.7839 f  -2.7896 (VIOLATED)
   u_amber1/u_execute/u_register_bank/R_5269/D   1.9943   4.7839 f  -2.7896 (VIOLATED)
   u_amber1/u_execute/u_register_bank/R_1462/D   1.9943   4.7839 f  -2.7896 (VIOLATED)
   u_amber1/u_execute/u_register_bank/R_2648/D   1.9943   4.7839 f  -2.7896 (VIOLATED)
   u_amber1/u_execute/u_register_bank/R_927/D   1.9944   4.7839 f  -2.7895 (VIOLATED)
   u_amber1/u_execute/u_register_bank/R_1041/D   1.9945   4.7839 f  -2.7895 (VIOLATED)
   u_amber1/u_execute/u_register_bank/R_1164/D   1.9945   4.7839 f  -2.7894 (VIOLATED)
   u_amber0/u_mem/u_dcache/init_count_reg_1_/D   1.9895   4.7789 r  -2.7894 (VIOLATED)
   u_amber0/u_execute/u_register_bank/r5_reg_12_/D   1.9946   4.7839 r  -2.7893 (VIOLATED)
   u_amber0/u_execute/u_register_bank/r1_reg_7_/D   1.9946   4.7838 r  -2.7892 (VIOLATED)
   u_amber1/u_execute/u_register_bank/R_1866/D   1.9944   4.7834 f  -2.7889 (VIOLATED)
   u_amber1/u_execute/u_register_bank/R_291/D   1.9945   4.7834 f  -2.7889 (VIOLATED)
   u_amber0/u_wishbone/o_wb_adr_reg_31_/D   1.9945   4.7833 f  -2.7887 (VIOLATED)
   u_amber1/u_execute/u_register_bank/R_5814/D   1.9943   4.7830 f  -2.7887 (VIOLATED)
   u_amber1/u_execute/u_register_bank/R_5810/D   1.9943   4.7830 f  -2.7887 (VIOLATED)
   u_amber1/u_execute/u_register_bank/R_5820/D   1.9943   4.7830 f  -2.7887 (VIOLATED)
   u_amber1/u_execute/u_register_bank/R_5822/D   1.9943   4.7830 f  -2.7887 (VIOLATED)
   u_amber1/u_execute/u_register_bank/R_3497/D   1.9943   4.7830 f  -2.7887 (VIOLATED)
   u_amber1/u_execute/u_register_bank/R_5808/D   1.9943   4.7830 f  -2.7887 (VIOLATED)
   u_amber1/u_execute/u_register_bank/R_5826/D   1.9943   4.7830 f  -2.7887 (VIOLATED)
   u_amber1/u_execute/u_register_bank/R_5816/D   1.9943   4.7830 f  -2.7887 (VIOLATED)
   u_amber1/u_execute/u_register_bank/R_256/D   1.9944   4.7830 f  -2.7887 (VIOLATED)
   u_amber0/u_execute/u_register_bank/r0_reg_12_/D   1.9946   4.7829 r  -2.7882 (VIOLATED)
   u_amber0/u_execute/u_register_bank/r0_reg_9_/D   1.9946   4.7829 r  -2.7882 (VIOLATED)
   u_amber1/u_execute/u_register_bank/R_6132/D   1.9888   4.7768 f  -2.7879 (VIOLATED)
   u_amber0/u_execute/u_register_bank/R_994/D   1.9945   4.7822 r  -2.7877 (VIOLATED)
   u_amber1/u_decode/R_265/D   1.9822        4.7697 r      -2.7875  (VIOLATED)
   u_amber1/u_coprocessor/o_copro_read_data_reg_27_/D   1.9947   4.7821 f  -2.7874 (VIOLATED)
   u_amber1/u_coprocessor/o_copro_read_data_reg_31_/D   1.9947   4.7821 f  -2.7874 (VIOLATED)
   u_amber1/u_execute/u_register_bank/R_6008/D   1.9825   4.7692 r  -2.7867 (VIOLATED)
   u_amber0/u_execute/o_iaddress_reg_6_/D   1.9946   4.7806 f  -2.7861 (VIOLATED)
   u_amber0/u_execute/o_iaddress_reg_8_/D   1.9946   4.7806 f  -2.7860 (VIOLATED)
   u_amber0/u_execute/o_iaddress_reg_1_/D   1.9823   4.7679 f  -2.7856 (VIOLATED)
   u_amber0/u_execute/u_register_bank/r8_firq_reg_10_/D   1.9944   4.7797 f  -2.7854 (VIOLATED)
   u_amber0/u_execute/u_register_bank/r8_firq_reg_12_/D   1.9944   4.7797 f  -2.7853 (VIOLATED)
   u_amber0/u_fetch/u_cache/c_state_reg_1_/D   1.9946   4.7796 r  -2.7851 (VIOLATED)
   u_amber0/u_execute/u_register_bank/r8_firq_reg_1_/D   1.9944   4.7794 f  -2.7850 (VIOLATED)
   u_amber0/u_execute/u_register_bank/R_6067/D   1.9889   4.7732 f  -2.7844 (VIOLATED)
   u_amber1/u_execute/u_register_bank/R_6160/D   1.9895   4.7738 r  -2.7843 (VIOLATED)
   u_amber0/u_execute/u_register_bank/r12_reg_8_/D   1.9946   4.7780 r  -2.7834 (VIOLATED)
   u_amber0/u_mem/u_dcache/source_sel_reg_0_/D   1.9943   4.7773 f  -2.7830 (VIOLATED)
   u_amber1/u_execute/u_register_bank/R_6015/D   1.9811   4.7640 r  -2.7829 (VIOLATED)
   u_amber1/u_execute/u_register_bank/R_5975/D   1.9834   4.7660 f  -2.7826 (VIOLATED)
   u_amber0/u_execute/u_register_bank/r12_reg_4_/D   1.9947   4.7772 r  -2.7826 (VIOLATED)
   u_amber1/u_execute/u_register_bank/R_5742/D   1.9943   4.7766 f  -2.7824 (VIOLATED)
   u_amber1/u_execute/u_register_bank/R_5738/D   1.9943   4.7766 f  -2.7824 (VIOLATED)
   u_amber1/u_execute/u_register_bank/R_5748/D   1.9943   4.7766 f  -2.7824 (VIOLATED)
   u_amber1/u_execute/u_register_bank/R_5750/D   1.9943   4.7766 f  -2.7824 (VIOLATED)
   u_amber1/u_execute/u_register_bank/R_5736/D   1.9943   4.7766 f  -2.7823 (VIOLATED)
   u_amber1/u_execute/u_register_bank/R_5754/D   1.9943   4.7766 f  -2.7823 (VIOLATED)
   u_amber1/u_execute/u_register_bank/R_5744/D   1.9943   4.7766 f  -2.7823 (VIOLATED)
   u_amber0/u_execute/u_register_bank/r12_reg_14_/D   1.9947   4.7769 r  -2.7823 (VIOLATED)
   u_amber1/u_execute/u_register_bank/R_273/D   1.9944   4.7766 f  -2.7823 (VIOLATED)
   u_amber1/u_execute/u_register_bank/R_1854/D   1.9945   4.7766 f  -2.7822 (VIOLATED)
   u_amber0/u_decode/saved_current_instruction_address_reg_27_/D   1.9946   4.7765 f  -2.7819 (VIOLATED)
   u_amber0/u_decode/saved_current_instruction_address_reg_28_/D   1.9946   4.7765 f  -2.7819 (VIOLATED)
   u_amber0/u_decode/saved_current_instruction_address_reg_29_/D   1.9946   4.7765 f  -2.7819 (VIOLATED)
   u_amber0/u_decode/saved_current_instruction_address_reg_30_/D   1.9946   4.7765 f  -2.7819 (VIOLATED)
   u_amber0/u_execute/u_register_bank/r8_reg_11_/D   1.9946   4.7762 f  -2.7815 (VIOLATED)
   u_amber1/u_decode/o_condition_reg_2_/D   1.9938   4.7749 r  -2.7812 (VIOLATED)
   u_amber0/u_fetch/u_cache/c_state_reg_2_/D   1.9947   4.7748 r  -2.7801 (VIOLATED)
   u_amber0/u_decode/o_interrupt_vector_sel_reg_1_/D   1.9945   4.7741 r  -2.7796 (VIOLATED)
   u_amber0/u_fetch/u_cache/address_r_reg_4_/D   1.9945   4.7740 f  -2.7795 (VIOLATED)
   u_amber1/u_coprocessor/disruptive_area_reg_7_/D   1.9940   4.7734 f  -2.7794 (VIOLATED)
   u_amber1/u_coprocessor/disruptive_area_reg_13_/D   1.9940   4.7734 f  -2.7794 (VIOLATED)
   u_amber1/u_coprocessor/disruptive_area_reg_4_/D   1.9940   4.7734 f  -2.7794 (VIOLATED)
   u_amber1/u_coprocessor/disruptive_area_reg_5_/D   1.9940   4.7734 f  -2.7794 (VIOLATED)
   u_amber1/u_coprocessor/disruptive_area_reg_6_/D   1.9940   4.7734 f  -2.7794 (VIOLATED)
   u_amber1/u_coprocessor/disruptive_area_reg_9_/D   1.9940   4.7734 f  -2.7794 (VIOLATED)
   u_amber1/u_coprocessor/disruptive_area_reg_10_/D   1.9940   4.7734 f  -2.7794 (VIOLATED)
   u_amber1/u_coprocessor/disruptive_area_reg_11_/D   1.9940   4.7734 f  -2.7794 (VIOLATED)
   u_amber1/u_coprocessor/disruptive_area_reg_12_/D   1.9940   4.7734 f  -2.7794 (VIOLATED)
   u_amber1/u_coprocessor/disruptive_area_reg_31_/D   1.9940   4.7734 f  -2.7794 (VIOLATED)
   u_amber1/u_decode/o_condition_reg_1_/D   1.9939   4.7730 r  -2.7791 (VIOLATED)
   u_amber0/u_execute/u_register_bank/r11_firq_reg_2_/D   1.9946   4.7736 f  -2.7790 (VIOLATED)
   u_amber1/u_execute/u_register_bank/R_1130/D   1.9942   4.7729 f  -2.7787 (VIOLATED)
   u_amber1/u_execute/u_register_bank/R_2604/D   1.9942   4.7729 f  -2.7787 (VIOLATED)
   u_amber0/u_execute/o_iaddress_reg_13_/D   1.9946   4.7732 f  -2.7785 (VIOLATED)
   u_amber1/u_execute/u_register_bank/R_5704/D   1.9942   4.7726 f  -2.7784 (VIOLATED)
   u_amber1/u_execute/u_register_bank/R_5764/D   1.9942   4.7726 f  -2.7784 (VIOLATED)
   u_amber0/u_decode/firq_reg/D   1.9926     4.7710 r      -2.7784  (VIOLATED)
   u_amber0/u_decode/o_decode_daccess_reg/D   1.9926   4.7710 r  -2.7784 (VIOLATED)
   u_amber1/u_execute/u_register_bank/R_1464/D   1.9944   4.7723 f  -2.7779 (VIOLATED)
   u_amber1/u_execute/u_register_bank/R_5273/D   1.9944   4.7723 f  -2.7779 (VIOLATED)
   u_amber1/u_execute/u_register_bank/R_2650/D   1.9944   4.7723 f  -2.7779 (VIOLATED)
   u_amber1/u_execute/u_register_bank/R_4816/D   1.9944   4.7723 f  -2.7779 (VIOLATED)
   u_amber1/u_execute/u_register_bank/R_1043/D   1.9945   4.7723 f  -2.7778 (VIOLATED)
   u_amber1/u_execute/u_register_bank/R_5999/D   1.9825   4.7603 r  -2.7778 (VIOLATED)
   u_amber1/u_execute/u_register_bank/R_1166/D   1.9945   4.7723 f  -2.7778 (VIOLATED)
   u_amber1/u_decode/R_5501/D   1.9887       4.7661 r      -2.7773  (VIOLATED)
   u_amber0/u_execute/u_multiply/product_reg_34_/D   1.9946   4.7713 f  -2.7767 (VIOLATED)
   u_amber0/u_execute/u_multiply/product_reg_37_/D   1.9946   4.7713 f  -2.7767 (VIOLATED)
   u_amber0/u_execute/u_multiply/product_reg_39_/D   1.9946   4.7713 f  -2.7767 (VIOLATED)
   u_amber0/u_execute/u_multiply/product_reg_51_/D   1.9946   4.7713 f  -2.7767 (VIOLATED)
   u_amber0/u_execute/u_multiply/product_reg_35_/D   1.9946   4.7713 f  -2.7767 (VIOLATED)
   u_amber0/u_execute/u_multiply/product_reg_43_/D   1.9946   4.7713 f  -2.7767 (VIOLATED)
   u_amber0/u_execute/u_multiply/product_reg_48_/D   1.9946   4.7713 f  -2.7767 (VIOLATED)
   u_amber0/u_execute/u_multiply/product_reg_55_/D   1.9946   4.7713 f  -2.7767 (VIOLATED)
   u_amber0/u_execute/u_multiply/product_reg_59_/D   1.9946   4.7713 f  -2.7767 (VIOLATED)
   u_amber0/u_execute/u_multiply/product_reg_52_/D   1.9946   4.7713 f  -2.7767 (VIOLATED)
   u_amber0/u_execute/u_multiply/product_reg_44_/D   1.9946   4.7713 f  -2.7767 (VIOLATED)
   u_amber0/u_execute/u_multiply/product_reg_46_/D   1.9946   4.7713 f  -2.7767 (VIOLATED)
   u_amber0/u_execute/u_multiply/product_reg_56_/D   1.9946   4.7713 f  -2.7767 (VIOLATED)
   u_amber0/u_execute/u_multiply/product_reg_36_/D   1.9946   4.7713 f  -2.7767 (VIOLATED)
   u_amber0/u_execute/u_multiply/product_reg_38_/D   1.9946   4.7713 f  -2.7767 (VIOLATED)
   u_amber1/u_execute/u_register_bank/R_6181/D   1.9816   4.7581 r  -2.7765 (VIOLATED)
   u_amber1/u_execute/u_register_bank/R_5998/D   1.9822   4.7585 r  -2.7764 (VIOLATED)
   u_amber1/u_execute/u_register_bank/R_5972/D   1.9814   4.7576 r  -2.7762 (VIOLATED)
   u_amber1/u_coprocessor/disruptive_area_reg_3_/D   1.9887   4.7643 f  -2.7755 (VIOLATED)
   u_amber1/u_decode/o_iaddress_sel_reg_1_/D   1.9944   4.7698 f  -2.7754 (VIOLATED)
   u_amber1/u_decode/o_pc_sel_reg_1_/D   1.9944   4.7698 f  -2.7754 (VIOLATED)
   u_amber1/u_execute/u_register_bank/R_5789/D   1.9945   4.7698 f  -2.7753 (VIOLATED)
   u_amber1/u_decode/o_multiply_function_reg_1_/D   1.9942   4.7694 f  -2.7752 (VIOLATED)
   u_amber1/u_execute/u_register_bank/R_5797/D   1.9944   4.7696 f  -2.7752 (VIOLATED)
   u_amber1/u_execute/u_register_bank/R_5793/D   1.9945   4.7695 f  -2.7751 (VIOLATED)
   u_amber1/u_execute/u_register_bank/R_5779/D   1.9945   4.7695 f  -2.7750 (VIOLATED)
   u_amber1/u_execute/u_register_bank/R_5781/D   1.9945   4.7695 f  -2.7750 (VIOLATED)
   u_amber1/u_execute/u_register_bank/R_5783/D   1.9945   4.7695 f  -2.7750 (VIOLATED)
   u_amber1/u_execute/u_register_bank/R_5785/D   1.9945   4.7695 f  -2.7750 (VIOLATED)
   u_amber1/u_execute/u_register_bank/R_5787/D   1.9945   4.7695 f  -2.7750 (VIOLATED)
   u_amber1/u_execute/u_register_bank/R_5791/D   1.9945   4.7695 f  -2.7750 (VIOLATED)
   u_amber0/u_decode/saved_current_instruction_address_reg_12_/D   1.9946   4.7696 f  -2.7750 (VIOLATED)
   u_amber0/u_fetch/u_cache/init_count_reg_0_/D   1.9940   4.7687 f  -2.7747 (VIOLATED)
   u_amber1/u_execute/u_register_bank/R_5717/D   1.9944   4.7691 f  -2.7747 (VIOLATED)
   u_amber1/u_execute/u_register_bank/R_5709/D   1.9944   4.7690 f  -2.7745 (VIOLATED)
   u_amber1/u_execute/u_register_bank/R_5711/D   1.9944   4.7690 f  -2.7745 (VIOLATED)
   u_amber1/u_execute/u_register_bank/R_5713/D   1.9944   4.7690 f  -2.7745 (VIOLATED)
   u_amber1/u_execute/u_register_bank/R_5723/D   1.9945   4.7690 f  -2.7745 (VIOLATED)
   u_amber1/u_execute/u_register_bank/R_5725/D   1.9945   4.7690 f  -2.7745 (VIOLATED)
   u_amber1/u_execute/u_register_bank/R_5707/D   1.9944   4.7690 f  -2.7745 (VIOLATED)
   u_amber1/u_execute/u_register_bank/R_5721/D   1.9945   4.7690 f  -2.7744 (VIOLATED)
   u_amber1/u_execute/u_register_bank/R_5693/D   1.9944   4.7688 f  -2.7744 (VIOLATED)
   u_amber1/u_execute/u_register_bank/R_5837/D   1.9944   4.7688 f  -2.7744 (VIOLATED)
   u_amber1/u_execute/u_register_bank/R_5845/D   1.9944   4.7686 f  -2.7742 (VIOLATED)
   u_amber1/u_execute/u_register_bank/R_5699/D   1.9944   4.7686 f  -2.7742 (VIOLATED)
   u_amber1/u_execute/u_register_bank/R_5701/D   1.9944   4.7686 f  -2.7742 (VIOLATED)
   u_amber1/u_execute/u_register_bank/R_5843/D   1.9944   4.7686 f  -2.7742 (VIOLATED)
   u_amber1/u_execute/u_register_bank/R_5685/D   1.9944   4.7685 f  -2.7741 (VIOLATED)
   u_amber1/u_execute/u_register_bank/R_5687/D   1.9944   4.7685 f  -2.7741 (VIOLATED)
   u_amber1/u_execute/u_register_bank/R_5689/D   1.9944   4.7685 f  -2.7741 (VIOLATED)
   u_amber1/u_execute/u_register_bank/R_5691/D   1.9944   4.7685 f  -2.7741 (VIOLATED)
   u_amber1/u_execute/u_register_bank/R_5695/D   1.9944   4.7685 f  -2.7741 (VIOLATED)
   u_amber1/u_execute/u_register_bank/R_5829/D   1.9944   4.7685 f  -2.7741 (VIOLATED)
   u_amber1/u_execute/u_register_bank/R_5841/D   1.9944   4.7685 f  -2.7741 (VIOLATED)
   u_amber0/u_decode/hold_instruction_reg_8_/D   1.9911   4.7652 r  -2.7741 (VIOLATED)
   u_amber0/u_decode/hold_instruction_reg_9_/D   1.9911   4.7652 r  -2.7741 (VIOLATED)
   u_amber0/u_decode/hold_instruction_reg_10_/D   1.9911   4.7652 r  -2.7741 (VIOLATED)
   u_amber0/u_decode/hold_instruction_reg_12_/D   1.9911   4.7652 r  -2.7741 (VIOLATED)
   u_amber0/u_decode/hold_instruction_reg_13_/D   1.9911   4.7652 r  -2.7741 (VIOLATED)
   u_amber1/u_execute/u_register_bank/R_5697/D   1.9944   4.7685 f  -2.7741 (VIOLATED)
   u_amber1/u_execute/u_register_bank/R_5831/D   1.9944   4.7685 f  -2.7741 (VIOLATED)
   u_amber1/u_execute/u_register_bank/R_5835/D   1.9944   4.7685 f  -2.7741 (VIOLATED)
   u_amber1/u_execute/u_register_bank/R_5839/D   1.9944   4.7685 f  -2.7741 (VIOLATED)
   u_amber1/u_execute/u_register_bank/r11_firq_reg_4_/D   1.9946   4.7682 r  -2.7735 (VIOLATED)
   u_amber1/u_execute/u_register_bank/R_5969/D   1.9814   4.7546 r  -2.7732 (VIOLATED)
   u_amber1/u_execute/u_register_bank/R_5973/D   1.9816   4.7547 r  -2.7731 (VIOLATED)
   u_amber1/u_execute/u_register_bank/R_3509/D   1.9943   4.7672 f  -2.7729 (VIOLATED)
   u_amber1/u_execute/u_register_bank/R_5773/D   1.9945   4.7673 f  -2.7728 (VIOLATED)
   u_amber1/u_execute/u_register_bank/R_4814/D   1.9943   4.7671 f  -2.7728 (VIOLATED)
   u_amber1/u_execute/u_register_bank/R_5271/D   1.9943   4.7671 f  -2.7728 (VIOLATED)
   u_amber1/u_execute/u_register_bank/R_1864/D   1.9944   4.7672 f  -2.7727 (VIOLATED)
   u_amber1/u_execute/u_register_bank/R_5757/D   1.9945   4.7672 f  -2.7727 (VIOLATED)
   u_amber1/u_execute/u_register_bank/R_5759/D   1.9945   4.7672 f  -2.7727 (VIOLATED)
   u_amber1/u_execute/u_register_bank/R_5761/D   1.9945   4.7672 f  -2.7727 (VIOLATED)
   u_amber1/u_execute/u_register_bank/R_5763/D   1.9945   4.7672 f  -2.7727 (VIOLATED)
   u_amber1/u_execute/u_register_bank/R_5765/D   1.9945   4.7672 f  -2.7727 (VIOLATED)
   u_amber1/u_execute/u_register_bank/R_5767/D   1.9945   4.7672 f  -2.7727 (VIOLATED)
   u_amber1/u_execute/u_register_bank/R_5769/D   1.9945   4.7672 f  -2.7727 (VIOLATED)
   u_amber1/u_execute/u_register_bank/R_289/D   1.9945   4.7672 f  -2.7727 (VIOLATED)
   u_amber1/u_execute/u_register_bank/R_925/D   1.9944   4.7671 f  -2.7726 (VIOLATED)
   u_amber1/u_execute/u_register_bank/R_1039/D   1.9945   4.7671 f  -2.7725 (VIOLATED)
   u_amber1/u_execute/u_register_bank/R_1162/D   1.9945   4.7671 f  -2.7725 (VIOLATED)
   u_amber1/u_decode/o_multiply_function_reg_0_/D   1.9944   4.7669 f  -2.7724 (VIOLATED)
   u_amber1/u_execute/u_register_bank/R_5675/D   1.9944   4.7666 f  -2.7722 (VIOLATED)
   u_amber1/u_execute/u_register_bank/R_5671/D   1.9944   4.7665 f  -2.7721 (VIOLATED)
   u_amber1/u_execute/u_register_bank/R_5673/D   1.9944   4.7665 f  -2.7721 (VIOLATED)
   u_amber1/u_execute/u_register_bank/R_5659/D   1.9944   4.7665 f  -2.7721 (VIOLATED)
   u_amber1/u_execute/u_register_bank/R_5661/D   1.9944   4.7665 f  -2.7721 (VIOLATED)
   u_amber1/u_execute/u_register_bank/R_5663/D   1.9944   4.7665 f  -2.7721 (VIOLATED)
   u_amber1/u_execute/u_register_bank/R_5677/D   1.9945   4.7666 f  -2.7721 (VIOLATED)
   u_amber1/u_execute/u_register_bank/R_5665/D   1.9945   4.7665 f  -2.7720 (VIOLATED)
   u_amber1/u_execute/u_register_bank/R_6182/D   1.9816   4.7529 r  -2.7712 (VIOLATED)
   u_amber0/u_fetch/u_cache/address_r_reg_16_/D   1.9946   4.7655 r  -2.7709 (VIOLATED)
   u_amber0/u_fetch/u_cache/address_r_reg_14_/D   1.9946   4.7655 r  -2.7709 (VIOLATED)
   u_amber0/u_fetch/u_cache/address_r_reg_17_/D   1.9946   4.7655 r  -2.7708 (VIOLATED)
   u_amber0/u_execute/u_register_bank/r10_firq_reg_2_/D   1.9944   4.7641 f  -2.7697 (VIOLATED)
   u_amber1/u_execute/u_register_bank/R_5976/D   1.9908   4.7601 r  -2.7693 (VIOLATED)
   u_amber0/u_execute/u_register_bank/r12_reg_11_/D   1.9947   4.7632 r  -2.7685 (VIOLATED)
   u_amber0/u_execute/u_register_bank/r12_reg_5_/D   1.9947   4.7632 r  -2.7685 (VIOLATED)
   u_amber0/u_execute/u_register_bank/r12_reg_6_/D   1.9947   4.7632 r  -2.7685 (VIOLATED)
   u_amber0/u_execute/u_register_bank/r12_reg_9_/D   1.9947   4.7632 r  -2.7685 (VIOLATED)
   u_amber0/u_execute/u_register_bank/r12_reg_10_/D   1.9947   4.7632 r  -2.7685 (VIOLATED)
   u_amber0/u_execute/u_register_bank/r12_reg_13_/D   1.9947   4.7632 r  -2.7685 (VIOLATED)
   u_amber0/u_execute/u_register_bank/r12_reg_3_/D   1.9947   4.7632 r  -2.7685 (VIOLATED)
   u_amber0/u_execute/u_register_bank/r12_reg_1_/D   1.9947   4.7630 r  -2.7683 (VIOLATED)
   u_amber0/u_execute/u_register_bank/r12_reg_0_/D   1.9947   4.7629 r  -2.7682 (VIOLATED)
   u_amber0/u_execute/u_register_bank/r12_reg_2_/D   1.9947   4.7629 r  -2.7682 (VIOLATED)
   u_amber0/u_execute/u_register_bank/r9_firq_reg_12_/D   1.9896   4.7577 r  -2.7681 (VIOLATED)
   u_amber1/u_execute/u_register_bank/R_6039/D   1.9865   4.7542 r  -2.7677 (VIOLATED)
   u_amber1/u_execute/u_register_bank/R_5804/D   1.9942   4.7617 f  -2.7675 (VIOLATED)
   u_amber1/u_execute/u_register_bank/R_4806/D   1.9943   4.7617 f  -2.7674 (VIOLATED)
   u_amber1/u_execute/u_register_bank/R_5263/D   1.9943   4.7617 f  -2.7674 (VIOLATED)
   u_amber1/u_execute/u_register_bank/R_5818/D   1.9943   4.7617 f  -2.7674 (VIOLATED)
   u_amber1/u_execute/u_register_bank/R_5812/D   1.9943   4.7617 f  -2.7674 (VIOLATED)
   u_amber1/u_execute/u_register_bank/R_5824/D   1.9943   4.7617 f  -2.7674 (VIOLATED)
   u_amber1/u_execute/u_register_bank/R_5806/D   1.9943   4.7617 f  -2.7674 (VIOLATED)
   u_amber1/u_execute/u_register_bank/R_1452/D   1.9943   4.7617 f  -2.7674 (VIOLATED)
   u_amber1/u_execute/u_register_bank/R_2640/D   1.9943   4.7617 f  -2.7674 (VIOLATED)
   u_amber1/u_execute/u_register_bank/R_1012/D   1.9945   4.7617 f  -2.7672 (VIOLATED)
   u_amber1/u_execute/u_register_bank/R_903/D   1.9945   4.7617 f  -2.7672 (VIOLATED)
   u_amber1/u_execute/u_register_bank/R_1126/D   1.9945   4.7617 f  -2.7672 (VIOLATED)
   u_amber1/u_coprocessor/o_copro_read_data_reg_10_/D   1.9947   4.7614 f  -2.7667 (VIOLATED)
   u_amber1/u_coprocessor/o_copro_read_data_reg_11_/D   1.9947   4.7614 f  -2.7667 (VIOLATED)
   u_amber1/u_coprocessor/o_copro_read_data_reg_12_/D   1.9947   4.7614 f  -2.7667 (VIOLATED)
   u_amber1/u_coprocessor/o_copro_read_data_reg_13_/D   1.9947   4.7614 f  -2.7667 (VIOLATED)
   u_amber1/u_coprocessor/o_copro_read_data_reg_14_/D   1.9947   4.7614 f  -2.7667 (VIOLATED)
   u_amber1/u_coprocessor/o_copro_read_data_reg_16_/D   1.9947   4.7614 f  -2.7667 (VIOLATED)
   u_amber1/u_coprocessor/o_copro_read_data_reg_19_/D   1.9947   4.7614 f  -2.7667 (VIOLATED)
   u_amber1/u_coprocessor/o_copro_read_data_reg_23_/D   1.9947   4.7614 f  -2.7667 (VIOLATED)
   u_amber1/u_coprocessor/o_copro_read_data_reg_25_/D   1.9947   4.7614 f  -2.7667 (VIOLATED)
   u_amber1/u_coprocessor/o_copro_read_data_reg_26_/D   1.9947   4.7614 f  -2.7667 (VIOLATED)
   u_amber0/u_execute/u_register_bank/R_4047/D   1.9927   4.7592 r  -2.7666 (VIOLATED)
   u_amber0/u_execute/u_register_bank/r10_reg_5_/D   1.9946   4.7611 f  -2.7665 (VIOLATED)
   u_amber0/u_execute/u_register_bank/R_5190/D   1.9927   4.7590 r  -2.7663 (VIOLATED)
   u_amber0/u_execute/u_register_bank/R_5573/D   1.9927   4.7590 r  -2.7663 (VIOLATED)
   u_amber0/u_execute/u_register_bank/R_1412/D   1.9927   4.7590 r  -2.7663 (VIOLATED)
   u_amber0/u_execute/u_register_bank/r8_reg_0_/D   1.9946   4.7604 f  -2.7658 (VIOLATED)
   u_amber0/u_decode/o_status_bits_flags_wen_reg/D   1.9946   4.7604 r  -2.7658 (VIOLATED)
   u_amber0/u_execute/u_register_bank/R_22/D   1.9939   4.7592 r  -2.7653 (VIOLATED)
   u_amber0/u_fetch/u_cache/address_r_reg_3_/D   1.9946   4.7596 f  -2.7650 (VIOLATED)
   u_amber0/u_execute/u_register_bank/R_850/D   1.9945   4.7592 r  -2.7647 (VIOLATED)
   u_amber0/u_execute/u_register_bank/R_1102/D   1.9945   4.7590 r  -2.7645 (VIOLATED)
   u_amber0/u_fetch/u_cache/address_r_reg_9_/D   1.9945   4.7589 r  -2.7644 (VIOLATED)
   u_amber0/u_fetch/u_cache/address_r_reg_10_/D   1.9945   4.7589 r  -2.7644 (VIOLATED)
   u_amber0/u_fetch/u_cache/address_r_reg_11_/D   1.9945   4.7589 r  -2.7644 (VIOLATED)
   u_amber0/u_execute/u_register_bank/r5_reg_1_/D   1.9946   4.7588 r  -2.7642 (VIOLATED)
   u_amber0/u_fetch/u_cache/address_r_reg_6_/D   1.9945   4.7585 r  -2.7640 (VIOLATED)
   u_amber0/u_fetch/u_cache/address_r_reg_8_/D   1.9945   4.7585 r  -2.7640 (VIOLATED)
   u_amber0/u_fetch/u_cache/address_r_reg_5_/D   1.9945   4.7585 r  -2.7640 (VIOLATED)
   u_amber0/u_fetch/u_cache/address_r_reg_7_/D   1.9945   4.7585 r  -2.7640 (VIOLATED)
   u_amber1/u_execute/u_register_bank/R_6139/D   1.9938   4.7577 f  -2.7639 (VIOLATED)
   u_amber0/u_decode/irq_reg/D   1.9911      4.7550 r      -2.7639  (VIOLATED)
   u_amber0/u_decode/o_alu_function_reg_3_/D   1.9911   4.7550 r  -2.7639 (VIOLATED)
   u_amber0/u_decode/o_decode_exclusive_reg/D   1.9911   4.7550 r  -2.7639 (VIOLATED)
   u_amber0/u_decode/o_status_bits_sel_reg_2_/D   1.9911   4.7550 r  -2.7639 (VIOLATED)
   u_amber1/u_execute/u_register_bank/R_917/D   1.9942   4.7575 f  -2.7633 (VIOLATED)
   u_amber0/u_execute/u_register_bank/r10_reg_0_/D   1.9946   4.7555 f  -2.7609 (VIOLATED)
   u_amber0/u_execute/u_register_bank/r10_reg_3_/D   1.9946   4.7555 f  -2.7609 (VIOLATED)
   u_amber0/u_execute/u_register_bank/r10_reg_2_/D   1.9946   4.7555 f  -2.7609 (VIOLATED)
   u_amber0/u_execute/u_register_bank/r10_reg_1_/D   1.9947   4.7555 f  -2.7608 (VIOLATED)
   u_amber1/u_execute/u_register_bank/R_5732/D   1.9942   4.7550 f  -2.7608 (VIOLATED)
   u_amber1/u_execute/u_register_bank/R_4748/D   1.9943   4.7550 f  -2.7607 (VIOLATED)
   u_amber1/u_execute/u_register_bank/R_5232/D   1.9943   4.7550 f  -2.7607 (VIOLATED)
   u_amber1/u_execute/u_register_bank/R_5746/D   1.9943   4.7550 f  -2.7607 (VIOLATED)
   u_amber1/u_execute/u_register_bank/R_5740/D   1.9943   4.7550 f  -2.7607 (VIOLATED)
   u_amber1/u_execute/u_register_bank/R_5752/D   1.9943   4.7550 f  -2.7607 (VIOLATED)
   u_amber1/u_execute/u_register_bank/R_1446/D   1.9943   4.7550 f  -2.7607 (VIOLATED)
   u_amber1/u_execute/u_register_bank/R_2606/D   1.9943   4.7550 f  -2.7607 (VIOLATED)
   u_amber1/u_execute/o_copro_write_data_reg_0_/D   1.9889   4.7495 r  -2.7607 (VIOLATED)
   u_amber1/u_execute/o_copro_write_data_reg_1_/D   1.9889   4.7495 r  -2.7607 (VIOLATED)
   u_amber1/u_execute/u_register_bank/R_913/D   1.9945   4.7550 f  -2.7606 (VIOLATED)
   u_amber1/u_execute/u_register_bank/R_1022/D   1.9945   4.7550 f  -2.7605 (VIOLATED)
   u_amber1/u_execute/u_register_bank/R_1132/D   1.9945   4.7550 f  -2.7605 (VIOLATED)
   u_amber1/u_execute/u_register_bank/R_6158/D   1.9848   4.7448 r  -2.7600 (VIOLATED)
   u_amber0/u_execute/u_register_bank/r8_reg_5_/D   1.9946   4.7545 f  -2.7599 (VIOLATED)
   u_amber0/u_execute/u_register_bank/r8_reg_3_/D   1.9946   4.7544 f  -2.7598 (VIOLATED)
   u_amber0/u_execute/u_register_bank/r8_reg_2_/D   1.9946   4.7544 f  -2.7598 (VIOLATED)
   u_amber0/u_execute/u_register_bank/r8_reg_1_/D   1.9947   4.7544 f  -2.7598 (VIOLATED)
   u_amber0/u_execute/u_register_bank/r9_reg_3_/D   1.9946   4.7543 f  -2.7597 (VIOLATED)
   u_amber0/u_execute/u_register_bank/r9_reg_5_/D   1.9946   4.7543 f  -2.7597 (VIOLATED)
   u_amber0/u_execute/u_register_bank/r9_reg_0_/D   1.9946   4.7543 f  -2.7597 (VIOLATED)
   u_amber0/u_execute/u_register_bank/r9_reg_2_/D   1.9946   4.7543 f  -2.7597 (VIOLATED)
   u_amber0/u_execute/u_register_bank/r9_reg_1_/D   1.9947   4.7543 f  -2.7597 (VIOLATED)
   u_amber1/u_execute/o_copro_write_data_reg_2_/D   1.9900   4.7495 r  -2.7595 (VIOLATED)
   u_amber1/u_execute/o_copro_write_data_reg_3_/D   1.9900   4.7495 r  -2.7595 (VIOLATED)
   u_amber1/u_execute/o_copro_write_data_reg_6_/D   1.9900   4.7495 r  -2.7595 (VIOLATED)
   u_amber1/u_execute/o_copro_write_data_reg_7_/D   1.9900   4.7495 r  -2.7595 (VIOLATED)
   u_amber1/u_execute/u_multiply/product_reg_50_/D   1.9946   4.7538 f  -2.7592 (VIOLATED)
   u_amber1/u_execute/u_multiply/product_reg_54_/D   1.9946   4.7538 f  -2.7592 (VIOLATED)
   u_amber1/u_execute/u_multiply/product_reg_58_/D   1.9946   4.7538 f  -2.7592 (VIOLATED)
   u_amber1/u_execute/u_multiply/product_reg_53_/D   1.9946   4.7538 f  -2.7592 (VIOLATED)
   u_amber1/u_execute/u_multiply/product_reg_40_/D   1.9946   4.7538 f  -2.7592 (VIOLATED)
   u_amber1/u_execute/u_multiply/product_reg_47_/D   1.9946   4.7538 f  -2.7592 (VIOLATED)
   u_amber0/u_execute/u_register_bank/r9_reg_4_/D   1.9946   4.7536 f  -2.7590 (VIOLATED)
   u_amber1/u_execute/u_register_bank/r8_firq_reg_8_/D   1.9947   4.7535 r  -2.7588 (VIOLATED)
   u_amber0/u_execute/u_register_bank/r10_reg_7_/D   1.9946   4.7533 f  -2.7587 (VIOLATED)
   u_amber0/u_execute/u_register_bank/r10_reg_11_/D   1.9946   4.7533 f  -2.7587 (VIOLATED)
   u_amber0/u_execute/u_register_bank/r9_reg_7_/D   1.9946   4.7532 f  -2.7586 (VIOLATED)
   u_amber0/u_execute/u_register_bank/r9_reg_11_/D   1.9946   4.7532 f  -2.7586 (VIOLATED)
   u_amber0/u_execute/u_register_bank/r8_reg_6_/D   1.9946   4.7532 f  -2.7585 (VIOLATED)
   u_amber0/u_execute/u_register_bank/r8_reg_12_/D   1.9946   4.7532 f  -2.7585 (VIOLATED)
   u_amber0/u_execute/u_register_bank/r10_reg_6_/D   1.9946   4.7532 f  -2.7585 (VIOLATED)
   u_amber0/u_execute/u_register_bank/r10_reg_12_/D   1.9946   4.7532 f  -2.7585 (VIOLATED)
   u_amber0/u_execute/u_register_bank/r8_reg_9_/D   1.9946   4.7531 f  -2.7585 (VIOLATED)
   u_amber0/u_execute/u_register_bank/r8_reg_10_/D   1.9946   4.7531 f  -2.7585 (VIOLATED)
   u_amber0/u_execute/u_register_bank/r10_reg_9_/D   1.9946   4.7531 f  -2.7585 (VIOLATED)
   u_amber0/u_execute/u_register_bank/r10_reg_10_/D   1.9946   4.7531 f  -2.7585 (VIOLATED)
   u_amber0/u_execute/u_register_bank/r8_reg_7_/D   1.9946   4.7530 f  -2.7583 (VIOLATED)
   u_amber0/u_execute/u_register_bank/r9_reg_12_/D   1.9946   4.7529 f  -2.7582 (VIOLATED)
   u_amber1/u_execute/u_register_bank/r9_firq_reg_4_/D   1.9947   4.7529 r  -2.7582 (VIOLATED)
   u_amber0/u_execute/u_register_bank/r9_reg_9_/D   1.9946   4.7529 f  -2.7582 (VIOLATED)
   u_amber1/u_execute/u_register_bank/r8_firq_reg_14_/D   1.9947   4.7529 r  -2.7582 (VIOLATED)
   u_amber1/u_coprocessor/disruptive_area_reg_18_/D   1.9887   4.7467 f  -2.7580 (VIOLATED)
   u_amber1/u_coprocessor/disruptive_area_reg_14_/D   1.9940   4.7519 f  -2.7580 (VIOLATED)
   u_amber1/u_coprocessor/disruptive_area_reg_15_/D   1.9940   4.7519 f  -2.7580 (VIOLATED)
   u_amber1/u_coprocessor/disruptive_area_reg_16_/D   1.9940   4.7519 f  -2.7580 (VIOLATED)
   u_amber1/u_coprocessor/disruptive_area_reg_17_/D   1.9940   4.7519 f  -2.7580 (VIOLATED)
   u_amber1/u_coprocessor/disruptive_area_reg_19_/D   1.9940   4.7519 f  -2.7580 (VIOLATED)
   u_amber1/u_coprocessor/disruptive_area_reg_20_/D   1.9940   4.7519 f  -2.7580 (VIOLATED)
   u_amber1/u_coprocessor/disruptive_area_reg_21_/D   1.9940   4.7519 f  -2.7580 (VIOLATED)
   u_amber1/u_coprocessor/disruptive_area_reg_22_/D   1.9940   4.7519 f  -2.7580 (VIOLATED)
   u_amber1/u_coprocessor/disruptive_area_reg_23_/D   1.9940   4.7519 f  -2.7580 (VIOLATED)
   u_amber1/u_coprocessor/disruptive_area_reg_24_/D   1.9940   4.7519 f  -2.7580 (VIOLATED)
   u_amber1/u_coprocessor/disruptive_area_reg_8_/D   1.9940   4.7519 f  -2.7580 (VIOLATED)
   u_amber1/u_coprocessor/disruptive_area_reg_25_/D   1.9940   4.7519 f  -2.7579 (VIOLATED)
   u_amber1/u_coprocessor/disruptive_area_reg_26_/D   1.9940   4.7519 f  -2.7579 (VIOLATED)
   u_amber0/u_execute/u_register_bank/r11_reg_8_/D   1.9946   4.7525 r  -2.7579 (VIOLATED)
   u_amber1/u_execute/u_register_bank/r9_firq_reg_14_/D   1.9947   4.7523 r  -2.7576 (VIOLATED)
   u_amber0/u_execute/u_register_bank/r11_reg_4_/D   1.9947   4.7517 r  -2.7571 (VIOLATED)
   u_amber1/u_execute/u_register_bank/R_6169/D   1.9826   4.7396 r  -2.7570 (VIOLATED)
   u_amber1/u_execute/u_register_bank/r8_firq_reg_4_/D   1.9946   4.7515 r  -2.7569 (VIOLATED)
   u_amber0/u_execute/u_register_bank/r11_reg_14_/D   1.9947   4.7514 r  -2.7568 (VIOLATED)
   u_amber1/u_execute/u_register_bank/R_5970/D   1.9873   4.7439 f  -2.7566 (VIOLATED)
   u_amber1/u_execute/u_register_bank/R_507/D   1.9849   4.7412 r  -2.7563 (VIOLATED)
   u_amber0/u_execute/u_multiply/product_reg_33_/D   1.9893   4.7448 r  -2.7555 (VIOLATED)
   u_amber0/u_execute/u_multiply/product_reg_45_/D   1.9947   4.7483 f  -2.7537 (VIOLATED)
   u_amber0/u_execute/u_multiply/product_reg_49_/D   1.9947   4.7483 f  -2.7536 (VIOLATED)
   u_amber1/u_execute/u_register_bank/R_6006/D   1.9825   4.7359 r  -2.7534 (VIOLATED)
   u_amber1/u_execute/u_register_bank/R_6005/D   1.9825   4.7359 r  -2.7534 (VIOLATED)
   u_amber1/u_execute/o_copro_write_data_reg_4_/D   1.9885   4.7414 r  -2.7529 (VIOLATED)
   u_amber1/u_execute/u_register_bank/R_6023/D   1.9819   4.7346 r  -2.7527 (VIOLATED)
   u_amber1/u_execute/u_register_bank/r10_firq_reg_4_/D   1.9896   4.7414 r  -2.7517 (VIOLATED)
   u_amber1/u_execute/u_register_bank/r5_reg_8_/D   1.9946   4.7460 r  -2.7514 (VIOLATED)
   u_amber1/u_execute/u_register_bank/r5_reg_4_/D   1.9946   4.7460 r  -2.7514 (VIOLATED)
   u_amber0/u_fetch/u_cache/c_state_reg_3_/D   1.9925   4.7436 r  -2.7511 (VIOLATED)
   u_amber1/u_execute/u_register_bank/r1_reg_8_/D   1.9946   4.7457 r  -2.7511 (VIOLATED)
   u_amber0/u_execute/u_register_bank/r13_svc_reg_5_/D   1.9947   4.7453 f  -2.7506 (VIOLATED)
   u_amber0/u_execute/u_register_bank/r13_svc_reg_13_/D   1.9947   4.7453 f  -2.7506 (VIOLATED)
   u_amber0/u_execute/u_register_bank/r13_svc_reg_7_/D   1.9947   4.7453 f  -2.7506 (VIOLATED)
   u_amber0/u_execute/u_register_bank/r13_svc_reg_10_/D   1.9947   4.7453 f  -2.7506 (VIOLATED)
   u_amber0/u_execute/u_register_bank/r13_svc_reg_11_/D   1.9947   4.7453 f  -2.7506 (VIOLATED)
   u_amber0/u_execute/u_register_bank/r13_svc_reg_6_/D   1.9947   4.7453 f  -2.7506 (VIOLATED)
   u_amber0/u_execute/u_register_bank/r13_svc_reg_9_/D   1.9947   4.7453 f  -2.7506 (VIOLATED)
   u_amber0/u_execute/u_register_bank/r13_svc_reg_3_/D   1.9947   4.7453 f  -2.7506 (VIOLATED)
   u_amber0/u_execute/u_register_bank/r13_svc_reg_12_/D   1.9947   4.7453 f  -2.7506 (VIOLATED)
   u_amber1/u_execute/u_register_bank/r6_reg_4_/D   1.9946   4.7452 r  -2.7506 (VIOLATED)
   u_amber0/u_execute/u_register_bank/R_2426/D   1.9947   4.7452 r  -2.7505 (VIOLATED)
   u_amber1/u_execute/u_register_bank/r6_reg_14_/D   1.9946   4.7452 r  -2.7505 (VIOLATED)
   u_amber0/u_execute/u_register_bank/R_2498/D   1.9906   4.7411 r  -2.7505 (VIOLATED)
   u_amber1/u_execute/u_register_bank/r3_reg_8_/D   1.9946   4.7450 r  -2.7504 (VIOLATED)
   u_amber1/u_execute/u_register_bank/r3_reg_14_/D   1.9946   4.7450 r  -2.7503 (VIOLATED)
   u_amber1/u_execute/o_write_data_reg_0_/D   1.9821   4.7320 r  -2.7499 (VIOLATED)
   u_amber1/u_execute/o_write_data_reg_1_/D   1.9821   4.7320 r  -2.7499 (VIOLATED)
   u_amber1/u_execute/o_write_data_reg_3_/D   1.9821   4.7320 r  -2.7499 (VIOLATED)
   u_amber1/u_execute/o_write_data_reg_5_/D   1.9821   4.7320 r  -2.7499 (VIOLATED)
   u_amber1/u_execute/o_write_data_reg_6_/D   1.9821   4.7320 r  -2.7499 (VIOLATED)
   u_amber1/u_execute/o_write_data_reg_7_/D   1.9821   4.7320 r  -2.7499 (VIOLATED)
   u_amber0/u_fetch/u_cache/address_r_reg_12_/D   1.9946   4.7444 r  -2.7498 (VIOLATED)
   u_amber0/u_execute/u_register_bank/r2_reg_12_/D   1.9946   4.7441 r  -2.7495 (VIOLATED)
   u_amber0/u_fetch/u_cache/address_r_reg_13_/D   1.9946   4.7441 r  -2.7494 (VIOLATED)
   u_amber1/u_coprocessor/cacheable_area_reg_0_/D   1.9942   4.7434 f  -2.7492 (VIOLATED)
   u_amber1/u_coprocessor/cacheable_area_reg_1_/D   1.9942   4.7434 f  -2.7492 (VIOLATED)
   u_amber1/u_coprocessor/cacheable_area_reg_2_/D   1.9942   4.7434 f  -2.7492 (VIOLATED)
   u_amber1/u_coprocessor/cacheable_area_reg_3_/D   1.9942   4.7434 f  -2.7492 (VIOLATED)
   u_amber1/u_coprocessor/cacheable_area_reg_4_/D   1.9942   4.7434 f  -2.7492 (VIOLATED)
   u_amber1/u_coprocessor/cacheable_area_reg_7_/D   1.9942   4.7434 f  -2.7492 (VIOLATED)
   u_amber1/u_execute/u_register_bank/r1_reg_4_/D   1.9945   4.7436 r  -2.7491 (VIOLATED)
   u_amber0/u_fetch/u_cache/address_r_reg_15_/D   1.9896   4.7383 r  -2.7487 (VIOLATED)
   u_amber0/u_execute/u_multiply/product_reg_41_/D   1.9954   4.7440 f  -2.7486 (VIOLATED)
   u_amber0/u_execute/u_multiply/product_reg_42_/D   1.9954   4.7440 f  -2.7486 (VIOLATED)
   u_amber0/u_execute/u_multiply/product_reg_57_/D   1.9954   4.7440 f  -2.7486 (VIOLATED)
   u_amber1/u_coprocessor/o_copro_read_data_reg_15_/D   1.9947   4.7420 f  -2.7473 (VIOLATED)
   u_amber0/u_decode/o_status_bits_irq_mask_wen_reg/D   1.9946   4.7406 f  -2.7460 (VIOLATED)
   u_amber0/u_decode/o_status_bits_mode_wen_reg/D   1.9946   4.7406 f  -2.7460 (VIOLATED)
   u_amber0/u_execute/u_register_bank/R_6071/D   1.9941   4.7395 f  -2.7454 (VIOLATED)
   u_amber0/u_decode/hold_instruction_iabt_status_reg_0_/D   1.9945   4.7399 r  -2.7454 (VIOLATED)
   u_amber0/u_decode/hold_instruction_iabt_status_reg_3_/D   1.9945   4.7399 r  -2.7454 (VIOLATED)
   u_amber0/u_decode/hold_instruction_iabt_status_reg_4_/D   1.9945   4.7399 r  -2.7454 (VIOLATED)
   u_amber0/u_decode/hold_instruction_iabt_status_reg_6_/D   1.9945   4.7399 r  -2.7454 (VIOLATED)
   u_amber0/u_decode/hold_instruction_iabt_status_reg_7_/D   1.9945   4.7399 r  -2.7454 (VIOLATED)
   u_amber1/u_execute/u_register_bank/R_6002/D   1.9931   4.7381 f  -2.7450 (VIOLATED)
   u_amber0/u_execute/u_register_bank/r11_reg_6_/D   1.9946   4.7391 r  -2.7445 (VIOLATED)
   u_amber0/u_execute/u_register_bank/R_6059/D   1.9839   4.7279 f  -2.7440 (VIOLATED)
   u_amber0/u_execute/u_register_bank/r11_reg_11_/D   1.9946   4.7387 r  -2.7440 (VIOLATED)
   u_amber0/u_execute/u_register_bank/r11_reg_12_/D   1.9946   4.7386 r  -2.7440 (VIOLATED)
   u_amber0/u_execute/u_register_bank/r11_reg_13_/D   1.9946   4.7386 r  -2.7440 (VIOLATED)
   u_amber0/u_execute/u_register_bank/r11_reg_9_/D   1.9946   4.7386 r  -2.7440 (VIOLATED)
   u_amber0/u_execute/u_register_bank/r11_reg_10_/D   1.9946   4.7386 r  -2.7440 (VIOLATED)
   u_amber0/u_execute/u_register_bank/r11_reg_3_/D   1.9947   4.7386 r  -2.7440 (VIOLATED)
   u_amber0/u_execute/u_register_bank/r11_reg_1_/D   1.9947   4.7384 r  -2.7438 (VIOLATED)
   u_amber0/u_execute/u_register_bank/r11_reg_0_/D   1.9947   4.7383 r  -2.7437 (VIOLATED)
   u_amber0/u_execute/u_register_bank/r11_reg_2_/D   1.9947   4.7383 r  -2.7437 (VIOLATED)
   u_amber0/u_execute/u_register_bank/r4_reg_0_/D   1.9946   4.7374 r  -2.7428 (VIOLATED)
   u_amber0/u_execute/u_register_bank/r4_reg_11_/D   1.9946   4.7374 r  -2.7428 (VIOLATED)
   u_amber0/u_execute/u_register_bank/r4_reg_13_/D   1.9946   4.7374 r  -2.7427 (VIOLATED)
   u_amber0/u_execute/u_register_bank/r4_reg_5_/D   1.9946   4.7373 r  -2.7427 (VIOLATED)
   u_amber0/u_execute/u_register_bank/r4_reg_12_/D   1.9946   4.7374 r  -2.7427 (VIOLATED)
   u_amber0/u_execute/u_register_bank/r4_reg_6_/D   1.9946   4.7374 r  -2.7427 (VIOLATED)
   u_amber0/u_execute/u_register_bank/r4_reg_7_/D   1.9946   4.7374 r  -2.7427 (VIOLATED)
   u_amber0/u_execute/u_register_bank/r4_reg_3_/D   1.9946   4.7374 r  -2.7427 (VIOLATED)
   u_amber0/u_execute/u_register_bank/r4_reg_2_/D   1.9946   4.7373 r  -2.7426 (VIOLATED)
   u_amber1/u_execute/u_register_bank/R_3721/D   1.9808   4.7232 r  -2.7424 (VIOLATED)
   u_amber0/u_execute/u_register_bank/r3_reg_0_/D   1.9946   4.7369 r  -2.7424 (VIOLATED)
   u_amber1/u_execute/o_write_data_reg_4_/D   1.9871   4.7295 f  -2.7423 (VIOLATED)
   u_amber0/u_execute/u_register_bank/r4_reg_1_/D   1.9946   4.7369 r  -2.7423 (VIOLATED)
   u_amber0/u_execute/u_register_bank/r3_reg_14_/D   1.9947   4.7367 f  -2.7420 (VIOLATED)
   u_amber0/u_coprocessor/o_copro_read_data_reg_27_/D   1.9947   4.7367 f  -2.7420 (VIOLATED)
   u_amber0/u_coprocessor/o_copro_read_data_reg_28_/D   1.9947   4.7367 f  -2.7420 (VIOLATED)
   u_amber0/u_coprocessor/o_copro_read_data_reg_29_/D   1.9947   4.7367 f  -2.7420 (VIOLATED)
   u_amber0/u_coprocessor/o_copro_read_data_reg_31_/D   1.9947   4.7367 f  -2.7420 (VIOLATED)
   u_amber0/u_execute/u_register_bank/r5_reg_14_/D   1.9947   4.7366 f  -2.7419 (VIOLATED)
   u_amber0/u_execute/u_register_bank/r6_reg_14_/D   1.9947   4.7366 f  -2.7419 (VIOLATED)
   u_amber0/u_execute/u_register_bank/r1_reg_9_/D   1.9946   4.7362 r  -2.7416 (VIOLATED)
   u_amber0/u_execute/u_register_bank/r1_reg_6_/D   1.9946   4.7362 r  -2.7416 (VIOLATED)
   u_amber0/u_execute/u_register_bank/r1_reg_12_/D   1.9946   4.7362 r  -2.7416 (VIOLATED)
   u_amber0/u_execute/u_register_bank/r5_reg_10_/D   1.9946   4.7362 r  -2.7416 (VIOLATED)
   u_amber0/u_execute/u_register_bank/r1_reg_13_/D   1.9946   4.7362 r  -2.7416 (VIOLATED)
   u_amber0/u_execute/u_register_bank/r5_reg_13_/D   1.9946   4.7362 r  -2.7416 (VIOLATED)
   u_amber0/u_execute/u_register_bank/r1_reg_5_/D   1.9946   4.7362 r  -2.7416 (VIOLATED)
   u_amber0/u_execute/u_register_bank/r5_reg_6_/D   1.9947   4.7362 r  -2.7416 (VIOLATED)
   u_amber0/u_execute/u_register_bank/r5_reg_9_/D   1.9947   4.7362 r  -2.7416 (VIOLATED)
   u_amber0/u_execute/u_register_bank/r5_reg_5_/D   1.9947   4.7362 r  -2.7416 (VIOLATED)
   u_amber0/u_execute/u_register_bank/r1_reg_2_/D   1.9946   4.7361 r  -2.7415 (VIOLATED)
   u_amber0/u_execute/u_register_bank/r5_reg_2_/D   1.9947   4.7361 r  -2.7415 (VIOLATED)
   u_amber0/u_execute/u_register_bank/r5_reg_0_/D   1.9947   4.7361 r  -2.7414 (VIOLATED)
   u_amber1/u_execute/R_1954/D   1.9917      4.7331 r      -2.7414  (VIOLATED)
   u_amber0/u_execute/u_register_bank/r5_reg_7_/D   1.9946   4.7360 r  -2.7413 (VIOLATED)
   u_amber0/u_execute/u_register_bank/r5_reg_11_/D   1.9946   4.7360 r  -2.7413 (VIOLATED)
   u_amber1/u_wishbone/o_wb_adr_reg_2_/D   1.9945   4.7357 r  -2.7413 (VIOLATED)
   u_amber0/u_execute/u_register_bank/r1_reg_1_/D   1.9946   4.7358 r  -2.7411 (VIOLATED)
   u_amber0/u_execute/u_register_bank/r1_reg_11_/D   1.9946   4.7357 r  -2.7411 (VIOLATED)
   u_amber0/u_execute/u_register_bank/r1_reg_3_/D   1.9946   4.7357 r  -2.7411 (VIOLATED)
   u_amber0/u_execute/u_register_bank/r2_reg_14_/D   1.9946   4.7351 f  -2.7405 (VIOLATED)
   u_amber0/u_execute/u_register_bank/R_2024/D   1.9940   4.7345 r  -2.7405 (VIOLATED)
   u_amber1/u_execute/u_register_bank/R_293/D   1.9942   4.7345 f  -2.7403 (VIOLATED)
   u_amber1/u_execute/u_register_bank/R_1868/D   1.9942   4.7345 f  -2.7403 (VIOLATED)
   u_amber1/u_execute/u_register_bank/R_3503/D   1.9942   4.7345 f  -2.7403 (VIOLATED)
   u_amber0/u_execute/u_register_bank/R_1068/D   1.9944   4.7345 r  -2.7400 (VIOLATED)
   u_amber0/u_decode/R_0/D    1.9831         4.7231 r      -2.7400  (VIOLATED)
   u_amber1/u_execute/u_register_bank/R_4624/D   1.9905   4.7302 r  -2.7397 (VIOLATED)
   u_amber1/u_execute/u_register_bank/R_5819/D   1.9944   4.7321 f  -2.7376 (VIOLATED)
   u_amber1/u_execute/u_register_bank/R_5811/D   1.9945   4.7321 f  -2.7376 (VIOLATED)
   u_amber1/u_execute/u_register_bank/R_5813/D   1.9945   4.7321 f  -2.7376 (VIOLATED)
   u_amber1/u_execute/u_register_bank/R_5815/D   1.9945   4.7321 f  -2.7376 (VIOLATED)
   u_amber1/u_execute/u_register_bank/R_5817/D   1.9945   4.7321 f  -2.7376 (VIOLATED)
   u_amber0/u_execute/u_register_bank/r10_reg_8_/D   1.9947   4.7321 f  -2.7374 (VIOLATED)
   u_amber0/u_mem/u_dcache/init_count_reg_0_/D   1.9940   4.7314 f  -2.7374 (VIOLATED)
   u_amber1/u_execute/u_register_bank/R_5805/D   1.9945   4.7318 f  -2.7374 (VIOLATED)
   u_amber1/u_execute/u_register_bank/R_5807/D   1.9945   4.7318 f  -2.7374 (VIOLATED)
   u_amber1/u_execute/u_register_bank/R_5809/D   1.9945   4.7318 f  -2.7374 (VIOLATED)
   u_amber0/u_execute/u_register_bank/r10_reg_14_/D   1.9947   4.7316 f  -2.7369 (VIOLATED)
   u_amber0/u_execute/u_register_bank/r10_reg_4_/D   1.9947   4.7316 f  -2.7369 (VIOLATED)
   u_amber1/u_execute/u_register_bank/R_5715/D   1.9929   4.7297 r  -2.7367 (VIOLATED)
   u_amber0/u_execute/u_register_bank/r14_reg_3_/D   1.9946   4.7310 r  -2.7363 (VIOLATED)
   u_amber0/u_coprocessor/cacheable_area_reg_20_/D   1.9940   4.7303 f  -2.7363 (VIOLATED)
   u_amber0/u_coprocessor/cacheable_area_reg_21_/D   1.9940   4.7303 f  -2.7363 (VIOLATED)
   u_amber0/u_coprocessor/cacheable_area_reg_22_/D   1.9940   4.7303 f  -2.7363 (VIOLATED)
   u_amber0/u_coprocessor/cacheable_area_reg_23_/D   1.9940   4.7303 f  -2.7363 (VIOLATED)
   u_amber0/u_coprocessor/cacheable_area_reg_24_/D   1.9940   4.7303 f  -2.7363 (VIOLATED)
   u_amber0/u_coprocessor/cacheable_area_reg_25_/D   1.9940   4.7303 f  -2.7363 (VIOLATED)
   u_amber0/u_coprocessor/cacheable_area_reg_26_/D   1.9940   4.7303 f  -2.7363 (VIOLATED)
   u_amber0/u_coprocessor/cacheable_area_reg_27_/D   1.9940   4.7303 f  -2.7363 (VIOLATED)
   u_amber0/u_coprocessor/cacheable_area_reg_28_/D   1.9940   4.7303 f  -2.7363 (VIOLATED)
   u_amber0/u_coprocessor/cacheable_area_reg_29_/D   1.9940   4.7303 f  -2.7363 (VIOLATED)
   u_amber0/u_coprocessor/cacheable_area_reg_30_/D   1.9940   4.7303 f  -2.7363 (VIOLATED)
   u_amber0/u_coprocessor/cacheable_area_reg_31_/D   1.9940   4.7303 f  -2.7363 (VIOLATED)
   u_amber0/u_execute/u_register_bank/r13_svc_reg_8_/D   1.9946   4.7309 r  -2.7362 (VIOLATED)
   u_amber0/u_execute/u_register_bank/r9_reg_8_/D   1.9946   4.7308 f  -2.7362 (VIOLATED)
   u_amber0/u_coprocessor/cacheable_area_reg_1_/D   1.9941   4.7303 f  -2.7362 (VIOLATED)
   u_amber0/u_coprocessor/cacheable_area_reg_4_/D   1.9941   4.7303 f  -2.7362 (VIOLATED)
   u_amber0/u_coprocessor/cacheable_area_reg_8_/D   1.9941   4.7303 f  -2.7362 (VIOLATED)
   u_amber0/u_coprocessor/cacheable_area_reg_9_/D   1.9941   4.7303 f  -2.7362 (VIOLATED)
   u_amber0/u_coprocessor/cacheable_area_reg_10_/D   1.9941   4.7303 f  -2.7362 (VIOLATED)
   u_amber0/u_coprocessor/cacheable_area_reg_11_/D   1.9941   4.7303 f  -2.7362 (VIOLATED)
   u_amber0/u_coprocessor/cacheable_area_reg_12_/D   1.9941   4.7303 f  -2.7362 (VIOLATED)
   u_amber0/u_coprocessor/cacheable_area_reg_13_/D   1.9941   4.7303 f  -2.7362 (VIOLATED)
   u_amber0/u_coprocessor/cacheable_area_reg_14_/D   1.9941   4.7303 f  -2.7362 (VIOLATED)
   u_amber0/u_coprocessor/cacheable_area_reg_15_/D   1.9941   4.7303 f  -2.7362 (VIOLATED)
   u_amber0/u_coprocessor/cacheable_area_reg_16_/D   1.9941   4.7303 f  -2.7362 (VIOLATED)
   u_amber0/u_coprocessor/cacheable_area_reg_17_/D   1.9941   4.7303 f  -2.7362 (VIOLATED)
   u_amber0/u_coprocessor/cacheable_area_reg_18_/D   1.9941   4.7303 f  -2.7362 (VIOLATED)
   u_amber0/u_coprocessor/cacheable_area_reg_19_/D   1.9941   4.7303 f  -2.7362 (VIOLATED)
   u_amber0/u_execute/u_register_bank/R_5989/D   1.9932   4.7292 f  -2.7359 (VIOLATED)
   u_amber0/u_execute/u_register_bank/r9_reg_14_/D   1.9947   4.7304 f  -2.7357 (VIOLATED)
   u_amber0/u_execute/u_register_bank/r8_reg_8_/D   1.9946   4.7301 f  -2.7355 (VIOLATED)
   u_amber0/u_execute/u_register_bank/r13_svc_reg_4_/D   1.9947   4.7301 r  -2.7354 (VIOLATED)
   u_amber1/u_execute/u_register_bank/R_1536/D   1.9944   4.7297 f  -2.7353 (VIOLATED)
   u_amber1/u_execute/u_register_bank/R_3624/D   1.9944   4.7297 f  -2.7353 (VIOLATED)
   u_amber1/u_execute/u_register_bank/R_2616/D   1.9944   4.7297 f  -2.7353 (VIOLATED)
   u_amber1/u_execute/u_register_bank/R_1285/D   1.9946   4.7297 f  -2.7352 (VIOLATED)
   u_amber1/u_execute/R_1822/D   1.9943      4.7294 f      -2.7351  (VIOLATED)
   u_amber0/u_execute/u_register_bank/r13_svc_reg_14_/D   1.9947   4.7297 r  -2.7351 (VIOLATED)
   u_amber0/u_execute/u_register_bank/r8_reg_4_/D   1.9947   4.7297 f  -2.7350 (VIOLATED)
   u_amber1/u_execute/R_1481/D   1.9943      4.7293 f      -2.7350  (VIOLATED)
   u_amber0/u_decode/hold_instruction_iabt_status_reg_5_/D   1.9941   4.7291 r  -2.7349 (VIOLATED)
   u_amber1/u_execute/u_register_bank/R_314/D   1.9944   4.7292 f  -2.7349 (VIOLATED)
   u_amber0/u_execute/u_register_bank/R_2254/D   1.9890   4.7239 f  -2.7348 (VIOLATED)
   u_amber1/u_execute/u_register_bank/R_5601/D   1.9944   4.7292 f  -2.7348 (VIOLATED)
   u_amber1/u_execute/u_register_bank/R_2691/D   1.9944   4.7292 f  -2.7348 (VIOLATED)
   u_amber1/u_execute/u_register_bank/R_5034/D   1.9944   4.7292 f  -2.7348 (VIOLATED)
   u_amber1/u_execute/u_register_bank/R_964/D   1.9944   4.7292 f  -2.7348 (VIOLATED)
   u_amber1/u_execute/u_register_bank/R_1078/D   1.9945   4.7292 f  -2.7347 (VIOLATED)
   u_amber0/u_decode/R_101/D   1.9899        4.7247 r      -2.7347  (VIOLATED)
   u_amber0/u_decode/hold_instruction_reg_30_/D   1.9921   4.7266 r  -2.7346 (VIOLATED)
   u_amber1/u_execute/u_register_bank/R_5833/D   1.9944   4.7288 f  -2.7344 (VIOLATED)
   u_amber1/u_execute/u_register_bank/R_5771/D   1.9944   4.7282 r  -2.7338 (VIOLATED)
   u_amber1/u_mem/u_dcache/init_count_reg_8_/D   1.9945   4.7281 r  -2.7336 (VIOLATED)
   u_amber0/u_execute/u_register_bank/r8_reg_14_/D   1.9946   4.7282 f  -2.7336 (VIOLATED)
   u_amber0/u_execute/u_register_bank/r9_firq_reg_1_/D   1.9946   4.7280 r  -2.7334 (VIOLATED)
   u_amber0/u_execute/u_register_bank/r9_reg_6_/D   1.9944   4.7278 f  -2.7334 (VIOLATED)
   u_amber1/u_execute/u_register_bank/r9_firq_reg_8_/D   1.9947   4.7278 r  -2.7331 (VIOLATED)
   u_amber1/u_execute/o_copro_write_data_reg_5_/D   1.9885   4.7209 r  -2.7324 (VIOLATED)
   u_amber1/u_execute/u_register_bank/R_5667/D   1.9945   4.7268 f  -2.7323 (VIOLATED)
   u_amber1/u_decode/R_6025/D   1.9947       4.7267 r      -2.7320  (VIOLATED)
   u_amber1/u_decode/o_pc_wen_reg/D   1.9893   4.7205 r    -2.7312  (VIOLATED)
   u_amber1/u_execute/o_write_data_reg_2_/D   1.9818   4.7127 r  -2.7308 (VIOLATED)
   u_amber0/u_execute/u_register_bank/R_6027/D   1.9833   4.7140 r  -2.7307 (VIOLATED)
   u_amber0/u_decode/o_barrel_shift_data_sel_reg_1_/D   1.9925   4.7230 r  -2.7305 (VIOLATED)
   u_amber0/u_decode/control_state_reg_4_/D   1.9925   4.7229 r  -2.7304 (VIOLATED)
   u_amber0/u_execute/u_register_bank/r10_firq_reg_1_/D   1.9946   4.7250 f  -2.7303 (VIOLATED)
   u_amber0/u_execute/u_register_bank/r11_reg_7_/D   1.9944   4.7244 r  -2.7300 (VIOLATED)
   u_amber0/u_decode/hold_instruction_iabt_status_reg_1_/D   1.9944   4.7235 r  -2.7291 (VIOLATED)
   u_amber1/u_execute/u_register_bank/R_6004/D   1.9825   4.7116 r  -2.7291 (VIOLATED)
   u_amber0/u_decode/o_status_bits_firq_mask_wen_reg/D   1.9939   4.7229 r  -2.7290 (VIOLATED)
   u_amber1/u_execute/u_register_bank/r1_reg_14_/D   1.9896   4.7186 r  -2.7289 (VIOLATED)
   u_amber0/u_execute/u_register_bank/r14_reg_8_/D   1.9946   4.7228 r  -2.7282 (VIOLATED)
   u_amber1/u_execute/u_register_bank/r0_reg_4_/D   1.9946   4.7226 r  -2.7279 (VIOLATED)
   u_amber1/u_execute/u_register_bank/R_3501/D   1.9879   4.7155 r  -2.7276 (VIOLATED)
   u_amber1/u_execute/u_register_bank/r3_reg_4_/D   1.9947   4.7221 r  -2.7274 (VIOLATED)
   u_amber0/u_execute/u_register_bank/r14_reg_4_/D   1.9947   4.7220 r  -2.7273 (VIOLATED)
   u_amber0/u_execute/u_register_bank/r14_reg_14_/D   1.9947   4.7217 r  -2.7270 (VIOLATED)
   u_amber0/u_execute/u_register_bank/r2_reg_0_/D   1.9946   4.7215 r  -2.7269 (VIOLATED)
   u_amber0/u_execute/u_register_bank/r2_reg_7_/D   1.9946   4.7214 r  -2.7268 (VIOLATED)
   u_amber0/u_execute/u_register_bank/r2_reg_11_/D   1.9946   4.7214 r  -2.7268 (VIOLATED)
   u_amber0/u_execute/u_register_bank/r2_reg_3_/D   1.9947   4.7214 r  -2.7268 (VIOLATED)
   u_amber0/u_execute/u_register_bank/r6_reg_0_/D   1.9946   4.7214 r  -2.7267 (VIOLATED)
   u_amber0/u_execute/u_register_bank/r6_reg_11_/D   1.9947   4.7213 r  -2.7266 (VIOLATED)
   u_amber0/u_execute/u_register_bank/r7_reg_12_/D   1.9947   4.7213 r  -2.7266 (VIOLATED)
   u_amber0/u_execute/u_register_bank/r6_reg_7_/D   1.9947   4.7213 r  -2.7266 (VIOLATED)
   u_amber0/u_execute/u_register_bank/r6_reg_3_/D   1.9947   4.7213 r  -2.7266 (VIOLATED)
   u_amber0/u_execute/u_register_bank/r7_reg_6_/D   1.9947   4.7213 r  -2.7266 (VIOLATED)
   u_amber0/u_execute/u_register_bank/r7_reg_9_/D   1.9947   4.7213 r  -2.7266 (VIOLATED)
   u_amber0/u_execute/u_register_bank/r7_reg_10_/D   1.9947   4.7213 r  -2.7266 (VIOLATED)
   u_amber0/u_execute/u_register_bank/r7_reg_5_/D   1.9947   4.7213 r  -2.7266 (VIOLATED)
   u_amber0/u_execute/u_register_bank/r7_reg_2_/D   1.9947   4.7212 r  -2.7265 (VIOLATED)
   u_amber0/u_execute/u_register_bank/r6_reg_13_/D   1.9946   4.7210 r  -2.7264 (VIOLATED)
   u_amber0/u_fetch/u_cache/c_state_reg_0_/D   1.9908   4.7172 r  -2.7264 (VIOLATED)
   u_amber0/u_execute/u_register_bank/r6_reg_6_/D   1.9947   4.7210 r  -2.7264 (VIOLATED)
   u_amber0/u_execute/u_register_bank/r6_reg_12_/D   1.9947   4.7210 r  -2.7264 (VIOLATED)
   u_amber0/u_execute/u_register_bank/r6_reg_9_/D   1.9947   4.7210 r  -2.7264 (VIOLATED)
   u_amber0/u_execute/u_register_bank/r6_reg_10_/D   1.9947   4.7210 r  -2.7264 (VIOLATED)
   u_amber0/u_execute/u_register_bank/r6_reg_5_/D   1.9947   4.7210 r  -2.7264 (VIOLATED)
   u_amber1/u_execute/u_register_bank/r5_reg_14_/D   1.9946   4.7210 r  -2.7263 (VIOLATED)
   u_amber0/u_execute/u_register_bank/r2_reg_6_/D   1.9946   4.7209 r  -2.7263 (VIOLATED)
   u_amber0/u_execute/u_register_bank/r2_reg_10_/D   1.9946   4.7209 r  -2.7263 (VIOLATED)
   u_amber0/u_execute/u_register_bank/r2_reg_13_/D   1.9946   4.7209 r  -2.7263 (VIOLATED)
   u_amber0/u_execute/u_register_bank/r2_reg_5_/D   1.9947   4.7209 r  -2.7263 (VIOLATED)
   u_amber0/u_execute/u_register_bank/r2_reg_2_/D   1.9947   4.7208 r  -2.7262 (VIOLATED)
   u_amber0/u_execute/u_register_bank/r7_reg_1_/D   1.9947   4.7208 r  -2.7262 (VIOLATED)
   u_amber0/u_execute/u_register_bank/r7_reg_3_/D   1.9947   4.7208 r  -2.7261 (VIOLATED)
   u_amber0/u_execute/u_register_bank/r7_reg_7_/D   1.9947   4.7208 r  -2.7261 (VIOLATED)
   u_amber0/u_execute/u_register_bank/r6_reg_1_/D   1.9946   4.7206 r  -2.7260 (VIOLATED)
   u_amber1/u_execute/u_register_bank/r6_reg_8_/D   1.9946   4.7201 r  -2.7255 (VIOLATED)
   u_amber0/u_execute/u_register_bank/r13_svc_reg_1_/D   1.9944   4.7196 f  -2.7252 (VIOLATED)
   u_amber1/u_execute/u_register_bank/R_311/D   1.9944   4.7190 f  -2.7247 (VIOLATED)
   u_amber1/u_execute/u_register_bank/R_1534/D   1.9944   4.7190 f  -2.7246 (VIOLATED)
   u_amber1/u_execute/u_register_bank/R_5605/D   1.9944   4.7190 f  -2.7246 (VIOLATED)
   u_amber1/u_execute/u_register_bank/R_2689/D   1.9944   4.7190 f  -2.7246 (VIOLATED)
   u_amber1/u_execute/u_register_bank/R_5032/D   1.9944   4.7190 f  -2.7246 (VIOLATED)
   u_amber1/u_execute/u_register_bank/R_3622/D   1.9944   4.7190 f  -2.7246 (VIOLATED)
   u_amber1/u_execute/u_register_bank/R_2594/D   1.9944   4.7190 f  -2.7246 (VIOLATED)
   u_amber1/u_execute/u_register_bank/R_962/D   1.9944   4.7190 f  -2.7246 (VIOLATED)
   u_amber1/u_execute/u_register_bank/R_1076/D   1.9945   4.7190 f  -2.7245 (VIOLATED)
   u_amber1/u_execute/u_register_bank/R_1283/D   1.9946   4.7190 f  -2.7245 (VIOLATED)
   u_amber1/u_execute/R_1820/D   1.9888      4.7132 r      -2.7244  (VIOLATED)
   u_amber1/u_execute/u_register_bank/R_1808/D   1.9943   4.7178 f  -2.7235 (VIOLATED)
   u_amber0/u_coprocessor/updateable_area_reg_0_/D   1.9938   4.7168 f  -2.7230 (VIOLATED)
   u_amber0/u_mem/u_dcache/source_sel_reg_1_/D   1.9946   4.7173 r  -2.7227 (VIOLATED)
   u_amber0/u_execute/u_register_bank/r13_irq_reg_14_/D   1.9946   4.7170 f  -2.7223 (VIOLATED)
   u_amber0/u_execute/u_register_bank/r1_reg_14_/D   1.9947   4.7170 f  -2.7223 (VIOLATED)
   u_amber0/u_execute/u_register_bank/r10_firq_reg_14_/D   1.9947   4.7170 f  -2.7223 (VIOLATED)
   u_amber0/u_execute/u_register_bank/r11_firq_reg_14_/D   1.9947   4.7170 f  -2.7223 (VIOLATED)
   u_amber0/u_execute/u_register_bank/r4_reg_14_/D   1.9947   4.7170 f  -2.7223 (VIOLATED)
   u_amber0/u_decode/hold_instruction_iabt_status_reg_2_/D   1.9895   4.7116 r  -2.7221 (VIOLATED)
   u_amber0/u_decode/R_2067/D   1.9827       4.7044 r      -2.7217  (VIOLATED)
   u_amber0/u_execute/R_2077/D   1.9827      4.7044 r      -2.7217  (VIOLATED)
   u_amber0/u_execute/u_register_bank/r13_svc_reg_2_/D   1.9947   4.7163 r  -2.7217 (VIOLATED)
   u_amber0/u_decode/o_copro_operation_reg_1_/D   1.9895   4.7105 r  -2.7210 (VIOLATED)
   u_amber0/u_decode/o_status_bits_sel_reg_1_/D   1.9895   4.7105 r  -2.7210 (VIOLATED)
   u_amber1/u_decode/o_condition_reg_3_/D   1.9930   4.7133 r  -2.7203 (VIOLATED)
   u_amber1/u_execute/u_register_bank/R_5965/D   1.9852   4.7051 r  -2.7200 (VIOLATED)
   u_amber0/u_decode/rn_conflict1_r_reg/D   1.9906   4.7105 r  -2.7199 (VIOLATED)
   u_amber0/u_decode/o_condition_reg_0_/D   1.9907   4.7105 r  -2.7199 (VIOLATED)
   u_amber0/u_execute/u_register_bank/R_5947/D   1.9934   4.7132 f  -2.7198 (VIOLATED)
   u_amber0/u_decode/o_alu_function_reg_6_/D   1.9912   4.7105 r  -2.7193 (VIOLATED)
   u_amber0/u_decode/o_load_rd_reg_4_/D   1.9913   4.7105 r  -2.7193 (VIOLATED)
   u_amber0/u_decode/o_shift_imm_zero_reg/D   1.9913   4.7105 r  -2.7193 (VIOLATED)
   u_amber0/u_execute/u_register_bank/r3_reg_3_/D   1.9946   4.7137 r  -2.7191 (VIOLATED)
   u_amber0/u_execute/u_register_bank/r3_reg_11_/D   1.9946   4.7137 r  -2.7191 (VIOLATED)
   u_amber0/u_execute/u_register_bank/r3_reg_10_/D   1.9946   4.7135 r  -2.7189 (VIOLATED)
   u_amber0/u_execute/u_register_bank/r3_reg_13_/D   1.9946   4.7135 r  -2.7188 (VIOLATED)
   u_amber0/u_execute/u_register_bank/r3_reg_5_/D   1.9946   4.7135 r  -2.7188 (VIOLATED)
   u_amber0/u_execute/u_register_bank/r3_reg_6_/D   1.9946   4.7135 r  -2.7188 (VIOLATED)
   u_amber0/u_execute/u_register_bank/r3_reg_12_/D   1.9946   4.7135 r  -2.7188 (VIOLATED)
   u_amber0/u_execute/u_register_bank/r3_reg_9_/D   1.9946   4.7135 r  -2.7188 (VIOLATED)
   u_amber0/u_execute/u_register_bank/R_5192/D   1.9927   4.7113 r  -2.7187 (VIOLATED)
   u_amber0/u_execute/u_register_bank/R_105/D   1.9926   4.7113 r  -2.7187 (VIOLATED)
   u_amber0/u_execute/u_register_bank/R_5593/D   1.9927   4.7113 r  -2.7187 (VIOLATED)
   u_amber0/u_execute/u_register_bank/R_1414/D   1.9927   4.7113 r  -2.7186 (VIOLATED)
   u_amber0/u_execute/u_register_bank/R_1977/D   1.9928   4.7113 r  -2.7186 (VIOLATED)
   u_amber0/u_execute/u_register_bank/R_4043/D   1.9927   4.7111 r  -2.7184 (VIOLATED)
   u_amber0/u_execute/u_register_bank/r3_reg_1_/D   1.9946   4.7130 r  -2.7184 (VIOLATED)
   u_amber0/u_execute/u_register_bank/r4_reg_10_/D   1.9944   4.7123 r  -2.7179 (VIOLATED)
   u_amber1/u_execute/u_register_bank/R_3420/D   1.9942   4.7115 f  -2.7172 (VIOLATED)
   u_amber0/u_execute/u_register_bank/R_24/D   1.9939   4.7111 r  -2.7172 (VIOLATED)
   u_amber0/u_execute/u_register_bank/R_5293/D   1.9944   4.7113 r  -2.7169 (VIOLATED)
   u_amber0/u_execute/u_register_bank/R_996/D   1.9945   4.7113 r  -2.7169 (VIOLATED)
   u_amber0/u_execute/u_register_bank/R_1104/D   1.9945   4.7113 r  -2.7169 (VIOLATED)
   u_amber0/u_execute/u_register_bank/R_1312/D   1.9945   4.7113 r  -2.7169 (VIOLATED)
   u_amber0/u_execute/u_register_bank/r1_reg_10_/D   1.9944   4.7112 r  -2.7168 (VIOLATED)
   u_amber0/u_execute/u_register_bank/R_1193/D   1.9945   4.7113 r  -2.7168 (VIOLATED)
   u_amber0/u_execute/u_register_bank/R_1496/D   1.9944   4.7110 r  -2.7166 (VIOLATED)
   u_amber0/u_execute/u_register_bank/R_4433/D   1.9944   4.7110 r  -2.7166 (VIOLATED)
   u_amber0/u_execute/u_register_bank/R_852/D   1.9945   4.7111 r  -2.7166 (VIOLATED)
   u_amber0/u_execute/u_register_bank/r5_reg_3_/D   1.9944   4.7110 r  -2.7165 (VIOLATED)
   u_amber0/u_execute/u_register_bank/R_1357/D   1.9945   4.7110 r  -2.7165 (VIOLATED)
   u_amber0/u_decode/load_rd_d1_reg_2_/D   1.9888   4.7052 r  -2.7164 (VIOLATED)
   u_amber1/u_execute/u_register_bank/R_303/D   1.9941   4.7077 f  -2.7136 (VIOLATED)
   u_amber1/u_execute/u_register_bank/R_258/D   1.9942   4.7077 f  -2.7135 (VIOLATED)
   u_amber1/u_execute/u_register_bank/R_1850/D   1.9942   4.7077 f  -2.7135 (VIOLATED)
   u_amber1/u_execute/u_register_bank/R_3412/D   1.9942   4.7077 f  -2.7135 (VIOLATED)
   u_amber1/u_execute/u_register_bank/R_5664/D   1.9942   4.7077 f  -2.7135 (VIOLATED)
   u_amber1/u_execute/u_register_bank/R_5666/D   1.9942   4.7077 f  -2.7135 (VIOLATED)
   u_amber1/u_execute/u_register_bank/R_5670/D   1.9942   4.7077 f  -2.7135 (VIOLATED)
   u_amber1/u_execute/u_register_bank/R_5676/D   1.9942   4.7077 f  -2.7135 (VIOLATED)
   u_amber1/u_execute/u_register_bank/R_5678/D   1.9942   4.7077 f  -2.7135 (VIOLATED)
   u_amber1/u_execute/u_register_bank/R_5682/D   1.9942   4.7077 f  -2.7135 (VIOLATED)
   u_amber0/u_execute/u_register_bank/r14_reg_11_/D   1.9946   4.7081 r  -2.7135 (VIOLATED)
   u_amber0/u_execute/u_register_bank/r14_reg_12_/D   1.9946   4.7081 r  -2.7135 (VIOLATED)
   u_amber0/u_execute/u_register_bank/r14_reg_13_/D   1.9946   4.7081 r  -2.7135 (VIOLATED)
   u_amber1/u_execute/u_register_bank/R_1267/D   1.9943   4.7077 f  -2.7134 (VIOLATED)
   u_amber0/u_execute/u_register_bank/r14_reg_0_/D   1.9947   4.7079 r  -2.7132 (VIOLATED)
   u_amber0/u_execute/u_register_bank/r0_reg_14_/D   1.9946   4.7078 f  -2.7132 (VIOLATED)
   u_amber0/u_execute/u_register_bank/r14_reg_7_/D   1.9947   4.7078 r  -2.7131 (VIOLATED)
   u_amber0/u_execute/u_register_bank/r14_reg_1_/D   1.9947   4.7077 r  -2.7131 (VIOLATED)
   u_amber0/u_execute/u_register_bank/r14_reg_9_/D   1.9947   4.7077 r  -2.7131 (VIOLATED)
   u_amber0/u_execute/u_register_bank/r14_reg_10_/D   1.9947   4.7077 r  -2.7131 (VIOLATED)
   u_amber1/u_execute/u_register_bank/R_4709/D   1.9884   4.7013 r  -2.7129 (VIOLATED)
   u_amber1/u_execute/u_register_bank/R_4717/D   1.9884   4.7013 r  -2.7129 (VIOLATED)
   u_amber0/u_decode/instruction_execute_r_reg/D   1.9945   4.7071 f  -2.7126 (VIOLATED)
   u_amber1/u_decode/load_pc_r_reg/D   1.9945   4.7066 r   -2.7121  (VIOLATED)
   u_amber1/u_execute/u_register_bank/R_3725/D   1.9879   4.6984 r  -2.7106 (VIOLATED)
   u_amber1/u_execute/u_register_bank/R_1460/D   1.9880   4.6984 r  -2.7104 (VIOLATED)
   u_amber0/u_execute/u_register_bank/r8_firq_reg_14_/D   1.9947   4.7033 f  -2.7087 (VIOLATED)
   u_amber0/u_execute/u_register_bank/r14_reg_6_/D   1.9947   4.7030 f  -2.7083 (VIOLATED)
   u_amber0/u_execute/u_register_bank/r9_firq_reg_14_/D   1.9947   4.7029 f  -2.7082 (VIOLATED)
   u_amber0/u_execute/u_register_bank/r14_irq_reg_14_/D   1.9947   4.7028 f  -2.7081 (VIOLATED)
   u_amber0/u_execute/u_register_bank/R_46/D   1.9941   4.7020 f  -2.7079 (VIOLATED)
   u_amber0/u_execute/u_register_bank/R_3035/D   1.9944   4.7020 f  -2.7076 (VIOLATED)
   u_amber0/u_execute/u_register_bank/R_1792/D   1.9944   4.7020 f  -2.7076 (VIOLATED)
   u_amber0/u_execute/u_register_bank/R_4906/D   1.9944   4.7020 f  -2.7075 (VIOLATED)
   u_amber0/u_execute/u_register_bank/R_879/D   1.9944   4.7020 f  -2.7075 (VIOLATED)
   u_amber0/u_execute/u_register_bank/R_1060/D   1.9944   4.7020 f  -2.7075 (VIOLATED)
   u_amber0/u_execute/u_register_bank/R_1185/D   1.9945   4.7020 f  -2.7074 (VIOLATED)
   u_amber0/u_execute/u_register_bank/R_1349/D   1.9945   4.7020 f  -2.7074 (VIOLATED)
   u_amber0/u_execute/R_2090/D   1.9938      4.7009 r      -2.7071  (VIOLATED)
   u_amber0/u_decode/o_condition_reg_1_/D   1.9929   4.7000 r  -2.7071 (VIOLATED)
   u_amber1/u_mem/u_dcache/random_num_reg_0_/D   1.9903   4.6973 r  -2.7070 (VIOLATED)
   u_amber0/u_execute/u_register_bank/R_4423/D   1.9942   4.7011 f  -2.7069 (VIOLATED)
   u_amber0/u_execute/u_register_bank/R_1975/D   1.9880   4.6945 r  -2.7065 (VIOLATED)
   u_amber1/u_execute/u_register_bank/r7_reg_14_/D   1.9947   4.7008 f  -2.7061 (VIOLATED)
   u_amber1/u_execute/u_register_bank/r4_reg_14_/D   1.9947   4.7007 f  -2.7061 (VIOLATED)
   u_amber1/u_execute/u_register_bank/r0_reg_14_/D   1.9896   4.6953 r  -2.7057 (VIOLATED)
   u_amber1/u_execute/u_register_bank/r0_reg_8_/D   1.9896   4.6953 r  -2.7057 (VIOLATED)
   u_amber1/u_decode/o_status_bits_irq_mask_reg/D   1.9947   4.7003 f  -2.7056 (VIOLATED)
   u_amber1/u_execute/u_register_bank/R_1466/D   1.9944   4.6997 f  -2.7053 (VIOLATED)
   u_amber1/u_execute/u_register_bank/R_5275/D   1.9944   4.6997 f  -2.7053 (VIOLATED)
   u_amber1/u_execute/u_register_bank/R_2652/D   1.9944   4.6997 f  -2.7053 (VIOLATED)
   u_amber1/u_execute/u_register_bank/R_4818/D   1.9944   4.6997 f  -2.7053 (VIOLATED)
   u_amber1/u_execute/u_register_bank/R_931/D   1.9945   4.6997 f  -2.7052 (VIOLATED)
   u_amber1/u_execute/u_register_bank/R_1160/D   1.9945   4.6997 f  -2.7052 (VIOLATED)
   u_amber0/u_decode/hold_instruction_address_reg_1_/D   1.9899   4.6916 r  -2.7017 (VIOLATED)
   u_amber0/u_decode/hold_instruction_address_reg_3_/D   1.9899   4.6916 r  -2.7017 (VIOLATED)
   u_amber0/u_decode/hold_instruction_address_reg_4_/D   1.9899   4.6916 r  -2.7017 (VIOLATED)
   u_amber0/u_decode/hold_instruction_address_reg_7_/D   1.9899   4.6916 r  -2.7017 (VIOLATED)
   u_amber0/u_decode/hold_instruction_address_reg_9_/D   1.9899   4.6916 r  -2.7017 (VIOLATED)
   u_amber0/u_decode/hold_instruction_address_reg_10_/D   1.9899   4.6916 r  -2.7017 (VIOLATED)
   u_amber0/u_decode/hold_instruction_address_reg_12_/D   1.9899   4.6916 r  -2.7017 (VIOLATED)
   u_amber0/u_decode/hold_instruction_address_reg_15_/D   1.9899   4.6916 r  -2.7017 (VIOLATED)
   u_amber0/u_decode/hold_instruction_address_reg_16_/D   1.9899   4.6916 r  -2.7017 (VIOLATED)
   u_amber0/u_decode/hold_instruction_address_reg_18_/D   1.9899   4.6916 r  -2.7017 (VIOLATED)
   u_amber0/u_decode/hold_instruction_address_reg_19_/D   1.9899   4.6916 r  -2.7017 (VIOLATED)
   u_amber0/u_decode/hold_instruction_address_reg_21_/D   1.9899   4.6916 r  -2.7017 (VIOLATED)
   u_amber0/u_decode/hold_instruction_address_reg_24_/D   1.9899   4.6916 r  -2.7017 (VIOLATED)
   u_amber0/u_decode/hold_instruction_address_reg_29_/D   1.9899   4.6916 r  -2.7017 (VIOLATED)
   u_amber0/u_decode/o_daddress_sel_reg_0_/D   1.9899   4.6916 r  -2.7017 (VIOLATED)
   u_amber0/u_execute/u_register_bank/r7_reg_0_/D   1.9944   4.6960 r  -2.7016 (VIOLATED)
   u_amber0/u_execute/u_register_bank/R_6094/D   1.9941   4.6955 f  -2.7014 (VIOLATED)
   u_amber0/u_execute/u_register_bank/R_1310/D   1.9936   4.6945 r  -2.7009 (VIOLATED)
   u_amber1/u_execute/u_register_bank/R_5603/D   1.9944   4.6943 f  -2.6999 (VIOLATED)
   u_amber1/u_execute/u_register_bank/R_3620/D   1.9944   4.6943 f  -2.6999 (VIOLATED)
   u_amber1/u_execute/u_register_bank/R_915/D   1.9945   4.6943 f  -2.6998 (VIOLATED)
   u_amber1/u_execute/u_register_bank/R_1024/D   1.9945   4.6943 f  -2.6998 (VIOLATED)
   u_amber1/u_execute/u_register_bank/R_1134/D   1.9945   4.6943 f  -2.6998 (VIOLATED)
   u_amber1/u_wishbone/o_wb_adr_reg_0_/D   1.9944   4.6943 f  -2.6998 (VIOLATED)
   u_amber0/u_coprocessor/updateable_area_reg_20_/D   1.9939   4.6930 f  -2.6991 (VIOLATED)
   u_amber0/u_coprocessor/updateable_area_reg_21_/D   1.9939   4.6930 f  -2.6991 (VIOLATED)
   u_amber0/u_coprocessor/updateable_area_reg_22_/D   1.9939   4.6930 f  -2.6991 (VIOLATED)
   u_amber0/u_coprocessor/updateable_area_reg_24_/D   1.9939   4.6930 f  -2.6991 (VIOLATED)
   u_amber0/u_coprocessor/updateable_area_reg_25_/D   1.9939   4.6930 f  -2.6991 (VIOLATED)
   u_amber0/u_coprocessor/updateable_area_reg_26_/D   1.9939   4.6930 f  -2.6991 (VIOLATED)
   u_amber0/u_coprocessor/updateable_area_reg_27_/D   1.9939   4.6930 f  -2.6991 (VIOLATED)
   u_amber0/u_coprocessor/updateable_area_reg_28_/D   1.9939   4.6930 f  -2.6991 (VIOLATED)
   u_amber0/u_coprocessor/updateable_area_reg_29_/D   1.9939   4.6930 f  -2.6991 (VIOLATED)
   u_amber0/u_coprocessor/updateable_area_reg_30_/D   1.9939   4.6930 f  -2.6991 (VIOLATED)
   u_amber0/u_coprocessor/updateable_area_reg_31_/D   1.9939   4.6930 f  -2.6991 (VIOLATED)
   u_amber0/u_coprocessor/updateable_area_reg_8_/D   1.9886   4.6877 f  -2.6991 (VIOLATED)
   u_amber0/u_coprocessor/updateable_area_reg_23_/D   1.9886   4.6877 f  -2.6991 (VIOLATED)
   u_amber0/u_coprocessor/updateable_area_reg_1_/D   1.9939   4.6929 f  -2.6990 (VIOLATED)
   u_amber0/u_coprocessor/updateable_area_reg_2_/D   1.9939   4.6929 f  -2.6990 (VIOLATED)
   u_amber0/u_coprocessor/updateable_area_reg_3_/D   1.9939   4.6929 f  -2.6990 (VIOLATED)
   u_amber0/u_coprocessor/updateable_area_reg_5_/D   1.9939   4.6929 f  -2.6990 (VIOLATED)
   u_amber0/u_coprocessor/updateable_area_reg_6_/D   1.9939   4.6929 f  -2.6990 (VIOLATED)
   u_amber0/u_coprocessor/updateable_area_reg_7_/D   1.9939   4.6929 f  -2.6990 (VIOLATED)
   u_amber0/u_coprocessor/updateable_area_reg_11_/D   1.9939   4.6929 f  -2.6990 (VIOLATED)
   u_amber0/u_coprocessor/updateable_area_reg_13_/D   1.9939   4.6929 f  -2.6990 (VIOLATED)
   u_amber0/u_coprocessor/updateable_area_reg_15_/D   1.9939   4.6929 f  -2.6990 (VIOLATED)
   u_amber0/u_coprocessor/updateable_area_reg_17_/D   1.9939   4.6929 f  -2.6990 (VIOLATED)
   u_amber0/u_execute/u_register_bank/r14_reg_5_/D   1.9944   4.6933 r  -2.6989 (VIOLATED)
   u_amber1/u_execute/u_register_bank/r7_reg_4_/D   1.9946   4.6926 r  -2.6980 (VIOLATED)
   u_amber0/u_decode/hold_instruction_address_reg_13_/D   1.9884   4.6863 r  -2.6979 (VIOLATED)
   u_amber1/u_execute/u_register_bank/R_6133/D   1.9941   4.6917 f  -2.6976 (VIOLATED)
   u_amber0/u_execute/u_register_bank/R_55/D   1.9941   4.6915 f  -2.6974 (VIOLATED)
   u_amber0/u_execute/u_register_bank/R_2022/D   1.9944   4.6915 f  -2.6971 (VIOLATED)
   u_amber0/u_execute/u_register_bank/R_5291/D   1.9944   4.6915 f  -2.6971 (VIOLATED)
   u_amber0/u_execute/u_register_bank/R_1066/D   1.9944   4.6915 f  -2.6970 (VIOLATED)
   u_amber0/u_execute/R_2086/D   1.9927      4.6897 r      -2.6970  (VIOLATED)
   u_amber0/u_execute/u_register_bank/R_1191/D   1.9946   4.6915 f  -2.6969 (VIOLATED)
   u_amber0/u_execute/u_register_bank/R_1494/D   1.9944   4.6912 f  -2.6968 (VIOLATED)
   u_amber0/u_execute/u_register_bank/R_4431/D   1.9944   4.6912 f  -2.6968 (VIOLATED)
   u_amber0/u_execute/u_register_bank/R_885/D   1.9944   4.6912 f  -2.6968 (VIOLATED)
   u_amber0/u_execute/u_register_bank/R_1355/D   1.9946   4.6912 f  -2.6967 (VIOLATED)
   u_amber1/u_execute/u_register_bank/r7_reg_8_/D   1.9945   4.6907 r  -2.6962 (VIOLATED)
   u_amber0/u_decode/hold_instruction_iabt_reg/D   1.9864   4.6824 r  -2.6960 (VIOLATED)
   u_amber0/u_decode/o_imm_shift_amount_reg_2_/D   1.9864   4.6824 r  -2.6960 (VIOLATED)
   u_amber0/u_decode/o_imm_shift_amount_reg_3_/D   1.9864   4.6824 r  -2.6960 (VIOLATED)
   u_amber1/u_execute/u_register_bank/R_5734/D   1.9942   4.6902 f  -2.6960 (VIOLATED)
   u_amber0/u_execute/u_register_bank/r7_reg_14_/D   1.9896   4.6853 r  -2.6956 (VIOLATED)
   u_amber0/u_execute/u_register_bank/R_5943/D   1.9932   4.6882 f  -2.6949 (VIOLATED)
   u_amber1/u_execute/u_register_bank/R_5803/D   1.9945   4.6891 f  -2.6947 (VIOLATED)
   u_amber0/u_execute/u_register_bank/r9_reg_10_/D   1.9946   4.6890 f  -2.6944 (VIOLATED)
   u_amber0/u_execute/u_register_bank/r3_reg_2_/D   1.9944   4.6882 r  -2.6938 (VIOLATED)
   u_amber0/u_execute/R_1765/D   1.9877      4.6811 r      -2.6934  (VIOLATED)
   u_amber1/u_execute/u_register_bank/R_5971/D   1.9816   4.6734 r  -2.6918 (VIOLATED)
   u_amber0/u_decode/o_imm_shift_amount_reg_4_/D   1.9823   4.6738 r  -2.6915 (VIOLATED)
   u_amber1/u_execute/u_register_bank/R_5741/D   1.9945   4.6858 f  -2.6913 (VIOLATED)
   u_amber1/u_execute/u_register_bank/R_5747/D   1.9945   4.6855 f  -2.6910 (VIOLATED)
   u_amber1/u_execute/u_register_bank/R_5749/D   1.9945   4.6855 f  -2.6910 (VIOLATED)
   u_amber1/u_execute/u_register_bank/R_5733/D   1.9945   4.6855 f  -2.6910 (VIOLATED)
   u_amber1/u_execute/u_register_bank/R_5735/D   1.9945   4.6855 f  -2.6910 (VIOLATED)
   u_amber1/u_execute/u_register_bank/R_5737/D   1.9945   4.6855 f  -2.6910 (VIOLATED)
   u_amber1/u_execute/u_register_bank/R_5739/D   1.9945   4.6855 f  -2.6910 (VIOLATED)
   u_amber0/u_decode/saved_current_instruction_address_reg_0_/D   1.9945   4.6852 r  -2.6907 (VIOLATED)
   u_amber0/u_decode/saved_current_instruction_address_reg_1_/D   1.9945   4.6852 r  -2.6907 (VIOLATED)
   u_amber0/u_decode/saved_current_instruction_address_reg_2_/D   1.9945   4.6852 r  -2.6907 (VIOLATED)
   u_amber0/u_decode/saved_current_instruction_address_reg_4_/D   1.9945   4.6852 r  -2.6907 (VIOLATED)
   u_amber0/u_decode/saved_current_instruction_address_reg_5_/D   1.9945   4.6852 r  -2.6907 (VIOLATED)
   u_amber0/u_decode/saved_current_instruction_address_reg_8_/D   1.9945   4.6852 r  -2.6907 (VIOLATED)
   u_amber0/u_coprocessor/updateable_area_reg_19_/D   1.9937   4.6837 f  -2.6900 (VIOLATED)
   u_amber0/u_coprocessor/updateable_area_reg_4_/D   1.9937   4.6837 f  -2.6900 (VIOLATED)
   u_amber0/u_execute/R_1474/D   1.9943      4.6840 f      -2.6897  (VIOLATED)
   u_amber1/u_execute/u_register_bank/R_3727/D   1.9941   4.6832 f  -2.6891 (VIOLATED)
   u_amber1/u_execute/u_register_bank/R_5745/D   1.9895   4.6784 f  -2.6889 (VIOLATED)
   u_amber1/u_execute/u_register_bank/R_3713/D   1.9808   4.6695 r  -2.6887 (VIOLATED)
   u_amber1/u_decode/o_status_bits_mode_reg_1_/D   1.9874   4.6758 f  -2.6884 (VIOLATED)
   u_amber0/u_execute/u_register_bank/R_814/D   1.9944   4.6826 f  -2.6882 (VIOLATED)
   u_amber1/u_execute/u_register_bank/R_6022/D   1.9876   4.6757 r  -2.6882 (VIOLATED)
   u_amber0/u_execute/u_register_bank/R_1120/D   1.9938   4.6817 f  -2.6880 (VIOLATED)
   u_amber1/u_execute/u_register_bank/R_412/D   1.9947   4.6826 f  -2.6879 (VIOLATED)
   u_amber1/u_execute/u_register_bank/R_3717/D   1.9808   4.6686 r  -2.6878 (VIOLATED)
   u_amber1/u_execute/u_register_bank/R_5967/D   1.9865   4.6737 r  -2.6872 (VIOLATED)
   u_amber0/u_decode/saved_current_instruction_address_reg_31_/D   1.9946   4.6818 f  -2.6872 (VIOLATED)
   u_amber0/u_execute/u_register_bank/R_5986/D   1.9931   4.6801 f  -2.6870 (VIOLATED)
   u_amber0/u_execute/u_register_bank/R_1983/D   1.9944   4.6789 f  -2.6845 (VIOLATED)
   u_amber0/u_execute/u_register_bank/R_5198/D   1.9944   4.6789 f  -2.6845 (VIOLATED)
   u_amber0/u_execute/u_register_bank/R_1420/D   1.9944   4.6789 f  -2.6845 (VIOLATED)
   u_amber0/u_execute/u_register_bank/R_5579/D   1.9944   4.6789 f  -2.6845 (VIOLATED)
   u_amber0/u_execute/u_register_bank/R_1110/D   1.9945   4.6789 f  -2.6845 (VIOLATED)
   u_amber0/u_execute/u_register_bank/R_1324/D   1.9945   4.6789 f  -2.6844 (VIOLATED)
   u_amber1/u_coprocessor/updateable_area_reg_8_/D   1.9887   4.6722 f  -2.6835 (VIOLATED)
   u_amber1/u_coprocessor/updateable_area_reg_10_/D   1.9940   4.6775 f  -2.6835 (VIOLATED)
   u_amber1/u_coprocessor/updateable_area_reg_11_/D   1.9940   4.6775 f  -2.6835 (VIOLATED)
   u_amber1/u_coprocessor/updateable_area_reg_15_/D   1.9940   4.6775 f  -2.6835 (VIOLATED)
   u_amber1/u_coprocessor/updateable_area_reg_16_/D   1.9940   4.6775 f  -2.6835 (VIOLATED)
   u_amber1/u_coprocessor/updateable_area_reg_18_/D   1.9940   4.6775 f  -2.6835 (VIOLATED)
   u_amber1/u_wishbone/o_wb_adr_reg_3_/D   1.9943   4.6771 f  -2.6828 (VIOLATED)
   u_amber0/u_execute/u_register_bank/R_5196/D   1.9927   4.6750 r  -2.6824 (VIOLATED)
   u_amber0/u_execute/u_register_bank/R_5577/D   1.9927   4.6750 r  -2.6823 (VIOLATED)
   u_amber0/u_execute/u_register_bank/R_1418/D   1.9927   4.6750 r  -2.6823 (VIOLATED)
   u_amber0/u_execute/u_register_bank/R_5202/D   1.9927   4.6749 r  -2.6823 (VIOLATED)
   u_amber0/u_execute/u_register_bank/R_1981/D   1.9928   4.6750 r  -2.6823 (VIOLATED)
   u_amber0/u_execute/u_register_bank/R_5585/D   1.9927   4.6749 r  -2.6822 (VIOLATED)
   u_amber0/u_execute/u_register_bank/R_4053/D   1.9927   4.6749 r  -2.6822 (VIOLATED)
   u_amber0/u_execute/u_register_bank/R_4059/D   1.9927   4.6749 r  -2.6822 (VIOLATED)
   u_amber0/u_execute/u_register_bank/R_1424/D   1.9927   4.6749 r  -2.6822 (VIOLATED)
   u_amber0/u_execute/u_register_bank/R_1987/D   1.9928   4.6749 r  -2.6822 (VIOLATED)
   u_amber0/u_execute/u_register_bank/R_5204/D   1.9927   4.6747 r  -2.6820 (VIOLATED)
   u_amber0/u_execute/u_register_bank/R_5587/D   1.9927   4.6747 r  -2.6820 (VIOLATED)
   u_amber0/u_execute/u_register_bank/R_1426/D   1.9927   4.6747 r  -2.6820 (VIOLATED)
   u_amber0/u_execute/u_register_bank/R_1989/D   1.9928   4.6747 r  -2.6819 (VIOLATED)
   u_amber0/u_execute/u_register_bank/R_4057/D   1.9927   4.6746 r  -2.6819 (VIOLATED)
   u_amber0/u_execute/u_register_bank/R_28/D   1.9939   4.6749 r  -2.6809 (VIOLATED)
   u_amber0/u_execute/u_register_bank/R_36/D   1.9939   4.6749 r  -2.6809 (VIOLATED)
   u_amber0/u_coprocessor/disruptive_area_reg_19_/D   1.9885   4.6693 f  -2.6808 (VIOLATED)
   u_amber0/u_coprocessor/disruptive_area_reg_14_/D   1.9938   4.6746 f  -2.6808 (VIOLATED)
   u_amber0/u_coprocessor/disruptive_area_reg_15_/D   1.9938   4.6746 f  -2.6808 (VIOLATED)
   u_amber0/u_coprocessor/disruptive_area_reg_16_/D   1.9938   4.6746 f  -2.6808 (VIOLATED)
   u_amber0/u_coprocessor/disruptive_area_reg_17_/D   1.9938   4.6746 f  -2.6808 (VIOLATED)
   u_amber0/u_coprocessor/disruptive_area_reg_18_/D   1.9938   4.6746 f  -2.6808 (VIOLATED)
   u_amber0/u_coprocessor/disruptive_area_reg_20_/D   1.9938   4.6746 f  -2.6808 (VIOLATED)
   u_amber0/u_coprocessor/disruptive_area_reg_21_/D   1.9938   4.6746 f  -2.6808 (VIOLATED)
   u_amber0/u_coprocessor/disruptive_area_reg_22_/D   1.9938   4.6746 f  -2.6808 (VIOLATED)
   u_amber0/u_coprocessor/disruptive_area_reg_23_/D   1.9938   4.6746 f  -2.6808 (VIOLATED)
   u_amber0/u_coprocessor/disruptive_area_reg_24_/D   1.9938   4.6746 f  -2.6808 (VIOLATED)
   u_amber0/u_execute/u_register_bank/R_34/D   1.9939   4.6746 r  -2.6807 (VIOLATED)
   u_amber0/u_coprocessor/disruptive_area_reg_8_/D   1.9940   4.6746 f  -2.6806 (VIOLATED)
   u_amber0/u_execute/u_register_bank/R_1000/D   1.9945   4.6750 r  -2.6805 (VIOLATED)
   u_amber0/u_execute/u_register_bank/R_1108/D   1.9945   4.6750 r  -2.6805 (VIOLATED)
   u_amber0/u_execute/u_register_bank/R_1322/D   1.9945   4.6750 r  -2.6805 (VIOLATED)
   u_amber0/u_execute/u_register_bank/R_1006/D   1.9945   4.6749 r  -2.6804 (VIOLATED)
   u_amber0/u_execute/u_register_bank/R_1114/D   1.9945   4.6749 r  -2.6804 (VIOLATED)
   u_amber0/u_execute/u_register_bank/R_1326/D   1.9945   4.6749 r  -2.6804 (VIOLATED)
   u_amber0/u_coprocessor/disruptive_area_reg_25_/D   1.9942   4.6746 f  -2.6804 (VIOLATED)
   u_amber0/u_coprocessor/disruptive_area_reg_26_/D   1.9942   4.6746 f  -2.6804 (VIOLATED)
   u_amber0/u_execute/u_register_bank/R_868/D   1.9945   4.6749 r  -2.6804 (VIOLATED)
   u_amber0/u_execute/u_register_bank/R_862/D   1.9945   4.6749 r  -2.6804 (VIOLATED)
   u_amber0/u_execute/u_register_bank/R_1008/D   1.9945   4.6747 r  -2.6802 (VIOLATED)
   u_amber0/u_execute/u_register_bank/R_1116/D   1.9945   4.6747 r  -2.6802 (VIOLATED)
   u_amber0/u_execute/u_register_bank/R_1328/D   1.9945   4.6747 r  -2.6802 (VIOLATED)
   u_amber0/u_execute/u_register_bank/R_866/D   1.9945   4.6746 r  -2.6801 (VIOLATED)
   u_amber0/u_execute/u_register_bank/R_6061/D   1.9826   4.6621 r  -2.6795 (VIOLATED)
   u_amber1/u_execute/u_register_bank/R_6024/D   1.9868   4.6662 r  -2.6794 (VIOLATED)
   u_amber0/u_execute/u_register_bank/r13_irq_reg_4_/D   1.9946   4.6730 r  -2.6784 (VIOLATED)
   u_amber0/u_mem/mem_read_data_r_reg_30_/D   1.9940   4.6721 f  -2.6780 (VIOLATED)
   u_amber1/u_execute/base_address_reg_1_/D   1.9862   4.6642 r  -2.6780 (VIOLATED)
   u_amber1/u_execute/base_address_reg_2_/D   1.9862   4.6642 r  -2.6780 (VIOLATED)
   u_amber1/u_execute/base_address_reg_3_/D   1.9862   4.6642 r  -2.6780 (VIOLATED)
   u_amber1/u_execute/base_address_reg_5_/D   1.9862   4.6642 r  -2.6780 (VIOLATED)
   u_amber1/u_execute/base_address_reg_6_/D   1.9862   4.6642 r  -2.6780 (VIOLATED)
   u_amber1/u_execute/base_address_reg_7_/D   1.9862   4.6642 r  -2.6780 (VIOLATED)
   u_amber1/u_execute/base_address_reg_9_/D   1.9862   4.6642 r  -2.6780 (VIOLATED)
   u_amber1/u_execute/base_address_reg_11_/D   1.9862   4.6642 r  -2.6780 (VIOLATED)
   u_amber0/u_mem/mem_load_rd_r_reg_8_/D   1.9941   4.6721 f  -2.6780 (VIOLATED)
   u_amber0/u_mem/mem_load_rd_r_reg_9_/D   1.9941   4.6721 f  -2.6780 (VIOLATED)
   u_amber0/u_mem/mem_read_data_r_reg_4_/D   1.9941   4.6721 f  -2.6780 (VIOLATED)
   u_amber0/u_mem/mem_read_data_r_reg_12_/D   1.9941   4.6721 f  -2.6779 (VIOLATED)
   u_amber0/u_mem/mem_read_data_r_reg_13_/D   1.9941   4.6721 f  -2.6779 (VIOLATED)
   u_amber0/u_mem/mem_read_data_r_reg_18_/D   1.9941   4.6721 f  -2.6779 (VIOLATED)
   u_amber0/u_mem/mem_read_data_r_reg_22_/D   1.9941   4.6721 f  -2.6779 (VIOLATED)
   u_amber0/u_mem/mem_read_data_r_reg_25_/D   1.9941   4.6721 f  -2.6779 (VIOLATED)
   u_amber0/u_mem/mem_read_data_r_reg_26_/D   1.9941   4.6721 f  -2.6779 (VIOLATED)
   u_amber0/u_mem/mem_read_data_r_reg_28_/D   1.9941   4.6721 f  -2.6779 (VIOLATED)
   u_amber0/u_mem/mem_read_data_r_reg_29_/D   1.9941   4.6721 f  -2.6779 (VIOLATED)
   u_amber0/u_mem/mem_read_data_valid_r_reg/D   1.9941   4.6721 f  -2.6779 (VIOLATED)
   u_amber0/u_mem/mem_read_data_r_reg_20_/D   1.9889   4.6668 f  -2.6779 (VIOLATED)
   u_amber0/u_coprocessor/o_copro_read_data_reg_30_/D   1.9944   4.6720 f  -2.6776 (VIOLATED)
   u_amber0/u_coprocessor/o_copro_read_data_reg_8_/D   1.9944   4.6720 f  -2.6776 (VIOLATED)
   u_amber0/u_coprocessor/o_copro_read_data_reg_9_/D   1.9944   4.6720 f  -2.6776 (VIOLATED)
   u_amber0/u_coprocessor/o_copro_read_data_reg_17_/D   1.9944   4.6720 f  -2.6776 (VIOLATED)
   u_amber0/u_coprocessor/o_copro_read_data_reg_20_/D   1.9944   4.6720 f  -2.6776 (VIOLATED)
   u_amber0/u_coprocessor/o_copro_read_data_reg_22_/D   1.9944   4.6720 f  -2.6776 (VIOLATED)
   u_amber0/u_coprocessor/o_copro_read_data_reg_24_/D   1.9944   4.6720 f  -2.6776 (VIOLATED)
   u_amber0/u_execute/u_register_bank/r1_reg_0_/D   1.9946   4.6708 r  -2.6762 (VIOLATED)
   u_amber0/u_execute/R_1767/D   1.9943      4.6701 f      -2.6758  (VIOLATED)
   u_amber0/u_execute/u_register_bank/R_50/D   1.9926   4.6675 r  -2.6749 (VIOLATED)
   u_amber0/u_execute/u_register_bank/r0_reg_5_/D   1.9851   4.6590 r  -2.6740 (VIOLATED)
   u_amber0/u_execute/u_register_bank/R_32/D   1.9939   4.6672 r  -2.6733 (VIOLATED)
   u_amber0/u_execute/u_register_bank/R_5964/D   1.9934   4.6665 f  -2.6731 (VIOLATED)
   u_amber0/u_execute/u_register_bank/R_2020/D   1.9944   4.6675 r  -2.6731 (VIOLATED)
   u_amber0/u_execute/u_register_bank/R_5287/D   1.9944   4.6675 r  -2.6731 (VIOLATED)
   u_amber0/u_execute/u_register_bank/R_1064/D   1.9945   4.6675 r  -2.6730 (VIOLATED)
   u_amber0/u_execute/u_register_bank/R_1189/D   1.9945   4.6675 r  -2.6730 (VIOLATED)
   u_amber0/u_execute/u_register_bank/R_1985/D   1.9944   4.6672 r  -2.6728 (VIOLATED)
   u_amber0/u_execute/u_register_bank/R_5200/D   1.9944   4.6672 r  -2.6728 (VIOLATED)
   u_amber0/u_execute/u_register_bank/R_5583/D   1.9944   4.6672 r  -2.6728 (VIOLATED)
   u_amber0/u_execute/u_register_bank/R_4051/D   1.9944   4.6672 r  -2.6728 (VIOLATED)
   u_amber0/u_execute/u_register_bank/R_1492/D   1.9944   4.6672 r  -2.6728 (VIOLATED)
   u_amber0/u_execute/u_register_bank/R_4429/D   1.9944   4.6672 r  -2.6728 (VIOLATED)
   u_amber0/u_execute/u_register_bank/R_858/D   1.9945   4.6672 r  -2.6727 (VIOLATED)
   u_amber0/u_execute/u_register_bank/R_1004/D   1.9945   4.6672 r  -2.6727 (VIOLATED)
   u_amber0/u_execute/u_register_bank/R_1112/D   1.9945   4.6672 r  -2.6727 (VIOLATED)
   u_amber0/u_execute/u_register_bank/R_1318/D   1.9945   4.6672 r  -2.6727 (VIOLATED)
   u_amber0/u_execute/u_register_bank/R_883/D   1.9945   4.6672 r  -2.6727 (VIOLATED)
   u_amber0/u_execute/u_register_bank/R_2253/D   1.9944   4.6664 f  -2.6721 (VIOLATED)
   u_amber0/u_execute/u_register_bank/R_1971/D   1.9942   4.6661 f  -2.6718 (VIOLATED)
   u_amber0/u_decode/saved_current_instruction_address_reg_3_/D   1.9832   4.6538 f  -2.6706 (VIOLATED)
   u_amber0/u_mem/u_dcache/source_sel_reg_3_/D   1.9898   4.6604 r  -2.6706 (VIOLATED)
   u_amber1/u_wishbone/o_wb_sel_reg_0_/D   1.9943   4.6640 r  -2.6697 (VIOLATED)
   u_amber1/u_wishbone/o_wb_sel_reg_1_/D   1.9943   4.6640 r  -2.6697 (VIOLATED)
   u_amber1/u_wishbone/o_wb_sel_reg_2_/D   1.9943   4.6640 r  -2.6697 (VIOLATED)
   u_amber1/u_wishbone/o_wb_sel_reg_3_/D   1.9943   4.6640 r  -2.6697 (VIOLATED)
   u_amber1/u_wishbone/o_wb_adr_reg_1_/D   1.9945   4.6640 r  -2.6696 (VIOLATED)
   u_amber0/u_execute/u_register_bank/r0_reg_2_/D   1.9946   4.6633 r  -2.6688 (VIOLATED)
   u_amber0/u_execute/u_register_bank/r0_reg_6_/D   1.9946   4.6633 r  -2.6688 (VIOLATED)
   u_amber0/u_execute/u_register_bank/r0_reg_10_/D   1.9946   4.6629 r  -2.6683 (VIOLATED)
   u_amber1/u_execute/u_register_bank/r4_reg_8_/D   1.9946   4.6628 r  -2.6681 (VIOLATED)
   u_amber1/u_execute/u_register_bank/r4_reg_4_/D   1.9946   4.6628 r  -2.6681 (VIOLATED)
   u_amber0/u_execute/u_register_bank/r0_reg_1_/D   1.9946   4.6627 r  -2.6681 (VIOLATED)
   u_amber0/u_execute/u_register_bank/R_5283/D   1.9944   4.6618 f  -2.6674 (VIOLATED)
   u_amber0/u_execute/u_register_bank/R_1486/D   1.9944   4.6618 f  -2.6674 (VIOLATED)
   u_amber0/u_execute/u_register_bank/R_4421/D   1.9944   4.6618 f  -2.6674 (VIOLATED)
   u_amber0/u_execute/u_register_bank/R_176/D   1.9784   4.6451 f  -2.6666 (VIOLATED)
   u_amber0/u_mem/mem_read_data_r_reg_9_/D   1.9844   4.6509 r  -2.6665 (VIOLATED)
   u_amber0/u_execute/u_register_bank/R_5285/D   1.9944   4.6606 f  -2.6662 (VIOLATED)
   u_amber0/u_execute/u_register_bank/R_1488/D   1.9944   4.6606 f  -2.6662 (VIOLATED)
   u_amber0/u_execute/u_register_bank/R_2436/D   1.9943   4.6604 f  -2.6661 (VIOLATED)
   u_amber1/u_coprocessor/o_copro_read_data_reg_6_/D   1.9947   4.6604 f  -2.6658 (VIOLATED)
   u_amber1/u_coprocessor/o_copro_read_data_reg_7_/D   1.9947   4.6604 f  -2.6658 (VIOLATED)
   u_amber0/u_execute/u_register_bank/R_14/D   1.9941   4.6594 f  -2.6653 (VIOLATED)
   u_amber0/u_execute/u_register_bank/R_5092/D   1.9943   4.6594 f  -2.6651 (VIOLATED)
   u_amber0/u_execute/u_register_bank/R_3695/D   1.9943   4.6594 f  -2.6651 (VIOLATED)
   u_amber0/u_execute/u_register_bank/R_5564/D   1.9943   4.6594 f  -2.6651 (VIOLATED)
   u_amber0/u_execute/u_register_bank/R_1406/D   1.9943   4.6594 f  -2.6651 (VIOLATED)
   u_amber0/u_execute/u_register_bank/R_1889/D   1.9943   4.6594 f  -2.6651 (VIOLATED)
   u_amber0/u_execute/u_register_bank/R_5944/D   1.9933   4.6584 f  -2.6650 (VIOLATED)
   u_amber0/u_execute/u_register_bank/R_986/D   1.9945   4.6594 f  -2.6649 (VIOLATED)
   u_amber0/u_execute/u_register_bank/R_1094/D   1.9945   4.6594 f  -2.6649 (VIOLATED)
   u_amber0/u_execute/u_register_bank/R_1306/D   1.9945   4.6594 f  -2.6649 (VIOLATED)
   u_amber0/u_execute/u_register_bank/R_10/D   1.9941   4.6583 f  -2.6641 (VIOLATED)
   u_amber0/u_execute/u_register_bank/R_12/D   1.9941   4.6583 f  -2.6641 (VIOLATED)
   u_amber0/u_execute/u_register_bank/R_3691/D   1.9943   4.6583 f  -2.6640 (VIOLATED)
   u_amber0/u_execute/u_register_bank/R_3693/D   1.9943   4.6583 f  -2.6640 (VIOLATED)
   u_amber0/u_execute/u_register_bank/R_810/D   1.9945   4.6583 f  -2.6638 (VIOLATED)
   u_amber0/u_execute/u_register_bank/R_812/D   1.9945   4.6583 f  -2.6638 (VIOLATED)
   u_amber0/u_execute/u_register_bank/R_5562/D   1.9943   4.6580 f  -2.6637 (VIOLATED)
   u_amber0/u_execute/u_register_bank/R_1404/D   1.9943   4.6580 f  -2.6637 (VIOLATED)
   u_amber0/u_execute/u_register_bank/R_1887/D   1.9943   4.6580 f  -2.6637 (VIOLATED)
   u_amber1/u_execute/o_write_enable_reg/D   1.9945   4.6581 f  -2.6637 (VIOLATED)
   u_amber0/u_execute/u_register_bank/R_1092/D   1.9945   4.6580 f  -2.6635 (VIOLATED)
   u_amber0/u_execute/u_register_bank/R_984/D   1.9945   4.6580 f  -2.6635 (VIOLATED)
   u_amber0/u_execute/u_register_bank/R_5088/D   1.9943   4.6578 f  -2.6635 (VIOLATED)
   u_amber0/u_execute/u_register_bank/R_1304/D   1.9945   4.6580 f  -2.6635 (VIOLATED)
   u_amber0/u_execute/u_register_bank/R_5560/D   1.9943   4.6578 f  -2.6635 (VIOLATED)
   u_amber0/u_execute/u_register_bank/R_1402/D   1.9943   4.6578 f  -2.6635 (VIOLATED)
   u_amber0/u_execute/u_register_bank/R_1885/D   1.9943   4.6578 f  -2.6635 (VIOLATED)
   u_amber0/u_execute/u_register_bank/R_982/D   1.9945   4.6578 f  -2.6633 (VIOLATED)
   u_amber0/u_execute/u_register_bank/R_1302/D   1.9945   4.6578 f  -2.6632 (VIOLATED)
   u_amber0/u_mem/u_dcache/source_sel_reg_2_/D   1.9939   4.6566 r  -2.6627 (VIOLATED)
   u_amber0/u_decode/saved_current_instruction_iabt_status_reg_3_/D   1.9946   4.6570 f  -2.6624 (VIOLATED)
   u_amber0/u_decode/saved_current_instruction_iabt_status_reg_0_/D   1.9946   4.6570 f  -2.6624 (VIOLATED)
   u_amber0/u_decode/saved_current_instruction_iabt_status_reg_1_/D   1.9946   4.6570 f  -2.6624 (VIOLATED)
   u_amber0/u_decode/saved_current_instruction_iabt_status_reg_2_/D   1.9946   4.6570 f  -2.6624 (VIOLATED)
   u_amber0/u_decode/saved_current_instruction_iabt_status_reg_5_/D   1.9946   4.6570 f  -2.6624 (VIOLATED)
   u_amber0/u_decode/saved_current_instruction_iabt_status_reg_6_/D   1.9946   4.6570 f  -2.6624 (VIOLATED)
   u_amber0/u_decode/saved_current_instruction_iabt_status_reg_7_/D   1.9946   4.6570 f  -2.6624 (VIOLATED)
   u_amber0/u_execute/u_register_bank/r14_irq_reg_8_/D   1.9946   4.6567 r  -2.6620 (VIOLATED)
   u_amber0/u_execute/u_register_bank/r14_irq_reg_4_/D   1.9947   4.6567 r  -2.6620 (VIOLATED)
   u_amber0/u_execute/u_register_bank/R_5194/D   1.9943   4.6556 f  -2.6613 (VIOLATED)
   u_amber0/u_execute/u_register_bank/R_5575/D   1.9943   4.6556 f  -2.6613 (VIOLATED)
   u_amber0/u_execute/u_register_bank/R_1416/D   1.9943   4.6556 f  -2.6613 (VIOLATED)
   u_amber0/u_execute/u_register_bank/R_1979/D   1.9943   4.6556 f  -2.6613 (VIOLATED)
   u_amber0/u_execute/u_register_bank/R_998/D   1.9944   4.6556 f  -2.6612 (VIOLATED)
   u_amber0/u_execute/u_register_bank/r2_reg_1_/D   1.9947   4.6558 r  -2.6611 (VIOLATED)
   u_amber0/u_execute/u_register_bank/R_26/D   1.9943   4.6554 f  -2.6611 (VIOLATED)
   u_amber0/u_execute/u_register_bank/r7_reg_11_/D   1.9947   4.6558 r  -2.6611 (VIOLATED)
   u_amber0/u_execute/u_register_bank/R_1106/D   1.9945   4.6556 f  -2.6611 (VIOLATED)
   u_amber0/u_execute/u_register_bank/R_1320/D   1.9945   4.6556 f  -2.6611 (VIOLATED)
   u_amber0/u_execute/u_register_bank/R_4061/D   1.9943   4.6554 f  -2.6611 (VIOLATED)
   u_amber0/u_execute/u_register_bank/R_860/D   1.9944   4.6554 f  -2.6609 (VIOLATED)
   u_amber0/u_execute/u_register_bank/R_5946/D   1.9933   4.6543 f  -2.6609 (VIOLATED)
   u_amber0/u_coprocessor/disruptive_area_reg_1_/D   1.9940   4.6540 f  -2.6601 (VIOLATED)
   u_amber0/u_coprocessor/disruptive_area_reg_2_/D   1.9940   4.6540 f  -2.6601 (VIOLATED)
   u_amber1/u_execute/u_register_bank/R_5995/D   1.9907   4.6498 r  -2.6592 (VIOLATED)
   u_amber0/u_execute/u_register_bank/R_6064/D   1.9941   4.6519 f  -2.6579 (VIOLATED)
   u_amber1/u_coprocessor/disruptive_area_reg_27_/D   1.9940   4.6504 f  -2.6564 (VIOLATED)
   u_amber1/u_coprocessor/disruptive_area_reg_28_/D   1.9940   4.6504 f  -2.6564 (VIOLATED)
   u_amber1/u_coprocessor/disruptive_area_reg_29_/D   1.9940   4.6504 f  -2.6564 (VIOLATED)
   u_amber1/u_coprocessor/disruptive_area_reg_30_/D   1.9940   4.6504 f  -2.6564 (VIOLATED)
   u_amber0/u_execute/u_register_bank/r13_irq_reg_8_/D   1.9896   4.6458 r  -2.6562 (VIOLATED)
   u_amber0/u_coprocessor/o_copro_read_data_reg_18_/D   1.9876   4.6438 f  -2.6562 (VIOLATED)
   u_amber1/u_execute/u_register_bank/R_5672/D   1.9938   4.6494 f  -2.6556 (VIOLATED)
   u_amber1/u_execute/u_alu/R_2561/D   1.9947   4.6496 f   -2.6549  (VIOLATED)
   u_amber0/u_execute/u_register_bank/r10_firq_reg_8_/D   1.9946   4.6494 f  -2.6548 (VIOLATED)
   u_amber0/u_execute/u_register_bank/r11_firq_reg_8_/D   1.9946   4.6491 f  -2.6544 (VIOLATED)
   u_amber0/u_execute/u_register_bank/R_887/D   1.9929   4.6466 r  -2.6537 (VIOLATED)
   u_amber0/u_execute/u_multiply/product_reg_50_/D   1.9946   4.6476 f  -2.6530 (VIOLATED)
   u_amber0/u_execute/u_multiply/product_reg_54_/D   1.9946   4.6476 f  -2.6530 (VIOLATED)
   u_amber0/u_execute/u_multiply/product_reg_40_/D   1.9946   4.6476 f  -2.6530 (VIOLATED)
   u_amber0/u_execute/u_multiply/product_reg_58_/D   1.9946   4.6476 f  -2.6530 (VIOLATED)
   u_amber0/u_execute/u_register_bank/R_6/D   1.9829   4.6358 f  -2.6529 (VIOLATED)
   u_amber1/u_execute/u_register_bank/R_5743/D   1.9945   4.6464 f  -2.6519 (VIOLATED)
   u_amber0/u_decode/load_rd_d1_reg_0_/D   1.9885   4.6399 r  -2.6515 (VIOLATED)
   u_amber1/u_wishbone/o_wb_dat_reg_2_/D   1.9945   4.6452 r  -2.6507 (VIOLATED)
   u_amber1/u_wishbone/o_wb_dat_reg_4_/D   1.9945   4.6452 r  -2.6507 (VIOLATED)
   u_amber1/u_wishbone/o_wb_dat_reg_5_/D   1.9945   4.6452 r  -2.6507 (VIOLATED)
   u_amber1/u_wishbone/o_wb_dat_reg_6_/D   1.9945   4.6452 r  -2.6507 (VIOLATED)
   u_amber1/u_wishbone/o_wb_dat_reg_7_/D   1.9945   4.6452 r  -2.6507 (VIOLATED)
   u_amber1/u_wishbone/o_wb_dat_reg_8_/D   1.9945   4.6452 r  -2.6507 (VIOLATED)
   u_amber1/u_wishbone/o_wb_dat_reg_9_/D   1.9945   4.6452 r  -2.6507 (VIOLATED)
   u_amber1/u_wishbone/o_wb_dat_reg_10_/D   1.9945   4.6452 r  -2.6507 (VIOLATED)
   u_amber1/u_wishbone/o_wb_dat_reg_11_/D   1.9945   4.6452 r  -2.6507 (VIOLATED)
   u_amber1/u_wishbone/o_wb_dat_reg_12_/D   1.9945   4.6452 r  -2.6507 (VIOLATED)
   u_amber1/u_wishbone/o_wb_dat_reg_14_/D   1.9945   4.6452 r  -2.6507 (VIOLATED)
   u_amber1/u_wishbone/o_wb_dat_reg_15_/D   1.9945   4.6452 r  -2.6507 (VIOLATED)
   u_amber1/u_wishbone/o_wb_dat_reg_17_/D   1.9945   4.6452 r  -2.6507 (VIOLATED)
   u_amber1/u_wishbone/o_wb_dat_reg_19_/D   1.9945   4.6452 r  -2.6507 (VIOLATED)
   u_amber1/u_wishbone/o_wb_dat_reg_20_/D   1.9945   4.6452 r  -2.6507 (VIOLATED)
   u_amber1/u_wishbone/o_wb_dat_reg_21_/D   1.9945   4.6452 r  -2.6507 (VIOLATED)
   u_amber1/u_wishbone/o_wb_dat_reg_22_/D   1.9945   4.6452 r  -2.6507 (VIOLATED)
   u_amber1/u_wishbone/o_wb_dat_reg_23_/D   1.9945   4.6452 r  -2.6507 (VIOLATED)
   u_amber1/u_wishbone/o_wb_dat_reg_24_/D   1.9945   4.6452 r  -2.6507 (VIOLATED)
   u_amber1/u_execute/u_register_bank/R_1045/D   1.9942   4.6447 f  -2.6504 (VIOLATED)
   u_amber0/u_execute/u_register_bank/R_4/D   1.9941   4.6433 f  -2.6492 (VIOLATED)
   u_amber0/u_execute/u_register_bank/R_5084/D   1.9943   4.6434 f  -2.6492 (VIOLATED)
   u_amber0/u_execute/u_register_bank/R_5556/D   1.9943   4.6434 f  -2.6492 (VIOLATED)
   u_amber0/u_execute/u_register_bank/R_1398/D   1.9943   4.6434 f  -2.6492 (VIOLATED)
   u_amber0/u_execute/u_register_bank/R_1881/D   1.9943   4.6434 f  -2.6491 (VIOLATED)
   u_amber0/u_execute/u_register_bank/R_5086/D   1.9943   4.6433 f  -2.6490 (VIOLATED)
   u_amber0/u_execute/u_register_bank/R_4049/D   1.9943   4.6433 f  -2.6490 (VIOLATED)
   u_amber0/u_execute/u_register_bank/R_5558/D   1.9943   4.6433 f  -2.6490 (VIOLATED)
   u_amber0/u_execute/u_register_bank/R_1400/D   1.9943   4.6433 f  -2.6490 (VIOLATED)
   u_amber0/u_execute/u_register_bank/R_1883/D   1.9943   4.6433 f  -2.6490 (VIOLATED)
   u_amber0/u_execute/u_register_bank/R_978/D   1.9945   4.6434 f  -2.6490 (VIOLATED)
   u_amber0/u_execute/u_register_bank/R_1086/D   1.9945   4.6434 f  -2.6489 (VIOLATED)
   u_amber0/u_execute/u_register_bank/R_1296/D   1.9945   4.6434 f  -2.6489 (VIOLATED)
   u_amber0/u_execute/u_register_bank/R_980/D   1.9945   4.6433 f  -2.6488 (VIOLATED)
   u_amber0/u_execute/u_register_bank/R_808/D   1.9945   4.6433 f  -2.6488 (VIOLATED)
   u_amber0/u_execute/u_register_bank/R_1088/D   1.9945   4.6433 f  -2.6488 (VIOLATED)
   u_amber0/u_execute/u_register_bank/R_1298/D   1.9945   4.6433 f  -2.6488 (VIOLATED)
   u_amber0/u_execute/u_register_bank/R_3689/D   1.9943   4.6431 f  -2.6488 (VIOLATED)
   u_amber0/u_execute/u_register_bank/R_806/D   1.9945   4.6431 f  -2.6486 (VIOLATED)
   u_amber0/u_execute/u_register_bank/R_5188/D   1.9943   4.6428 f  -2.6485 (VIOLATED)
   u_amber0/u_execute/u_register_bank/R_1408/D   1.9943   4.6428 f  -2.6485 (VIOLATED)
   u_amber0/u_execute/u_register_bank/R_804/D   1.9945   4.6430 f  -2.6485 (VIOLATED)
   u_amber0/u_execute/u_register_bank/R_1084/D   1.9945   4.6428 f  -2.6484 (VIOLATED)
   u_amber0/u_execute/u_register_bank/R_976/D   1.9945   4.6428 f  -2.6483 (VIOLATED)
   u_amber0/u_execute/u_register_bank/R_1300/D   1.9945   4.6428 f  -2.6483 (VIOLATED)
   u_amber0/u_decode/load_rd_d1_reg_1_/D   1.9938   4.6414 r  -2.6475 (VIOLATED)
   u_amber0/u_execute/u_register_bank/r0_reg_8_/D   1.9946   4.6419 r  -2.6473 (VIOLATED)
   u_amber0/u_execute/u_register_bank/r0_reg_4_/D   1.9946   4.6419 r  -2.6473 (VIOLATED)
   u_amber0/u_execute/u_register_bank/R_30/D   1.9943   4.6407 f  -2.6464 (VIOLATED)
   u_amber0/u_execute/u_register_bank/R_864/D   1.9943   4.6407 f  -2.6464 (VIOLATED)
   u_amber0/u_execute/u_register_bank/R_6088/D   1.9941   4.6403 f  -2.6462 (VIOLATED)
   u_amber0/u_coprocessor/disruptive_area_reg_0_/D   1.9937   4.6393 f  -2.6456 (VIOLATED)
   u_amber1/u_execute/u_register_bank/R_2687/D   1.9942   4.6393 f  -2.6451 (VIOLATED)
   u_amber0/u_coprocessor/disruptive_area_reg_5_/D   1.9940   4.6372 f  -2.6432 (VIOLATED)
   u_amber0/u_coprocessor/disruptive_area_reg_9_/D   1.9940   4.6372 f  -2.6432 (VIOLATED)
   u_amber0/u_coprocessor/disruptive_area_reg_10_/D   1.9940   4.6372 f  -2.6432 (VIOLATED)
   u_amber0/u_coprocessor/disruptive_area_reg_12_/D   1.9940   4.6372 f  -2.6432 (VIOLATED)
   u_amber0/u_coprocessor/disruptive_area_reg_27_/D   1.9941   4.6372 f  -2.6431 (VIOLATED)
   u_amber0/u_coprocessor/disruptive_area_reg_28_/D   1.9941   4.6372 f  -2.6431 (VIOLATED)
   u_amber0/u_coprocessor/disruptive_area_reg_29_/D   1.9941   4.6372 f  -2.6431 (VIOLATED)
   u_amber0/u_coprocessor/disruptive_area_reg_30_/D   1.9941   4.6372 f  -2.6431 (VIOLATED)
   u_amber0/u_execute/u_register_bank/R_5948/D   1.9933   4.6358 f  -2.6424 (VIOLATED)
   u_amber0/u_execute/u_register_bank/R_5949/D   1.9928   4.6345 r  -2.6417 (VIOLATED)
   u_amber0/u_execute/u_register_bank/R_5094/D   1.9943   4.6357 f  -2.6414 (VIOLATED)
   u_amber0/u_execute/u_register_bank/R_5566/D   1.9943   4.6357 f  -2.6414 (VIOLATED)
   u_amber0/u_execute/u_register_bank/R_1396/D   1.9943   4.6357 f  -2.6414 (VIOLATED)
   u_amber0/u_execute/u_register_bank/R_1879/D   1.9943   4.6357 f  -2.6414 (VIOLATED)
   u_amber0/u_execute/u_register_bank/R_1098/D   1.9945   4.6357 f  -2.6413 (VIOLATED)
   u_amber0/u_execute/u_register_bank/R_990/D   1.9945   4.6357 f  -2.6413 (VIOLATED)
   u_amber0/u_execute/u_register_bank/R_18/D   1.9943   4.6355 f  -2.6412 (VIOLATED)
   u_amber0/u_execute/u_register_bank/R_3697/D   1.9943   4.6355 f  -2.6412 (VIOLATED)
   u_amber0/u_execute/u_register_bank/R_1314/D   1.9945   4.6357 f  -2.6412 (VIOLATED)
   u_amber0/u_execute/u_register_bank/R_16/D   1.9926   4.6324 r  -2.6398 (VIOLATED)
   u_amber1/u_execute/u_register_bank/R_511/D   1.9851   4.6246 r  -2.6394 (VIOLATED)
   u_amber1/u_execute/u_register_bank/R_517/D   1.9851   4.6246 r  -2.6394 (VIOLATED)
   u_amber1/u_mem/u_dcache/random_num_reg_1_/D   1.9906   4.6297 r  -2.6392 (VIOLATED)
   u_amber1/u_execute/u_register_bank/R_6151/D   1.9811   4.6203 r  -2.6392 (VIOLATED)
   u_amber1/u_execute/u_register_bank/R_6150/D   1.9812   4.6202 r  -2.6390 (VIOLATED)
   u_amber1/u_execute/u_register_bank/R_5968/D   1.9808   4.6197 r  -2.6389 (VIOLATED)
   u_amber1/u_coprocessor/o_copro_read_data_reg_2_/D   1.9947   4.6335 f  -2.6388 (VIOLATED)
   u_amber1/u_coprocessor/o_copro_read_data_reg_0_/D   1.9947   4.6335 f  -2.6388 (VIOLATED)
   u_amber0/u_decode/o_copro_crn_reg_0_/D   1.9844   4.6228 r  -2.6385 (VIOLATED)
   u_amber0/u_decode/o_copro_crn_reg_3_/D   1.9844   4.6228 r  -2.6385 (VIOLATED)
   u_amber1/u_execute/u_register_bank/R_6156/D   1.9812   4.6196 r  -2.6384 (VIOLATED)
   u_amber0/u_execute/u_register_bank/R_2016/D   1.9944   4.6326 r  -2.6382 (VIOLATED)
   u_amber0/u_execute/u_register_bank/R_4425/D   1.9944   4.6326 r  -2.6382 (VIOLATED)
   u_amber0/u_execute/u_register_bank/R_988/D   1.9945   4.6326 r  -2.6381 (VIOLATED)
   u_amber0/u_execute/u_register_bank/R_1096/D   1.9945   4.6326 r  -2.6381 (VIOLATED)
   u_amber0/u_execute/u_register_bank/R_1308/D   1.9945   4.6326 r  -2.6381 (VIOLATED)
   u_amber0/u_execute/u_register_bank/R_5295/D   1.9944   4.6324 r  -2.6380 (VIOLATED)
   u_amber0/u_execute/u_register_bank/R_1498/D   1.9944   4.6324 r  -2.6380 (VIOLATED)
   u_amber0/u_execute/u_register_bank/R_816/D   1.9945   4.6324 r  -2.6380 (VIOLATED)
   u_amber1/u_execute/u_register_bank/R_5931/D   1.9915   4.6291 r  -2.6377 (VIOLATED)
   u_amber1/u_execute/u_register_bank/R_5930/D   1.9922   4.6288 r  -2.6365 (VIOLATED)
   u_amber1/u_execute/u_register_bank/R_4733/D   1.9852   4.6211 r  -2.6360 (VIOLATED)
   u_amber1/u_wishbone/o_wb_dat_reg_1_/D   1.9938   4.6282 r  -2.6343 (VIOLATED)
   u_amber1/u_wishbone/o_wb_dat_reg_3_/D   1.9938   4.6282 r  -2.6343 (VIOLATED)
   u_amber1/u_wishbone/o_wb_dat_reg_16_/D   1.9938   4.6282 r  -2.6343 (VIOLATED)
   u_amber1/u_wishbone/o_wb_dat_reg_18_/D   1.9938   4.6282 r  -2.6343 (VIOLATED)
   u_amber0/u_execute/u_register_bank/R_6096/D   1.9942   4.6283 f  -2.6341 (VIOLATED)
   u_amber0/u_execute/u_register_bank/R_5963/D   1.9873   4.6201 r  -2.6328 (VIOLATED)
   u_amber0/u_execute/u_register_bank/R_48/D   1.9926   4.6236 r  -2.6310 (VIOLATED)
   u_amber1/u_execute/u_register_bank/R_5978/D   1.9808   4.6117 r  -2.6309 (VIOLATED)
   u_amber0/u_decode/o_reg_write_sel_reg_2_/D   1.9888   4.6195 f  -2.6308 (VIOLATED)
   u_amber0/u_execute/u_multiply/product_reg_47_/D   1.9947   4.6246 f  -2.6299 (VIOLATED)
   u_amber1/u_fetch/u_cache/source_sel_reg_2_/D   1.9945   4.6243 r  -2.6298 (VIOLATED)
   u_amber0/u_decode/o_firq_not_user_mode_reg/D   1.9946   4.6242 f  -2.6296 (VIOLATED)
   u_amber0/u_execute/u_register_bank/R_5987/D   1.9825   4.6120 r  -2.6295 (VIOLATED)
   u_amber1/u_mem/u_dcache/random_num_reg_2_/D   1.9889   4.6182 r  -2.6293 (VIOLATED)
   u_amber1/u_mem/u_dcache/random_num_reg_3_/D   1.9889   4.6182 r  -2.6293 (VIOLATED)
   u_amber0/u_execute/u_register_bank/R_2018/D   1.9944   4.6236 r  -2.6292 (VIOLATED)
   u_amber0/u_execute/u_register_bank/R_5289/D   1.9944   4.6236 r  -2.6292 (VIOLATED)
   u_amber0/u_execute/u_register_bank/R_1062/D   1.9945   4.6236 r  -2.6291 (VIOLATED)
   u_amber0/u_execute/u_register_bank/R_1187/D   1.9945   4.6236 r  -2.6291 (VIOLATED)
   u_amber1/u_decode/o_daddress_sel_reg_1_/D   1.9947   4.6236 f  -2.6289 (VIOLATED)
   u_amber1/u_execute/u_register_bank/R_6009/D   1.9853   4.6141 r  -2.6288 (VIOLATED)
   u_amber1/u_execute/u_register_bank/R_6010/D   1.9855   4.6140 r  -2.6285 (VIOLATED)
   u_amber1/u_wishbone/o_wb_dat_reg_13_/D   1.9894   4.6176 r  -2.6283 (VIOLATED)
   u_amber0/u_execute/u_register_bank/R_38/D   1.9939   4.6216 r  -2.6277 (VIOLATED)
   u_amber0/u_execute/u_register_bank/R_4063/D   1.9944   4.6216 r  -2.6272 (VIOLATED)
   u_amber0/u_execute/u_register_bank/R_1991/D   1.9944   4.6216 r  -2.6272 (VIOLATED)
   u_amber0/u_execute/u_register_bank/R_5206/D   1.9944   4.6216 r  -2.6272 (VIOLATED)
   u_amber0/u_execute/u_register_bank/R_1428/D   1.9944   4.6216 r  -2.6272 (VIOLATED)
   u_amber0/u_execute/u_register_bank/R_5581/D   1.9944   4.6216 r  -2.6272 (VIOLATED)
   u_amber0/u_execute/u_register_bank/R_870/D   1.9945   4.6216 r  -2.6272 (VIOLATED)
   u_amber0/u_execute/u_register_bank/R_1010/D   1.9945   4.6216 r  -2.6271 (VIOLATED)
   u_amber0/u_execute/u_register_bank/R_1118/D   1.9945   4.6216 r  -2.6271 (VIOLATED)
   u_amber0/u_execute/u_register_bank/R_1330/D   1.9945   4.6216 r  -2.6271 (VIOLATED)
   u_amber0/u_execute/u_register_bank/R_5958/D   1.9920   4.6186 r  -2.6266 (VIOLATED)
   u_amber1/u_coprocessor/o_copro_read_data_reg_5_/D   1.9946   4.6210 f  -2.6263 (VIOLATED)
   u_amber1/u_coprocessor/o_copro_read_data_reg_3_/D   1.9947   4.6210 f  -2.6263 (VIOLATED)
   u_amber0/u_execute/u_multiply/product_reg_53_/D   1.9895   4.6147 r  -2.6252 (VIOLATED)
   u_amber1/u_execute/u_register_bank/R_6154/D   1.9871   4.6120 f  -2.6249 (VIOLATED)
   u_amber1/u_execute/u_register_bank/R_6157/D   1.9859   4.6106 r  -2.6247 (VIOLATED)
   u_amber1/u_execute/u_register_bank/R_6149/D   1.9860   4.6106 r  -2.6246 (VIOLATED)
   u_amber1/u_execute/u_register_bank/R_6155/D   1.9861   4.6106 r  -2.6245 (VIOLATED)
   u_amber1/u_execute/u_register_bank/R_6148/D   1.9861   4.6105 r  -2.6244 (VIOLATED)
   u_amber0/u_wishbone/o_wb_adr_reg_2_/D   1.9945   4.6181 r  -2.6236 (VIOLATED)
   u_amber1/u_coprocessor/o_copro_read_data_reg_4_/D   1.9947   4.6156 f  -2.6209 (VIOLATED)
   u_amber0/u_decode/R_2068/D   1.9911       4.6114 r      -2.6204  (VIOLATED)
   u_amber0/u_execute/R_2080/D   1.9911      4.6114 r      -2.6204  (VIOLATED)
   u_amber0/u_execute/u_register_bank/R_1002/D   1.9943   4.6137 f  -2.6194 (VIOLATED)
   u_amber0/u_execute/u_register_bank/R_5960/D   1.9941   4.6135 r  -2.6194 (VIOLATED)
   u_amber0/u_decode/o_condition_reg_2_/D   1.9924   4.6110 r  -2.6186 (VIOLATED)
   u_amber0/u_decode/dabt_reg_reg/D   1.9946   4.6125 f    -2.6179  (VIOLATED)
   u_amber0/u_execute/u_register_bank/R_42/D   1.9941   4.6116 f  -2.6175 (VIOLATED)
   u_amber1/u_execute/u_register_bank/R_4659/D   1.9808   4.5980 r  -2.6172 (VIOLATED)
   u_amber1/u_execute/u_register_bank/R_4663/D   1.9808   4.5980 r  -2.6172 (VIOLATED)
   u_amber0/u_execute/u_register_bank/R_941/D   1.9945   4.6116 f  -2.6172 (VIOLATED)
   u_amber0/u_execute/u_register_bank/R_1183/D   1.9945   4.6116 f  -2.6172 (VIOLATED)
   u_amber0/u_execute/u_register_bank/R_1343/D   1.9945   4.6116 f  -2.6172 (VIOLATED)
   u_amber0/u_execute/u_register_bank/R_1500/D   1.9945   4.6116 f  -2.6172 (VIOLATED)
   u_amber1/u_execute/u_register_bank/R_6163/D   1.9861   4.6028 r  -2.6166 (VIOLATED)
   u_amber0/u_execute/u_register_bank/R_5959/D   1.9834   4.5999 f  -2.6165 (VIOLATED)
   u_amber1/u_execute/u_register_bank/R_6171/D   1.9860   4.6022 r  -2.6163 (VIOLATED)
   u_amber1/u_execute/u_register_bank/R_6175/D   1.9861   4.6021 r  -2.6160 (VIOLATED)
   u_amber0/u_execute/u_register_bank/R_877/D   1.9945   4.6103 f  -2.6159 (VIOLATED)
   u_amber0/u_execute/u_register_bank/R_1058/D   1.9945   4.6103 f  -2.6159 (VIOLATED)
   u_amber0/u_execute/u_register_bank/R_1150/D   1.9945   4.6103 f  -2.6159 (VIOLATED)
   u_amber0/u_execute/u_register_bank/R_1345/D   1.9945   4.6103 f  -2.6159 (VIOLATED)
   u_amber1/u_execute/u_register_bank/R_6174/D   1.9812   4.5968 r  -2.6156 (VIOLATED)
   u_amber1/u_execute/u_register_bank/R_6166/D   1.9812   4.5958 r  -2.6146 (VIOLATED)
   u_amber1/u_execute/u_register_bank/R_6168/D   1.9812   4.5940 r  -2.6128 (VIOLATED)
   u_amber0/u_execute/u_register_bank/R_1422/D   1.9905   4.6027 r  -2.6123 (VIOLATED)
   u_amber0/u_decode/o_condition_reg_3_/D   1.9925   4.6036 r  -2.6111 (VIOLATED)
   u_amber0/u_execute/u_register_bank/R_6082/D   1.9839   4.5936 f  -2.6098 (VIOLATED)
   u_amber0/u_execute/u_register_bank/R_1353/D   1.9935   4.6027 r  -2.6092 (VIOLATED)
   u_amber0/u_execute/R_2013/D   1.9908      4.6000 r      -2.6091  (VIOLATED)
   u_amber0/u_execute/u_register_bank/R_5991/D   1.9877   4.5966 f  -2.6090 (VIOLATED)
   u_amber0/u_execute/u_register_bank/R_5955/D   1.9930   4.6005 f  -2.6075 (VIOLATED)
   u_amber0/u_execute/u_register_bank/R_5952/D   1.9935   4.6008 f  -2.6073 (VIOLATED)
   u_amber0/u_execute/u_register_bank/R_5956/D   1.9930   4.6002 f  -2.6073 (VIOLATED)
   u_amber0/u_execute/u_register_bank/R_5954/D   1.9935   4.6006 f  -2.6071 (VIOLATED)
   u_amber0/u_execute/u_register_bank/R_5953/D   1.9935   4.6004 f  -2.6070 (VIOLATED)
   u_amber0/u_execute/u_register_bank/R_5961/D   1.9935   4.6003 f  -2.6067 (VIOLATED)
   u_amber0/u_execute/u_register_bank/R_5950/D   1.9935   4.5996 f  -2.6061 (VIOLATED)
   u_amber0/u_execute/u_register_bank/R_5951/D   1.9935   4.5996 f  -2.6061 (VIOLATED)
   u_amber0/u_execute/u_register_bank/R_238/D   1.9807   4.5861 r  -2.6053 (VIOLATED)
   u_amber1/u_execute/u_register_bank/R_6164/D   1.9866   4.5916 f  -2.6051 (VIOLATED)
   u_amber0/u_mem/u_dcache/select_way_reg_0_/D   1.9887   4.5934 r  -2.6048 (VIOLATED)
   u_amber0/u_mem/u_dcache/select_way_reg_2_/D   1.9887   4.5934 r  -2.6048 (VIOLATED)
   u_amber0/u_mem/u_dcache/select_way_reg_3_/D   1.9887   4.5934 r  -2.6048 (VIOLATED)
   u_amber0/u_execute/R_2128/D   1.9945      4.5969 r      -2.6023  (VIOLATED)
   u_amber0/u_execute/base_address_reg_1_/D   1.9872   4.5892 r  -2.6020 (VIOLATED)
   u_amber0/u_execute/base_address_reg_2_/D   1.9872   4.5892 r  -2.6020 (VIOLATED)
   u_amber0/u_execute/base_address_reg_3_/D   1.9872   4.5892 r  -2.6020 (VIOLATED)
   u_amber0/u_execute/base_address_reg_4_/D   1.9872   4.5892 r  -2.6020 (VIOLATED)
   u_amber0/u_execute/base_address_reg_6_/D   1.9872   4.5892 r  -2.6020 (VIOLATED)
   u_amber0/u_execute/base_address_reg_7_/D   1.9872   4.5892 r  -2.6020 (VIOLATED)
   u_amber0/u_execute/base_address_reg_8_/D   1.9872   4.5892 r  -2.6020 (VIOLATED)
   u_amber0/u_execute/base_address_reg_9_/D   1.9872   4.5892 r  -2.6020 (VIOLATED)
   u_amber0/u_execute/base_address_reg_10_/D   1.9872   4.5892 r  -2.6020 (VIOLATED)
   u_amber0/u_execute/base_address_reg_11_/D   1.9872   4.5892 r  -2.6020 (VIOLATED)
   u_amber0/u_execute/base_address_reg_12_/D   1.9872   4.5892 r  -2.6020 (VIOLATED)
   u_amber0/u_execute/base_address_reg_26_/D   1.9872   4.5892 r  -2.6020 (VIOLATED)
   u_amber0/u_execute/base_address_reg_13_/D   1.9873   4.5891 r  -2.6018 (VIOLATED)
   u_amber0/u_execute/base_address_reg_14_/D   1.9873   4.5891 r  -2.6018 (VIOLATED)
   u_amber0/u_execute/base_address_reg_16_/D   1.9873   4.5891 r  -2.6018 (VIOLATED)
   u_amber0/u_execute/base_address_reg_17_/D   1.9873   4.5891 r  -2.6018 (VIOLATED)
   u_amber0/u_execute/base_address_reg_18_/D   1.9873   4.5891 r  -2.6018 (VIOLATED)
   u_amber0/u_execute/base_address_reg_19_/D   1.9873   4.5891 r  -2.6018 (VIOLATED)
   u_amber0/u_execute/base_address_reg_21_/D   1.9873   4.5891 r  -2.6018 (VIOLATED)
   u_amber0/u_execute/base_address_reg_22_/D   1.9873   4.5891 r  -2.6018 (VIOLATED)
   u_amber0/u_execute/base_address_reg_23_/D   1.9873   4.5891 r  -2.6018 (VIOLATED)
   u_amber0/u_execute/base_address_reg_24_/D   1.9873   4.5891 r  -2.6018 (VIOLATED)
   u_amber0/u_execute/base_address_reg_28_/D   1.9873   4.5891 r  -2.6018 (VIOLATED)
   u_amber1/u_execute/u_register_bank/R_6162/D   1.9872   4.5890 f  -2.6018 (VIOLATED)
   u_amber1/u_execute/u_register_bank/R_6165/D   1.9860   4.5871 r  -2.6011 (VIOLATED)
   u_amber1/u_execute/u_register_bank/R_6167/D   1.9860   4.5871 r  -2.6011 (VIOLATED)
   u_amber0/u_mem/u_dcache/select_way_reg_1_/D   1.9944   4.5949 r  -2.6005 (VIOLATED)
   u_amber1/u_execute/u_register_bank/R_6170/D   1.9813   4.5805 f  -2.5992 (VIOLATED)
   u_amber0/u_execute/u_register_bank/R_5090/D   1.9942   4.5928 f  -2.5986 (VIOLATED)
   u_amber0/u_execute/u_register_bank/R_1090/D   1.9943   4.5925 f  -2.5982 (VIOLATED)
   u_amber0/u_execute/u_register_bank/R_5945/D   1.9934   4.5906 f  -2.5971 (VIOLATED)
   u_amber0/u_execute/u_register_bank/R_4117/D   1.9808   4.5756 r  -2.5948 (VIOLATED)
   u_amber0/u_execute/base_address_reg_15_/D   1.9840   4.5786 r  -2.5946 (VIOLATED)
   u_amber1/u_coprocessor/fault_address_reg_16_/D   1.9945   4.5887 r  -2.5942 (VIOLATED)
   u_amber1/u_coprocessor/fault_address_reg_18_/D   1.9945   4.5887 r  -2.5942 (VIOLATED)
   u_amber1/u_coprocessor/fault_address_reg_19_/D   1.9945   4.5887 r  -2.5942 (VIOLATED)
   u_amber1/u_coprocessor/fault_address_reg_20_/D   1.9945   4.5887 r  -2.5942 (VIOLATED)
   u_amber1/u_coprocessor/fault_address_reg_21_/D   1.9945   4.5887 r  -2.5942 (VIOLATED)
   u_amber1/u_coprocessor/fault_address_reg_22_/D   1.9945   4.5887 r  -2.5942 (VIOLATED)
   u_amber1/u_coprocessor/fault_address_reg_23_/D   1.9945   4.5887 r  -2.5942 (VIOLATED)
   u_amber0/u_execute/base_address_reg_5_/D   1.9848   4.5781 f  -2.5933 (VIOLATED)
   u_amber0/u_execute/base_address_reg_20_/D   1.9848   4.5779 f  -2.5932 (VIOLATED)
   u_amber1/u_execute/u_register_bank/R_4647/D   1.9807   4.5733 r  -2.5926 (VIOLATED)
   u_amber0/u_execute/u_register_bank/R_881/D   1.9916   4.5827 r  -2.5911 (VIOLATED)
   u_amber0/u_execute/u_register_bank/R_1351/D   1.9916   4.5827 r  -2.5911 (VIOLATED)
   u_amber0/u_execute/u_register_bank/R_1490/D   1.9916   4.5827 r  -2.5911 (VIOLATED)
   u_amber0/u_execute/u_register_bank/R_4427/D   1.9916   4.5827 r  -2.5911 (VIOLATED)
   u_amber0/u_execute/u_register_bank/R_6062/D   1.9873   4.5781 r  -2.5908 (VIOLATED)
   u_amber0/u_execute/u_register_bank/R_5942/D   1.9907   4.5807 f  -2.5900 (VIOLATED)
   u_amber0/u_execute/u_register_bank/R_6114/D   1.9816   4.5705 r  -2.5888 (VIOLATED)
   u_amber0/u_execute/u_register_bank/r10_firq_reg_4_/D   1.9946   4.5830 r  -2.5884 (VIOLATED)
   u_amber1/u_execute/u_register_bank/R_6153/D   1.9807   4.5683 r  -2.5876 (VIOLATED)
   u_amber0/u_execute/u_register_bank/r11_firq_reg_4_/D   1.9946   4.5820 r  -2.5873 (VIOLATED)
   u_amber1/u_coprocessor/o_copro_read_data_reg_1_/D   1.9974   4.5837 f  -2.5863 (VIOLATED)
   u_amber0/u_execute/u_register_bank/R_5990/D   1.9843   4.5701 r  -2.5858 (VIOLATED)
   u_amber0/u_execute/u_register_bank/R_8/D   1.9940   4.5779 f  -2.5839 (VIOLATED)
   u_amber0/u_execute/u_register_bank/R_3687/D   1.9942   4.5777 f  -2.5835 (VIOLATED)
   u_amber0/u_execute/u_register_bank/R_5571/D   1.9942   4.5776 f  -2.5834 (VIOLATED)
   u_amber0/u_execute/u_register_bank/R_4055/D   1.9939   4.5771 f  -2.5832 (VIOLATED)
   u_amber1/u_execute/u_register_bank/R_5625/D   1.9813   4.5639 r  -2.5827 (VIOLATED)
   u_amber1/u_execute/u_register_bank/R_5629/D   1.9813   4.5634 r  -2.5822 (VIOLATED)
   u_amber1/u_execute/u_register_bank/R_5613/D   1.9813   4.5634 r  -2.5822 (VIOLATED)
   u_amber0/u_execute/u_register_bank/r9_firq_reg_8_/D   1.9946   4.5768 r  -2.5822 (VIOLATED)
   u_amber0/u_execute/u_register_bank/R_6065/D   1.9941   4.5760 f  -2.5819 (VIOLATED)
   u_amber0/u_execute/u_register_bank/r9_firq_reg_4_/D   1.9947   4.5760 r  -2.5813 (VIOLATED)
   u_amber0/u_execute/u_register_bank/R_6072/D   1.9941   4.5753 f  -2.5812 (VIOLATED)
   u_amber1/u_decode/o_status_bits_mode_reg_0_/D   1.9944   4.5749 f  -2.5805 (VIOLATED)
   u_amber1/u_execute/u_register_bank/R_5617/D   1.9829   4.5629 r  -2.5800 (VIOLATED)
   u_amber1/u_execute/u_register_bank/R_5633/D   1.9813   4.5608 r  -2.5795 (VIOLATED)
   u_amber1/u_execute/u_register_bank/R_5980/D   1.9808   4.5580 r  -2.5772 (VIOLATED)
   u_amber1/u_execute/u_register_bank/R_5979/D   1.9807   4.5570 r  -2.5763 (VIOLATED)
   u_amber0/u_execute/u_register_bank/R_854/D   1.9943   4.5703 f  -2.5760 (VIOLATED)
   u_amber0/u_decode/R_106/D   1.9822        4.5557 r      -2.5734  (VIOLATED)
   u_amber1/u_coprocessor/fault_address_reg_17_/D   1.9894   4.5612 r  -2.5717 (VIOLATED)
   u_amber0/u_execute/u_register_bank/R_4133/D   1.9808   4.5509 r  -2.5701 (VIOLATED)
   u_amber1/u_execute/R_1956/D   1.9941      4.5641 r      -2.5700  (VIOLATED)
   u_amber0/u_execute/o_byte_enable_reg_0_/D   1.9944   4.5636 r  -2.5692 (VIOLATED)
   u_amber0/u_execute/o_byte_enable_reg_1_/D   1.9944   4.5636 r  -2.5692 (VIOLATED)
   u_amber1/u_execute/R_2526/D   1.9948      4.5615 r      -2.5667  (VIOLATED)
   u_amber1/u_fetch/u_cache/address_r_reg_2_/D   1.9896   4.5560 r  -2.5664 (VIOLATED)
   u_amber1/u_execute/u_register_bank/R_6146/D   1.9871   4.5527 f  -2.5656 (VIOLATED)
   u_amber1/u_execute/u_register_bank/R_6143/D   1.9871   4.5526 f  -2.5656 (VIOLATED)
   u_amber1/u_execute/u_register_bank/R_6144/D   1.9860   4.5513 r  -2.5653 (VIOLATED)
   u_amber0/u_wishbone/o_wb_adr_reg_3_/D   1.9943   4.5594 f  -2.5651 (VIOLATED)
   u_amber1/u_execute/u_register_bank/R_6145/D   1.9861   4.5512 r  -2.5651 (VIOLATED)
   u_amber0/u_decode/o_status_bits_sel_reg_0_/D   1.9967   4.5617 f  -2.5650 (VIOLATED)
   u_amber0/u_fetch/u_cache/init_count_reg_8_/D   1.9945   4.5587 r  -2.5641 (VIOLATED)
   u_amber0/u_wishbone/o_wb_adr_reg_0_/D   1.9863   4.5476 f  -2.5614 (VIOLATED)
   u_amber1/u_execute/u_register_bank/R_6176/D   1.9812   4.5420 r  -2.5609 (VIOLATED)
   u_amber1/u_execute/u_register_bank/R_5125/D   1.9832   4.5439 r  -2.5608 (VIOLATED)
   u_amber0/u_wishbone/o_wb_dat_reg_1_/D   1.9945   4.5552 r  -2.5608 (VIOLATED)
   u_amber0/u_wishbone/o_wb_dat_reg_2_/D   1.9945   4.5552 r  -2.5608 (VIOLATED)
   u_amber0/u_wishbone/o_wb_dat_reg_4_/D   1.9945   4.5552 r  -2.5608 (VIOLATED)
   u_amber0/u_wishbone/o_wb_dat_reg_5_/D   1.9945   4.5552 r  -2.5608 (VIOLATED)
   u_amber0/u_wishbone/o_wb_dat_reg_8_/D   1.9945   4.5552 r  -2.5608 (VIOLATED)
   u_amber0/u_wishbone/o_wb_dat_reg_9_/D   1.9945   4.5552 r  -2.5608 (VIOLATED)
   u_amber0/u_wishbone/o_wb_dat_reg_10_/D   1.9945   4.5552 r  -2.5608 (VIOLATED)
   u_amber0/u_wishbone/o_wb_dat_reg_11_/D   1.9945   4.5552 r  -2.5608 (VIOLATED)
   u_amber0/u_wishbone/o_wb_dat_reg_12_/D   1.9945   4.5552 r  -2.5608 (VIOLATED)
   u_amber0/u_wishbone/o_wb_dat_reg_13_/D   1.9945   4.5552 r  -2.5608 (VIOLATED)
   u_amber0/u_wishbone/o_wb_dat_reg_14_/D   1.9945   4.5552 r  -2.5608 (VIOLATED)
   u_amber0/u_wishbone/o_wb_dat_reg_15_/D   1.9945   4.5552 r  -2.5608 (VIOLATED)
   u_amber0/u_wishbone/o_wb_dat_reg_16_/D   1.9945   4.5552 r  -2.5608 (VIOLATED)
   u_amber0/u_wishbone/o_wb_dat_reg_17_/D   1.9945   4.5552 r  -2.5608 (VIOLATED)
   u_amber0/u_wishbone/o_wb_dat_reg_19_/D   1.9945   4.5552 r  -2.5608 (VIOLATED)
   u_amber0/u_wishbone/o_wb_dat_reg_20_/D   1.9945   4.5552 r  -2.5608 (VIOLATED)
   u_amber0/u_wishbone/o_wb_dat_reg_23_/D   1.9945   4.5552 r  -2.5608 (VIOLATED)
   u_amber0/u_wishbone/o_wb_dat_reg_24_/D   1.9945   4.5552 r  -2.5608 (VIOLATED)
   u_amber1/u_execute/u_register_bank/R_6141/D   1.9826   4.5426 r  -2.5600 (VIOLATED)
   u_amber0/u_execute/u_register_bank/r8_firq_reg_8_/D   1.9946   4.5542 r  -2.5595 (VIOLATED)
   u_amber0/u_execute/u_register_bank/R_5917/D   1.9910   4.5498 r  -2.5588 (VIOLATED)
   u_amber0/u_execute/u_register_bank/r8_firq_reg_4_/D   1.9947   4.5534 r  -2.5587 (VIOLATED)
   u_amber1/u_execute/u_register_bank/R_6147/D   1.9811   4.5396 r  -2.5585 (VIOLATED)
   u_amber0/u_execute/u_register_bank/R_252/D   1.9770   4.5337 f  -2.5567 (VIOLATED)
   u_amber1/u_coprocessor/cache_control_reg_0_/D   1.9942   4.5506 f  -2.5564 (VIOLATED)
   u_amber0/u_decode/R_6045/D   1.9808       4.5369 r      -2.5561  (VIOLATED)
   u_amber1/u_execute/u_register_bank/R_6126/D   1.9861   4.5419 r  -2.5558 (VIOLATED)
   u_amber1/u_wishbone/o_wb_dat_reg_0_/D   1.9938   4.5483 r  -2.5544 (VIOLATED)
   u_amber1/u_wishbone/o_wb_dat_reg_25_/D   1.9938   4.5483 r  -2.5544 (VIOLATED)
   u_amber1/u_wishbone/o_wb_dat_reg_26_/D   1.9938   4.5483 r  -2.5544 (VIOLATED)
   u_amber1/u_wishbone/o_wb_dat_reg_27_/D   1.9938   4.5483 r  -2.5544 (VIOLATED)
   u_amber1/u_wishbone/o_wb_dat_reg_29_/D   1.9938   4.5483 r  -2.5544 (VIOLATED)
   u_amber1/u_wishbone/o_wb_dat_reg_30_/D   1.9938   4.5483 r  -2.5544 (VIOLATED)
   u_amber1/u_wishbone/o_wb_dat_reg_31_/D   1.9938   4.5483 r  -2.5544 (VIOLATED)
   u_amber0/u_execute/R_2420/D   1.9944      4.5482 r      -2.5538  (VIOLATED)
   u_amber0/u_wishbone/o_wb_sel_reg_0_/D   1.9943   4.5464 r  -2.5521 (VIOLATED)
   u_amber0/u_wishbone/o_wb_sel_reg_1_/D   1.9943   4.5464 r  -2.5521 (VIOLATED)
   u_amber0/u_wishbone/o_wb_sel_reg_2_/D   1.9943   4.5464 r  -2.5521 (VIOLATED)
   u_amber0/u_wishbone/o_wb_adr_reg_1_/D   1.9945   4.5464 r  -2.5519 (VIOLATED)
   u_amber0/u_execute/u_register_bank/r3_reg_8_/D   1.9946   4.5446 r  -2.5500 (VIOLATED)
   u_amber0/u_execute/u_register_bank/r4_reg_4_/D   1.9946   4.5445 r  -2.5498 (VIOLATED)
   u_amber0/u_execute/u_register_bank/r2_reg_8_/D   1.9946   4.5442 r  -2.5496 (VIOLATED)
   u_amber0/u_execute/u_register_bank/r3_reg_4_/D   1.9946   4.5440 r  -2.5493 (VIOLATED)
   u_amber0/u_execute/u_register_bank/r6_reg_8_/D   1.9946   4.5438 r  -2.5492 (VIOLATED)
   u_amber0/u_execute/u_register_bank/r5_reg_8_/D   1.9946   4.5438 r  -2.5492 (VIOLATED)
   u_amber0/u_execute/u_register_bank/r2_reg_4_/D   1.9946   4.5435 r  -2.5489 (VIOLATED)
   u_amber0/u_execute/u_register_bank/R_4125/D   1.9808   4.5296 r  -2.5488 (VIOLATED)
   u_amber0/u_execute/u_register_bank/r1_reg_4_/D   1.9946   4.5432 r  -2.5486 (VIOLATED)
   u_amber0/u_execute/u_register_bank/r5_reg_4_/D   1.9946   4.5432 r  -2.5485 (VIOLATED)
   u_amber0/u_execute/u_register_bank/r7_reg_8_/D   1.9946   4.5430 r  -2.5484 (VIOLATED)
   u_amber0/u_execute/u_register_bank/r7_reg_4_/D   1.9946   4.5430 r  -2.5483 (VIOLATED)
   u_amber1/u_coprocessor/cache_control_reg_1_/D   1.9942   4.5418 f  -2.5477 (VIOLATED)
   u_amber1/u_coprocessor/cache_control_reg_2_/D   1.9942   4.5418 f  -2.5477 (VIOLATED)
   u_amber0/u_execute/u_register_bank/R_2168/D   1.9895   4.5347 r  -2.5452 (VIOLATED)
   u_amber0/u_execute/u_register_bank/R_2429/D   1.9895   4.5347 r  -2.5452 (VIOLATED)
   u_amber1/u_execute/R_2636/D   1.9867      4.5318 r      -2.5451  (VIOLATED)
   u_amber0/u_wishbone/o_wb_dat_reg_3_/D   1.9938   4.5383 r  -2.5444 (VIOLATED)
   u_amber0/u_wishbone/o_wb_dat_reg_7_/D   1.9938   4.5383 r  -2.5444 (VIOLATED)
   u_amber0/u_wishbone/o_wb_dat_reg_18_/D   1.9938   4.5383 r  -2.5444 (VIOLATED)
   u_amber0/u_wishbone/o_wb_dat_reg_22_/D   1.9938   4.5383 r  -2.5444 (VIOLATED)
   u_amber0/u_coprocessor/cacheable_area_reg_0_/D   1.9942   4.5367 f  -2.5425 (VIOLATED)
   u_amber0/u_coprocessor/cacheable_area_reg_2_/D   1.9942   4.5367 f  -2.5425 (VIOLATED)
   u_amber0/u_coprocessor/cacheable_area_reg_3_/D   1.9942   4.5367 f  -2.5425 (VIOLATED)
   u_amber0/u_coprocessor/cacheable_area_reg_5_/D   1.9942   4.5367 f  -2.5425 (VIOLATED)
   u_amber0/u_coprocessor/cacheable_area_reg_6_/D   1.9942   4.5367 f  -2.5425 (VIOLATED)
   u_amber0/u_coprocessor/cacheable_area_reg_7_/D   1.9942   4.5367 f  -2.5425 (VIOLATED)
   u_amber0/u_decode/R_1358/D   1.9871       4.5293 r      -2.5422  (VIOLATED)
   u_amber1/u_execute/u_register_bank/R_6180/D   1.9860   4.5268 r  -2.5408 (VIOLATED)
   u_amber0/u_fetch/u_cache/address_r_reg_2_/D   1.9945   4.5353 r  -2.5408 (VIOLATED)
   u_amber0/u_execute/u_register_bank/R_4129/D   1.9808   4.5211 r  -2.5403 (VIOLATED)
   u_amber1/u_execute/u_register_bank/R_6177/D   1.9861   4.5261 r  -2.5399 (VIOLATED)
   u_amber0/u_decode/R_2066/D   1.9934       4.5328 f      -2.5393  (VIOLATED)
   u_amber0/u_execute/u_register_bank/R_44/D   1.9937   4.5327 f  -2.5390 (VIOLATED)
   u_amber1/u_execute/u_register_bank/R_6007/D   1.9815   4.5201 r  -2.5385 (VIOLATED)
   u_amber0/u_execute/u_register_bank/R_6028/D   1.9845   4.5229 r  -2.5384 (VIOLATED)
   u_amber0/u_wishbone/o_wb_dat_reg_6_/D   1.9894   4.5277 r  -2.5383 (VIOLATED)
   u_amber0/u_wishbone/o_wb_dat_reg_21_/D   1.9894   4.5277 r  -2.5383 (VIOLATED)
   u_amber1/u_execute/u_register_bank/R_6173/D   1.9860   4.5198 r  -2.5338 (VIOLATED)
   u_amber0/u_execute/o_write_data_reg_0_/D   1.9940   4.5263 f  -2.5324 (VIOLATED)
   u_amber0/u_execute/o_write_data_reg_1_/D   1.9940   4.5263 f  -2.5323 (VIOLATED)
   u_amber0/u_execute/o_write_data_reg_2_/D   1.9941   4.5263 f  -2.5323 (VIOLATED)
   u_amber0/u_execute/o_write_data_reg_3_/D   1.9941   4.5263 f  -2.5323 (VIOLATED)
   u_amber0/u_execute/o_write_data_reg_4_/D   1.9941   4.5263 f  -2.5323 (VIOLATED)
   u_amber0/u_execute/o_write_data_reg_5_/D   1.9941   4.5263 f  -2.5323 (VIOLATED)
   u_amber0/u_execute/o_write_data_reg_6_/D   1.9941   4.5263 f  -2.5323 (VIOLATED)
   u_amber1/u_execute/R_1340/D   1.9948      4.5270 r      -2.5322  (VIOLATED)
   u_amber1/u_wishbone/o_wb_dat_reg_28_/D   1.9892   4.5209 r  -2.5317 (VIOLATED)
   u_amber1/u_execute/u_register_bank/R_6172/D   1.9810   4.5127 r  -2.5317 (VIOLATED)
   u_amber0/u_coprocessor/o_copro_read_data_reg_10_/D   1.9946   4.5257 f  -2.5311 (VIOLATED)
   u_amber0/u_coprocessor/o_copro_read_data_reg_21_/D   1.9946   4.5257 f  -2.5311 (VIOLATED)
   u_amber0/u_coprocessor/o_copro_read_data_reg_23_/D   1.9946   4.5257 f  -2.5311 (VIOLATED)
   u_amber0/u_coprocessor/o_copro_read_data_reg_25_/D   1.9946   4.5257 f  -2.5311 (VIOLATED)
   u_amber0/u_coprocessor/o_copro_read_data_reg_26_/D   1.9946   4.5257 f  -2.5311 (VIOLATED)
   u_amber0/u_wishbone/o_wb_sel_reg_3_/D   1.9893   4.5191 r  -2.5298 (VIOLATED)
   u_amber1/u_fetch/u_cache/address_r_reg_0_/D   1.9947   4.5244 r  -2.5297 (VIOLATED)
   u_amber1/u_execute/u_register_bank/R_6159/D   1.9861   4.5151 r  -2.5291 (VIOLATED)
   u_amber0/u_coprocessor/o_copro_read_data_reg_11_/D   1.9946   4.5229 f  -2.5283 (VIOLATED)
   u_amber0/u_coprocessor/o_copro_read_data_reg_12_/D   1.9946   4.5229 f  -2.5283 (VIOLATED)
   u_amber0/u_coprocessor/o_copro_read_data_reg_15_/D   1.9946   4.5229 f  -2.5283 (VIOLATED)
   u_amber0/u_coprocessor/o_copro_read_data_reg_16_/D   1.9946   4.5229 f  -2.5283 (VIOLATED)
   u_amber0/u_coprocessor/o_copro_read_data_reg_19_/D   1.9946   4.5229 f  -2.5283 (VIOLATED)
   u_amber0/u_execute/o_write_data_reg_7_/D   1.9889   4.5171 f  -2.5283 (VIOLATED)
   u_amber0/u_execute/u_register_bank/r4_reg_8_/D   1.9896   4.5172 r  -2.5276 (VIOLATED)
   u_amber0/u_execute/u_register_bank/r1_reg_8_/D   1.9896   4.5160 r  -2.5264 (VIOLATED)
   u_amber0/u_mem/u_dcache/init_count_reg_8_/D   1.9945   4.5205 r  -2.5260 (VIOLATED)
   u_amber1/u_execute/u_register_bank/R_6161/D   1.9861   4.5102 r  -2.5241 (VIOLATED)
   u_amber0/u_execute/R_2111/D   1.9946      4.5177 f      -2.5232  (VIOLATED)
   u_amber1/u_fetch/u_cache/address_r_reg_1_/D   1.9947   4.5174 r  -2.5227 (VIOLATED)
   u_amber1/u_execute/R_1719/D   1.9853      4.5075 r      -2.5222  (VIOLATED)
   u_amber1/u_execute/R_1721/D   1.9848      4.5064 r      -2.5216  (VIOLATED)
   u_amber0/u_execute/u_register_bank/r6_reg_4_/D   1.9945   4.5154 r  -2.5208 (VIOLATED)
   u_amber0/u_coprocessor/o_copro_read_data_reg_13_/D   1.9944   4.5147 f  -2.5203 (VIOLATED)
   u_amber1/u_execute/o_daddress_valid_reg/D   1.9945   4.5129 f  -2.5184 (VIOLATED)
   u_amber0/u_execute/u_register_bank/R_20/D   1.9941   4.5119 f  -2.5178 (VIOLATED)
   u_amber0/u_execute/u_register_bank/R_4045/D   1.9943   4.5119 f  -2.5176 (VIOLATED)
   u_amber0/u_execute/u_register_bank/R_856/D   1.9944   4.5119 f  -2.5174 (VIOLATED)
   u_amber1/u_execute/R_2568/D   1.9863      4.5021 f      -2.5158  (VIOLATED)
   u_amber0/u_execute/u_register_bank/R_6091/D   1.9860   4.5017 r  -2.5157 (VIOLATED)
   u_amber0/u_execute/u_register_bank/R_5941/D   1.9908   4.5056 r  -2.5147 (VIOLATED)
   u_amber0/u_execute/o_byte_enable_reg_2_/D   1.9944   4.5090 r  -2.5146 (VIOLATED)
   u_amber0/u_execute/o_byte_enable_reg_3_/D   1.9944   4.5090 r  -2.5146 (VIOLATED)
   u_amber1/u_execute/u_register_bank/R_6137/D   1.9833   4.4978 r  -2.5146 (VIOLATED)
   u_amber0/u_execute/u_register_bank/R_6014/D   1.9816   4.4935 r  -2.5119 (VIOLATED)
   u_amber0/u_decode/R_4961/D   1.9813       4.4864 r      -2.5052  (VIOLATED)
   u_amber0/u_execute/R_2088/D   1.9940      4.4990 r      -2.5050  (VIOLATED)
   u_amber0/u_execute/u_register_bank/R_6063/D   1.9840   4.4885 r  -2.5045 (VIOLATED)
   u_amber0/u_execute/R_406/D   1.9948       4.4987 f      -2.5039  (VIOLATED)
   u_amber0/u_execute/R_2131/D   1.9868      4.4904 r      -2.5035  (VIOLATED)
   u_amber1/u_execute/R_5876/D   1.9947      4.4978 r      -2.5032  (VIOLATED)
   u_amber1/u_execute/u_register_bank/R_6135/D   1.9812   4.4828 r  -2.5015 (VIOLATED)
   u_amber1/u_execute/u_register_bank/R_3733/D   1.9814   4.4828 r  -2.5014 (VIOLATED)
   u_amber1/u_execute/u_register_bank/R_5621/D   1.9810   4.4810 r  -2.5000 (VIOLATED)
   u_amber1/u_execute/u_register_bank/R_6021/D   1.9896   4.4895 r  -2.4999 (VIOLATED)
   u_amber0/u_execute/R_2262/D   1.9860      4.4847 r      -2.4987  (VIOLATED)
   u_amber1/u_coprocessor/R_5524/D   1.9868   4.4854 r     -2.4986  (VIOLATED)
   u_amber1/u_coprocessor/R_6043/D   1.9868   4.4854 r     -2.4986  (VIOLATED)
   u_amber0/u_coprocessor/updateable_area_reg_14_/D   1.9940   4.4907 f  -2.4967 (VIOLATED)
   u_amber0/u_coprocessor/updateable_area_reg_16_/D   1.9940   4.4907 f  -2.4967 (VIOLATED)
   u_amber0/u_coprocessor/updateable_area_reg_18_/D   1.9940   4.4907 f  -2.4967 (VIOLATED)
   u_amber0/u_coprocessor/updateable_area_reg_9_/D   1.9940   4.4907 f  -2.4967 (VIOLATED)
   u_amber0/u_coprocessor/updateable_area_reg_10_/D   1.9940   4.4907 f  -2.4967 (VIOLATED)
   u_amber0/u_coprocessor/updateable_area_reg_12_/D   1.9940   4.4907 f  -2.4967 (VIOLATED)
   u_amber0/u_execute/u_register_bank/R_5852/D   1.9947   4.4913 r  -2.4965 (VIOLATED)
   u_amber0/u_execute/u_register_bank/R_283/D   1.9900   4.4862 f  -2.4962 (VIOLATED)
   u_amber0/u_execute/u_register_bank/R_316/D   1.9900   4.4856 f  -2.4957 (VIOLATED)
   u_amber0/u_execute/u_register_bank/R_6060/D   1.9863   4.4808 r  -2.4945 (VIOLATED)
   u_amber1/u_execute/R_1364/D   1.9903      4.4841 f      -2.4938  (VIOLATED)
   u_amber1/u_execute/R_1294/D   1.9944      4.4879 r      -2.4935  (VIOLATED)
   u_amber0/u_execute/u_register_bank/R_6070/D   1.9896   4.4823 r  -2.4927 (VIOLATED)
   u_amber0/u_decode/R_5939/D   1.9945       4.4871 f      -2.4925  (VIOLATED)
   u_amber0/u_decode/R_6026/D   1.9945       4.4871 f      -2.4925  (VIOLATED)
   u_amber0/u_execute/u_register_bank/R_6092/D   1.9936   4.4850 f  -2.4914 (VIOLATED)
   u_amber0/u_execute/u_register_bank/R_6090/D   1.9937   4.4842 f  -2.4905 (VIOLATED)
   u_amber0/u_execute/u_register_bank/R_5994/D   1.9897   4.4800 r  -2.4903 (VIOLATED)
   u_amber1/u_execute/u_register_bank/R_6128/D   1.9860   4.4726 r  -2.4866 (VIOLATED)
   u_amber0/u_coprocessor/o_copro_read_data_reg_14_/D   1.9946   4.4798 f  -2.4852 (VIOLATED)
   u_amber1/u_write_back/R_1937/D   1.9944   4.4793 f      -2.4849  (VIOLATED)
   u_amber0/u_decode/R_5940/D   1.9947       4.4795 f      -2.4848  (VIOLATED)
   u_amber0/u_execute/u_register_bank/R_2271/D   1.9827   4.4663 r  -2.4836 (VIOLATED)
   u_amber0/u_execute/R_2099/D   1.9931      4.4758 r      -2.4827  (VIOLATED)
   u_amber0/u_decode/hold_instruction_adex_reg/D   1.9940   4.4746 f  -2.4806 (VIOLATED)
   u_amber0/u_execute/R_5867/D   1.9942      4.4716 f      -2.4775  (VIOLATED)
   u_amber0/u_decode/R_1240/D   1.9808       4.4576 r      -2.4768  (VIOLATED)
   u_amber1/u_execute/u_register_bank/R_6127/D   1.9860   4.4619 r  -2.4759 (VIOLATED)
   u_amber0/u_execute/u_register_bank/R_2679/D   1.9812   4.4549 r  -2.4737 (VIOLATED)
   u_amber0/u_coprocessor/disruptive_area_reg_7_/D   1.9938   4.4665 f  -2.4727 (VIOLATED)
   u_amber0/u_coprocessor/disruptive_area_reg_13_/D   1.9938   4.4665 f  -2.4727 (VIOLATED)
   u_amber0/u_coprocessor/disruptive_area_reg_3_/D   1.9940   4.4665 f  -2.4725 (VIOLATED)
   u_amber0/u_coprocessor/disruptive_area_reg_6_/D   1.9940   4.4665 f  -2.4725 (VIOLATED)
   u_amber0/u_coprocessor/disruptive_area_reg_11_/D   1.9940   4.4665 f  -2.4725 (VIOLATED)
   u_amber0/u_coprocessor/disruptive_area_reg_31_/D   1.9940   4.4665 f  -2.4725 (VIOLATED)
   u_amber0/u_coprocessor/disruptive_area_reg_4_/D   1.9887   4.4612 f  -2.4725 (VIOLATED)
   u_amber0/u_execute/o_write_enable_reg/D   1.9945   4.4660 r  -2.4715 (VIOLATED)
   u_amber0/u_decode/hold_instruction_reg_20_/D   1.9946   4.4658 r  -2.4712 (VIOLATED)
   u_amber1/u_execute/u_register_bank/R_512/D   1.9865   4.4569 r  -2.4704 (VIOLATED)
   u_amber0/u_execute/u_register_bank/R_5920/D   1.9816   4.4514 r  -2.4698 (VIOLATED)
   u_amber0/u_execute/u_register_bank/R_5919/D   1.9934   4.4631 r  -2.4697 (VIOLATED)
   u_amber1/u_write_back/R_1339/D   1.9903   4.4599 r      -2.4695  (VIOLATED)
   u_amber1/u_write_back/R_1290/D   1.9909   4.4592 r      -2.4684  (VIOLATED)
   u_amber0/u_decode/o_barrel_shift_amount_sel_reg_1_/D   1.9945   4.4622 r  -2.4677 (VIOLATED)
   u_amber0/u_execute/u_register_bank/R_5918/D   1.9880   4.4552 r  -2.4673 (VIOLATED)
   u_amber0/u_fetch/u_cache/address_r_reg_0_/D   1.9947   4.4615 r  -2.4669 (VIOLATED)
   u_amber0/u_execute/u_register_bank/R_6085/D   1.9860   4.4524 r  -2.4664 (VIOLATED)
   u_amber0/u_decode/o_pc_wen_reg/D   1.9944   4.4592 f    -2.4648  (VIOLATED)
   u_amber1/u_execute/R_1957/D   1.9944      4.4592 f      -2.4648  (VIOLATED)
   u_amber1/u_write_back/R_1936/D   1.9934   4.4582 r      -2.4648  (VIOLATED)
   u_amber1/u_write_back/R_1938/D   1.9934   4.4582 r      -2.4648  (VIOLATED)
   u_amber0/u_wishbone/o_wb_dat_reg_0_/D   1.9938   4.4583 r  -2.4645 (VIOLATED)
   u_amber0/u_wishbone/o_wb_dat_reg_26_/D   1.9938   4.4583 r  -2.4645 (VIOLATED)
   u_amber0/u_wishbone/o_wb_dat_reg_27_/D   1.9938   4.4583 r  -2.4645 (VIOLATED)
   u_amber0/u_wishbone/o_wb_dat_reg_28_/D   1.9938   4.4583 r  -2.4645 (VIOLATED)
   u_amber0/u_wishbone/o_wb_dat_reg_29_/D   1.9938   4.4583 r  -2.4645 (VIOLATED)
   u_amber0/u_wishbone/o_wb_dat_reg_30_/D   1.9938   4.4583 r  -2.4645 (VIOLATED)
   u_amber0/u_wishbone/o_wb_dat_reg_31_/D   1.9938   4.4583 r  -2.4645 (VIOLATED)
   u_amber0/u_wishbone/o_wb_dat_reg_25_/D   1.9938   4.4583 r  -2.4645 (VIOLATED)
   u_amber0/u_execute/u_register_bank/R_285/D   1.9849   4.4483 r  -2.4634 (VIOLATED)
   u_amber0/u_execute/u_register_bank/R_318/D   1.9849   4.4479 r  -2.4630 (VIOLATED)
   u_amber0/u_execute/u_register_bank/R_6093/D   1.9852   4.4464 f  -2.4612 (VIOLATED)
   u_amber0/u_execute/u_register_bank/R_5009/D   1.9854   4.4459 r  -2.4605 (VIOLATED)
   u_amber0/u_execute/R_2110/D   1.9944      4.4548 r      -2.4604  (VIOLATED)
   u_amber0/u_execute/u_register_bank/R_6086/D   1.9938   4.4519 f  -2.4581 (VIOLATED)
   u_amber0/u_execute/u_register_bank/R_6081/D   1.9814   4.4377 r  -2.4563 (VIOLATED)
   u_amber0/u_mem/u_dcache/random_num_reg_0_/D   1.9889   4.4451 r  -2.4562 (VIOLATED)
   u_amber1/u_wishbone/o_wb_we_reg/D   1.9944   4.4498 f   -2.4553  (VIOLATED)
   u_amber0/u_execute/u_register_bank/R_6113/D   1.9813   4.4365 r  -2.4552 (VIOLATED)
   u_amber0/u_execute/u_register_bank/R_6080/D   1.9813   4.4365 r  -2.4552 (VIOLATED)
   u_amber0/u_decode/o_barrel_shift_data_sel_reg_0_/D   1.9945   4.4479 r  -2.4533 (VIOLATED)
   u_amber0/u_execute/u_register_bank/R_5993/D   1.9853   4.4373 r  -2.4520 (VIOLATED)
   u_amber0/u_fetch/u_cache/address_r_reg_1_/D   1.9947   4.4455 r  -2.4508 (VIOLATED)
   u_amber1/u_execute/R_6037/D   1.9942      4.4448 f      -2.4505  (VIOLATED)
   u_amber0/u_mem/u_dcache/random_num_reg_2_/D   1.9924   4.4425 r  -2.4501 (VIOLATED)
   u_amber0/u_mem/u_dcache/random_num_reg_3_/D   1.9924   4.4425 r  -2.4501 (VIOLATED)
   u_amber1/u_execute/R_2525/D   1.9858      4.4358 r      -2.4500  (VIOLATED)
   u_amber0/u_execute/u_register_bank/R_5853/D   1.9945   4.4440 f  -2.4495 (VIOLATED)
   u_amber1/u_execute/u_register_bank/R_5966/D   1.9871   4.4364 r  -2.4493 (VIOLATED)
   u_amber0/u_execute/u_register_bank/R_6055/D   1.9885   4.4369 r  -2.4484 (VIOLATED)
   u_amber0/u_execute/u_register_bank/R_6087/D   1.9860   4.4343 r  -2.4483 (VIOLATED)
   u_amber1/u_execute/R_1346/D   1.9869      4.4352 r      -2.4483  (VIOLATED)
   u_amber1/u_execute/R_2524/D   1.9869      4.4352 r      -2.4483  (VIOLATED)
   u_amber0/u_execute/o_daddress_reg_8_/D   1.9939   4.4422 f  -2.4483 (VIOLATED)
   u_amber0/u_execute/R_5851/D   1.9860      4.4331 f      -2.4472  (VIOLATED)
   u_amber0/u_coprocessor/o_copro_read_data_reg_7_/D   1.9947   4.4414 f  -2.4467 (VIOLATED)
   u_amber0/u_coprocessor/o_copro_read_data_reg_6_/D   1.9947   4.4414 f  -2.4467 (VIOLATED)
   u_amber1/u_wishbone/wishbone_st_reg_0_/D   1.9946   4.4412 r  -2.4466 (VIOLATED)
   u_amber1/u_execute/u_register_bank/R_6017/D   1.9839   4.4301 r  -2.4462 (VIOLATED)
   u_amber1/u_wishbone/extra_write_data_r_reg_6_/D   1.9946   4.4408 r  -2.4461 (VIOLATED)
   u_amber1/u_wishbone/extra_write_data_r_reg_7_/D   1.9946   4.4408 r  -2.4461 (VIOLATED)
   u_amber1/u_wishbone/extra_write_data_r_reg_8_/D   1.9946   4.4408 r  -2.4461 (VIOLATED)
   u_amber1/u_wishbone/extra_write_data_r_reg_9_/D   1.9946   4.4408 r  -2.4461 (VIOLATED)
   u_amber1/u_wishbone/extra_write_data_r_reg_11_/D   1.9946   4.4408 r  -2.4461 (VIOLATED)
   u_amber1/u_wishbone/extra_write_data_r_reg_24_/D   1.9946   4.4408 r  -2.4461 (VIOLATED)
   u_amber1/u_execute/R_1955/D   1.9923      4.4382 r      -2.4458  (VIOLATED)
   u_amber1/u_execute/R_1959/D   1.9923      4.4382 r      -2.4458  (VIOLATED)
   u_amber0/u_write_back/R_304/D   1.9939    4.4394 f      -2.4455  (VIOLATED)
   u_amber0/u_execute/u_register_bank/R_4111/D   1.9844   4.4278 r  -2.4434 (VIOLATED)
   u_amber0/u_execute/u_register_bank/R_5058/D   1.9844   4.4278 r  -2.4434 (VIOLATED)
   u_amber1/u_execute/R_1450/D   1.9943      4.4365 f      -2.4422  (VIOLATED)
   u_amber0/u_execute/u_register_bank/R_5921/D   1.9837   4.4258 r  -2.4421 (VIOLATED)
   u_amber0/u_execute/u_register_bank/R_6084/D   1.9858   4.4277 f  -2.4419 (VIOLATED)
   u_amber0/u_decode/o_load_rd_reg_3_/D   1.9941   4.4340 f  -2.4399 (VIOLATED)
   u_amber0/u_decode/o_imm_shift_amount_reg_1_/D   1.9941   4.4340 f  -2.4399 (VIOLATED)
   u_amber0/u_decode/dabt_reg_d1_reg/D   1.9907   4.4303 r  -2.4395 (VIOLATED)
   u_amber1/u_execute/o_exec_load_rd_reg_0_/D   1.9943   4.4333 r  -2.4390 (VIOLATED)
   u_amber1/u_execute/o_exec_load_rd_reg_1_/D   1.9943   4.4333 r  -2.4390 (VIOLATED)
   u_amber1/u_execute/o_exec_load_rd_reg_3_/D   1.9943   4.4333 r  -2.4390 (VIOLATED)
   u_amber1/u_execute/o_exec_load_rd_reg_4_/D   1.9943   4.4333 r  -2.4390 (VIOLATED)
   u_amber1/u_execute/o_exec_load_rd_reg_5_/D   1.9943   4.4333 r  -2.4390 (VIOLATED)
   u_amber1/u_execute/o_exec_load_rd_reg_6_/D   1.9943   4.4333 r  -2.4390 (VIOLATED)
   u_amber1/u_execute/o_exec_load_rd_reg_7_/D   1.9943   4.4333 r  -2.4390 (VIOLATED)
   u_amber0/u_coprocessor/o_copro_read_data_reg_2_/D   1.9947   4.4329 f  -2.4382 (VIOLATED)
   u_amber1/u_wishbone/wishbone_st_reg_1_/D   1.9946   4.4319 r  -2.4373 (VIOLATED)
   u_amber0/u_execute/u_register_bank/R_6095/D   1.9861   4.4220 r  -2.4360 (VIOLATED)
   u_amber0/u_mem/u_dcache/random_num_reg_1_/D   1.9910   4.4265 r  -2.4355 (VIOLATED)
   u_amber1/u_write_back/mem_read_data_r_reg_21_/D   1.9946   4.4281 f  -2.4335 (VIOLATED)
   u_amber1/u_write_back/mem_read_data_r_reg_29_/D   1.9946   4.4281 f  -2.4335 (VIOLATED)
   u_amber1/u_write_back/mem_read_data_r_reg_20_/D   1.9946   4.4281 f  -2.4335 (VIOLATED)
   u_amber1/u_write_back/mem_read_data_r_reg_22_/D   1.9946   4.4281 f  -2.4335 (VIOLATED)
   u_amber1/u_write_back/mem_read_data_r_reg_25_/D   1.9946   4.4281 f  -2.4335 (VIOLATED)
   u_amber1/u_write_back/mem_read_data_r_reg_26_/D   1.9946   4.4281 f  -2.4335 (VIOLATED)
   u_amber1/u_write_back/mem_read_data_r_reg_28_/D   1.9946   4.4281 f  -2.4335 (VIOLATED)
   u_amber1/u_write_back/mem_read_data_r_reg_30_/D   1.9946   4.4281 f  -2.4335 (VIOLATED)
   u_amber1/u_write_back/mem_read_data_r_reg_31_/D   1.9946   4.4281 f  -2.4335 (VIOLATED)
   u_amber1/u_write_back/mem_read_data_r_reg_23_/D   1.9946   4.4281 f  -2.4335 (VIOLATED)
   u_amber1/u_write_back/mem_read_data_r_reg_8_/D   1.9946   4.4279 f  -2.4334 (VIOLATED)
   u_amber1/u_write_back/mem_read_data_r_reg_10_/D   1.9946   4.4279 f  -2.4334 (VIOLATED)
   u_amber1/u_write_back/mem_read_data_r_reg_12_/D   1.9946   4.4279 f  -2.4334 (VIOLATED)
   u_amber1/u_write_back/mem_read_data_r_reg_13_/D   1.9946   4.4279 f  -2.4334 (VIOLATED)
   u_amber1/u_write_back/mem_read_data_r_reg_14_/D   1.9946   4.4279 f  -2.4334 (VIOLATED)
   u_amber1/u_write_back/mem_read_data_r_reg_15_/D   1.9946   4.4279 f  -2.4334 (VIOLATED)
   u_amber1/u_write_back/mem_read_data_r_reg_18_/D   1.9946   4.4279 f  -2.4333 (VIOLATED)
   u_amber1/u_write_back/mem_read_data_r_reg_16_/D   1.9946   4.4279 f  -2.4333 (VIOLATED)
   u_amber1/u_write_back/mem_read_data_r_reg_17_/D   1.9946   4.4279 f  -2.4333 (VIOLATED)
   u_amber1/u_write_back/mem_read_data_r_reg_19_/D   1.9946   4.4279 f  -2.4333 (VIOLATED)
   u_amber0/u_execute/u_register_bank/R_6078/D   1.9938   4.4256 f  -2.4318 (VIOLATED)
   u_amber0/u_execute/u_register_bank/R_6076/D   1.9857   4.4169 r  -2.4312 (VIOLATED)
   u_amber0/u_decode/o_load_rd_reg_0_/D   1.9940   4.4250 f  -2.4309 (VIOLATED)
   u_amber0/u_decode/o_load_rd_reg_1_/D   1.9940   4.4250 f  -2.4309 (VIOLATED)
   u_amber0/u_decode/o_load_rd_reg_2_/D   1.9940   4.4250 f  -2.4309 (VIOLATED)
   u_amber0/u_decode/load_pc_r_reg/D   1.9946   4.4243 f   -2.4297  (VIOLATED)
   u_amber0/u_decode/R_5982/D   1.9944       4.4240 r      -2.4295  (VIOLATED)
   u_amber0/u_execute/u_register_bank/R_6077/D   1.9860   4.4149 r  -2.4289 (VIOLATED)
   u_amber0/u_execute/u_register_bank/R_6075/D   1.9861   4.4149 r  -2.4288 (VIOLATED)
   u_amber0/u_execute/u_register_bank/R_6079/D   1.9860   4.4146 r  -2.4286 (VIOLATED)
   u_amber0/u_execute/u_register_bank/R_5984/D   1.9927   4.4208 r  -2.4281 (VIOLATED)
   u_amber0/u_execute/o_daddress_reg_4_/D   1.9861   4.4130 r  -2.4269 (VIOLATED)
   u_amber0/u_execute/o_daddress_reg_5_/D   1.9861   4.4130 r  -2.4269 (VIOLATED)
   u_amber0/u_execute/o_daddress_reg_6_/D   1.9861   4.4130 r  -2.4269 (VIOLATED)
   u_amber0/u_execute/o_daddress_reg_7_/D   1.9861   4.4130 r  -2.4269 (VIOLATED)
   u_amber0/u_execute/o_daddress_reg_9_/D   1.9861   4.4130 r  -2.4269 (VIOLATED)
   u_amber0/u_execute/o_daddress_reg_10_/D   1.9861   4.4130 r  -2.4269 (VIOLATED)
   u_amber0/u_execute/o_daddress_reg_11_/D   1.9861   4.4130 r  -2.4269 (VIOLATED)
   u_amber1/u_wishbone/extra_write_data_r_reg_5_/D   1.9946   4.4209 r  -2.4262 (VIOLATED)
   u_amber1/u_execute/R_6120/D   1.9945      4.4205 f      -2.4260  (VIOLATED)
   u_amber0/u_coprocessor/o_copro_read_data_reg_4_/D   1.9947   4.4203 f  -2.4257 (VIOLATED)
   u_amber0/u_coprocessor/o_copro_read_data_reg_5_/D   1.9947   4.4203 f  -2.4257 (VIOLATED)
   u_amber1/u_wishbone/extra_write_data_r_reg_10_/D   1.9896   4.4135 r  -2.4239 (VIOLATED)
   u_amber0/u_fetch/u_cache/source_sel_reg_2_/D   1.9945   4.4179 r  -2.4233 (VIOLATED)
   u_amber0/u_write_back/R_405/D   1.9942    4.4155 f      -2.4213  (VIOLATED)
   u_amber0/u_execute/R_2092/D   1.9939      4.4132 f      -2.4193  (VIOLATED)
   u_amber0/u_execute/R_2109/D   1.9939      4.4132 f      -2.4193  (VIOLATED)
   u_amber1/u_write_back/mem_load_rd_r_reg_7_/D   1.9946   4.4125 f  -2.4179 (VIOLATED)
   u_amber1/u_write_back/mem_read_data_r_reg_0_/D   1.9946   4.4125 f  -2.4179 (VIOLATED)
   u_amber1/u_write_back/mem_read_data_r_reg_1_/D   1.9946   4.4125 f  -2.4179 (VIOLATED)
   u_amber1/u_write_back/mem_read_data_r_reg_2_/D   1.9946   4.4125 f  -2.4179 (VIOLATED)
   u_amber1/u_write_back/mem_read_data_r_reg_3_/D   1.9946   4.4125 f  -2.4179 (VIOLATED)
   u_amber1/u_write_back/mem_read_data_r_reg_4_/D   1.9946   4.4125 f  -2.4179 (VIOLATED)
   u_amber1/u_write_back/mem_read_data_r_reg_5_/D   1.9946   4.4125 f  -2.4179 (VIOLATED)
   u_amber1/u_write_back/mem_read_data_r_reg_6_/D   1.9946   4.4125 f  -2.4179 (VIOLATED)
   u_amber1/u_write_back/mem_read_data_r_reg_7_/D   1.9946   4.4125 f  -2.4179 (VIOLATED)
   u_amber0/u_execute/u_register_bank/R_6058/D   1.9851   4.4024 f  -2.4173 (VIOLATED)
   u_amber1/u_execute/o_exec_load_rd_reg_2_/D   1.9893   4.4057 r  -2.4164 (VIOLATED)
   u_amber1/u_execute/o_exclusive_reg/D   1.9945   4.4101 r  -2.4156 (VIOLATED)
   u_amber0/u_execute/u_register_bank/R_6099/D   1.9859   4.4012 r  -2.4152 (VIOLATED)
   u_amber0/u_execute/u_register_bank/R_6106/D   1.9859   4.4012 r  -2.4152 (VIOLATED)
   u_amber1/u_execute/R_2634/D   1.9750      4.3891 r      -2.4141  (VIOLATED)
   u_amber0/u_execute/u_register_bank/R_6097/D   1.9860   4.3985 r  -2.4125 (VIOLATED)
   u_amber0/u_execute/u_register_bank/R_6083/D   1.9851   4.3972 f  -2.4122 (VIOLATED)
   u_amber0/u_coprocessor/o_copro_read_data_reg_3_/D   1.9947   4.4059 f  -2.4112 (VIOLATED)
   u_amber1/u_write_back/mem_read_data_r_reg_24_/D   1.9947   4.4051 f  -2.4104 (VIOLATED)
   u_amber1/u_write_back/mem_read_data_r_reg_9_/D   1.9946   4.4049 f  -2.4103 (VIOLATED)
   u_amber0/u_write_back/R_2070/D   1.9943   4.4046 f      -2.4103  (VIOLATED)
   u_amber0/u_execute/u_register_bank/R_6109/D   1.9936   4.4039 f  -2.4103 (VIOLATED)
   u_amber0/u_execute/u_register_bank/R_6111/D   1.9938   4.4037 f  -2.4099 (VIOLATED)
   u_amber0/u_execute/u_register_bank/R_6103/D   1.9937   4.4033 f  -2.4096 (VIOLATED)
   u_amber0/u_execute/u_register_bank/R_6105/D   1.9937   4.4033 f  -2.4096 (VIOLATED)
   u_amber0/u_execute/u_register_bank/R_6107/D   1.9937   4.4030 f  -2.4093 (VIOLATED)
   u_amber0/u_coprocessor/o_copro_read_data_reg_0_/D   1.9975   4.4058 f  -2.4084 (VIOLATED)
   u_amber1/u_decode/o_decode_iaccess_reg/D   1.9947   4.4018 r  -2.4072 (VIOLATED)
   u_amber0/u_execute/u_register_bank/R_5957/D   1.9881   4.3951 f  -2.4070 (VIOLATED)
   u_amber1/u_execute/u_multiply/count_reg_0_/D   1.9944   4.4011 r  -2.4067 (VIOLATED)
   u_amber1/u_write_back/mem_read_data_r_reg_27_/D   1.9947   4.4008 f  -2.4061 (VIOLATED)
   u_amber1/u_write_back/mem_read_data_r_reg_11_/D   1.9946   4.4006 f  -2.4060 (VIOLATED)
   u_amber0/u_execute/R_1965/D   1.9863      4.3921 f      -2.4059  (VIOLATED)
   u_amber0/u_execute/base_address_reg_0_/D   1.9854   4.3911 r  -2.4058 (VIOLATED)
   u_amber0/u_execute/base_address_reg_25_/D   1.9854   4.3911 r  -2.4058 (VIOLATED)
   u_amber0/u_execute/base_address_reg_27_/D   1.9854   4.3911 r  -2.4058 (VIOLATED)
   u_amber0/u_execute/base_address_reg_29_/D   1.9854   4.3911 r  -2.4058 (VIOLATED)
   u_amber0/u_execute/base_address_reg_31_/D   1.9854   4.3911 r  -2.4058 (VIOLATED)
   u_amber0/u_execute/base_address_reg_30_/D   1.9820   4.3874 r  -2.4054 (VIOLATED)
   u_amber0/u_write_back/R_2071/D   1.9941   4.3993 f      -2.4052  (VIOLATED)
   u_amber0/u_execute/u_register_bank/R_6102/D   1.9935   4.3972 f  -2.4037 (VIOLATED)
   u_amber1/u_mem/mem_load_rd_r_reg_0_/D   1.9946   4.3971 f  -2.4025 (VIOLATED)
   u_amber1/u_mem/mem_load_rd_r_reg_1_/D   1.9946   4.3971 f  -2.4025 (VIOLATED)
   u_amber1/u_mem/mem_load_rd_r_reg_3_/D   1.9946   4.3971 f  -2.4025 (VIOLATED)
   u_amber1/u_mem/mem_load_rd_r_reg_4_/D   1.9946   4.3971 f  -2.4025 (VIOLATED)
   u_amber1/u_mem/mem_load_rd_r_reg_5_/D   1.9946   4.3971 f  -2.4025 (VIOLATED)
   u_amber1/u_mem/mem_load_rd_r_reg_6_/D   1.9946   4.3971 f  -2.4025 (VIOLATED)
   u_amber1/u_mem/mem_load_rd_r_reg_7_/D   1.9946   4.3971 f  -2.4025 (VIOLATED)
   u_amber1/u_mem/mem_load_rd_r_reg_2_/D   1.9946   4.3971 f  -2.4025 (VIOLATED)
   u_amber0/u_execute/o_daddress_reg_0_/D   1.9879   4.3899 r  -2.4020 (VIOLATED)
   u_amber0/u_execute/o_daddress_reg_1_/D   1.9879   4.3899 r  -2.4020 (VIOLATED)
   u_amber0/u_execute/u_register_bank/R_6108/D   1.9859   4.3862 r  -2.4003 (VIOLATED)
   u_amber0/u_execute/u_register_bank/R_6112/D   1.9861   4.3863 r  -2.4002 (VIOLATED)
   u_amber0/u_execute/u_register_bank/R_6101/D   1.9856   4.3859 r  -2.4002 (VIOLATED)
   u_amber0/u_execute/u_register_bank/R_6104/D   1.9861   4.3862 r  -2.4001 (VIOLATED)
   u_amber0/u_execute/u_register_bank/R_6100/D   1.9884   4.3883 f  -2.3999 (VIOLATED)
   u_amber1/u_execute/o_daddress_reg_4_/D   1.9820   4.3814 r  -2.3994 (VIOLATED)
   u_amber1/u_execute/o_daddress_reg_5_/D   1.9820   4.3814 r  -2.3994 (VIOLATED)
   u_amber1/u_execute/o_daddress_reg_6_/D   1.9820   4.3814 r  -2.3994 (VIOLATED)
   u_amber1/u_execute/o_daddress_reg_7_/D   1.9820   4.3814 r  -2.3994 (VIOLATED)
   u_amber1/u_execute/o_daddress_reg_8_/D   1.9820   4.3814 r  -2.3994 (VIOLATED)
   u_amber1/u_execute/o_daddress_reg_9_/D   1.9820   4.3814 r  -2.3994 (VIOLATED)
   u_amber1/u_execute/o_daddress_reg_10_/D   1.9820   4.3814 r  -2.3994 (VIOLATED)
   u_amber1/u_execute/o_daddress_reg_11_/D   1.9820   4.3814 r  -2.3994 (VIOLATED)
   u_amber0/u_decode/o_rn_sel_reg_1_/D   1.9937   4.3931 f  -2.3994 (VIOLATED)
   u_amber0/u_execute/u_register_bank/R_6098/D   1.9883   4.3869 f  -2.3986 (VIOLATED)
   u_amber0/u_decode/o_multiply_function_reg_0_/D   1.9928   4.3909 r  -2.3981 (VIOLATED)
   u_amber0/u_write_back/R_2069/D   1.9943   4.3883 f      -2.3940  (VIOLATED)
   u_amber0/u_execute/u_register_bank/R_6110/D   1.9861   4.3786 r  -2.3924 (VIOLATED)
   u_amber1/u_execute/R_1730/D   1.9881      4.3797 r      -2.3917  (VIOLATED)
   u_amber1/u_coprocessor/R_5518/D   1.9866   4.3781 f     -2.3914  (VIOLATED)
   u_amber0/u_execute/R_2089/D   1.9943      4.3845 f      -2.3902  (VIOLATED)
   u_amber0/u_execute/u_register_bank/R_6117/D   1.9870   4.3747 r  -2.3878 (VIOLATED)
   u_amber0/u_execute/u_register_bank/R_6068/D   1.9851   4.3712 r  -2.3861 (VIOLATED)
   u_amber0/u_execute/u_register_bank/R_5916/D   1.9932   4.3792 r  -2.3860 (VIOLATED)
   u_amber0/u_execute/u_register_bank/R_5915/D   1.9932   4.3789 r  -2.3857 (VIOLATED)
   u_amber1/u_execute/R_6119/D   1.9863      4.3714 r      -2.3851  (VIOLATED)
   u_amber0/u_execute/u_register_bank/R_6032/D   1.9809   4.3657 r  -2.3848 (VIOLATED)
   u_amber0/u_write_back/mem_read_data_r_reg_4_/D   1.9946   4.3788 f  -2.3842 (VIOLATED)
   u_amber0/u_write_back/mem_read_data_r_reg_6_/D   1.9946   4.3788 f  -2.3842 (VIOLATED)
   u_amber0/u_write_back/mem_load_rd_r_reg_7_/D   1.9946   4.3788 f  -2.3842 (VIOLATED)
   u_amber0/u_write_back/mem_read_data_r_reg_7_/D   1.9946   4.3788 f  -2.3842 (VIOLATED)
   u_amber0/u_write_back/mem_read_data_r_reg_5_/D   1.9946   4.3788 f  -2.3842 (VIOLATED)
   u_amber0/u_write_back/mem_read_data_r_reg_0_/D   1.9946   4.3788 f  -2.3842 (VIOLATED)
   u_amber0/u_write_back/mem_read_data_r_reg_1_/D   1.9946   4.3788 f  -2.3842 (VIOLATED)
   u_amber0/u_write_back/mem_read_data_r_reg_2_/D   1.9946   4.3788 f  -2.3842 (VIOLATED)
   u_amber0/u_execute/R_2091/D   1.9941      4.3773 f      -2.3832  (VIOLATED)
   u_amber1/u_wishbone/extra_write_data_r_reg_0_/D   1.9946   4.3774 r  -2.3829 (VIOLATED)
   u_amber1/u_wishbone/extra_write_data_r_reg_1_/D   1.9946   4.3774 r  -2.3829 (VIOLATED)
   u_amber1/u_wishbone/extra_write_data_r_reg_2_/D   1.9946   4.3774 r  -2.3829 (VIOLATED)
   u_amber1/u_wishbone/extra_write_data_r_reg_3_/D   1.9946   4.3774 r  -2.3829 (VIOLATED)
   u_amber1/u_wishbone/extra_write_data_r_reg_4_/D   1.9946   4.3774 r  -2.3829 (VIOLATED)
   u_amber1/u_wishbone/extra_write_data_r_reg_17_/D   1.9946   4.3774 r  -2.3829 (VIOLATED)
   u_amber1/u_wishbone/extra_write_data_r_reg_18_/D   1.9946   4.3774 r  -2.3829 (VIOLATED)
   u_amber1/u_wishbone/extra_write_data_r_reg_19_/D   1.9946   4.3774 r  -2.3829 (VIOLATED)
   u_amber1/u_wishbone/extra_write_data_r_reg_21_/D   1.9946   4.3774 r  -2.3829 (VIOLATED)
   u_amber1/u_wishbone/extra_write_data_r_reg_22_/D   1.9946   4.3774 r  -2.3829 (VIOLATED)
   u_amber1/u_wishbone/extra_write_data_r_reg_23_/D   1.9946   4.3774 r  -2.3829 (VIOLATED)
   u_amber0/u_execute/u_register_bank/R_6056/D   1.9851   4.3677 f  -2.3826 (VIOLATED)
   u_amber0/u_execute/u_register_bank/R_5376/D   1.9813   4.3637 r  -2.3824 (VIOLATED)
   u_amber0/u_execute/u_register_bank/R_5992/D   1.9896   4.3717 r  -2.3820 (VIOLATED)
   u_amber0/u_execute/u_register_bank/R_5430/D   1.9816   4.3634 r  -2.3818 (VIOLATED)
   u_amber0/u_execute/u_register_bank/R_5458/D   1.9816   4.3630 r  -2.3814 (VIOLATED)
   u_amber0/u_execute/u_register_bank/R_5372/D   1.9813   4.3625 r  -2.3812 (VIOLATED)
   u_amber0/u_execute/u_register_bank/R_5392/D   1.9813   4.3625 r  -2.3812 (VIOLATED)
   u_amber0/u_execute/u_register_bank/R_5384/D   1.9813   4.3624 r  -2.3811 (VIOLATED)
   u_amber0/u_execute/u_register_bank/R_5388/D   1.9813   4.3623 r  -2.3810 (VIOLATED)
   u_amber0/u_execute/u_register_bank/R_5368/D   1.9829   4.3616 r  -2.3787 (VIOLATED)
   u_amber1/u_execute/o_daddress_reg_1_/D   1.9839   4.3600 r  -2.3761 (VIOLATED)
   u_amber0/u_coprocessor/o_copro_read_data_reg_1_/D   1.9947   4.3699 f  -2.3752 (VIOLATED)
   u_amber1/u_wishbone/extra_write_data_r_reg_12_/D   1.9946   4.3696 r  -2.3751 (VIOLATED)
   u_amber1/u_wishbone/extra_write_data_r_reg_13_/D   1.9946   4.3696 r  -2.3751 (VIOLATED)
   u_amber1/u_wishbone/extra_write_data_r_reg_14_/D   1.9946   4.3696 r  -2.3751 (VIOLATED)
   u_amber1/u_wishbone/extra_write_data_r_reg_15_/D   1.9946   4.3696 r  -2.3751 (VIOLATED)
   u_amber1/u_wishbone/extra_write_data_r_reg_16_/D   1.9946   4.3696 r  -2.3751 (VIOLATED)
   u_amber1/u_wishbone/extra_write_data_r_reg_26_/D   1.9946   4.3696 r  -2.3751 (VIOLATED)
   u_amber1/u_wishbone/extra_write_data_r_reg_27_/D   1.9946   4.3696 r  -2.3751 (VIOLATED)
   u_amber1/u_wishbone/extra_write_data_r_reg_28_/D   1.9946   4.3696 r  -2.3751 (VIOLATED)
   u_amber1/u_wishbone/extra_write_data_r_reg_29_/D   1.9946   4.3696 r  -2.3751 (VIOLATED)
   u_amber1/u_wishbone/extra_write_data_r_reg_30_/D   1.9946   4.3696 r  -2.3751 (VIOLATED)
   u_amber1/u_wishbone/extra_write_data_r_reg_31_/D   1.9946   4.3696 r  -2.3751 (VIOLATED)
   u_amber0/u_execute/R_2087/D   1.9943      4.3682 f      -2.3739  (VIOLATED)
   u_amber0/u_execute/R_5868/D   1.9947      4.3666 f      -2.3719  (VIOLATED)
   u_amber0/u_decode/o_status_bits_mode_reg_0_/D   1.9944   4.3661 r  -2.3717 (VIOLATED)
   u_amber0/u_execute/R_1993/D   1.9773      4.3485 f      -2.3712  (VIOLATED)
   u_amber1/u_execute/R_5861/D   1.9947      4.3636 r      -2.3690  (VIOLATED)
   u_amber0/u_write_back/mem_read_data_r_reg_3_/D   1.9824   4.3505 f  -2.3681 (VIOLATED)
   u_amber0/u_decode/o_iaddress_sel_reg_1_/D   1.9939   4.3618 f  -2.3680 (VIOLATED)
   u_amber0/u_write_back/mem_read_data_r_reg_12_/D   1.9946   4.3624 f  -2.3678 (VIOLATED)
   u_amber0/u_write_back/mem_load_rd_r_reg_6_/D   1.9946   4.3624 f  -2.3678 (VIOLATED)
   u_amber0/u_write_back/mem_read_data_r_reg_19_/D   1.9946   4.3624 f  -2.3678 (VIOLATED)
   u_amber0/u_write_back/mem_read_data_r_reg_16_/D   1.9946   4.3624 f  -2.3678 (VIOLATED)
   u_amber0/u_write_back/mem_read_data_r_reg_11_/D   1.9946   4.3624 f  -2.3678 (VIOLATED)
   u_amber0/u_write_back/mem_load_rd_r_reg_1_/D   1.9946   4.3624 f  -2.3678 (VIOLATED)
   u_amber0/u_write_back/mem_load_rd_r_reg_4_/D   1.9946   4.3624 f  -2.3678 (VIOLATED)
   u_amber0/u_write_back/mem_load_rd_r_reg_5_/D   1.9946   4.3624 f  -2.3678 (VIOLATED)
   u_amber1/u_execute/o_daddress_reg_0_/D   1.9812   4.3487 r  -2.3675 (VIOLATED)
   u_amber0/u_execute/u_register_bank/R_6089/D   1.9851   4.3515 f  -2.3665 (VIOLATED)
   u_amber1/u_wishbone/wishbone_st_reg_2_/D   1.9947   4.3605 r  -2.3658 (VIOLATED)
   u_amber0/u_execute/u_register_bank/R_6073/D   1.9939   4.3595 f  -2.3657 (VIOLATED)
   u_amber1/u_execute/u_multiply/count_reg_1_/D   1.9945   4.3596 r  -2.3651 (VIOLATED)
   u_amber1/u_execute/u_multiply/count_reg_2_/D   1.9945   4.3596 r  -2.3651 (VIOLATED)
   u_amber1/u_execute/u_multiply/count_reg_4_/D   1.9945   4.3596 r  -2.3651 (VIOLATED)
   u_amber1/u_execute/u_multiply/count_reg_5_/D   1.9945   4.3596 r  -2.3651 (VIOLATED)
   u_amber0/u_decode/o_multiply_function_reg_1_/D   1.9942   4.3591 f  -2.3650 (VIOLATED)
   u_amber1/u_execute/u_multiply/count_reg_3_/D   1.9862   4.3505 r  -2.3643 (VIOLATED)
   u_amber1/u_wishbone/extra_write_data_r_reg_20_/D   1.9943   4.3586 r  -2.3643 (VIOLATED)
   u_amber0/u_execute/R_2011/D   1.9735      4.3355 r      -2.3620  (VIOLATED)
   u_amber0/u_execute/u_alu/R_1761/D   1.9947   4.3544 f   -2.3597  (VIOLATED)
   u_amber1/u_wishbone/extra_write_data_r_reg_25_/D   1.9895   4.3424 r  -2.3528 (VIOLATED)
   u_amber1/u_execute/u_register_bank/R_5932/D   1.9943   4.3441 r  -2.3498 (VIOLATED)
   u_amber0/u_wishbone/extra_write_data_r_reg_5_/D   1.9946   4.3443 r  -2.3497 (VIOLATED)
   u_amber0/u_wishbone/extra_write_data_r_reg_7_/D   1.9946   4.3443 r  -2.3497 (VIOLATED)
   u_amber0/u_wishbone/extra_write_data_r_reg_8_/D   1.9946   4.3443 r  -2.3497 (VIOLATED)
   u_amber0/u_wishbone/extra_write_data_r_reg_9_/D   1.9946   4.3443 r  -2.3497 (VIOLATED)
   u_amber0/u_wishbone/extra_write_data_r_reg_10_/D   1.9946   4.3443 r  -2.3497 (VIOLATED)
   u_amber0/u_wishbone/extra_write_data_r_reg_11_/D   1.9946   4.3443 r  -2.3497 (VIOLATED)
   u_amber0/u_wishbone/extra_write_data_r_reg_24_/D   1.9946   4.3443 r  -2.3497 (VIOLATED)
   u_amber1/u_execute/u_register_bank/R_5935/D   1.9944   4.3440 r  -2.3496 (VIOLATED)
   u_amber1/u_wishbone/exclusive_access_reg/D   1.9922   4.3405 r  -2.3483 (VIOLATED)
   u_amber1/u_execute/R_1546/D   1.9854      4.3334 r      -2.3480  (VIOLATED)
   u_amber1/u_wishbone/o_wb_stb_reg/D   1.9946   4.3419 f  -2.3473  (VIOLATED)
   u_amber0/u_execute/o_copro_write_data_reg_0_/D   1.9889   4.3358 r  -2.3470 (VIOLATED)
   u_amber0/u_execute/o_copro_write_data_reg_1_/D   1.9890   4.3358 r  -2.3469 (VIOLATED)
   u_amber0/u_execute/o_copro_write_data_reg_2_/D   1.9901   4.3358 r  -2.3458 (VIOLATED)
   u_amber0/u_execute/o_copro_write_data_reg_3_/D   1.9901   4.3358 r  -2.3458 (VIOLATED)
   u_amber0/u_execute/o_copro_write_data_reg_4_/D   1.9901   4.3358 r  -2.3458 (VIOLATED)
   u_amber0/u_execute/o_copro_write_data_reg_5_/D   1.9901   4.3358 r  -2.3458 (VIOLATED)
   u_amber0/u_execute/o_copro_write_data_reg_6_/D   1.9901   4.3358 r  -2.3458 (VIOLATED)
   u_amber0/u_execute/o_copro_write_data_reg_7_/D   1.9901   4.3358 r  -2.3458 (VIOLATED)
   u_amber0/u_coprocessor/cache_control_reg_0_/D   1.9942   4.3393 f  -2.3451 (VIOLATED)
   u_amber0/u_coprocessor/cache_control_reg_1_/D   1.9942   4.3344 f  -2.3402 (VIOLATED)
   u_amber0/u_coprocessor/cache_control_reg_2_/D   1.9942   4.3344 f  -2.3402 (VIOLATED)
   u_amber1/u_execute/u_alu/R_1764/D   1.9947   4.3328 f   -2.3381  (VIOLATED)
   u_amber0/u_wishbone/o_wb_we_reg/D   1.9944   4.3312 f   -2.3368  (VIOLATED)
   u_amber0/u_decode/o_pc_sel_reg_1_/D   1.9939   4.3295 f  -2.3356 (VIOLATED)
   u_amber0/u_decode/restore_base_address_reg/D   1.9942   4.3297 f  -2.3355 (VIOLATED)
   u_amber0/u_wishbone/extra_write_data_r_reg_6_/D   1.9946   4.3244 r  -2.3298 (VIOLATED)
   u_amber0/u_wishbone/wishbone_st_reg_0_/D   1.9946   4.3232 r  -2.3286 (VIOLATED)
   u_amber1/u_wishbone/extra_write_address_r_reg_31_/D   1.9919   4.3166 r  -2.3246 (VIOLATED)
   u_amber1/u_wishbone/extra_write_address_r_reg_29_/D   1.9920   4.3166 r  -2.3246 (VIOLATED)
   u_amber1/u_execute/u_register_bank/R_5936/D   1.9944   4.3170 r  -2.3225 (VIOLATED)
   u_amber1/u_execute/u_register_bank/R_5938/D   1.9944   4.3170 r  -2.3225 (VIOLATED)
   u_amber0/u_execute/u_register_bank/R_4145/D   1.9814   4.3027 r  -2.3213 (VIOLATED)
   u_amber0/u_execute/R_6050/D   1.9862      4.3057 f      -2.3195  (VIOLATED)
   u_amber0/u_wishbone/wishbone_st_reg_1_/D   1.9946   4.3138 r  -2.3192 (VIOLATED)
   u_amber1/u_execute/u_register_bank/R_5933/D   1.9830   4.3017 f  -2.3186 (VIOLATED)
   u_amber1/u_execute/u_register_bank/R_5934/D   1.9830   4.3017 f  -2.3186 (VIOLATED)
   u_wb_rr_arb2/R_52/D        1.9946         4.3069 r      -2.3123  (VIOLATED)
   u_amber1/u_wishbone/extra_write_be_r_reg_0_/D   1.9900   4.3005 r  -2.3104 (VIOLATED)
   u_amber1/u_execute/u_register_bank/R_6134/D   1.9825   4.2891 r  -2.3067 (VIOLATED)
   u_amber0/u_execute/u_register_bank/R_5983/D   1.9937   4.2952 r  -2.3016 (VIOLATED)
   u_amber1/u_execute/u_multiply/o_done_reg/D   1.9912   4.2918 r  -2.3007 (VIOLATED)
   u_amber0/u_execute/u_multiply/count_reg_0_/D   1.9944   4.2949 r  -2.3005 (VIOLATED)
   u_amber1/u_wishbone/extra_write_address_r_reg_30_/D   1.9889   4.2888 r  -2.2999 (VIOLATED)
   u_amber1/u_wishbone/extra_write_address_r_reg_17_/D   1.9920   4.2789 r  -2.2869 (VIOLATED)
   u_amber1/u_wishbone/extra_write_address_r_reg_18_/D   1.9920   4.2789 r  -2.2869 (VIOLATED)
   u_amber1/u_wishbone/extra_write_address_r_reg_27_/D   1.9920   4.2789 r  -2.2869 (VIOLATED)
   u_amber1/u_wishbone/extra_write_address_r_reg_25_/D   1.9920   4.2789 r  -2.2868 (VIOLATED)
   u_amber1/u_wishbone/extra_write_address_r_reg_26_/D   1.9920   4.2789 r  -2.2868 (VIOLATED)
   u_amber1/u_wishbone/extra_write_address_r_reg_28_/D   1.9920   4.2789 r  -2.2868 (VIOLATED)
   u_amber1/u_wishbone/extra_write_address_r_reg_19_/D   1.9920   4.2789 r  -2.2868 (VIOLATED)
   u_amber1/u_wishbone/extra_write_address_r_reg_21_/D   1.9920   4.2789 r  -2.2868 (VIOLATED)
   u_amber1/u_wishbone/extra_write_address_r_reg_22_/D   1.9920   4.2789 r  -2.2868 (VIOLATED)
   u_amber1/u_wishbone/extra_write_address_r_reg_23_/D   1.9920   4.2789 r  -2.2868 (VIOLATED)
   u_amber1/u_wishbone/extra_write_address_r_reg_7_/D   1.9921   4.2789 r  -2.2868 (VIOLATED)
   u_amber1/u_wishbone/extra_write_address_r_reg_8_/D   1.9921   4.2789 r  -2.2868 (VIOLATED)
   u_amber1/u_wishbone/extra_write_address_r_reg_10_/D   1.9921   4.2789 r  -2.2868 (VIOLATED)
   u_amber1/u_wishbone/extra_write_address_r_reg_12_/D   1.9921   4.2789 r  -2.2868 (VIOLATED)
   u_amber1/u_wishbone/extra_write_address_r_reg_5_/D   1.9923   4.2789 r  -2.2866 (VIOLATED)
   u_amber1/u_wishbone/extra_write_address_r_reg_6_/D   1.9923   4.2789 r  -2.2866 (VIOLATED)
   u_amber0/u_wishbone/extra_write_data_r_reg_0_/D   1.9946   4.2810 r  -2.2864 (VIOLATED)
   u_amber0/u_wishbone/extra_write_data_r_reg_1_/D   1.9946   4.2810 r  -2.2864 (VIOLATED)
   u_amber0/u_wishbone/extra_write_data_r_reg_2_/D   1.9946   4.2810 r  -2.2864 (VIOLATED)
   u_amber0/u_wishbone/extra_write_data_r_reg_4_/D   1.9946   4.2810 r  -2.2864 (VIOLATED)
   u_amber0/u_wishbone/extra_write_data_r_reg_17_/D   1.9946   4.2810 r  -2.2864 (VIOLATED)
   u_amber0/u_wishbone/extra_write_data_r_reg_19_/D   1.9946   4.2810 r  -2.2864 (VIOLATED)
   u_amber0/u_wishbone/extra_write_data_r_reg_20_/D   1.9946   4.2810 r  -2.2864 (VIOLATED)
   u_amber0/u_wishbone/extra_write_data_r_reg_22_/D   1.9946   4.2810 r  -2.2864 (VIOLATED)
   u_amber0/u_wishbone/extra_write_data_r_reg_23_/D   1.9946   4.2810 r  -2.2864 (VIOLATED)
   u_amber0/u_wishbone/R_51/D   1.9941       4.2800 f      -2.2859  (VIOLATED)
   u_amber0/u_execute/R_1432/D   1.9943      4.2796 f      -2.2853  (VIOLATED)
   u_amber0/u_decode/o_daddress_sel_reg_1_/D   1.9946   4.2749 f  -2.2803 (VIOLATED)
   u_amber0/u_decode/o_status_bits_irq_mask_reg/D   1.9947   4.2744 f  -2.2797 (VIOLATED)
   u_amber0/u_wishbone/extra_write_data_r_reg_12_/D   1.9946   4.2731 r  -2.2786 (VIOLATED)
   u_amber0/u_wishbone/extra_write_data_r_reg_13_/D   1.9946   4.2731 r  -2.2786 (VIOLATED)
   u_amber0/u_wishbone/extra_write_data_r_reg_14_/D   1.9946   4.2731 r  -2.2786 (VIOLATED)
   u_amber0/u_wishbone/extra_write_data_r_reg_15_/D   1.9946   4.2731 r  -2.2786 (VIOLATED)
   u_amber0/u_wishbone/extra_write_data_r_reg_16_/D   1.9946   4.2731 r  -2.2786 (VIOLATED)
   u_amber0/u_wishbone/extra_write_data_r_reg_25_/D   1.9946   4.2731 r  -2.2786 (VIOLATED)
   u_amber0/u_wishbone/extra_write_data_r_reg_26_/D   1.9946   4.2731 r  -2.2786 (VIOLATED)
   u_amber0/u_wishbone/extra_write_data_r_reg_27_/D   1.9946   4.2731 r  -2.2786 (VIOLATED)
   u_amber0/u_wishbone/extra_write_data_r_reg_28_/D   1.9946   4.2731 r  -2.2786 (VIOLATED)
   u_amber0/u_wishbone/extra_write_data_r_reg_29_/D   1.9946   4.2731 r  -2.2786 (VIOLATED)
   u_amber0/u_wishbone/extra_write_data_r_reg_30_/D   1.9946   4.2731 r  -2.2786 (VIOLATED)
   u_amber0/u_wishbone/extra_write_data_r_reg_31_/D   1.9946   4.2731 r  -2.2786 (VIOLATED)
   u_amber1/u_wishbone/extra_write_address_r_reg_4_/D   1.9896   4.2680 r  -2.2784 (VIOLATED)
   u_amber1/u_wishbone/extra_write_address_r_reg_24_/D   1.9896   4.2680 r  -2.2784 (VIOLATED)
   u_amber1/u_decode/o_status_bits_firq_mask_reg/D   1.9944   4.2727 f  -2.2783 (VIOLATED)
   u_amber0/u_execute/u_register_bank/R_6066/D   1.9889   4.2670 r  -2.2781 (VIOLATED)
   u_amber1/u_wishbone/extra_write_be_r_reg_2_/D   1.9900   4.2628 r  -2.2727 (VIOLATED)
   u_amber1/u_wishbone/extra_write_be_r_reg_1_/D   1.9900   4.2628 r  -2.2727 (VIOLATED)
   u_amber1/u_wishbone/servicing_icache_r_reg/D   1.9941   4.2668 f  -2.2727 (VIOLATED)
   u_amber1/u_wishbone/extra_write_be_r_reg_3_/D   1.9902   4.2628 r  -2.2726 (VIOLATED)
   u_amber1/u_wishbone/extra_write_address_r_reg_2_/D   1.9908   4.2628 r  -2.2720 (VIOLATED)
   u_amber0/u_execute/o_daddress_valid_reg/D   1.9943   4.2649 r  -2.2706 (VIOLATED)
   u_amber0/u_wishbone/extra_write_data_r_reg_21_/D   1.9943   4.2621 r  -2.2678 (VIOLATED)
   u_wb_rr_arb2/R_53/D        1.9941         4.2599 f      -2.2659  (VIOLATED)
   u_amber0/u_execute/R_6048/D   1.9945      4.2600 f      -2.2655  (VIOLATED)
   u_amber0/u_wishbone/extra_write_data_r_reg_3_/D   1.9895   4.2537 r  -2.2642 (VIOLATED)
   u_amber0/u_wishbone/extra_write_data_r_reg_18_/D   1.9895   4.2537 r  -2.2642 (VIOLATED)
   u_amber1/u_fetch/u_cache/R_2545/D   1.9808   4.2449 r   -2.2641  (VIOLATED)
   u_amber1/u_wishbone/extra_write_address_r_reg_9_/D   1.9889   4.2512 r  -2.2623 (VIOLATED)
   u_amber1/u_wishbone/extra_write_address_r_reg_20_/D   1.9889   4.2511 r  -2.2623 (VIOLATED)
   u_amber0/u_execute/u_multiply/count_reg_1_/D   1.9945   4.2534 r  -2.2589 (VIOLATED)
   u_amber0/u_execute/u_multiply/count_reg_2_/D   1.9945   4.2534 r  -2.2589 (VIOLATED)
   u_amber0/u_execute/u_multiply/count_reg_3_/D   1.9945   4.2534 r  -2.2589 (VIOLATED)
   u_amber0/u_execute/u_multiply/count_reg_4_/D   1.9945   4.2534 r  -2.2589 (VIOLATED)
   u_amber0/u_execute/u_multiply/count_reg_5_/D   1.9945   4.2534 r  -2.2589 (VIOLATED)
   u_amber1/u_decode/load_rd_d1_reg_4_/D   1.9946   4.2527 f  -2.2581 (VIOLATED)
   u_amber0/u_wishbone/wishbone_st_reg_2_/D   1.9947   4.2496 r  -2.2549 (VIOLATED)
   u_amber0/u_decode/o_status_bits_mode_reg_1_/D   1.9940   4.2485 f  -2.2545 (VIOLATED)
   u_amber1/u_write_back/mem_load_rd_r_reg_1_/D   1.9946   4.2466 f  -2.2520 (VIOLATED)
   u_amber1/u_write_back/mem_load_rd_r_reg_5_/D   1.9946   4.2466 f  -2.2520 (VIOLATED)
   u_amber1/u_write_back/mem_load_rd_r_reg_6_/D   1.9946   4.2466 f  -2.2520 (VIOLATED)
   u_amber0/u_mem/mem_load_rd_r_reg_2_/D   1.9946   4.2423 f  -2.2477 (VIOLATED)
   u_amber0/u_mem/mem_load_rd_r_reg_1_/D   1.9946   4.2423 f  -2.2477 (VIOLATED)
   u_amber0/u_mem/mem_load_rd_r_reg_3_/D   1.9946   4.2423 f  -2.2477 (VIOLATED)
   u_amber0/u_mem/mem_load_rd_r_reg_4_/D   1.9946   4.2423 f  -2.2477 (VIOLATED)
   u_amber0/u_mem/mem_load_rd_r_reg_5_/D   1.9946   4.2423 f  -2.2477 (VIOLATED)
   u_amber0/u_mem/mem_load_rd_r_reg_7_/D   1.9946   4.2423 f  -2.2477 (VIOLATED)
   u_amber0/u_mem/mem_load_rd_r_reg_6_/D   1.9946   4.2423 f  -2.2477 (VIOLATED)
   u_amber0/u_decode/R_6030/D   1.9847       4.2319 f      -2.2473  (VIOLATED)
   u_amber0/u_decode/o_decode_iaccess_reg/D   1.9946   4.2405 f  -2.2459 (VIOLATED)
   u_amber1/u_execute/u_register_bank/R_5937/D   1.9894   4.2332 r  -2.2439 (VIOLATED)
   u_amber0/u_execute/R_1785/D   1.9834      4.2222 r      -2.2388  (VIOLATED)
   u_amber0/u_execute/R_1713/D   1.9838      4.2223 r      -2.2385  (VIOLATED)
   u_amber0/u_decode/o_reg_write_sel_reg_1_/D   1.9946   4.2304 f  -2.2357 (VIOLATED)
   u_amber0/u_fetch/u_cache/R_1790/D   1.9807   4.2162 r   -2.2355  (VIOLATED)
   u_amber0/u_mem/mem_load_rd_r_reg_0_/D   1.9824   4.2141 f  -2.2316 (VIOLATED)
   u_amber0/u_wishbone/exclusive_access_reg/D   1.9922   4.2219 r  -2.2297 (VIOLATED)
   u_amber1/u_write_back/mem_load_rd_r_reg_4_/D   1.9946   4.2236 f  -2.2290 (VIOLATED)
   u_amber0/u_wishbone/extra_write_address_r_reg_30_/D   1.9919   4.2201 r  -2.2282 (VIOLATED)
   u_amber0/u_wishbone/extra_write_address_r_reg_31_/D   1.9919   4.2201 r  -2.2282 (VIOLATED)
   u_amber0/u_wishbone/extra_write_address_r_reg_29_/D   1.9919   4.2201 r  -2.2282 (VIOLATED)
   u_amber0/u_wishbone/extra_write_address_r_reg_27_/D   1.9919   4.2161 r  -2.2242 (VIOLATED)
   u_amber0/u_wishbone/extra_write_address_r_reg_24_/D   1.9919   4.2161 r  -2.2242 (VIOLATED)
   u_amber0/u_wishbone/extra_write_address_r_reg_26_/D   1.9919   4.2161 r  -2.2242 (VIOLATED)
   u_amber0/u_wishbone/extra_write_address_r_reg_28_/D   1.9919   4.2161 r  -2.2242 (VIOLATED)
   u_amber0/u_wishbone/extra_write_address_r_reg_18_/D   1.9920   4.2161 r  -2.2242 (VIOLATED)
   u_amber0/u_wishbone/extra_write_address_r_reg_19_/D   1.9920   4.2161 r  -2.2242 (VIOLATED)
   u_amber0/u_wishbone/extra_write_address_r_reg_20_/D   1.9920   4.2161 r  -2.2242 (VIOLATED)
   u_amber0/u_wishbone/extra_write_address_r_reg_21_/D   1.9920   4.2161 r  -2.2242 (VIOLATED)
   u_amber0/u_wishbone/extra_write_address_r_reg_22_/D   1.9920   4.2161 r  -2.2242 (VIOLATED)
   u_amber0/u_wishbone/extra_write_address_r_reg_23_/D   1.9920   4.2161 r  -2.2242 (VIOLATED)
   u_amber0/u_wishbone/extra_write_address_r_reg_7_/D   1.9921   4.2161 r  -2.2240 (VIOLATED)
   u_amber0/u_wishbone/extra_write_address_r_reg_8_/D   1.9921   4.2161 r  -2.2240 (VIOLATED)
   u_amber0/u_wishbone/extra_write_address_r_reg_9_/D   1.9921   4.2161 r  -2.2240 (VIOLATED)
   u_amber0/u_wishbone/extra_write_address_r_reg_10_/D   1.9921   4.2161 r  -2.2240 (VIOLATED)
   u_amber0/u_wishbone/extra_write_address_r_reg_12_/D   1.9921   4.2161 r  -2.2240 (VIOLATED)
   u_amber0/u_wishbone/extra_write_address_r_reg_4_/D   1.9923   4.2161 r  -2.2238 (VIOLATED)
   u_amber0/u_wishbone/extra_write_address_r_reg_6_/D   1.9923   4.2161 r  -2.2238 (VIOLATED)
   u_amber0/u_wishbone/o_wb_stb_reg/D   1.9946   4.2129 f  -2.2183  (VIOLATED)
   u_amber0/u_wishbone/extra_write_address_r_reg_5_/D   1.9898   4.2050 r  -2.2152 (VIOLATED)
   u_amber0/u_wishbone/extra_write_address_r_reg_25_/D   1.9898   4.2050 r  -2.2152 (VIOLATED)
   u_amber0/u_wishbone/extra_write_be_r_reg_0_/D   1.9900   4.2040 r  -2.2139 (VIOLATED)
   u_amber0/u_wishbone/extra_write_be_r_reg_2_/D   1.9900   4.2001 r  -2.2100 (VIOLATED)
   u_amber0/u_wishbone/extra_write_be_r_reg_3_/D   1.9900   4.2001 r  -2.2100 (VIOLATED)
   u_amber0/u_wishbone/extra_write_be_r_reg_1_/D   1.9900   4.2000 r  -2.2100 (VIOLATED)
   u_amber0/u_wishbone/extra_write_address_r_reg_2_/D   1.9889   4.1948 r  -2.2059 (VIOLATED)
   u_amber0/u_wishbone/extra_write_address_r_reg_17_/D   1.9889   4.1885 r  -2.1996 (VIOLATED)
   u_amber0/u_execute/o_exclusive_reg/D   1.9945   4.1938 f  -2.1993 (VIOLATED)
   u_amber0/u_execute/o_exec_load_rd_reg_0_/D   1.9945   4.1938 f  -2.1993 (VIOLATED)
   u_amber0/u_execute/o_exec_load_rd_reg_1_/D   1.9945   4.1938 f  -2.1993 (VIOLATED)
   u_amber0/u_execute/o_exec_load_rd_reg_2_/D   1.9945   4.1938 f  -2.1993 (VIOLATED)
   u_amber0/u_execute/o_exec_load_rd_reg_3_/D   1.9945   4.1938 f  -2.1993 (VIOLATED)
   u_amber0/u_execute/o_exec_load_rd_reg_4_/D   1.9945   4.1938 f  -2.1993 (VIOLATED)
   u_amber0/u_execute/o_exec_load_rd_reg_5_/D   1.9945   4.1938 f  -2.1993 (VIOLATED)
   u_amber0/u_execute/o_exec_load_rd_reg_7_/D   1.9945   4.1938 f  -2.1993 (VIOLATED)
   u_amber1/u_wishbone/extra_write_address_r_reg_0_/D   1.9944   4.1919 r  -2.1975 (VIOLATED)
   u_amber0/u_execute/u_multiply/o_done_reg/D   1.9912   4.1856 r  -2.1945 (VIOLATED)
   u_amber1/u_wishbone/extra_write_address_r_reg_13_/D   1.9920   4.1825 r  -2.1906 (VIOLATED)
   u_amber1/u_wishbone/extra_write_address_r_reg_14_/D   1.9920   4.1825 r  -2.1906 (VIOLATED)
   u_amber1/u_wishbone/extra_write_address_r_reg_15_/D   1.9920   4.1825 r  -2.1906 (VIOLATED)
   u_amber1/u_wishbone/extra_write_address_r_reg_16_/D   1.9920   4.1825 r  -2.1906 (VIOLATED)
   u_amber1/u_wishbone/extra_write_address_r_reg_11_/D   1.9921   4.1825 r  -2.1904 (VIOLATED)
   u_amber0/u_decode/load_rd_d1_reg_4_/D   1.9943   4.1843 f  -2.1900 (VIOLATED)
   u_amber1/u_execute/R_2564/D   1.9931      4.1813 r      -2.1883  (VIOLATED)
   u_amber1/u_wishbone/extra_write_address_r_reg_3_/D   1.9947   4.1826 f  -2.1879 (VIOLATED)
   u_amber1/u_execute/R_5356/D   1.9943      4.1795 f      -2.1851  (VIOLATED)
   u_amber0/u_decode/o_status_bits_firq_mask_reg/D   1.9939   4.1756 f  -2.1817 (VIOLATED)
   u_amber0/u_execute/o_exec_load_rd_reg_6_/D   1.9945   4.1665 f  -2.1719 (VIOLATED)
   u_amber0/u_execute/R_1961/D   1.9932      4.1630 r      -2.1698  (VIOLATED)
   u_amber0/u_wishbone/servicing_icache_r_reg/D   1.9941   4.1523 f  -2.1582 (VIOLATED)
   u_amber0/u_execute/u_register_bank/R_5923/D   1.9920   4.1418 r  -2.1498 (VIOLATED)
   u_amber0/u_execute/u_register_bank/R_5928/D   1.9920   4.1418 r  -2.1498 (VIOLATED)
   u_amber1/u_execute/R_2623/D   1.9918      4.1212 r      -2.1294  (VIOLATED)
   u_amber0/u_coprocessor/R_6013/D   1.9810   4.0987 f     -2.1177  (VIOLATED)
   u_amber0/u_execute/u_register_bank/R_5929/D   1.9941   4.1102 r  -2.1161 (VIOLATED)
   u_amber0/u_execute/u_register_bank/R_5922/D   1.9928   4.1063 r  -2.1136 (VIOLATED)
   u_amber0/u_execute/u_register_bank/R_5924/D   1.9928   4.1063 r  -2.1136 (VIOLATED)
   u_amber0/u_execute/u_register_bank/R_5925/D   1.9928   4.1063 r  -2.1136 (VIOLATED)
   u_amber0/u_execute/u_register_bank/R_5926/D   1.9928   4.1063 r  -2.1136 (VIOLATED)
   u_amber0/u_execute/u_register_bank/R_5927/D   1.9928   4.1063 r  -2.1136 (VIOLATED)
   u_amber0/u_execute/R_2006/D   1.9922      4.0973 r      -2.1051  (VIOLATED)
   u_amber0/u_wishbone/extra_write_address_r_reg_0_/D   1.9944   4.0954 r  -2.1010 (VIOLATED)
   u_amber1/u_execute/R_6121/D   1.9857      4.0851 f      -2.0995  (VIOLATED)
   u_amber0/u_wishbone/extra_write_address_r_reg_13_/D   1.9920   4.0861 r  -2.0941 (VIOLATED)
   u_amber0/u_wishbone/extra_write_address_r_reg_14_/D   1.9920   4.0861 r  -2.0941 (VIOLATED)
   u_amber0/u_wishbone/extra_write_address_r_reg_15_/D   1.9920   4.0861 r  -2.0941 (VIOLATED)
   u_amber0/u_wishbone/extra_write_address_r_reg_16_/D   1.9920   4.0861 r  -2.0941 (VIOLATED)
   u_amber0/u_wishbone/extra_write_address_r_reg_11_/D   1.9921   4.0861 r  -2.0940 (VIOLATED)
   u_amber1/u_execute/R_5860/D   1.9947      4.0874 r      -2.0927  (VIOLATED)
   u_amber1/u_wishbone/extra_write_r_reg/D   1.9947   4.0866 f  -2.0918 (VIOLATED)
   u_amber0/u_wishbone/extra_write_address_r_reg_3_/D   1.9947   4.0861 f  -2.0915 (VIOLATED)
   u_amber0/u_coprocessor/R_5508/D   1.9890   4.0664 f     -2.0774  (VIOLATED)
   u_amber0/u_execute/R_6051/D   1.9942      4.0532 f      -2.0590  (VIOLATED)
   u_amber1/u_execute/R_6124/D   1.9828      4.0238 r      -2.0410  (VIOLATED)
   u_amber1/u_mem/uncached_wb_stop_r_reg/D   1.9940   4.0137 r  -2.0197 (VIOLATED)
   u_amber1/u_mem/cached_wb_stop_r_reg/D   1.9944   4.0029 r  -2.0084 (VIOLATED)
   u_amber0/u_execute/R_6049/D   1.9861      3.9828 r      -1.9967  (VIOLATED)
   u_amber0/u_wishbone/extra_write_r_reg/D   1.9947   3.9901 f  -1.9954 (VIOLATED)
   u_amber1/u_mem/daddress_valid_stop_r_reg/D   1.9944   3.9844 r  -1.9900 (VIOLATED)
   u_amber1/u_mem/mem_stall_r_reg/D   1.9945   3.9386 r    -1.9441  (VIOLATED)
   u_amber1/u_mem/fetch_only_stall_r_reg/D   1.9945   3.8535 f  -1.8590 (VIOLATED)
   u_amber0/u_mem/cached_wb_stop_r_reg/D   1.9945   3.8468 f  -1.8523 (VIOLATED)
   u_amber0/u_mem/daddress_valid_stop_r_reg/D   1.9937   3.8266 r  -1.8329 (VIOLATED)
   u_amber1/u_wishbone/servicing_dcache_uncached_read_r_reg/D   1.9947   3.8271 f  -1.8325 (VIOLATED)
   u_amber0/u_mem/uncached_wb_stop_r_reg/D   1.9824   3.8136 f  -1.8312 (VIOLATED)
   u_amber1/u_wishbone/dcache_uncached_rreq_r_reg/D   1.9944   3.7819 f  -1.7875 (VIOLATED)
   u_amber0/u_mem/fetch_only_stall_r_reg/D   1.9935   3.7769 r  -1.7834 (VIOLATED)
   u_amber0/u_wishbone/icache_read_addr_r_reg_24_/D   1.9901   3.7537 r  -1.7637 (VIOLATED)
   u_amber0/u_wishbone/icache_read_addr_r_reg_20_/D   1.9901   3.7537 r  -1.7637 (VIOLATED)
   u_amber0/u_wishbone/icache_read_addr_r_reg_21_/D   1.9901   3.7537 r  -1.7637 (VIOLATED)
   u_amber0/u_wishbone/icache_read_addr_r_reg_22_/D   1.9901   3.7537 r  -1.7637 (VIOLATED)
   u_amber0/u_wishbone/icache_read_addr_r_reg_23_/D   1.9901   3.7537 r  -1.7637 (VIOLATED)
   u_amber0/u_wishbone/icache_read_addr_r_reg_25_/D   1.9901   3.7537 r  -1.7637 (VIOLATED)
   u_amber0/u_wishbone/icache_read_addr_r_reg_26_/D   1.9901   3.7537 r  -1.7637 (VIOLATED)
   u_amber0/u_wishbone/icache_read_addr_r_reg_27_/D   1.9901   3.7537 r  -1.7637 (VIOLATED)
   u_amber0/u_wishbone/icache_read_addr_r_reg_29_/D   1.9901   3.7537 r  -1.7637 (VIOLATED)
   u_amber0/u_wishbone/icache_read_addr_r_reg_30_/D   1.9901   3.7537 r  -1.7637 (VIOLATED)
   u_amber0/u_wishbone/icache_read_addr_r_reg_31_/D   1.9888   3.7485 r  -1.7596 (VIOLATED)
   u_amber0/u_wishbone/icache_read_addr_r_reg_28_/D   1.9846   3.7426 r  -1.7580 (VIOLATED)
   u_amber0/u_wishbone/icache_read_addr_r_reg_8_/D   1.9901   3.7450 r  -1.7549 (VIOLATED)
   u_amber0/u_wishbone/icache_read_addr_r_reg_9_/D   1.9901   3.7450 r  -1.7549 (VIOLATED)
   u_amber0/u_wishbone/icache_read_addr_r_reg_10_/D   1.9901   3.7450 r  -1.7549 (VIOLATED)
   u_amber0/u_wishbone/icache_read_addr_r_reg_11_/D   1.9901   3.7450 r  -1.7549 (VIOLATED)
   u_amber0/u_wishbone/icache_read_addr_r_reg_12_/D   1.9901   3.7450 r  -1.7549 (VIOLATED)
   u_amber0/u_wishbone/icache_read_addr_r_reg_14_/D   1.9901   3.7450 r  -1.7549 (VIOLATED)
   u_amber0/u_wishbone/icache_read_addr_r_reg_15_/D   1.9901   3.7450 r  -1.7549 (VIOLATED)
   u_amber0/u_wishbone/icache_read_addr_r_reg_17_/D   1.9901   3.7450 r  -1.7549 (VIOLATED)
   u_amber0/u_wishbone/icache_read_addr_r_reg_18_/D   1.9901   3.7450 r  -1.7549 (VIOLATED)
   u_amber0/u_wishbone/icache_read_addr_r_reg_19_/D   1.9901   3.7450 r  -1.7549 (VIOLATED)
   u_amber0/u_wishbone/icache_read_addr_r_reg_16_/D   1.9887   3.7423 f  -1.7535 (VIOLATED)
   u_amber0/u_mem/mem_stall_r_reg/D   1.9941   3.7411 r    -1.7469  (VIOLATED)
   u_amber0/u_wishbone/icache_read_addr_r_reg_13_/D   1.9846   3.7295 r  -1.7448 (VIOLATED)
   u_amber1/u_wishbone/icache_read_addr_r_reg_8_/D   1.9880   3.7068 r  -1.7188 (VIOLATED)
   u_amber1/u_wishbone/icache_read_addr_r_reg_10_/D   1.9880   3.7068 r  -1.7188 (VIOLATED)
   u_amber1/u_wishbone/icache_read_addr_r_reg_11_/D   1.9880   3.7068 r  -1.7188 (VIOLATED)
   u_amber1/u_wishbone/icache_read_addr_r_reg_12_/D   1.9880   3.7068 r  -1.7188 (VIOLATED)
   u_amber1/u_wishbone/icache_read_addr_r_reg_13_/D   1.9880   3.7068 r  -1.7188 (VIOLATED)
   u_amber1/u_wishbone/icache_read_addr_r_reg_15_/D   1.9880   3.7068 r  -1.7188 (VIOLATED)
   u_amber1/u_wishbone/icache_read_addr_r_reg_16_/D   1.9880   3.7068 r  -1.7188 (VIOLATED)
   u_amber1/u_wishbone/icache_read_addr_r_reg_17_/D   1.9880   3.7068 r  -1.7188 (VIOLATED)
   u_amber1/u_wishbone/icache_read_addr_r_reg_18_/D   1.9880   3.7068 r  -1.7188 (VIOLATED)
   u_amber1/u_wishbone/icache_read_addr_r_reg_19_/D   1.9880   3.7068 r  -1.7188 (VIOLATED)
   u_amber1/u_wishbone/icache_read_addr_r_reg_20_/D   1.9901   3.7068 r  -1.7167 (VIOLATED)
   u_amber1/u_wishbone/icache_read_addr_r_reg_21_/D   1.9901   3.7068 r  -1.7167 (VIOLATED)
   u_amber1/u_wishbone/icache_read_addr_r_reg_22_/D   1.9901   3.7068 r  -1.7167 (VIOLATED)
   u_amber1/u_wishbone/icache_read_addr_r_reg_23_/D   1.9901   3.7068 r  -1.7167 (VIOLATED)
   u_amber1/u_wishbone/icache_read_addr_r_reg_25_/D   1.9901   3.7068 r  -1.7167 (VIOLATED)
   u_amber1/u_wishbone/icache_read_addr_r_reg_26_/D   1.9901   3.7068 r  -1.7167 (VIOLATED)
   u_amber1/u_wishbone/icache_read_addr_r_reg_27_/D   1.9901   3.7068 r  -1.7167 (VIOLATED)
   u_amber1/u_wishbone/icache_read_addr_r_reg_28_/D   1.9901   3.7068 r  -1.7167 (VIOLATED)
   u_amber1/u_wishbone/icache_read_addr_r_reg_30_/D   1.9901   3.7068 r  -1.7167 (VIOLATED)
   u_amber1/u_wishbone/icache_read_addr_r_reg_31_/D   1.9901   3.7068 r  -1.7167 (VIOLATED)
   u_amber1/u_wishbone/icache_read_addr_r_reg_9_/D   1.9887   3.7037 f  -1.7150 (VIOLATED)
   u_amber1/u_wishbone/icache_read_addr_r_reg_24_/D   1.9887   3.7037 f  -1.7150 (VIOLATED)
   u_amber1/u_wishbone/icache_read_addr_r_reg_29_/D   1.9846   3.6911 r  -1.7065 (VIOLATED)
   u_amber0/u_wishbone/servicing_dcache_uncached_read_r_reg/D   1.9897   3.6771 r  -1.6875 (VIOLATED)
   u_amber1/u_wishbone/icache_read_addr_r_reg_14_/D   1.9846   3.6667 r  -1.6820 (VIOLATED)
   u_amber1/u_mem/uncached_wb_req_r_reg/D   1.9945   3.6638 r  -1.6693 (VIOLATED)
   u_amber0/u_wishbone/icache_read_addr_r_reg_4_/D   1.9903   3.6585 r  -1.6682 (VIOLATED)
   u_amber0/u_wishbone/icache_read_addr_r_reg_5_/D   1.9903   3.6585 r  -1.6682 (VIOLATED)
   u_amber0/u_wishbone/icache_read_addr_r_reg_6_/D   1.9903   3.6585 r  -1.6682 (VIOLATED)
   u_amber0/u_wishbone/icache_read_addr_r_reg_7_/D   1.9903   3.6585 r  -1.6682 (VIOLATED)
   u_amber0/u_wishbone/dcache_uncached_rreq_r_reg/D   1.9931   3.6347 f  -1.6416 (VIOLATED)
   u_amber1/u_wishbone/icache_read_addr_r_reg_4_/D   1.9896   3.6203 r  -1.6307 (VIOLATED)
   u_amber1/u_wishbone/icache_read_addr_r_reg_5_/D   1.9896   3.6203 r  -1.6307 (VIOLATED)
   u_amber1/u_wishbone/icache_read_addr_r_reg_6_/D   1.9896   3.6203 r  -1.6307 (VIOLATED)
   u_amber1/u_wishbone/icache_read_addr_r_reg_7_/D   1.9896   3.6203 r  -1.6307 (VIOLATED)
   u_amber0/u_wishbone/icache_read_addr_r_reg_3_/D   1.9947   3.6045 r  -1.6098 (VIOLATED)
   u_amber1/u_wishbone/icache_read_addr_r_reg_3_/D   1.9947   3.5967 r  -1.6020 (VIOLATED)
   u_amber0/u_mem/uncached_wb_req_r_reg/D   1.9941   3.5827 r  -1.5885 (VIOLATED)
   u_amber1/u_wishbone/dcache_uncached_wreq_r_reg/D   1.9946   3.5785 f  -1.5839 (VIOLATED)
   u_amber0/u_wishbone/icache_read_req_r_reg/D   1.9925   3.5019 r  -1.5093 (VIOLATED)
   u_amber0/u_wishbone/dcache_uncached_wreq_r_reg/D   1.9946   3.4949 f  -1.5003 (VIOLATED)
   u_amber0/u_wishbone/icache_read_addr_r_reg_2_/D   1.9938   3.4922 r  -1.4984 (VIOLATED)
   u_amber1/u_wishbone/icache_read_req_r_reg/D   1.9940   3.4905 r  -1.4965 (VIOLATED)
   u_amber1/u_wishbone/icache_read_addr_r_reg_2_/D   1.9938   3.4844 r  -1.4905 (VIOLATED)
   u_amber0/u_fetch/u_cache/wb_address_reg_25_/D   1.9921   3.4622 r  -1.4701 (VIOLATED)
   u_amber0/u_fetch/u_cache/wb_address_reg_21_/D   1.9925   3.4622 r  -1.4697 (VIOLATED)
   u_amber0/u_fetch/u_cache/wb_address_reg_16_/D   1.9925   3.4622 r  -1.4697 (VIOLATED)
   u_amber0/u_fetch/u_cache/wb_address_reg_15_/D   1.9925   3.4622 r  -1.4696 (VIOLATED)
   u_amber0/u_fetch/u_cache/wb_address_reg_26_/D   1.9926   3.4622 r  -1.4696 (VIOLATED)
   u_amber0/u_fetch/u_cache/wb_address_reg_20_/D   1.9926   3.4622 r  -1.4696 (VIOLATED)
   u_amber0/u_fetch/u_cache/wb_address_reg_6_/D   1.9926   3.4622 r  -1.4696 (VIOLATED)
   u_amber0/u_fetch/u_cache/wb_address_reg_30_/D   1.9926   3.4622 r  -1.4696 (VIOLATED)
   u_amber0/u_fetch/u_cache/wb_address_reg_31_/D   1.9926   3.4622 r  -1.4696 (VIOLATED)
   u_amber0/u_fetch/u_cache/wb_address_reg_23_/D   1.9926   3.4622 r  -1.4696 (VIOLATED)
   u_amber0/u_fetch/u_cache/wb_address_reg_22_/D   1.9926   3.4622 r  -1.4695 (VIOLATED)
   u_amber0/u_fetch/u_cache/wb_address_reg_9_/D   1.9927   3.4622 r  -1.4695 (VIOLATED)
   u_amber0/u_fetch/u_cache/wb_address_reg_7_/D   1.9927   3.4622 r  -1.4695 (VIOLATED)
   u_amber0/u_fetch/u_cache/wb_address_reg_4_/D   1.9927   3.4622 r  -1.4695 (VIOLATED)
   u_amber0/u_fetch/u_cache/wb_address_reg_12_/D   1.9891   3.4348 f  -1.4457 (VIOLATED)
   u_amber0/u_fetch/wb_req_r_reg/D   1.9946   3.4032 r     -1.4086  (VIOLATED)
   u_amber0/u_fetch/u_cache/wb_address_reg_24_/D   1.9920   3.3833 r  -1.3913 (VIOLATED)
   u_amber0/u_fetch/u_cache/wb_address_reg_29_/D   1.9926   3.3833 r  -1.3907 (VIOLATED)
   u_amber0/u_fetch/u_cache/wb_address_reg_11_/D   1.9927   3.3833 r  -1.3906 (VIOLATED)
   u_amber0/u_fetch/u_cache/wb_address_reg_5_/D   1.9927   3.3833 r  -1.3906 (VIOLATED)
   u_amber1/u_fetch/wb_req_r_reg/D   1.9897   3.3667 r     -1.3770  (VIOLATED)
   u_amber1/u_mem/u_dcache/request_r_reg/D   1.9947   3.2852 r  -1.2905 (VIOLATED)
   u_amber1/u_execute/u_alu/R_3787/D   1.9889   3.2743 f   -1.2855  (VIOLATED)
   u_amber0/u_execute/u_alu/R_2968/D   1.9880   3.2271 f   -1.2391  (VIOLATED)
   u_amber0/u_mem/u_dcache/request_r_reg/D   1.9947   3.1281 r  -1.1334 (VIOLATED)
   u_amber1/u_mem/u_dcache/wb_address_reg_2_/D   1.9946   3.1100 r  -1.1155 (VIOLATED)
   u_amber0/u_fetch/u_cache/wb_address_reg_3_/D   1.9946   3.0994 f  -1.1048 (VIOLATED)
   u_amber1/u_mem/u_dcache/wb_address_reg_3_/D   1.9947   3.0752 f  -1.0806 (VIOLATED)
   u_amber0/u_mem/u_dcache/wb_address_reg_2_/D   1.9946   3.0709 f  -1.0764 (VIOLATED)
   u_amber1/u_fetch/u_cache/wb_address_reg_3_/D   1.9946   3.0544 f  -1.0598 (VIOLATED)
   u_amber0/u_mem/u_dcache/wb_address_reg_3_/D   1.9947   3.0390 f  -1.0443 (VIOLATED)
   u_amber0/u_fetch/u_cache/wb_address_reg_2_/D   1.9946   3.0350 r  -1.0403 (VIOLATED)
   u_amber1/u_fetch/u_cache/wb_address_reg_2_/D   1.9946   2.9895 r  -0.9949 (VIOLATED)
   u_amber0/u_fetch/u_cache/wb_address_reg_0_/D   1.9947   2.9834 r  -0.9887 (VIOLATED)
   u_amber1/u_fetch/u_cache/wb_address_reg_0_/D   1.9947   2.9380 r  -0.9433 (VIOLATED)
   u_amber1/u_mem/u_dcache/wb_address_reg_0_/D   1.9945   2.9348 r  -0.9403 (VIOLATED)
   u_amber1/u_mem/u_dcache/wb_address_reg_1_/D   1.9945   2.9348 r  -0.9403 (VIOLATED)
   u_amber0/u_mem/u_dcache/wb_address_reg_0_/D   1.9946   2.8907 f  -0.8961 (VIOLATED)
   u_amber0/u_mem/u_dcache/wb_address_reg_1_/D   1.9895   2.8628 r  -0.8733 (VIOLATED)
   u_amber0/u_wishbone/servicing_dcache_cached_read_r_reg/D   1.9943   2.8496 r  -0.8553 (VIOLATED)
   u_amber1/u_wishbone/servicing_dcache_cached_read_r_reg/D   1.9944   2.8491 r  -0.8547 (VIOLATED)
   u_amber1/u_wishbone/dcache_cached_rreq_r_reg/D   1.9945   2.8104 r  -0.8159 (VIOLATED)
   u_amber0/u_wishbone/icache_read_qword_r_reg/D   1.9917   2.7542 r  -0.7625 (VIOLATED)
   u_amber1/u_wishbone/dcache_read_qword_r_reg/D   1.9933   2.7253 r  -0.7320 (VIOLATED)
   u_amber0/u_wishbone/dcache_cached_rreq_r_reg/D   1.9935   2.7015 r  -0.7081 (VIOLATED)
   u_amber1/u_wishbone/icache_read_qword_r_reg/D   1.9933   2.6825 r  -0.6892 (VIOLATED)
   u_amber0/u_fetch/u_cache/wb_address_reg_17_/D   1.9942   2.6807 f  -0.6865 (VIOLATED)
   u_amber0/u_fetch/u_cache/wb_address_reg_18_/D   1.9942   2.6807 f  -0.6865 (VIOLATED)
   u_amber0/u_fetch/u_cache/wb_address_reg_19_/D   1.9942   2.6807 f  -0.6865 (VIOLATED)
   u_amber1/u_coprocessor/R_2205/D   1.9947   2.6694 f     -0.6747  (VIOLATED)
   u_amber1/u_coprocessor/R_2213/D   1.9947   2.6693 f     -0.6746  (VIOLATED)
   u_amber1/u_coprocessor/R_2221/D   1.9947   2.6693 f     -0.6746  (VIOLATED)
   u_amber1/u_coprocessor/R_2237/D   1.9947   2.6693 f     -0.6746  (VIOLATED)
   u_amber1/u_coprocessor/R_2233/D   1.9947   2.6659 f     -0.6712  (VIOLATED)
   u_amber1/u_coprocessor/R_2217/D   1.9947   2.6600 r     -0.6653  (VIOLATED)
   u_amber1/u_coprocessor/R_2229/D   1.9947   2.6460 f     -0.6513  (VIOLATED)
   u_amber0/u_wishbone/dcache_read_qword_r_reg/D   1.9917   2.6415 r  -0.6499 (VIOLATED)
   u_amber1/u_wishbone/dcache_cached_wreq_r_reg/D   1.9944   2.6272 r  -0.6328 (VIOLATED)
   u_amber0/u_wishbone/dcache_cached_wreq_r_reg/D   1.9944   2.6270 r  -0.6325 (VIOLATED)
   u_amber1/u_mem/u_dcache/miss_address_reg_5_/D   1.9825   2.6136 r  -0.6311 (VIOLATED)
   u_amber1/u_mem/u_dcache/miss_address_reg_6_/D   1.9825   2.6136 r  -0.6311 (VIOLATED)
   u_amber1/u_mem/u_dcache/miss_address_reg_7_/D   1.9825   2.6136 r  -0.6311 (VIOLATED)
   u_amber1/u_mem/u_dcache/miss_address_reg_8_/D   1.9825   2.6136 r  -0.6311 (VIOLATED)
   u_amber1/u_mem/u_dcache/miss_address_reg_9_/D   1.9825   2.6136 r  -0.6311 (VIOLATED)
   u_amber1/u_mem/u_dcache/miss_address_reg_10_/D   1.9825   2.6136 r  -0.6311 (VIOLATED)
   u_amber1/u_mem/u_dcache/miss_address_reg_11_/D   1.9825   2.6136 r  -0.6311 (VIOLATED)
   u_amber1/u_mem/u_dcache/miss_address_reg_12_/D   1.9825   2.6136 r  -0.6311 (VIOLATED)
   u_amber1/u_mem/u_dcache/miss_address_reg_13_/D   1.9825   2.6136 r  -0.6311 (VIOLATED)
   u_amber1/u_mem/u_dcache/miss_address_reg_14_/D   1.9825   2.6136 r  -0.6311 (VIOLATED)
   u_amber1/u_mem/u_dcache/wb_address_reg_4_/D   1.9825   2.6136 r  -0.6311 (VIOLATED)
   u_amber1/u_mem/u_dcache/wb_address_reg_5_/D   1.9825   2.6136 r  -0.6311 (VIOLATED)
   u_amber1/u_mem/u_dcache/wb_address_reg_6_/D   1.9825   2.6136 r  -0.6311 (VIOLATED)
   u_amber1/u_mem/u_dcache/wb_address_reg_7_/D   1.9825   2.6136 r  -0.6311 (VIOLATED)
   u_amber1/u_mem/u_dcache/wb_address_reg_8_/D   1.9825   2.6136 r  -0.6311 (VIOLATED)
   u_amber1/u_mem/u_dcache/wb_address_reg_9_/D   1.9825   2.6136 r  -0.6311 (VIOLATED)
   u_amber1/u_mem/u_dcache/wb_address_reg_10_/D   1.9825   2.6136 r  -0.6311 (VIOLATED)
   u_amber1/u_mem/u_dcache/wb_address_reg_15_/D   1.9825   2.6136 r  -0.6311 (VIOLATED)
   u_amber1/u_mem/u_dcache/wb_address_reg_18_/D   1.9825   2.6136 r  -0.6311 (VIOLATED)
   u_amber1/u_mem/u_dcache/miss_address_reg_15_/D   1.9864   2.6136 r  -0.6272 (VIOLATED)
   u_amber1/u_mem/u_dcache/miss_address_reg_16_/D   1.9864   2.6136 r  -0.6272 (VIOLATED)
   u_amber1/u_mem/u_dcache/miss_address_reg_17_/D   1.9864   2.6136 r  -0.6272 (VIOLATED)
   u_amber1/u_mem/u_dcache/miss_address_reg_19_/D   1.9864   2.6136 r  -0.6272 (VIOLATED)
   u_amber1/u_mem/u_dcache/miss_address_reg_31_/D   1.9864   2.6136 r  -0.6272 (VIOLATED)
   u_amber1/u_mem/u_dcache/wb_address_reg_28_/D   1.9864   2.6136 r  -0.6272 (VIOLATED)
   u_amber1/u_mem/u_dcache/wb_address_reg_29_/D   1.9864   2.6136 r  -0.6272 (VIOLATED)
   u_amber1/u_coprocessor/R_2181/D   1.9947   2.6029 f     -0.6081  (VIOLATED)
   u_amber1/u_coprocessor/R_2185/D   1.9947   2.6029 f     -0.6081  (VIOLATED)
   u_amber1/u_coprocessor/R_2193/D   1.9947   2.6028 f     -0.6081  (VIOLATED)
   u_amber0/u_fetch/u_cache/wb_address_reg_28_/D   1.9925   2.5991 r  -0.6066 (VIOLATED)
   u_amber0/u_fetch/u_cache/wb_address_reg_13_/D   1.9926   2.5991 r  -0.6065 (VIOLATED)
   u_amber0/u_fetch/u_cache/wb_address_reg_8_/D   1.9926   2.5991 r  -0.6065 (VIOLATED)
   u_amber0/u_fetch/u_cache/wb_address_reg_10_/D   1.9926   2.5991 r  -0.6065 (VIOLATED)
   u_amber0/u_fetch/u_cache/wb_address_reg_14_/D   1.9926   2.5979 r  -0.6053 (VIOLATED)
   u_amber1/u_coprocessor/R_2201/D   1.9947   2.5994 r     -0.6048  (VIOLATED)
   u_amber1/u_coprocessor/R_2225/D   1.9947   2.5984 f     -0.6037  (VIOLATED)
   u_amber0/u_mem/u_dcache/miss_address_reg_18_/D   1.9891   2.5895 r  -0.6004 (VIOLATED)
   u_amber0/u_mem/u_dcache/miss_address_reg_20_/D   1.9891   2.5895 r  -0.6004 (VIOLATED)
   u_amber0/u_mem/u_dcache/miss_address_reg_21_/D   1.9891   2.5895 r  -0.6004 (VIOLATED)
   u_amber0/u_mem/u_dcache/miss_address_reg_22_/D   1.9891   2.5895 r  -0.6004 (VIOLATED)
   u_amber0/u_mem/u_dcache/miss_address_reg_23_/D   1.9891   2.5895 r  -0.6004 (VIOLATED)
   u_amber0/u_mem/u_dcache/miss_address_reg_24_/D   1.9891   2.5895 r  -0.6004 (VIOLATED)
   u_amber0/u_mem/u_dcache/miss_address_reg_26_/D   1.9891   2.5895 r  -0.6004 (VIOLATED)
   u_amber0/u_mem/u_dcache/miss_address_reg_27_/D   1.9891   2.5895 r  -0.6004 (VIOLATED)
   u_amber0/u_mem/u_dcache/miss_address_reg_28_/D   1.9891   2.5895 r  -0.6004 (VIOLATED)
   u_amber0/u_mem/u_dcache/miss_address_reg_29_/D   1.9891   2.5895 r  -0.6004 (VIOLATED)
   u_amber0/u_mem/u_dcache/miss_address_reg_30_/D   1.9891   2.5895 r  -0.6004 (VIOLATED)
   u_amber0/u_mem/u_dcache/miss_address_reg_5_/D   1.9937   2.5829 f  -0.5892 (VIOLATED)
   u_amber0/u_mem/u_dcache/miss_address_reg_6_/D   1.9937   2.5829 f  -0.5892 (VIOLATED)
   u_amber0/u_mem/u_dcache/miss_address_reg_7_/D   1.9937   2.5829 f  -0.5892 (VIOLATED)
   u_amber0/u_mem/u_dcache/miss_address_reg_8_/D   1.9937   2.5829 f  -0.5892 (VIOLATED)
   u_amber0/u_mem/u_dcache/miss_address_reg_9_/D   1.9937   2.5829 f  -0.5892 (VIOLATED)
   u_amber0/u_mem/u_dcache/miss_address_reg_10_/D   1.9937   2.5829 f  -0.5892 (VIOLATED)
   u_amber0/u_mem/u_dcache/miss_address_reg_11_/D   1.9937   2.5829 f  -0.5892 (VIOLATED)
   u_amber0/u_mem/u_dcache/miss_address_reg_12_/D   1.9937   2.5829 f  -0.5892 (VIOLATED)
   u_amber0/u_mem/u_dcache/miss_address_reg_14_/D   1.9937   2.5829 f  -0.5892 (VIOLATED)
   u_amber0/u_mem/u_dcache/wb_address_reg_4_/D   1.9937   2.5829 f  -0.5892 (VIOLATED)
   u_amber0/u_mem/u_dcache/wb_address_reg_5_/D   1.9937   2.5829 f  -0.5892 (VIOLATED)
   u_amber0/u_mem/u_dcache/wb_address_reg_6_/D   1.9937   2.5829 f  -0.5892 (VIOLATED)
   u_amber0/u_mem/u_dcache/wb_address_reg_7_/D   1.9937   2.5829 f  -0.5892 (VIOLATED)
   u_amber0/u_mem/u_dcache/wb_address_reg_8_/D   1.9937   2.5829 f  -0.5892 (VIOLATED)
   u_amber0/u_mem/u_dcache/wb_address_reg_9_/D   1.9937   2.5829 f  -0.5892 (VIOLATED)
   u_amber0/u_mem/u_dcache/wb_address_reg_11_/D   1.9937   2.5829 f  -0.5892 (VIOLATED)
   u_amber0/u_mem/u_dcache/wb_address_reg_12_/D   1.9937   2.5829 f  -0.5892 (VIOLATED)
   u_amber0/u_mem/u_dcache/wb_address_reg_13_/D   1.9937   2.5829 f  -0.5892 (VIOLATED)
   u_amber0/u_mem/u_dcache/wb_address_reg_14_/D   1.9937   2.5829 f  -0.5892 (VIOLATED)
   u_amber0/u_mem/u_dcache/wb_address_reg_15_/D   1.9937   2.5829 f  -0.5892 (VIOLATED)
   u_amber0/u_mem/u_dcache/wb_address_reg_18_/D   1.9937   2.5829 f  -0.5892 (VIOLATED)
   u_amber0/u_mem/u_dcache/wb_address_reg_19_/D   1.9937   2.5829 f  -0.5892 (VIOLATED)
   u_amber0/u_mem/u_dcache/wb_address_reg_20_/D   1.9937   2.5829 f  -0.5892 (VIOLATED)
   u_amber0/u_fetch/u_cache/wb_address_reg_27_/D   1.9892   2.5704 f  -0.5812 (VIOLATED)
   u_amber1/u_execute/u_register_bank/R_393/D   1.9853   2.5503 f  -0.5650 (VIOLATED)
   u_amber1/u_execute/u_register_bank/R_397/D   1.9853   2.5503 f  -0.5650 (VIOLATED)
   u_amber1/u_execute/u_register_bank/R_401/D   1.9853   2.5503 f  -0.5650 (VIOLATED)
   u_amber1/u_execute/u_register_bank/R_1519/D   1.9853   2.5503 f  -0.5650 (VIOLATED)
   u_amber1/u_execute/u_register_bank/R_1575/D   1.9853   2.5503 f  -0.5650 (VIOLATED)
   u_amber1/u_execute/u_register_bank/R_1579/D   1.9853   2.5503 f  -0.5650 (VIOLATED)
   u_amber1/u_execute/u_register_bank/R_1583/D   1.9853   2.5503 f  -0.5650 (VIOLATED)
   u_amber1/u_execute/u_register_bank/R_1621/D   1.9853   2.5503 f  -0.5650 (VIOLATED)
   u_amber1/u_execute/u_register_bank/R_1623/D   1.9853   2.5503 f  -0.5650 (VIOLATED)
   u_amber1/u_execute/u_register_bank/R_1892/D   1.9853   2.5503 f  -0.5650 (VIOLATED)
   u_amber1/u_execute/u_register_bank/R_1894/D   1.9853   2.5503 f  -0.5650 (VIOLATED)
   u_amber1/u_execute/u_register_bank/R_1896/D   1.9853   2.5503 f  -0.5650 (VIOLATED)
   u_amber1/u_execute/u_register_bank/R_1900/D   1.9853   2.5503 f  -0.5650 (VIOLATED)
   u_amber1/u_execute/u_register_bank/R_1906/D   1.9853   2.5503 f  -0.5650 (VIOLATED)
   u_amber1/u_execute/u_register_bank/R_1912/D   1.9853   2.5503 f  -0.5650 (VIOLATED)
   u_amber1/u_execute/u_register_bank/R_2548/D   1.9853   2.5503 f  -0.5650 (VIOLATED)
   u_amber1/u_execute/u_register_bank/R_2552/D   1.9853   2.5503 f  -0.5650 (VIOLATED)
   u_amber1/u_execute/u_register_bank/R_2556/D   1.9853   2.5503 f  -0.5650 (VIOLATED)
   u_amber1/u_execute/u_register_bank/R_2577/D   1.9853   2.5503 f  -0.5650 (VIOLATED)
   u_amber1/u_execute/u_register_bank/R_2700/D   1.9853   2.5503 f  -0.5650 (VIOLATED)
   u_amber1/u_execute/u_register_bank/R_2739/D   1.9853   2.5503 f  -0.5650 (VIOLATED)
   u_amber1/u_execute/u_register_bank/R_2741/D   1.9853   2.5503 f  -0.5650 (VIOLATED)
   u_amber1/u_execute/u_register_bank/R_2749/D   1.9853   2.5503 f  -0.5650 (VIOLATED)
   u_amber1/u_execute/u_register_bank/R_2753/D   1.9853   2.5503 f  -0.5650 (VIOLATED)
   u_amber1/u_execute/u_register_bank/R_2755/D   1.9853   2.5503 f  -0.5650 (VIOLATED)
   u_amber1/u_execute/u_register_bank/R_2761/D   1.9853   2.5503 f  -0.5650 (VIOLATED)
   u_amber1/u_execute/u_register_bank/R_2807/D   1.9853   2.5503 f  -0.5650 (VIOLATED)
   u_amber1/u_execute/u_register_bank/R_2809/D   1.9853   2.5503 f  -0.5650 (VIOLATED)
   u_amber1/u_execute/u_register_bank/R_2811/D   1.9853   2.5503 f  -0.5650 (VIOLATED)
   u_amber1/u_execute/u_register_bank/R_2813/D   1.9853   2.5503 f  -0.5650 (VIOLATED)
   u_amber1/u_execute/u_register_bank/R_2891/D   1.9853   2.5503 f  -0.5650 (VIOLATED)
   u_amber1/u_execute/u_register_bank/R_3024/D   1.9853   2.5503 f  -0.5650 (VIOLATED)
   u_amber1/u_execute/u_register_bank/R_3062/D   1.9853   2.5503 f  -0.5650 (VIOLATED)
   u_amber1/u_execute/u_register_bank/R_3064/D   1.9853   2.5503 f  -0.5650 (VIOLATED)
   u_amber1/u_execute/u_register_bank/R_3066/D   1.9853   2.5503 f  -0.5650 (VIOLATED)
   u_amber1/u_execute/u_register_bank/R_3070/D   1.9853   2.5503 f  -0.5650 (VIOLATED)
   u_amber1/u_execute/u_register_bank/R_3074/D   1.9853   2.5503 f  -0.5650 (VIOLATED)
   u_amber1/u_execute/u_register_bank/R_3098/D   1.9853   2.5503 f  -0.5650 (VIOLATED)
   u_amber1/u_execute/u_register_bank/R_3100/D   1.9853   2.5503 f  -0.5650 (VIOLATED)
   u_amber1/u_execute/u_register_bank/R_3102/D   1.9853   2.5503 f  -0.5650 (VIOLATED)
   u_amber1/u_execute/u_register_bank/R_3104/D   1.9853   2.5503 f  -0.5650 (VIOLATED)
   u_amber1/u_execute/u_register_bank/R_3996/D   1.9853   2.5503 f  -0.5650 (VIOLATED)
   u_amber1/u_execute/u_register_bank/R_4199/D   1.9853   2.5503 f  -0.5650 (VIOLATED)
   u_amber1/u_execute/u_register_bank/R_4205/D   1.9853   2.5503 f  -0.5650 (VIOLATED)
   u_amber1/u_execute/u_register_bank/R_4320/D   1.9853   2.5503 f  -0.5650 (VIOLATED)
   u_amber1/u_execute/u_register_bank/R_4328/D   1.9853   2.5503 f  -0.5650 (VIOLATED)
   u_amber1/u_execute/u_register_bank/R_4330/D   1.9853   2.5503 f  -0.5650 (VIOLATED)
   u_amber1/u_execute/u_register_bank/R_4390/D   1.9853   2.5503 f  -0.5650 (VIOLATED)
   u_amber1/u_execute/u_register_bank/R_4392/D   1.9853   2.5503 f  -0.5650 (VIOLATED)
   u_amber1/u_execute/u_register_bank/R_4410/D   1.9853   2.5503 f  -0.5650 (VIOLATED)
   u_amber1/u_execute/u_register_bank/R_4412/D   1.9853   2.5503 f  -0.5650 (VIOLATED)
   u_amber1/u_execute/u_register_bank/R_4414/D   1.9853   2.5503 f  -0.5650 (VIOLATED)
   u_amber1/u_execute/u_register_bank/R_4476/D   1.9853   2.5503 f  -0.5650 (VIOLATED)
   u_amber1/u_execute/u_register_bank/R_4518/D   1.9853   2.5503 f  -0.5650 (VIOLATED)
   u_amber1/u_execute/u_register_bank/R_4520/D   1.9853   2.5503 f  -0.5650 (VIOLATED)
   u_amber1/u_execute/u_register_bank/R_4524/D   1.9853   2.5503 f  -0.5650 (VIOLATED)
   u_amber1/u_execute/u_register_bank/R_4532/D   1.9853   2.5503 f  -0.5650 (VIOLATED)
   u_amber1/u_execute/u_register_bank/R_4558/D   1.9853   2.5503 f  -0.5650 (VIOLATED)
   u_amber1/u_execute/u_register_bank/R_4562/D   1.9853   2.5503 f  -0.5650 (VIOLATED)
   u_amber1/u_execute/u_register_bank/R_4566/D   1.9853   2.5503 f  -0.5650 (VIOLATED)
   u_amber1/u_execute/u_register_bank/R_4570/D   1.9853   2.5503 f  -0.5650 (VIOLATED)
   u_amber1/u_execute/u_register_bank/R_5144/D   1.9853   2.5503 f  -0.5650 (VIOLATED)
   u_amber1/u_execute/u_register_bank/R_5401/D   1.9853   2.5503 f  -0.5650 (VIOLATED)
   u_amber1/u_execute/u_register_bank/R_5492/D   1.9853   2.5503 f  -0.5650 (VIOLATED)
   u_amber1/u_execute/u_register_bank/R_5494/D   1.9853   2.5503 f  -0.5650 (VIOLATED)
   u_amber1/u_execute/u_register_bank/R_5496/D   1.9853   2.5503 f  -0.5650 (VIOLATED)
   u_amber1/u_execute/u_register_bank/R_5637/D   1.9853   2.5503 f  -0.5650 (VIOLATED)
   u_amber1/u_execute/u_register_bank/R_5639/D   1.9853   2.5503 f  -0.5650 (VIOLATED)
   u_amber1/u_execute/u_register_bank/R_5643/D   1.9853   2.5503 f  -0.5650 (VIOLATED)
   u_amber1/u_execute/u_register_bank/R_5645/D   1.9853   2.5503 f  -0.5650 (VIOLATED)
   u_amber1/u_execute/u_register_bank/R_5647/D   1.9853   2.5503 f  -0.5650 (VIOLATED)
   u_amber0/u_mem/u_dcache/miss_address_reg_13_/D   1.9935   2.5574 f  -0.5639 (VIOLATED)
   u_amber0/u_mem/u_dcache/wb_address_reg_10_/D   1.9935   2.5574 f  -0.5639 (VIOLATED)
   u_amber0/u_mem/u_dcache/wb_address_reg_16_/D   1.9935   2.5574 f  -0.5639 (VIOLATED)
   u_amber1/u_decode/R_3915/D   1.9945       2.5555 r      -0.5610  (VIOLATED)
   u_amber1/u_decode/R_3880/D   1.9945       2.5555 r      -0.5610  (VIOLATED)
   u_amber1/u_decode/R_3885/D   1.9945       2.5555 r      -0.5610  (VIOLATED)
   u_amber1/u_decode/R_3900/D   1.9945       2.5555 r      -0.5610  (VIOLATED)
   u_amber1/u_decode/R_3905/D   1.9945       2.5555 r      -0.5610  (VIOLATED)
   u_amber1/u_decode/R_3910/D   1.9945       2.5555 r      -0.5610  (VIOLATED)
   u_amber1/u_coprocessor/R_2337/D   1.9945   2.5527 r     -0.5581  (VIOLATED)
   u_amber1/u_mem/u_dcache/miss_address_reg_18_/D   1.9892   2.5413 r  -0.5520 (VIOLATED)
   u_amber1/u_mem/u_dcache/miss_address_reg_20_/D   1.9892   2.5413 r  -0.5520 (VIOLATED)
   u_amber1/u_mem/u_dcache/miss_address_reg_21_/D   1.9892   2.5413 r  -0.5520 (VIOLATED)
   u_amber1/u_mem/u_dcache/miss_address_reg_22_/D   1.9892   2.5413 r  -0.5520 (VIOLATED)
   u_amber1/u_mem/u_dcache/miss_address_reg_23_/D   1.9892   2.5413 r  -0.5520 (VIOLATED)
   u_amber1/u_mem/u_dcache/miss_address_reg_24_/D   1.9892   2.5413 r  -0.5520 (VIOLATED)
   u_amber1/u_mem/u_dcache/miss_address_reg_26_/D   1.9892   2.5413 r  -0.5520 (VIOLATED)
   u_amber1/u_mem/u_dcache/miss_address_reg_27_/D   1.9892   2.5413 r  -0.5520 (VIOLATED)
   u_amber1/u_mem/u_dcache/miss_address_reg_28_/D   1.9892   2.5413 r  -0.5520 (VIOLATED)
   u_amber1/u_mem/u_dcache/miss_address_reg_29_/D   1.9892   2.5413 r  -0.5520 (VIOLATED)
   u_amber1/u_mem/u_dcache/miss_address_reg_30_/D   1.9892   2.5413 r  -0.5520 (VIOLATED)
   u_amber1/u_mem/u_dcache/wb_address_reg_11_/D   1.9825   2.5336 r  -0.5511 (VIOLATED)
   u_amber1/u_mem/u_dcache/wb_address_reg_12_/D   1.9825   2.5336 r  -0.5511 (VIOLATED)
   u_amber1/u_mem/u_dcache/wb_address_reg_13_/D   1.9825   2.5336 r  -0.5511 (VIOLATED)
   u_amber1/u_mem/u_dcache/wb_address_reg_14_/D   1.9825   2.5336 r  -0.5511 (VIOLATED)
   u_amber1/u_mem/u_dcache/wb_address_reg_16_/D   1.9825   2.5336 r  -0.5511 (VIOLATED)
   u_amber1/u_mem/u_dcache/wb_address_reg_19_/D   1.9825   2.5336 r  -0.5511 (VIOLATED)
   u_amber1/u_mem/u_dcache/wb_address_reg_20_/D   1.9825   2.5336 r  -0.5511 (VIOLATED)
   u_amber1/u_decode/R_3890/D   1.9890       2.5311 r      -0.5421  (VIOLATED)
   u_amber0/u_mem/u_dcache/miss_address_reg_15_/D   1.9941   2.5099 f  -0.5158 (VIOLATED)
   u_amber0/u_mem/u_dcache/miss_address_reg_16_/D   1.9941   2.5099 f  -0.5158 (VIOLATED)
   u_amber0/u_mem/u_dcache/miss_address_reg_17_/D   1.9941   2.5099 f  -0.5158 (VIOLATED)
   u_amber0/u_mem/u_dcache/miss_address_reg_19_/D   1.9941   2.5099 f  -0.5158 (VIOLATED)
   u_amber0/u_mem/u_dcache/miss_address_reg_25_/D   1.9941   2.5099 f  -0.5158 (VIOLATED)
   u_amber0/u_mem/u_dcache/miss_address_reg_31_/D   1.9941   2.5099 f  -0.5158 (VIOLATED)
   u_amber1/u_decode/R_3960/D   1.9898       2.4871 r      -0.4973  (VIOLATED)
   u_amber1/u_decode/R_3980/D   1.9898       2.4871 r      -0.4973  (VIOLATED)
   u_amber1/u_decode/R_3985/D   1.9898       2.4871 r      -0.4973  (VIOLATED)
   u_amber1/u_decode/R_3970/D   1.9898       2.4870 r      -0.4973  (VIOLATED)
   u_amber1/u_decode/R_3805/D   1.9898       2.4870 r      -0.4973  (VIOLATED)
   u_amber1/u_decode/R_3895/D   1.9945       2.4846 r      -0.4901  (VIOLATED)
   u_amber0/u_mem/u_dcache/miss_address_reg_4_/D   1.9916   2.4715 r  -0.4799 (VIOLATED)
   u_amber0/u_mem/u_dcache/wb_address_reg_21_/D   1.9916   2.4715 r  -0.4799 (VIOLATED)
   u_amber0/u_mem/u_dcache/wb_address_reg_23_/D   1.9916   2.4715 r  -0.4799 (VIOLATED)
   u_amber0/u_mem/u_dcache/wb_address_reg_25_/D   1.9916   2.4715 r  -0.4799 (VIOLATED)
   u_amber0/u_mem/u_dcache/wb_address_reg_27_/D   1.9916   2.4715 r  -0.4799 (VIOLATED)
   u_amber0/u_mem/u_dcache/wb_address_reg_31_/D   1.9916   2.4715 r  -0.4799 (VIOLATED)
   u_amber0/u_mem/u_dcache/wb_address_reg_17_/D   1.9887   2.4566 r  -0.4679 (VIOLATED)
   u_amber0/u_mem/u_dcache/wb_address_reg_22_/D   1.9887   2.4566 r  -0.4679 (VIOLATED)
   u_amber0/u_mem/u_dcache/wb_address_reg_24_/D   1.9887   2.4566 r  -0.4679 (VIOLATED)
   u_amber0/u_mem/u_dcache/wb_address_reg_26_/D   1.9887   2.4566 r  -0.4679 (VIOLATED)
   u_amber0/u_mem/u_dcache/wb_address_reg_28_/D   1.9887   2.4566 r  -0.4679 (VIOLATED)
   u_amber0/u_mem/u_dcache/wb_address_reg_29_/D   1.9887   2.4566 r  -0.4679 (VIOLATED)
   u_amber0/u_mem/u_dcache/wb_address_reg_30_/D   1.9887   2.4566 r  -0.4679 (VIOLATED)
   u_amber1/u_mem/u_dcache/miss_address_reg_25_/D   1.9879   2.4547 r  -0.4669 (VIOLATED)
   u_amber1/u_mem/u_dcache/ex_read_hit_way_reg_3_/D   1.9944   2.4319 f  -0.4375 (VIOLATED)
   u_amber1/u_mem/u_dcache/wb_address_reg_17_/D   1.9879   2.4214 r  -0.4335 (VIOLATED)
   u_amber1/u_mem/u_dcache/wb_address_reg_22_/D   1.9879   2.4214 r  -0.4335 (VIOLATED)
   u_amber1/u_mem/u_dcache/wb_address_reg_24_/D   1.9879   2.4214 r  -0.4335 (VIOLATED)
   u_amber1/u_mem/u_dcache/wb_address_reg_26_/D   1.9879   2.4214 r  -0.4335 (VIOLATED)
   u_amber1/u_mem/u_dcache/wb_address_reg_30_/D   1.9879   2.4214 r  -0.4335 (VIOLATED)
   u_amber1/u_mem/u_dcache/miss_address_reg_4_/D   1.9867   2.4098 r  -0.4231 (VIOLATED)
   u_amber1/u_mem/u_dcache/wb_address_reg_21_/D   1.9867   2.4098 r  -0.4231 (VIOLATED)
   u_amber1/u_mem/u_dcache/wb_address_reg_23_/D   1.9867   2.4098 r  -0.4231 (VIOLATED)
   u_amber1/u_mem/u_dcache/wb_address_reg_25_/D   1.9867   2.4098 r  -0.4231 (VIOLATED)
   u_amber1/u_mem/u_dcache/wb_address_reg_27_/D   1.9867   2.4098 r  -0.4231 (VIOLATED)
   u_amber1/u_mem/u_dcache/wb_address_reg_31_/D   1.9867   2.4098 r  -0.4231 (VIOLATED)
   u_amber1/u_decode/R_327/D   1.9898        2.4050 r      -0.4152  (VIOLATED)
   u_amber1/u_mem/u_dcache/ex_read_hit_way_reg_1_/D   1.9944   2.3891 f  -0.3947 (VIOLATED)
   u_amber1/u_coprocessor/R_2297/D   1.9945   2.3792 f     -0.3847  (VIOLATED)
   u_amber1/u_coprocessor/R_2292/D   1.9945   2.3785 f     -0.3840  (VIOLATED)
   u_amber1/u_coprocessor/R_2312/D   1.9945   2.3785 f     -0.3840  (VIOLATED)
   u_amber1/u_coprocessor/R_2317/D   1.9945   2.3785 f     -0.3840  (VIOLATED)
   u_amber1/u_coprocessor/R_2362/D   1.9944   2.3776 f     -0.3831  (VIOLATED)
   u_amber1/u_decode/R_663/D   1.9885        2.3358 r      -0.3473  (VIOLATED)
   u_amber1/u_decode/R_331/D   1.9828        2.3081 r      -0.3253  (VIOLATED)
   u_amber1/u_decode/R_3850/D   1.9898       2.3114 r      -0.3216  (VIOLATED)
   u_amber1/u_decode/R_3830/D   1.9898       2.3114 r      -0.3216  (VIOLATED)
   u_amber1/u_decode/R_3840/D   1.9898       2.3114 r      -0.3216  (VIOLATED)
   u_amber1/u_decode/R_3860/D   1.9898       2.3114 r      -0.3216  (VIOLATED)
   u_amber1/u_decode/R_3865/D   1.9898       2.3114 r      -0.3216  (VIOLATED)
   u_amber1/u_decode/R_3870/D   1.9898       2.3114 r      -0.3216  (VIOLATED)
   u_amber1/u_decode/R_3835/D   1.9899       2.3113 r      -0.3213  (VIOLATED)
   u_amber1/u_decode/R_3825/D   1.9900       2.3112 r      -0.3212  (VIOLATED)
   u_amber1/u_decode/R_3875/D   1.9898       2.3105 r      -0.3207  (VIOLATED)
   u_amber1/u_decode/R_3935/D   1.9898       2.3105 r      -0.3207  (VIOLATED)
   u_amber1/u_decode/R_3930/D   1.9898       2.3105 r      -0.3207  (VIOLATED)
   u_amber1/u_decode/R_3845/D   1.9841       2.2998 r      -0.3157  (VIOLATED)
   u_amber1/u_decode/R_601/D   1.9852        2.2910 r      -0.3057  (VIOLATED)
   u_amber1/u_mem/u_dcache/ex_read_hit_way_reg_0_/D   1.9947   2.2856 f  -0.2910 (VIOLATED)
   u_amber1/u_mem/u_dcache/ex_read_hit_way_reg_2_/D   1.9947   2.2856 f  -0.2910 (VIOLATED)
   u_amber1/u_decode/R_617/D   1.9807        2.2639 r      -0.2833  (VIOLATED)
   u_amber1/u_decode/R_3855/D   1.9898       2.2639 r      -0.2741  (VIOLATED)
   u_amber1/u_coprocessor/R_2173/D   1.9948   2.2631 r     -0.2684  (VIOLATED)
   u_amber1/u_coprocessor/R_2189/D   1.9948   2.2624 r     -0.2677  (VIOLATED)
   u_amber1/u_coprocessor/R_2177/D   1.9947   2.2610 r     -0.2663  (VIOLATED)
   u_amber1/u_coprocessor/R_2197/D   1.9947   2.2609 r     -0.2661  (VIOLATED)
   u_amber0/u_coprocessor/R_2471/D   1.9947   2.2460 r     -0.2513  (VIOLATED)
   u_amber0/u_coprocessor/R_2480/D   1.9947   2.2460 r     -0.2513  (VIOLATED)
   u_amber0/u_coprocessor/R_2488/D   1.9947   2.2460 r     -0.2513  (VIOLATED)
   u_amber0/u_coprocessor/R_2496/D   1.9947   2.2460 r     -0.2513  (VIOLATED)
   u_amber0/u_coprocessor/R_2501/D   1.9947   2.2460 r     -0.2513  (VIOLATED)
   u_amber0/u_coprocessor/R_2492/D   1.9947   2.2459 r     -0.2513  (VIOLATED)
   u_amber0/u_coprocessor/R_2463/D   1.9947   2.2438 r     -0.2491  (VIOLATED)
   u_amber0/u_coprocessor/R_2443/D   1.9947   2.2438 r     -0.2491  (VIOLATED)
   u_amber0/u_coprocessor/R_2455/D   1.9947   2.2424 r     -0.2477  (VIOLATED)
   u_amber0/u_coprocessor/R_2475/D   1.9947   2.2388 r     -0.2441  (VIOLATED)
   u_amber1/u_decode/R_641/D   1.9812        2.2227 r      -0.2414  (VIOLATED)
   u_amber1/u_decode/R_647/D   1.9816        2.2190 r      -0.2373  (VIOLATED)
   u_amber0/u_mem/u_dcache/ex_read_hit_way_reg_3_/D   1.9944   2.2268 f  -0.2324 (VIOLATED)
   u_amber1/u_decode/R_609/D   1.9815        2.2095 r      -0.2280  (VIOLATED)
   u_amber1/u_coprocessor/R_2307/D   1.9945   2.2124 f     -0.2178  (VIOLATED)
   u_amber1/u_coprocessor/R_2357/D   1.9945   2.2122 f     -0.2177  (VIOLATED)
   u_amber1/u_coprocessor/R_2352/D   1.9947   2.2124 f     -0.2177  (VIOLATED)
   u_amber0/u_mem/u_dcache/ex_read_hit_way_reg_1_/D   1.9944   2.2110 f  -0.2165 (VIOLATED)
   u_amber1/u_coprocessor/R_2302/D   1.9903   2.2052 f     -0.2149  (VIOLATED)
   u_amber1/u_decode/R_613/D   1.9850        2.1958 r      -0.2108  (VIOLATED)
   u_amber0/u_coprocessor/R_2484/D   1.9946   2.2039 f     -0.2093  (VIOLATED)
   u_amber1/u_decode/R_655/D   1.9872        2.1961 r      -0.2089  (VIOLATED)
   u_amber0/u_coprocessor/R_3228/D   1.9946   2.1936 f     -0.1990  (VIOLATED)
   u_amber0/u_coprocessor/R_3223/D   1.9945   2.1935 f     -0.1989  (VIOLATED)
   u_amber0/u_coprocessor/R_3268/D   1.9945   2.1935 f     -0.1989  (VIOLATED)
   u_amber0/u_coprocessor/R_3273/D   1.9945   2.1934 f     -0.1989  (VIOLATED)
   u_amber0/u_coprocessor/R_3233/D   1.9946   2.1934 f     -0.1988  (VIOLATED)
   u_amber0/u_coprocessor/R_3140/D   1.9946   2.1934 f     -0.1987  (VIOLATED)
   u_amber0/u_coprocessor/R_3218/D   1.9944   2.1918 f     -0.1974  (VIOLATED)
   u_amber0/u_coprocessor/R_2467/D   1.9947   2.1806 r     -0.1859  (VIOLATED)
   u_amber0/u_coprocessor/R_2447/D   1.9947   2.1806 r     -0.1858  (VIOLATED)
   u_amber0/u_coprocessor/R_2459/D   1.9947   2.1806 r     -0.1858  (VIOLATED)
   u_amber1/u_decode/R_651/D   1.9862        2.1720 r      -0.1858  (VIOLATED)
   u_amber0/u_coprocessor/R_2439/D   1.9947   2.1799 r     -0.1851  (VIOLATED)
   u_amber0/u_coprocessor/R_2451/D   1.9947   2.1774 r     -0.1827  (VIOLATED)
   u_amber0/u_decode/R_64/D   1.9833         2.1627 r      -0.1794  (VIOLATED)
   u_amber1/u_fetch/u_cache/wb_address_reg_4_/D   1.9942   2.1701 f  -0.1759 (VIOLATED)
   u_amber1/u_fetch/u_cache/wb_address_reg_6_/D   1.9942   2.1701 f  -0.1759 (VIOLATED)
   u_amber1/u_fetch/u_cache/wb_address_reg_7_/D   1.9942   2.1701 f  -0.1759 (VIOLATED)
   u_amber1/u_fetch/u_cache/wb_address_reg_9_/D   1.9942   2.1701 f  -0.1759 (VIOLATED)
   u_amber1/u_fetch/u_cache/wb_address_reg_16_/D   1.9942   2.1701 f  -0.1759 (VIOLATED)
   u_amber1/u_fetch/u_cache/wb_address_reg_20_/D   1.9942   2.1701 f  -0.1759 (VIOLATED)
   u_amber1/u_fetch/u_cache/wb_address_reg_21_/D   1.9942   2.1701 f  -0.1759 (VIOLATED)
   u_amber1/u_fetch/u_cache/wb_address_reg_22_/D   1.9942   2.1701 f  -0.1759 (VIOLATED)
   u_amber1/u_fetch/u_cache/wb_address_reg_23_/D   1.9942   2.1701 f  -0.1759 (VIOLATED)
   u_amber1/u_fetch/u_cache/wb_address_reg_25_/D   1.9942   2.1701 f  -0.1759 (VIOLATED)
   u_amber1/u_fetch/u_cache/wb_address_reg_26_/D   1.9942   2.1701 f  -0.1759 (VIOLATED)
   u_amber1/u_fetch/u_cache/wb_address_reg_31_/D   1.9942   2.1701 f  -0.1759 (VIOLATED)
   u_amber1/u_coprocessor/R_2347/D   1.9945   2.1696 f     -0.1750  (VIOLATED)
   u_amber1/u_decode/R_633/D   1.9809        2.1517 r      -0.1708  (VIOLATED)
   u_amber1/u_execute/u_register_bank/R_369/D   1.9829   2.1526 r  -0.1697 (VIOLATED)
   u_amber1/u_execute/u_register_bank/R_371/D   1.9829   2.1526 r  -0.1697 (VIOLATED)
   u_amber1/u_execute/u_register_bank/R_383/D   1.9829   2.1526 r  -0.1697 (VIOLATED)
   u_amber1/u_execute/u_register_bank/R_389/D   1.9829   2.1526 r  -0.1697 (VIOLATED)
   u_amber1/u_execute/u_register_bank/R_391/D   1.9829   2.1526 r  -0.1697 (VIOLATED)
   u_amber1/u_execute/u_register_bank/R_399/D   1.9829   2.1526 r  -0.1697 (VIOLATED)
   u_amber1/u_execute/u_register_bank/R_1515/D   1.9829   2.1526 r  -0.1697 (VIOLATED)
   u_amber1/u_execute/u_register_bank/R_1517/D   1.9829   2.1526 r  -0.1697 (VIOLATED)
   u_amber1/u_execute/u_register_bank/R_1521/D   1.9829   2.1526 r  -0.1697 (VIOLATED)
   u_amber1/u_execute/u_register_bank/R_1523/D   1.9829   2.1526 r  -0.1697 (VIOLATED)
   u_amber1/u_execute/u_register_bank/R_1525/D   1.9829   2.1526 r  -0.1697 (VIOLATED)
   u_amber1/u_execute/u_register_bank/R_1527/D   1.9829   2.1526 r  -0.1697 (VIOLATED)
   u_amber1/u_execute/u_register_bank/R_1577/D   1.9829   2.1526 r  -0.1697 (VIOLATED)
   u_amber1/u_execute/u_register_bank/R_1581/D   1.9829   2.1526 r  -0.1697 (VIOLATED)
   u_amber1/u_execute/u_register_bank/R_1617/D   1.9829   2.1526 r  -0.1697 (VIOLATED)
   u_amber1/u_execute/u_register_bank/R_1619/D   1.9829   2.1526 r  -0.1697 (VIOLATED)
   u_amber1/u_execute/u_register_bank/R_1625/D   1.9829   2.1526 r  -0.1697 (VIOLATED)
   u_amber1/u_execute/u_register_bank/R_1793/D   1.9829   2.1526 r  -0.1697 (VIOLATED)
   u_amber1/u_execute/u_register_bank/R_1795/D   1.9829   2.1526 r  -0.1697 (VIOLATED)
   u_amber1/u_execute/u_register_bank/R_1797/D   1.9829   2.1526 r  -0.1697 (VIOLATED)
   u_amber1/u_execute/u_register_bank/R_1799/D   1.9829   2.1526 r  -0.1697 (VIOLATED)
   u_amber1/u_execute/u_register_bank/R_1801/D   1.9829   2.1526 r  -0.1697 (VIOLATED)
   u_amber1/u_execute/u_register_bank/R_1803/D   1.9829   2.1526 r  -0.1697 (VIOLATED)
   u_amber1/u_execute/u_register_bank/R_1805/D   1.9829   2.1526 r  -0.1697 (VIOLATED)
   u_amber1/u_execute/u_register_bank/R_1902/D   1.9829   2.1526 r  -0.1697 (VIOLATED)
   u_amber1/u_execute/u_register_bank/R_1908/D   1.9829   2.1526 r  -0.1697 (VIOLATED)
   u_amber1/u_execute/u_register_bank/R_2550/D   1.9829   2.1526 r  -0.1697 (VIOLATED)
   u_amber1/u_execute/u_register_bank/R_2554/D   1.9829   2.1526 r  -0.1697 (VIOLATED)
   u_amber1/u_execute/u_register_bank/R_2702/D   1.9829   2.1526 r  -0.1697 (VIOLATED)
   u_amber1/u_execute/u_register_bank/R_2704/D   1.9829   2.1526 r  -0.1697 (VIOLATED)
   u_amber1/u_execute/u_register_bank/R_2706/D   1.9829   2.1526 r  -0.1697 (VIOLATED)
   u_amber1/u_execute/u_register_bank/R_2708/D   1.9829   2.1526 r  -0.1697 (VIOLATED)
   u_amber1/u_execute/u_register_bank/R_2710/D   1.9829   2.1526 r  -0.1697 (VIOLATED)
   u_amber1/u_execute/u_register_bank/R_2712/D   1.9829   2.1526 r  -0.1697 (VIOLATED)
   u_amber1/u_execute/u_register_bank/R_2743/D   1.9829   2.1526 r  -0.1697 (VIOLATED)
   u_amber1/u_execute/u_register_bank/R_2805/D   1.9829   2.1526 r  -0.1697 (VIOLATED)
   u_amber1/u_execute/u_register_bank/R_3022/D   1.9829   2.1526 r  -0.1697 (VIOLATED)
   u_amber1/u_execute/u_register_bank/R_3026/D   1.9829   2.1526 r  -0.1697 (VIOLATED)
   u_amber1/u_execute/u_register_bank/R_3028/D   1.9829   2.1526 r  -0.1697 (VIOLATED)
   u_amber1/u_execute/u_register_bank/R_3030/D   1.9829   2.1526 r  -0.1697 (VIOLATED)
   u_amber1/u_execute/u_register_bank/R_3032/D   1.9829   2.1526 r  -0.1697 (VIOLATED)
   u_amber1/u_execute/u_register_bank/R_3058/D   1.9829   2.1526 r  -0.1697 (VIOLATED)
   u_amber1/u_execute/u_register_bank/R_4197/D   1.9829   2.1526 r  -0.1697 (VIOLATED)
   u_amber1/u_execute/u_register_bank/R_4201/D   1.9829   2.1526 r  -0.1697 (VIOLATED)
   u_amber1/u_execute/u_register_bank/R_4203/D   1.9829   2.1526 r  -0.1697 (VIOLATED)
   u_amber1/u_execute/u_register_bank/R_4308/D   1.9829   2.1526 r  -0.1697 (VIOLATED)
   u_amber1/u_execute/u_register_bank/R_4310/D   1.9829   2.1526 r  -0.1697 (VIOLATED)
   u_amber1/u_execute/u_register_bank/R_4312/D   1.9829   2.1526 r  -0.1697 (VIOLATED)
   u_amber1/u_execute/u_register_bank/R_4322/D   1.9829   2.1526 r  -0.1697 (VIOLATED)
   u_amber1/u_execute/u_register_bank/R_4332/D   1.9829   2.1526 r  -0.1697 (VIOLATED)
   u_amber1/u_execute/u_register_bank/R_4388/D   1.9829   2.1526 r  -0.1697 (VIOLATED)
   u_amber1/u_execute/u_register_bank/R_4478/D   1.9829   2.1526 r  -0.1697 (VIOLATED)
   u_amber1/u_execute/u_register_bank/R_4480/D   1.9829   2.1526 r  -0.1697 (VIOLATED)
   u_amber1/u_execute/u_register_bank/R_4482/D   1.9829   2.1526 r  -0.1697 (VIOLATED)
   u_amber1/u_execute/u_register_bank/R_4484/D   1.9829   2.1526 r  -0.1697 (VIOLATED)
   u_amber1/u_execute/u_register_bank/R_4486/D   1.9829   2.1526 r  -0.1697 (VIOLATED)
   u_amber1/u_execute/u_register_bank/R_4514/D   1.9829   2.1526 r  -0.1697 (VIOLATED)
   u_amber1/u_execute/u_register_bank/R_4516/D   1.9829   2.1526 r  -0.1697 (VIOLATED)
   u_amber1/u_execute/u_register_bank/R_4526/D   1.9829   2.1526 r  -0.1697 (VIOLATED)
   u_amber1/u_execute/u_register_bank/R_5403/D   1.9829   2.1526 r  -0.1697 (VIOLATED)
   u_amber1/u_execute/u_register_bank/R_5405/D   1.9829   2.1526 r  -0.1697 (VIOLATED)
   u_amber1/u_execute/u_register_bank/R_5407/D   1.9829   2.1526 r  -0.1697 (VIOLATED)
   u_amber1/u_execute/u_register_bank/R_5409/D   1.9829   2.1526 r  -0.1697 (VIOLATED)
   u_amber1/u_execute/u_register_bank/R_5411/D   1.9829   2.1526 r  -0.1697 (VIOLATED)
   u_amber1/u_execute/u_register_bank/R_5476/D   1.9829   2.1526 r  -0.1697 (VIOLATED)
   u_amber1/u_execute/u_register_bank/R_5484/D   1.9829   2.1526 r  -0.1697 (VIOLATED)
   u_amber1/u_execute/u_register_bank/R_5488/D   1.9829   2.1526 r  -0.1697 (VIOLATED)
   u_amber1/u_execute/u_register_bank/R_5490/D   1.9829   2.1526 r  -0.1697 (VIOLATED)
   u_amber0/u_decode/R_1141/D   1.9943       2.1621 f      -0.1678  (VIOLATED)
   u_amber1/u_decode/R_2980/D   1.9915       2.1578 r      -0.1664  (VIOLATED)
   u_amber1/u_fetch/u_cache/wb_address_reg_12_/D   1.9938   2.1555 f  -0.1616 (VIOLATED)
   u_amber1/u_decode/R_659/D   1.9849        2.1413 r      -0.1565  (VIOLATED)
   u_amber1/u_decode/R_3925/D   1.9898       2.1441 r      -0.1543  (VIOLATED)
   u_amber1/u_decode/R_3955/D   1.9898       2.1432 r      -0.1534  (VIOLATED)
   u_amber1/u_decode/R_3940/D   1.9898       2.1432 r      -0.1534  (VIOLATED)
   u_amber1/u_decode/R_3945/D   1.9898       2.1432 r      -0.1534  (VIOLATED)
   u_amber1/u_decode/R_3975/D   1.9898       2.1432 r      -0.1534  (VIOLATED)
   u_amber1/u_decode/R_3950/D   1.9899       2.1431 r      -0.1532  (VIOLATED)
   u_amber1/u_decode/R_3990/D   1.9899       2.1431 r      -0.1532  (VIOLATED)
   u_amber1/u_decode/R_3965/D   1.9900       2.1430 r      -0.1530  (VIOLATED)
   u_amber1/u_decode/R_629/D   1.9878        2.1392 r      -0.1514  (VIOLATED)
   u_amber1/u_mem/u_dcache/ex_read_address_reg_0_/D   1.9876   2.1377 r  -0.1501 (VIOLATED)
   u_amber1/u_mem/u_dcache/ex_read_address_reg_1_/D   1.9876   2.1377 r  -0.1501 (VIOLATED)
   u_amber1/u_mem/u_dcache/ex_read_address_reg_2_/D   1.9876   2.1377 r  -0.1501 (VIOLATED)
   u_amber1/u_mem/u_dcache/ex_read_address_reg_3_/D   1.9876   2.1377 r  -0.1501 (VIOLATED)
   u_amber1/u_mem/u_dcache/ex_read_address_reg_4_/D   1.9876   2.1377 r  -0.1501 (VIOLATED)
   u_amber1/u_mem/u_dcache/ex_read_address_reg_5_/D   1.9876   2.1377 r  -0.1501 (VIOLATED)
   u_amber1/u_mem/u_dcache/ex_read_address_reg_6_/D   1.9876   2.1377 r  -0.1501 (VIOLATED)
   u_amber1/u_mem/u_dcache/ex_read_address_reg_7_/D   1.9876   2.1377 r  -0.1501 (VIOLATED)
   u_amber1/u_fetch/u_cache/wb_address_reg_15_/D   1.9936   2.1424 f  -0.1488 (VIOLATED)
   u_amber1/u_fetch/u_cache/wb_address_reg_30_/D   1.9936   2.1424 f  -0.1488 (VIOLATED)
   u_amber0/u_coprocessor/R_3278/D   1.9945   2.1431 r     -0.1487  (VIOLATED)
   u_amber0/u_coprocessor/R_3170/D   1.9946   2.1431 r     -0.1485  (VIOLATED)
   u_amber0/u_coprocessor/R_3180/D   1.9946   2.1431 r     -0.1485  (VIOLATED)
   u_amber0/u_coprocessor/R_3165/D   1.9945   2.1423 r     -0.1479  (VIOLATED)
   u_amber0/u_coprocessor/R_3160/D   1.9945   2.1423 r     -0.1478  (VIOLATED)
   u_amber0/u_coprocessor/R_3185/D   1.9945   2.1423 r     -0.1478  (VIOLATED)
   u_amber0/u_coprocessor/R_3150/D   1.9946   2.1423 r     -0.1477  (VIOLATED)
   u_amber0/u_coprocessor/R_3175/D   1.9946   2.1423 r     -0.1477  (VIOLATED)
   u_amber0/u_coprocessor/R_3155/D   1.9946   2.1398 r     -0.1452  (VIOLATED)
   u_amber0/u_coprocessor/R_3145/D   1.9946   2.1352 r     -0.1406  (VIOLATED)
   u_amber0/u_coprocessor/R_3253/D   1.9945   2.1302 f     -0.1357  (VIOLATED)
   u_amber0/u_coprocessor/R_3263/D   1.9945   2.1295 f     -0.1350  (VIOLATED)
   u_amber0/u_coprocessor/R_3283/D   1.9945   2.1293 f     -0.1347  (VIOLATED)
   u_amber0/u_coprocessor/R_3258/D   1.9944   2.1277 f     -0.1332  (VIOLATED)
   u_amber1/u_decode/R_625/D   1.9879        2.1094 r      -0.1215  (VIOLATED)
   u_amber0/u_decode/R_1232/D   1.9888       2.1090 r      -0.1202  (VIOLATED)
   u_amber0/u_decode/R_1224/D   1.9867       2.1052 r      -0.1185  (VIOLATED)
   u_amber1/u_fetch/u_cache/wb_address_reg_11_/D   1.9942   2.1117 f  -0.1175 (VIOLATED)
   u_amber1/u_fetch/u_cache/wb_address_reg_17_/D   1.9942   2.1117 f  -0.1175 (VIOLATED)
   u_amber1/u_fetch/u_cache/wb_address_reg_18_/D   1.9942   2.1117 f  -0.1175 (VIOLATED)
   u_amber1/u_fetch/u_cache/wb_address_reg_19_/D   1.9942   2.1117 f  -0.1175 (VIOLATED)
   u_amber1/u_fetch/u_cache/wb_address_reg_29_/D   1.9942   2.1117 f  -0.1175 (VIOLATED)
   u_amber0/u_decode/R_1220/D   1.9857       2.1015 r      -0.1159  (VIOLATED)
   u_amber1/u_decode/R_621/D   1.9880        2.1013 r      -0.1132  (VIOLATED)
   u_amber1/u_decode/R_3791/D   1.9886       2.1012 r      -0.1125  (VIOLATED)
   u_amber1/u_fetch/u_cache/wb_address_reg_27_/D   1.9926   2.0997 r  -0.1072 (VIOLATED)
   u_amber1/u_fetch/u_cache/wb_address_reg_24_/D   1.9926   2.0997 r  -0.1071 (VIOLATED)
   u_amber1/u_fetch/u_cache/wb_address_reg_14_/D   1.9942   2.1013 f  -0.1070 (VIOLATED)
   u_amber1/u_fetch/u_cache/wb_address_reg_28_/D   1.9942   2.1013 f  -0.1070 (VIOLATED)
   u_amber1/u_fetch/u_cache/wb_address_reg_13_/D   1.9942   2.1013 f  -0.1070 (VIOLATED)
   u_amber1/u_fetch/u_cache/wb_address_reg_5_/D   1.9943   2.1013 f  -0.1070 (VIOLATED)
   u_amber1/u_fetch/u_cache/wb_address_reg_8_/D   1.9943   2.1013 f  -0.1070 (VIOLATED)
   u_amber1/u_fetch/u_cache/wb_address_reg_10_/D   1.9943   2.1013 f  -0.1070 (VIOLATED)
   u_amber1/u_decode/R_3920/D   1.9841       2.0888 r      -0.1047  (VIOLATED)
   u_amber0/u_decode/R_1228/D   1.9879       2.0751 r      -0.0872  (VIOLATED)
   u_amber0/u_mem/u_dcache/ex_read_hit_way_reg_0_/D   1.9947   2.0798 f  -0.0852 (VIOLATED)
   u_amber0/u_mem/u_dcache/ex_read_hit_way_reg_2_/D   1.9947   2.0798 f  -0.0852 (VIOLATED)
   u_amber1/u_coprocessor/R_2342/D   1.9945   2.0455 r     -0.0510  (VIOLATED)
   u_amber1/u_coprocessor/R_2367/D   1.9945   2.0455 r     -0.0510  (VIOLATED)
   u_amber0/u_coprocessor/R_3243/D   1.9945   2.0445 r     -0.0501  (VIOLATED)
   u_amber0/u_coprocessor/R_3238/D   1.9945   2.0443 f     -0.0498  (VIOLATED)
   u_amber1/u_decode/R_323/D   1.9945        2.0418 r      -0.0473  (VIOLATED)
   u_amber0/u_decode/R_60/D   1.9851         2.0296 r      -0.0445  (VIOLATED)
   u_amber0/u_decode/R_1216/D   1.9830       2.0216 r      -0.0386  (VIOLATED)
   u_amber1/u_decode/R_344/D   1.9824        2.0196 r      -0.0372  (VIOLATED)
   u_amber0/u_decode/R_88/D   1.9838         2.0203 r      -0.0366  (VIOLATED)
   u_amber0/u_decode/R_76/D   1.9810         2.0111 r      -0.0301  (VIOLATED)
   u_amber0/u_decode/R_92/D   1.9810         1.9984 r      -0.0175  (VIOLATED)
   u_amber1/u_mem/u_dcache/ex_read_hit_r_reg/D   1.9896   2.0011 r  -0.0115 (VIOLATED)


   min_delay/hold ('mrx_clk' group)

                             Required        Actual
   Endpoint                 Path Delay     Path Delay        Slack
   -----------------------------------------------------------------
   u_eth_top/ethreg1/ResetRxCIrq_sync2_reg/D   0.1053   0.0709 f  -0.0345 (VIOLATED)
   u_eth_top/WillTransmit_q_reg/D   0.0998   0.0708 f      -0.0289  (VIOLATED)
   u_eth_top/RxAbortRst_reg/D   0.0998       0.0719 f      -0.0278  (VIOLATED)
   u_eth_top/rxethmac1/RxStartFrm_reg/D   0.0998   0.0719 f  -0.0278 (VIOLATED)
   u_eth_top/rxethmac1/RxValid_reg/D   0.0998   0.0719 f   -0.0278  (VIOLATED)
   u_eth_top/wishbone/RxAbortSyncb2_reg/D   0.0998   0.0719 f  -0.0278 (VIOLATED)
   u_eth_top/wishbone/RxStatusWriteLatched_sync2_reg/D   0.0998   0.0719 f  -0.0278 (VIOLATED)
   u_eth_top/WillTransmit_q2_reg/D   0.0998   0.0720 f     -0.0278  (VIOLATED)
   u_eth_top/wishbone/Busy_IRQ_syncb2_reg/D   0.0998   0.0720 f  -0.0278 (VIOLATED)
   u_eth_top/wishbone/ShiftEndedSync_c2_reg/D   0.0997   0.0820 f  -0.0176 (VIOLATED)
   u_eth_top/rxethmac1/RxData_reg_0_/D   0.0997   0.0822 f  -0.0175 (VIOLATED)
   u_eth_top/rxethmac1/RxData_reg_1_/D   0.0997   0.0822 f  -0.0175 (VIOLATED)
   u_eth_top/rxethmac1/RxData_reg_2_/D   0.0997   0.0822 f  -0.0175 (VIOLATED)
   u_eth_top/rxethmac1/RxData_reg_3_/D   0.0997   0.0822 f  -0.0175 (VIOLATED)
   u_eth_top/rxethmac1/RxData_reg_4_/D   0.0997   0.0822 f  -0.0175 (VIOLATED)
   u_eth_top/rxethmac1/RxData_reg_6_/D   0.0997   0.0822 f  -0.0175 (VIOLATED)
   u_eth_top/rxethmac1/RxData_reg_7_/D   0.0997   0.0822 f  -0.0175 (VIOLATED)
   u_eth_top/ethreg1/ResetRxCIrq_sync3_reg/D   0.0997   0.0868 f  -0.0129 (VIOLATED)
   u_eth_top/rxethmac1/RxData_reg_5_/D   0.0996   0.0869 f  -0.0128 (VIOLATED)
   u_eth_top/rxethmac1/LatchedByte_reg_2_/D   0.0996   0.0899 f  -0.0096 (VIOLATED)
   u_eth_top/rxethmac1/LatchedByte_reg_1_/D   0.0995   0.0902 f  -0.0094 (VIOLATED)
   u_eth_top/rxethmac1/LatchedByte_reg_0_/D   0.0995   0.0906 f  -0.0089 (VIOLATED)
   u_eth_top/rxethmac1/LatchedByte_reg_3_/D   0.0942   0.0892 r  -0.0050 (VIOLATED)


   min_delay/hold ('mtx_clk' group)

                             Required        Actual
   Endpoint                 Path Delay     Path Delay        Slack
   -----------------------------------------------------------------
   u_eth_top/wishbone/BlockingTxStatusWrite_sync2_reg/D   0.1053   0.0709 f  -0.0345 (VIOLATED)
   u_eth_top/maccontrol1/receivecontrol1/PauseTimerEq0_sync2_reg/D   0.0998   0.0715 f  -0.0283 (VIOLATED)
   u_eth_top/CarrierSense_Tx2_reg/D   0.0998   0.0719 f    -0.0278  (VIOLATED)
   u_eth_top/TxPauseRq_sync2_reg/D   0.0998   0.0719 f     -0.0278  (VIOLATED)
   u_eth_top/txethmac1/PacketFinished_q_reg/D   0.0998   0.0719 f  -0.0278 (VIOLATED)
   u_eth_top/wishbone/ReadTxDataFromFifo_syncb2_reg/D   0.0998   0.0719 f  -0.0278 (VIOLATED)
   u_eth_top/wishbone/TxStartFrm_sync2_reg/D   0.0998   0.0719 f  -0.0278 (VIOLATED)
   u_eth_top/txethmac1/random1/x_reg_4_/D   0.1005   0.0807 f  -0.0199 (VIOLATED)
   u_eth_top/txethmac1/random1/x_reg_6_/D   0.0997   0.0819 f  -0.0178 (VIOLATED)
   u_eth_top/txethmac1/random1/x_reg_9_/D   0.0997   0.0820 f  -0.0176 (VIOLATED)
   u_eth_top/txethmac1/random1/x_reg_2_/D   0.0997   0.0821 f  -0.0176 (VIOLATED)
   u_eth_top/txethmac1/random1/x_reg_7_/D   0.0997   0.0821 f  -0.0176 (VIOLATED)
   u_eth_top/wishbone/ReadTxDataFromFifo_syncb3_reg/D   0.0997   0.0821 f  -0.0176 (VIOLATED)
   u_eth_top/txethmac1/random1/x_reg_1_/D   0.0997   0.0821 f  -0.0175 (VIOLATED)
   u_eth_top/txethmac1/random1/x_reg_8_/D   0.0997   0.0822 f  -0.0175 (VIOLATED)
   u_eth_top/TxPauseRq_sync3_reg/D   0.0996   0.0826 f     -0.0170  (VIOLATED)
   u_eth_top/txethmac1/random1/x_reg_5_/D   0.0997   0.0868 f  -0.0129 (VIOLATED)
   u_eth_top/wishbone/BlockingTxStatusWrite_sync3_reg/D   0.0997   0.0868 f  -0.0129 (VIOLATED)
   u_eth_top/maccontrol1/transmitcontrol1/TxCtrlStartFrm_q_reg/D   0.0996   0.0883 f  -0.0113 (VIOLATED)
   u_eth_top/txethmac1/random1/x_reg_3_/D   0.0996   0.0898 f  -0.0098 (VIOLATED)


   max_capacitance

                             Required        Actual
   Net                      Capacitance    Capacitance       Slack
   -----------------------------------------------------------------
   md_pad_o                  21.3300        47.3703       -26.0403  (VIOLATED)
   u_iobuf/n2                38.4500        39.8229        -1.3729  (VIOLATED)
   u_eth_top/ethreg1/n329    38.4500        39.0647        -0.6147  (VIOLATED)

   -----------------------------------------------------------------
   Total                      3               -28.0279  

   min_capacitance

                             Required        Actual
   Net                      Capacitance    Capacitance       Slack
   -----------------------------------------------------------------
   u_boot_mem_wrapper/u_boot_mem/cs7   0.1500   0.0049     -0.1451  (VIOLATED)
   u_boot_mem_wrapper/u_boot_mem/ram_select[1]   0.1500   0.0049  -0.1451 (VIOLATED)
   u_boot_mem_wrapper/u_boot_mem/ram_select[2]   0.1500   0.0049  -0.1451 (VIOLATED)
   u_boot_mem_wrapper/u_boot_mem/ram_select[3]   0.1500   0.0049  -0.1451 (VIOLATED)
   u_boot_mem_wrapper/u_boot_mem/ram_select[4]   0.1500   0.0049  -0.1451 (VIOLATED)
   u_boot_mem_wrapper/u_boot_mem/ram_select[5]   0.1500   0.0049  -0.1451 (VIOLATED)
   u_boot_mem_wrapper/u_boot_mem/ram_select[6]   0.1500   0.0049  -0.1451 (VIOLATED)
   u_boot_mem_wrapper/u_boot_mem/ram_select[7]   0.1500   0.0049  -0.1451 (VIOLATED)
   u_amber0/u_fetch/u_cache/tag_wenable_way[0]   0.1500   0.0089  -0.1411 (VIOLATED)
   u_amber0/u_fetch/u_cache/tag_wenable_way[1]   0.1500   0.0089  -0.1411 (VIOLATED)
   u_amber0/u_fetch/u_cache/tag_wenable_way[2]   0.1500   0.0089  -0.1411 (VIOLATED)
   u_amber0/u_fetch/u_cache/tag_wenable_way[3]   0.1500   0.0089  -0.1411 (VIOLATED)
   u_amber0/u_mem/u_dcache/tag_wenable_way[0]   0.1500   0.0089  -0.1411 (VIOLATED)
   u_amber0/u_mem/u_dcache/tag_wenable_way[1]   0.1500   0.0089  -0.1411 (VIOLATED)
   u_amber0/u_mem/u_dcache/tag_wenable_way[2]   0.1500   0.0089  -0.1411 (VIOLATED)
   u_amber0/u_mem/u_dcache/tag_wenable_way[3]   0.1500   0.0089  -0.1411 (VIOLATED)
   u_amber1/u_fetch/u_cache/tag_wenable_way[0]   0.1500   0.0089  -0.1411 (VIOLATED)
   u_amber1/u_fetch/u_cache/tag_wenable_way[1]   0.1500   0.0089  -0.1411 (VIOLATED)
   u_amber1/u_fetch/u_cache/tag_wenable_way[2]   0.1500   0.0089  -0.1411 (VIOLATED)
   u_amber1/u_fetch/u_cache/tag_wenable_way[3]   0.1500   0.0089  -0.1411 (VIOLATED)
   u_amber1/u_mem/u_dcache/tag_wenable_way[0]   0.1500   0.0089  -0.1411 (VIOLATED)
   u_amber1/u_mem/u_dcache/tag_wenable_way[1]   0.1500   0.0089  -0.1411 (VIOLATED)
   u_amber1/u_mem/u_dcache/tag_wenable_way[2]   0.1500   0.0089  -0.1411 (VIOLATED)
   u_amber1/u_mem/u_dcache/tag_wenable_way[3]   0.1500   0.0089  -0.1411 (VIOLATED)
   u_eth_top/wishbone/bd_ram/N2   0.1500     0.0089        -0.1411  (VIOLATED)
   u_amber0/u_fetch/u_cache/tag_wdata[0]   0.1500   0.0204  -0.1296 (VIOLATED)
   u_amber0/u_fetch/u_cache/tag_wdata[1]   0.1500   0.0204  -0.1296 (VIOLATED)
   u_amber0/u_fetch/u_cache/tag_wdata[2]   0.1500   0.0204  -0.1296 (VIOLATED)
   u_amber0/u_fetch/u_cache/tag_wdata[3]   0.1500   0.0204  -0.1296 (VIOLATED)
   u_amber0/u_fetch/u_cache/tag_wdata[4]   0.1500   0.0204  -0.1296 (VIOLATED)
   u_amber0/u_fetch/u_cache/tag_wdata[5]   0.1500   0.0204  -0.1296 (VIOLATED)
   u_amber0/u_fetch/u_cache/tag_wdata[6]   0.1500   0.0204  -0.1296 (VIOLATED)
   u_amber0/u_fetch/u_cache/tag_wdata[7]   0.1500   0.0204  -0.1296 (VIOLATED)
   u_amber0/u_fetch/u_cache/tag_wdata[8]   0.1500   0.0204  -0.1296 (VIOLATED)
   u_amber0/u_fetch/u_cache/tag_wdata[9]   0.1500   0.0204  -0.1296 (VIOLATED)
   u_amber0/u_fetch/u_cache/tag_wdata[10]   0.1500   0.0204  -0.1296 (VIOLATED)
   u_amber0/u_fetch/u_cache/tag_wdata[11]   0.1500   0.0204  -0.1296 (VIOLATED)
   u_amber0/u_fetch/u_cache/tag_wdata[12]   0.1500   0.0204  -0.1296 (VIOLATED)
   u_amber0/u_fetch/u_cache/tag_wdata[13]   0.1500   0.0204  -0.1296 (VIOLATED)
   u_amber0/u_fetch/u_cache/tag_wdata[14]   0.1500   0.0204  -0.1296 (VIOLATED)
   u_amber0/u_fetch/u_cache/tag_wdata[15]   0.1500   0.0204  -0.1296 (VIOLATED)
   u_amber0/u_fetch/u_cache/tag_wdata[16]   0.1500   0.0204  -0.1296 (VIOLATED)
   u_amber0/u_fetch/u_cache/tag_wdata[17]   0.1500   0.0204  -0.1296 (VIOLATED)
   u_amber0/u_fetch/u_cache/tag_wdata[18]   0.1500   0.0204  -0.1296 (VIOLATED)
   u_amber0/u_fetch/u_cache/tag_wdata[19]   0.1500   0.0204  -0.1296 (VIOLATED)
   u_amber0/u_mem/u_dcache/tag_wdata[0]   0.1500   0.0204  -0.1296  (VIOLATED)
   u_amber0/u_mem/u_dcache/tag_wdata[1]   0.1500   0.0204  -0.1296  (VIOLATED)
   u_amber0/u_mem/u_dcache/tag_wdata[2]   0.1500   0.0204  -0.1296  (VIOLATED)
   u_amber0/u_mem/u_dcache/tag_wdata[3]   0.1500   0.0204  -0.1296  (VIOLATED)
   u_amber0/u_mem/u_dcache/tag_wdata[4]   0.1500   0.0204  -0.1296  (VIOLATED)
   u_amber0/u_mem/u_dcache/tag_wdata[5]   0.1500   0.0204  -0.1296  (VIOLATED)
   u_amber0/u_mem/u_dcache/tag_wdata[6]   0.1500   0.0204  -0.1296  (VIOLATED)
   u_amber0/u_mem/u_dcache/tag_wdata[7]   0.1500   0.0204  -0.1296  (VIOLATED)
   u_amber0/u_mem/u_dcache/tag_wdata[8]   0.1500   0.0204  -0.1296  (VIOLATED)
   u_amber0/u_mem/u_dcache/tag_wdata[9]   0.1500   0.0204  -0.1296  (VIOLATED)
   u_amber0/u_mem/u_dcache/tag_wdata[10]   0.1500   0.0204  -0.1296 (VIOLATED)
   u_amber0/u_mem/u_dcache/tag_wdata[11]   0.1500   0.0204  -0.1296 (VIOLATED)
   u_amber0/u_mem/u_dcache/tag_wdata[12]   0.1500   0.0204  -0.1296 (VIOLATED)
   u_amber0/u_mem/u_dcache/tag_wdata[13]   0.1500   0.0204  -0.1296 (VIOLATED)
   u_amber0/u_mem/u_dcache/tag_wdata[14]   0.1500   0.0204  -0.1296 (VIOLATED)
   u_amber0/u_mem/u_dcache/tag_wdata[15]   0.1500   0.0204  -0.1296 (VIOLATED)
   u_amber0/u_mem/u_dcache/tag_wdata[16]   0.1500   0.0204  -0.1296 (VIOLATED)
   u_amber0/u_mem/u_dcache/tag_wdata[17]   0.1500   0.0204  -0.1296 (VIOLATED)
   u_amber0/u_mem/u_dcache/tag_wdata[18]   0.1500   0.0204  -0.1296 (VIOLATED)
   u_amber0/u_mem/u_dcache/tag_wdata[19]   0.1500   0.0204  -0.1296 (VIOLATED)
   u_amber1/u_fetch/u_cache/tag_wdata[0]   0.1500   0.0204  -0.1296 (VIOLATED)
   u_amber1/u_fetch/u_cache/tag_wdata[1]   0.1500   0.0204  -0.1296 (VIOLATED)
   u_amber1/u_fetch/u_cache/tag_wdata[2]   0.1500   0.0204  -0.1296 (VIOLATED)
   u_amber1/u_fetch/u_cache/tag_wdata[3]   0.1500   0.0204  -0.1296 (VIOLATED)
   u_amber1/u_fetch/u_cache/tag_wdata[4]   0.1500   0.0204  -0.1296 (VIOLATED)
   u_amber1/u_fetch/u_cache/tag_wdata[5]   0.1500   0.0204  -0.1296 (VIOLATED)
   u_amber1/u_fetch/u_cache/tag_wdata[6]   0.1500   0.0204  -0.1296 (VIOLATED)
   u_amber1/u_fetch/u_cache/tag_wdata[7]   0.1500   0.0204  -0.1296 (VIOLATED)
   u_amber1/u_fetch/u_cache/tag_wdata[8]   0.1500   0.0204  -0.1296 (VIOLATED)
   u_amber1/u_fetch/u_cache/tag_wdata[9]   0.1500   0.0204  -0.1296 (VIOLATED)
   u_amber1/u_fetch/u_cache/tag_wdata[10]   0.1500   0.0204  -0.1296 (VIOLATED)
   u_amber1/u_fetch/u_cache/tag_wdata[11]   0.1500   0.0204  -0.1296 (VIOLATED)
   u_amber1/u_fetch/u_cache/tag_wdata[12]   0.1500   0.0204  -0.1296 (VIOLATED)
   u_amber1/u_fetch/u_cache/tag_wdata[13]   0.1500   0.0204  -0.1296 (VIOLATED)
   u_amber1/u_fetch/u_cache/tag_wdata[14]   0.1500   0.0204  -0.1296 (VIOLATED)
   u_amber1/u_fetch/u_cache/tag_wdata[15]   0.1500   0.0204  -0.1296 (VIOLATED)
   u_amber1/u_fetch/u_cache/tag_wdata[16]   0.1500   0.0204  -0.1296 (VIOLATED)
   u_amber1/u_fetch/u_cache/tag_wdata[17]   0.1500   0.0204  -0.1296 (VIOLATED)
   u_amber1/u_fetch/u_cache/tag_wdata[18]   0.1500   0.0204  -0.1296 (VIOLATED)
   u_amber1/u_fetch/u_cache/tag_wdata[19]   0.1500   0.0204  -0.1296 (VIOLATED)
   u_amber1/u_mem/u_dcache/tag_wdata[0]   0.1500   0.0204  -0.1296  (VIOLATED)
   u_amber1/u_mem/u_dcache/tag_wdata[1]   0.1500   0.0204  -0.1296  (VIOLATED)
   u_amber1/u_mem/u_dcache/tag_wdata[2]   0.1500   0.0204  -0.1296  (VIOLATED)
   u_amber1/u_mem/u_dcache/tag_wdata[3]   0.1500   0.0204  -0.1296  (VIOLATED)
   u_amber1/u_mem/u_dcache/tag_wdata[4]   0.1500   0.0204  -0.1296  (VIOLATED)
   u_amber1/u_mem/u_dcache/tag_wdata[5]   0.1500   0.0204  -0.1296  (VIOLATED)
   u_amber1/u_mem/u_dcache/tag_wdata[6]   0.1500   0.0204  -0.1296  (VIOLATED)
   u_amber1/u_mem/u_dcache/tag_wdata[7]   0.1500   0.0204  -0.1296  (VIOLATED)
   u_amber1/u_mem/u_dcache/tag_wdata[8]   0.1500   0.0204  -0.1296  (VIOLATED)
   u_amber1/u_mem/u_dcache/tag_wdata[9]   0.1500   0.0204  -0.1296  (VIOLATED)
   u_amber1/u_mem/u_dcache/tag_wdata[10]   0.1500   0.0204  -0.1296 (VIOLATED)
   u_amber1/u_mem/u_dcache/tag_wdata[11]   0.1500   0.0204  -0.1296 (VIOLATED)
   u_amber1/u_mem/u_dcache/tag_wdata[12]   0.1500   0.0204  -0.1296 (VIOLATED)
   u_amber1/u_mem/u_dcache/tag_wdata[13]   0.1500   0.0204  -0.1296 (VIOLATED)
   u_amber1/u_mem/u_dcache/tag_wdata[14]   0.1500   0.0204  -0.1296 (VIOLATED)
   u_amber1/u_mem/u_dcache/tag_wdata[15]   0.1500   0.0204  -0.1296 (VIOLATED)
   u_amber1/u_mem/u_dcache/tag_wdata[16]   0.1500   0.0204  -0.1296 (VIOLATED)
   u_amber1/u_mem/u_dcache/tag_wdata[17]   0.1500   0.0204  -0.1296 (VIOLATED)
   u_amber1/u_mem/u_dcache/tag_wdata[18]   0.1500   0.0204  -0.1296 (VIOLATED)
   u_amber1/u_mem/u_dcache/tag_wdata[19]   0.1500   0.0204  -0.1296 (VIOLATED)
   u_amber0/u_fetch/u_cache/n172   0.1500    0.0284        -0.1216  (VIOLATED)
   u_amber0/u_fetch/u_cache/n173   0.1500    0.0284        -0.1216  (VIOLATED)
   u_amber0/u_fetch/u_cache/n174   0.1500    0.0284        -0.1216  (VIOLATED)
   u_amber0/u_fetch/u_cache/n175   0.1500    0.0284        -0.1216  (VIOLATED)
   u_amber0/u_fetch/u_cache/n176   0.1500    0.0284        -0.1216  (VIOLATED)
   u_amber0/u_fetch/u_cache/n177   0.1500    0.0284        -0.1216  (VIOLATED)
   u_amber0/u_fetch/u_cache/n178   0.1500    0.0284        -0.1216  (VIOLATED)
   u_amber0/u_fetch/u_cache/n179   0.1500    0.0284        -0.1216  (VIOLATED)
   u_amber0/u_mem/u_dcache/tag_address[0]   0.1500   0.0284  -0.1216 (VIOLATED)
   u_amber0/u_mem/u_dcache/tag_address[1]   0.1500   0.0284  -0.1216 (VIOLATED)
   u_amber0/u_mem/u_dcache/tag_address[2]   0.1500   0.0284  -0.1216 (VIOLATED)
   u_amber0/u_mem/u_dcache/tag_address[3]   0.1500   0.0284  -0.1216 (VIOLATED)
   u_amber0/u_mem/u_dcache/tag_address[4]   0.1500   0.0284  -0.1216 (VIOLATED)
   u_amber0/u_mem/u_dcache/tag_address[5]   0.1500   0.0284  -0.1216 (VIOLATED)
   u_amber0/u_mem/u_dcache/tag_address[6]   0.1500   0.0284  -0.1216 (VIOLATED)
   u_amber0/u_mem/u_dcache/tag_address[7]   0.1500   0.0284  -0.1216 (VIOLATED)
   u_amber1/u_fetch/u_cache/n285   0.1500    0.0284        -0.1216  (VIOLATED)
   u_amber1/u_fetch/u_cache/n286   0.1500    0.0284        -0.1216  (VIOLATED)
   u_amber1/u_fetch/u_cache/n287   0.1500    0.0284        -0.1216  (VIOLATED)
   u_amber1/u_fetch/u_cache/n288   0.1500    0.0284        -0.1216  (VIOLATED)
   u_amber1/u_fetch/u_cache/n289   0.1500    0.0284        -0.1216  (VIOLATED)
   u_amber1/u_fetch/u_cache/n290   0.1500    0.0284        -0.1216  (VIOLATED)
   u_amber1/u_fetch/u_cache/n291   0.1500    0.0284        -0.1216  (VIOLATED)
   u_amber1/u_fetch/u_cache/n292   0.1500    0.0284        -0.1216  (VIOLATED)
   u_amber1/u_mem/u_dcache/tag_address[0]   0.1500   0.0284  -0.1216 (VIOLATED)
   u_amber1/u_mem/u_dcache/tag_address[1]   0.1500   0.0284  -0.1216 (VIOLATED)
   u_amber1/u_mem/u_dcache/tag_address[2]   0.1500   0.0284  -0.1216 (VIOLATED)
   u_amber1/u_mem/u_dcache/tag_address[3]   0.1500   0.0284  -0.1216 (VIOLATED)
   u_amber1/u_mem/u_dcache/tag_address[4]   0.1500   0.0284  -0.1216 (VIOLATED)
   u_amber1/u_mem/u_dcache/tag_address[5]   0.1500   0.0284  -0.1216 (VIOLATED)
   u_amber1/u_mem/u_dcache/tag_address[6]   0.1500   0.0284  -0.1216 (VIOLATED)
   u_amber1/u_mem/u_dcache/tag_address[7]   0.1500   0.0284  -0.1216 (VIOLATED)
   s_wb_dat_w_1__0_           0.1500         0.0543        -0.0957  (VIOLATED)
   s_wb_dat_w_1__1_           0.1500         0.0543        -0.0957  (VIOLATED)
   s_wb_dat_w_1__2_           0.1500         0.0543        -0.0957  (VIOLATED)
   s_wb_dat_w_1__3_           0.1500         0.0543        -0.0957  (VIOLATED)
   s_wb_dat_w_1__4_           0.1500         0.0543        -0.0957  (VIOLATED)
   s_wb_dat_w_1__5_           0.1500         0.0543        -0.0957  (VIOLATED)
   s_wb_dat_w_1__6_           0.1500         0.0543        -0.0957  (VIOLATED)
   s_wb_dat_w_1__7_           0.1500         0.0543        -0.0957  (VIOLATED)
   s_wb_dat_w_1__8_           0.1500         0.0543        -0.0957  (VIOLATED)
   s_wb_dat_w_1__9_           0.1500         0.0543        -0.0957  (VIOLATED)
   s_wb_dat_w_1__10_          0.1500         0.0543        -0.0957  (VIOLATED)
   s_wb_dat_w_1__11_          0.1500         0.0543        -0.0957  (VIOLATED)
   s_wb_dat_w_1__12_          0.1500         0.0543        -0.0957  (VIOLATED)
   s_wb_dat_w_1__13_          0.1500         0.0543        -0.0957  (VIOLATED)
   s_wb_dat_w_1__14_          0.1500         0.0543        -0.0957  (VIOLATED)
   s_wb_dat_w_1__15_          0.1500         0.0543        -0.0957  (VIOLATED)
   s_wb_dat_w_1__16_          0.1500         0.0543        -0.0957  (VIOLATED)
   s_wb_dat_w_1__17_          0.1500         0.0543        -0.0957  (VIOLATED)
   s_wb_dat_w_1__18_          0.1500         0.0543        -0.0957  (VIOLATED)
   s_wb_dat_w_1__19_          0.1500         0.0543        -0.0957  (VIOLATED)
   s_wb_dat_w_1__20_          0.1500         0.0543        -0.0957  (VIOLATED)
   s_wb_dat_w_1__21_          0.1500         0.0543        -0.0957  (VIOLATED)
   s_wb_dat_w_1__22_          0.1500         0.0543        -0.0957  (VIOLATED)
   s_wb_dat_w_1__23_          0.1500         0.0543        -0.0957  (VIOLATED)
   s_wb_dat_w_1__24_          0.1500         0.0543        -0.0957  (VIOLATED)
   s_wb_dat_w_1__25_          0.1500         0.0543        -0.0957  (VIOLATED)
   s_wb_dat_w_1__26_          0.1500         0.0543        -0.0957  (VIOLATED)
   s_wb_dat_w_1__27_          0.1500         0.0543        -0.0957  (VIOLATED)
   s_wb_dat_w_1__28_          0.1500         0.0543        -0.0957  (VIOLATED)
   s_wb_dat_w_1__29_          0.1500         0.0543        -0.0957  (VIOLATED)
   s_wb_dat_w_1__30_          0.1500         0.0543        -0.0957  (VIOLATED)
   s_wb_dat_w_1__31_          0.1500         0.0543        -0.0957  (VIOLATED)
   s_wb_adr_1__3_             0.1500         0.0703        -0.0797  (VIOLATED)
   s_wb_adr_1__5_             0.1500         0.0703        -0.0797  (VIOLATED)
   s_wb_adr_1__6_             0.1500         0.0703        -0.0797  (VIOLATED)
   s_wb_adr_1__7_             0.1500         0.0703        -0.0797  (VIOLATED)
   s_wb_adr_1__8_             0.1500         0.0703        -0.0797  (VIOLATED)
   s_wb_adr_1__9_             0.1500         0.0703        -0.0797  (VIOLATED)
   u_boot_mem_wrapper/u_boot_mem/start_write   0.1500   0.0943  -0.0557 (VIOLATED)

   -----------------------------------------------------------------
   Total                      176             -21.4174  

1
