system net m_wb_adr[2][31] m_wb_adr[93]
system net m_wb_adr[2][30] m_wb_adr[92]
system net m_wb_adr[2][29] m_wb_adr[91]
system net m_wb_adr[2][28] m_wb_adr[90]
system net m_wb_adr[2][27] m_wb_adr[89]
system net m_wb_adr[2][26] m_wb_adr[88]
system net m_wb_adr[2][25] m_wb_adr[87]
system net m_wb_adr[2][24] m_wb_adr[86]
system net m_wb_adr[2][23] m_wb_adr[85]
system net m_wb_adr[2][22] m_wb_adr[84]
system net m_wb_adr[2][21] m_wb_adr[83]
system net m_wb_adr[2][20] m_wb_adr[82]
system net m_wb_adr[2][19] m_wb_adr[81]
system net m_wb_adr[2][18] m_wb_adr[80]
system net m_wb_adr[2][17] m_wb_adr[79]
system net m_wb_adr[2][16] m_wb_adr[78]
system net m_wb_adr[2][15] m_wb_adr[77]
system net m_wb_adr[2][14] m_wb_adr[76]
system net m_wb_adr[2][13] m_wb_adr[75]
system net m_wb_adr[2][12] m_wb_adr[74]
system net m_wb_adr[2][11] m_wb_adr[73]
system net m_wb_adr[2][10] m_wb_adr[72]
system net m_wb_adr[2][9] m_wb_adr[71]
system net m_wb_adr[2][8] m_wb_adr[70]
system net m_wb_adr[2][7] m_wb_adr[69]
system net m_wb_adr[2][6] m_wb_adr[68]
system net m_wb_adr[2][5] m_wb_adr[67]
system net m_wb_adr[2][4] m_wb_adr[66]
system net m_wb_adr[2][3] m_wb_adr[65]
system net m_wb_adr[2][2] m_wb_adr[64]
system net m_wb_adr[2][1] m_wb_adr[63]
system net m_wb_adr[2][0] m_wb_adr[62]
system net m_wb_adr[1][31] m_wb_adr[61]
system net m_wb_adr[1][30] m_wb_adr[60]
system net m_wb_adr[1][29] m_wb_adr[59]
system net m_wb_adr[1][28] m_wb_adr[58]
system net m_wb_adr[1][27] m_wb_adr[57]
system net m_wb_adr[1][26] m_wb_adr[56]
system net m_wb_adr[1][25] m_wb_adr[55]
system net m_wb_adr[1][24] m_wb_adr[54]
system net m_wb_adr[1][23] m_wb_adr[53]
system net m_wb_adr[1][22] m_wb_adr[52]
system net m_wb_adr[1][21] m_wb_adr[51]
system net m_wb_adr[1][20] m_wb_adr[50]
system net m_wb_adr[1][19] m_wb_adr[49]
system net m_wb_adr[1][18] m_wb_adr[48]
system net m_wb_adr[1][17] m_wb_adr[47]
system net m_wb_adr[1][16] m_wb_adr[46]
system net m_wb_adr[1][15] m_wb_adr[45]
system net m_wb_adr[1][14] m_wb_adr[44]
system net m_wb_adr[1][13] m_wb_adr[43]
system net m_wb_adr[1][12] m_wb_adr[42]
system net m_wb_adr[1][11] m_wb_adr[41]
system net m_wb_adr[1][10] m_wb_adr[40]
system net m_wb_adr[1][9] m_wb_adr[39]
system net m_wb_adr[1][8] m_wb_adr[38]
system net m_wb_adr[1][7] m_wb_adr[37]
system net m_wb_adr[1][6] m_wb_adr[36]
system net m_wb_adr[1][5] m_wb_adr[35]
system net m_wb_adr[1][4] m_wb_adr[34]
system net m_wb_adr[1][3] m_wb_adr[33]
system net m_wb_adr[1][2] m_wb_adr[32]
system net m_wb_adr[1][1] m_wb_adr[31]
system net m_wb_adr[1][0] m_wb_adr[30]
system net m_wb_adr[0][31] m_wb_adr[29]
system net m_wb_adr[0][30] m_wb_adr[28]
system net m_wb_adr[0][29] m_wb_adr[27]
system net m_wb_adr[0][28] m_wb_adr[26]
system net m_wb_adr[0][27] m_wb_adr[25]
system net m_wb_adr[0][26] m_wb_adr[24]
system net m_wb_adr[0][25] m_wb_adr[23]
system net m_wb_adr[0][24] m_wb_adr[22]
system net m_wb_adr[0][23] m_wb_adr[21]
system net m_wb_adr[0][22] m_wb_adr[20]
system net m_wb_adr[0][21] m_wb_adr[19]
system net m_wb_adr[0][20] m_wb_adr[18]
system net m_wb_adr[0][19] m_wb_adr[17]
system net m_wb_adr[0][18] m_wb_adr[16]
system net m_wb_adr[0][17] m_wb_adr[15]
system net m_wb_adr[0][16] m_wb_adr[14]
system net m_wb_adr[0][15] m_wb_adr[13]
system net m_wb_adr[0][14] m_wb_adr[12]
system net m_wb_adr[0][13] m_wb_adr[11]
system net m_wb_adr[0][12] m_wb_adr[10]
system net m_wb_adr[0][11] m_wb_adr[9]
system net m_wb_adr[0][10] m_wb_adr[8]
system net m_wb_adr[0][9] m_wb_adr[7]
system net m_wb_adr[0][8] m_wb_adr[6]
system net m_wb_adr[0][7] m_wb_adr[5]
system net m_wb_adr[0][6] m_wb_adr[4]
system net m_wb_adr[0][5] m_wb_adr[3]
system net m_wb_adr[0][4] m_wb_adr[2]
system net m_wb_adr[0][3] m_wb_adr[1]
system net m_wb_adr[0][2] m_wb_adr[0]
system net m_wb_sel[2][3] m_wb_sel[11]
system net m_wb_sel[2][2] m_wb_sel[10]
system net m_wb_sel[2][1] m_wb_sel[9]
system net m_wb_sel[2][0] m_wb_sel[8]
system net m_wb_sel[1][3] m_wb_sel[7]
system net m_wb_sel[1][2] m_wb_sel[6]
system net m_wb_sel[1][1] m_wb_sel[5]
system net m_wb_sel[1][0] m_wb_sel[4]
system net m_wb_sel[0][3] m_wb_sel[3]
system net m_wb_sel[0][2] m_wb_sel[2]
system net m_wb_sel[0][1] m_wb_sel[1]
system net m_wb_sel[0][0] m_wb_sel[0]
system net m_wb_dat_r[2][31] m_wb_dat_r[95]
system net m_wb_dat_r[2][30] m_wb_dat_r[94]
system net m_wb_dat_r[2][29] m_wb_dat_r[93]
system net m_wb_dat_r[2][28] m_wb_dat_r[92]
system net m_wb_dat_r[2][27] m_wb_dat_r[91]
system net m_wb_dat_r[2][26] m_wb_dat_r[90]
system net m_wb_dat_r[2][25] m_wb_dat_r[89]
system net m_wb_dat_r[2][24] m_wb_dat_r[88]
system net m_wb_dat_r[2][23] m_wb_dat_r[87]
system net m_wb_dat_r[2][22] m_wb_dat_r[86]
system net m_wb_dat_r[2][21] m_wb_dat_r[85]
system net m_wb_dat_r[2][20] m_wb_dat_r[84]
system net m_wb_dat_r[2][19] m_wb_dat_r[83]
system net m_wb_dat_r[2][18] m_wb_dat_r[82]
system net m_wb_dat_r[2][17] m_wb_dat_r[81]
system net m_wb_dat_r[2][16] m_wb_dat_r[80]
system net m_wb_dat_r[2][15] m_wb_dat_r[79]
system net m_wb_dat_r[2][14] m_wb_dat_r[78]
system net m_wb_dat_r[2][13] m_wb_dat_r[77]
system net m_wb_dat_r[2][12] m_wb_dat_r[76]
system net m_wb_dat_r[2][11] m_wb_dat_r[75]
system net m_wb_dat_r[2][10] m_wb_dat_r[74]
system net m_wb_dat_r[2][9] m_wb_dat_r[73]
system net m_wb_dat_r[2][8] m_wb_dat_r[72]
system net m_wb_dat_r[2][7] m_wb_dat_r[71]
system net m_wb_dat_r[2][6] m_wb_dat_r[70]
system net m_wb_dat_r[2][5] m_wb_dat_r[69]
system net m_wb_dat_r[2][4] m_wb_dat_r[68]
system net m_wb_dat_r[2][3] m_wb_dat_r[67]
system net m_wb_dat_r[2][2] m_wb_dat_r[66]
system net m_wb_dat_r[2][1] m_wb_dat_r[65]
system net m_wb_dat_r[2][0] m_wb_dat_r[64]
system net m_wb_dat_r[1][31] m_wb_dat_r[63]
system net m_wb_dat_r[1][30] m_wb_dat_r[62]
system net m_wb_dat_r[1][29] m_wb_dat_r[61]
system net m_wb_dat_r[1][28] m_wb_dat_r[60]
system net m_wb_dat_r[1][27] m_wb_dat_r[59]
system net m_wb_dat_r[1][26] m_wb_dat_r[58]
system net m_wb_dat_r[1][25] m_wb_dat_r[57]
system net m_wb_dat_r[1][24] m_wb_dat_r[56]
system net m_wb_dat_r[1][23] m_wb_dat_r[55]
system net m_wb_dat_r[1][22] m_wb_dat_r[54]
system net m_wb_dat_r[1][21] m_wb_dat_r[53]
system net m_wb_dat_r[1][20] m_wb_dat_r[52]
system net m_wb_dat_r[1][19] m_wb_dat_r[51]
system net m_wb_dat_r[1][18] m_wb_dat_r[50]
system net m_wb_dat_r[1][17] m_wb_dat_r[49]
system net m_wb_dat_r[1][16] m_wb_dat_r[48]
system net m_wb_dat_r[1][15] m_wb_dat_r[47]
system net m_wb_dat_r[1][14] m_wb_dat_r[46]
system net m_wb_dat_r[1][13] m_wb_dat_r[45]
system net m_wb_dat_r[1][12] m_wb_dat_r[44]
system net m_wb_dat_r[1][11] m_wb_dat_r[43]
system net m_wb_dat_r[1][10] m_wb_dat_r[42]
system net m_wb_dat_r[1][9] m_wb_dat_r[41]
system net m_wb_dat_r[1][8] m_wb_dat_r[40]
system net m_wb_dat_r[1][7] m_wb_dat_r[39]
system net m_wb_dat_r[1][6] m_wb_dat_r[38]
system net m_wb_dat_r[1][5] m_wb_dat_r[37]
system net m_wb_dat_r[1][4] m_wb_dat_r[36]
system net m_wb_dat_r[1][3] m_wb_dat_r[35]
system net m_wb_dat_r[1][2] m_wb_dat_r[34]
system net m_wb_dat_r[1][1] m_wb_dat_r[33]
system net m_wb_dat_r[1][0] m_wb_dat_r[32]
system net m_wb_dat_r[0][31] m_wb_dat_r[31]
system net m_wb_dat_r[0][30] m_wb_dat_r[30]
system net m_wb_dat_r[0][29] m_wb_dat_r[29]
system net m_wb_dat_r[0][28] m_wb_dat_r[28]
system net m_wb_dat_r[0][27] m_wb_dat_r[27]
system net m_wb_dat_r[0][26] m_wb_dat_r[26]
system net m_wb_dat_r[0][25] m_wb_dat_r[25]
system net m_wb_dat_r[0][24] m_wb_dat_r[24]
system net m_wb_dat_r[0][23] m_wb_dat_r[23]
system net m_wb_dat_r[0][22] m_wb_dat_r[22]
system net m_wb_dat_r[0][21] m_wb_dat_r[21]
system net m_wb_dat_r[0][20] m_wb_dat_r[20]
system net m_wb_dat_r[0][19] m_wb_dat_r[19]
system net m_wb_dat_r[0][18] m_wb_dat_r[18]
system net m_wb_dat_r[0][17] m_wb_dat_r[17]
system net m_wb_dat_r[0][16] m_wb_dat_r[16]
system net m_wb_dat_r[0][15] m_wb_dat_r[15]
system net m_wb_dat_r[0][14] m_wb_dat_r[14]
system net m_wb_dat_r[0][13] m_wb_dat_r[13]
system net m_wb_dat_r[0][12] m_wb_dat_r[12]
system net m_wb_dat_r[0][11] m_wb_dat_r[11]
system net m_wb_dat_r[0][10] m_wb_dat_r[10]
system net m_wb_dat_r[0][9] m_wb_dat_r[9]
system net m_wb_dat_r[0][8] m_wb_dat_r[8]
system net m_wb_dat_r[0][7] m_wb_dat_r[7]
system net m_wb_dat_r[0][6] m_wb_dat_r[6]
system net m_wb_dat_r[0][5] m_wb_dat_r[5]
system net m_wb_dat_r[0][4] m_wb_dat_r[4]
system net m_wb_dat_r[0][3] m_wb_dat_r[3]
system net m_wb_dat_r[0][2] m_wb_dat_r[2]
system net m_wb_dat_r[0][1] m_wb_dat_r[1]
system net m_wb_dat_r[0][0] m_wb_dat_r[0]
system net m_wb_dat_w[2][31] m_wb_dat_w[95]
system net m_wb_dat_w[2][30] m_wb_dat_w[94]
system net m_wb_dat_w[2][29] m_wb_dat_w[93]
system net m_wb_dat_w[2][28] m_wb_dat_w[92]
system net m_wb_dat_w[2][27] m_wb_dat_w[91]
system net m_wb_dat_w[2][26] m_wb_dat_w[90]
system net m_wb_dat_w[2][25] m_wb_dat_w[89]
system net m_wb_dat_w[2][24] m_wb_dat_w[88]
system net m_wb_dat_w[2][23] m_wb_dat_w[87]
system net m_wb_dat_w[2][22] m_wb_dat_w[86]
system net m_wb_dat_w[2][21] m_wb_dat_w[85]
system net m_wb_dat_w[2][20] m_wb_dat_w[84]
system net m_wb_dat_w[2][19] m_wb_dat_w[83]
system net m_wb_dat_w[2][18] m_wb_dat_w[82]
system net m_wb_dat_w[2][17] m_wb_dat_w[81]
system net m_wb_dat_w[2][16] m_wb_dat_w[80]
system net m_wb_dat_w[2][15] m_wb_dat_w[79]
system net m_wb_dat_w[2][14] m_wb_dat_w[78]
system net m_wb_dat_w[2][13] m_wb_dat_w[77]
system net m_wb_dat_w[2][12] m_wb_dat_w[76]
system net m_wb_dat_w[2][11] m_wb_dat_w[75]
system net m_wb_dat_w[2][10] m_wb_dat_w[74]
system net m_wb_dat_w[2][9] m_wb_dat_w[73]
system net m_wb_dat_w[2][8] m_wb_dat_w[72]
system net m_wb_dat_w[2][7] m_wb_dat_w[71]
system net m_wb_dat_w[2][6] m_wb_dat_w[70]
system net m_wb_dat_w[2][5] m_wb_dat_w[69]
system net m_wb_dat_w[2][4] m_wb_dat_w[68]
system net m_wb_dat_w[2][3] m_wb_dat_w[67]
system net m_wb_dat_w[2][2] m_wb_dat_w[66]
system net m_wb_dat_w[2][1] m_wb_dat_w[65]
system net m_wb_dat_w[2][0] m_wb_dat_w[64]
system net m_wb_dat_w[1][31] m_wb_dat_w[63]
system net m_wb_dat_w[1][30] m_wb_dat_w[62]
system net m_wb_dat_w[1][29] m_wb_dat_w[61]
system net m_wb_dat_w[1][28] m_wb_dat_w[60]
system net m_wb_dat_w[1][27] m_wb_dat_w[59]
system net m_wb_dat_w[1][26] m_wb_dat_w[58]
system net m_wb_dat_w[1][25] m_wb_dat_w[57]
system net m_wb_dat_w[1][24] m_wb_dat_w[56]
system net m_wb_dat_w[1][23] m_wb_dat_w[55]
system net m_wb_dat_w[1][22] m_wb_dat_w[54]
system net m_wb_dat_w[1][21] m_wb_dat_w[53]
system net m_wb_dat_w[1][20] m_wb_dat_w[52]
system net m_wb_dat_w[1][19] m_wb_dat_w[51]
system net m_wb_dat_w[1][18] m_wb_dat_w[50]
system net m_wb_dat_w[1][17] m_wb_dat_w[49]
system net m_wb_dat_w[1][16] m_wb_dat_w[48]
system net m_wb_dat_w[1][15] m_wb_dat_w[47]
system net m_wb_dat_w[1][14] m_wb_dat_w[46]
system net m_wb_dat_w[1][13] m_wb_dat_w[45]
system net m_wb_dat_w[1][12] m_wb_dat_w[44]
system net m_wb_dat_w[1][11] m_wb_dat_w[43]
system net m_wb_dat_w[1][10] m_wb_dat_w[42]
system net m_wb_dat_w[1][9] m_wb_dat_w[41]
system net m_wb_dat_w[1][8] m_wb_dat_w[40]
system net m_wb_dat_w[1][7] m_wb_dat_w[39]
system net m_wb_dat_w[1][6] m_wb_dat_w[38]
system net m_wb_dat_w[1][5] m_wb_dat_w[37]
system net m_wb_dat_w[1][4] m_wb_dat_w[36]
system net m_wb_dat_w[1][3] m_wb_dat_w[35]
system net m_wb_dat_w[1][2] m_wb_dat_w[34]
system net m_wb_dat_w[1][1] m_wb_dat_w[33]
system net m_wb_dat_w[1][0] m_wb_dat_w[32]
system net m_wb_dat_w[0][31] m_wb_dat_w[31]
system net m_wb_dat_w[0][30] m_wb_dat_w[30]
system net m_wb_dat_w[0][29] m_wb_dat_w[29]
system net m_wb_dat_w[0][28] m_wb_dat_w[28]
system net m_wb_dat_w[0][27] m_wb_dat_w[27]
system net m_wb_dat_w[0][26] m_wb_dat_w[26]
system net m_wb_dat_w[0][25] m_wb_dat_w[25]
system net m_wb_dat_w[0][24] m_wb_dat_w[24]
system net m_wb_dat_w[0][23] m_wb_dat_w[23]
system net m_wb_dat_w[0][22] m_wb_dat_w[22]
system net m_wb_dat_w[0][21] m_wb_dat_w[21]
system net m_wb_dat_w[0][20] m_wb_dat_w[20]
system net m_wb_dat_w[0][19] m_wb_dat_w[19]
system net m_wb_dat_w[0][18] m_wb_dat_w[18]
system net m_wb_dat_w[0][17] m_wb_dat_w[17]
system net m_wb_dat_w[0][16] m_wb_dat_w[16]
system net m_wb_dat_w[0][15] m_wb_dat_w[15]
system net m_wb_dat_w[0][14] m_wb_dat_w[14]
system net m_wb_dat_w[0][13] m_wb_dat_w[13]
system net m_wb_dat_w[0][12] m_wb_dat_w[12]
system net m_wb_dat_w[0][11] m_wb_dat_w[11]
system net m_wb_dat_w[0][10] m_wb_dat_w[10]
system net m_wb_dat_w[0][9] m_wb_dat_w[9]
system net m_wb_dat_w[0][8] m_wb_dat_w[8]
system net m_wb_dat_w[0][7] m_wb_dat_w[7]
system net m_wb_dat_w[0][6] m_wb_dat_w[6]
system net m_wb_dat_w[0][5] m_wb_dat_w[5]
system net m_wb_dat_w[0][4] m_wb_dat_w[4]
system net m_wb_dat_w[0][3] m_wb_dat_w[3]
system net m_wb_dat_w[0][2] m_wb_dat_w[2]
system net m_wb_dat_w[0][1] m_wb_dat_w[1]
system net m_wb_dat_w[0][0] m_wb_dat_w[0]
system net m_wb_err[0] m_wb_err_0_
system net s_wb_sel[0][3] s_wb_sel_0__3_
system net s_wb_sel[0][2] s_wb_sel_0__2_
system net s_wb_sel[0][1] s_wb_sel_0__1_
system net s_wb_sel[0][0] s_wb_sel_0__0_
system net s_wb_cyc[0] s_wb_cyc_0_
system net s_wb_dat_w[8][31] s_wb_dat_w_8__31_
system net s_wb_dat_w[8][30] s_wb_dat_w_8__30_
system net s_wb_dat_w[8][29] s_wb_dat_w_8__29_
system net s_wb_dat_w[8][28] s_wb_dat_w_8__28_
system net s_wb_dat_w[8][27] s_wb_dat_w_8__27_
system net s_wb_dat_w[8][26] s_wb_dat_w_8__26_
system net s_wb_dat_w[8][25] s_wb_dat_w_8__25_
system net s_wb_dat_w[8][24] s_wb_dat_w_8__24_
system net s_wb_dat_w[8][23] s_wb_dat_w_8__23_
system net s_wb_dat_w[8][22] s_wb_dat_w_8__22_
system net s_wb_dat_w[8][21] s_wb_dat_w_8__21_
system net s_wb_dat_w[8][20] s_wb_dat_w_8__20_
system net s_wb_dat_w[8][19] s_wb_dat_w_8__19_
system net s_wb_dat_w[8][18] s_wb_dat_w_8__18_
system net s_wb_dat_w[8][17] s_wb_dat_w_8__17_
system net s_wb_dat_w[8][16] s_wb_dat_w_8__16_
system net s_wb_dat_w[8][15] s_wb_dat_w_8__15_
system net s_wb_dat_w[8][14] s_wb_dat_w_8__14_
system net s_wb_dat_w[8][13] s_wb_dat_w_8__13_
system net s_wb_dat_w[8][12] s_wb_dat_w_8__12_
system net s_wb_dat_w[8][11] s_wb_dat_w_8__11_
system net s_wb_dat_w[8][10] s_wb_dat_w_8__10_
system net s_wb_dat_w[8][9] s_wb_dat_w_8__9_
system net s_wb_dat_w[8][8] s_wb_dat_w_8__8_
system net s_wb_dat_w[8][7] s_wb_dat_w_8__7_
system net s_wb_dat_w[8][6] s_wb_dat_w_8__6_
system net s_wb_dat_w[8][5] s_wb_dat_w_8__5_
system net s_wb_dat_w[8][4] s_wb_dat_w_8__4_
system net s_wb_dat_w[8][3] s_wb_dat_w_8__3_
system net s_wb_dat_w[8][2] s_wb_dat_w_8__2_
system net s_wb_dat_w[8][1] s_wb_dat_w_8__1_
system net s_wb_dat_w[8][0] s_wb_dat_w_8__0_
system net s_wb_dat_w[7][31] s_wb_dat_w_7__31_
system net s_wb_dat_w[7][30] s_wb_dat_w_7__30_
system net s_wb_dat_w[7][29] s_wb_dat_w_7__29_
system net s_wb_dat_w[7][28] s_wb_dat_w_7__28_
system net s_wb_dat_w[7][27] s_wb_dat_w_7__27_
system net s_wb_dat_w[7][26] s_wb_dat_w_7__26_
system net s_wb_dat_w[7][25] s_wb_dat_w_7__25_
system net s_wb_dat_w[7][24] s_wb_dat_w_7__24_
system net s_wb_dat_w[7][23] s_wb_dat_w_7__23_
system net s_wb_dat_w[7][22] s_wb_dat_w_7__22_
system net s_wb_dat_w[7][21] s_wb_dat_w_7__21_
system net s_wb_dat_w[7][20] s_wb_dat_w_7__20_
system net s_wb_dat_w[7][19] s_wb_dat_w_7__19_
system net s_wb_dat_w[7][18] s_wb_dat_w_7__18_
system net s_wb_dat_w[7][17] s_wb_dat_w_7__17_
system net s_wb_dat_w[7][16] s_wb_dat_w_7__16_
system net s_wb_dat_w[7][15] s_wb_dat_w_7__15_
system net s_wb_dat_w[7][14] s_wb_dat_w_7__14_
system net s_wb_dat_w[7][13] s_wb_dat_w_7__13_
system net s_wb_dat_w[7][12] s_wb_dat_w_7__12_
system net s_wb_dat_w[7][11] s_wb_dat_w_7__11_
system net s_wb_dat_w[7][10] s_wb_dat_w_7__10_
system net s_wb_dat_w[7][9] s_wb_dat_w_7__9_
system net s_wb_dat_w[7][8] s_wb_dat_w_7__8_
system net s_wb_dat_w[7][7] s_wb_dat_w_7__7_
system net s_wb_dat_w[7][6] s_wb_dat_w_7__6_
system net s_wb_dat_w[7][5] s_wb_dat_w_7__5_
system net s_wb_dat_w[7][4] s_wb_dat_w_7__4_
system net s_wb_dat_w[7][3] s_wb_dat_w_7__3_
system net s_wb_dat_w[7][2] s_wb_dat_w_7__2_
system net s_wb_dat_w[7][1] s_wb_dat_w_7__1_
system net s_wb_dat_w[7][0] s_wb_dat_w_7__0_
system net s_wb_dat_w[6][15] s_wb_dat_w_6__15_
system net s_wb_dat_w[6][14] s_wb_dat_w_6__14_
system net s_wb_dat_w[6][13] s_wb_dat_w_6__13_
system net s_wb_dat_w[6][12] s_wb_dat_w_6__12_
system net s_wb_dat_w[6][11] s_wb_dat_w_6__11_
system net s_wb_dat_w[6][10] s_wb_dat_w_6__10_
system net s_wb_dat_w[6][9] s_wb_dat_w_6__9_
system net s_wb_dat_w[6][8] s_wb_dat_w_6__8_
system net s_wb_dat_w[6][7] s_wb_dat_w_6__7_
system net s_wb_dat_w[6][6] s_wb_dat_w_6__6_
system net s_wb_dat_w[6][5] s_wb_dat_w_6__5_
system net s_wb_dat_w[6][4] s_wb_dat_w_6__4_
system net s_wb_dat_w[6][3] s_wb_dat_w_6__3_
system net s_wb_dat_w[6][2] s_wb_dat_w_6__2_
system net s_wb_dat_w[6][1] s_wb_dat_w_6__1_
system net s_wb_dat_w[6][0] s_wb_dat_w_6__0_
system net s_wb_dat_w[5][31] s_wb_dat_w_5__31_
system net s_wb_dat_w[5][30] s_wb_dat_w_5__30_
system net s_wb_dat_w[5][29] s_wb_dat_w_5__29_
system net s_wb_dat_w[5][28] s_wb_dat_w_5__28_
system net s_wb_dat_w[5][27] s_wb_dat_w_5__27_
system net s_wb_dat_w[5][26] s_wb_dat_w_5__26_
system net s_wb_dat_w[5][25] s_wb_dat_w_5__25_
system net s_wb_dat_w[5][24] s_wb_dat_w_5__24_
system net s_wb_dat_w[5][23] s_wb_dat_w_5__23_
system net s_wb_dat_w[5][22] s_wb_dat_w_5__22_
system net s_wb_dat_w[5][21] s_wb_dat_w_5__21_
system net s_wb_dat_w[5][20] s_wb_dat_w_5__20_
system net s_wb_dat_w[5][19] s_wb_dat_w_5__19_
system net s_wb_dat_w[5][18] s_wb_dat_w_5__18_
system net s_wb_dat_w[5][17] s_wb_dat_w_5__17_
system net s_wb_dat_w[5][16] s_wb_dat_w_5__16_
system net s_wb_dat_w[5][15] s_wb_dat_w_5__15_
system net s_wb_dat_w[5][14] s_wb_dat_w_5__14_
system net s_wb_dat_w[5][13] s_wb_dat_w_5__13_
system net s_wb_dat_w[5][12] s_wb_dat_w_5__12_
system net s_wb_dat_w[5][11] s_wb_dat_w_5__11_
system net s_wb_dat_w[5][10] s_wb_dat_w_5__10_
system net s_wb_dat_w[5][9] s_wb_dat_w_5__9_
system net s_wb_dat_w[5][8] s_wb_dat_w_5__8_
system net s_wb_dat_w[5][7] s_wb_dat_w_5__7_
system net s_wb_dat_w[5][6] s_wb_dat_w_5__6_
system net s_wb_dat_w[5][5] s_wb_dat_w_5__5_
system net s_wb_dat_w[5][4] s_wb_dat_w_5__4_
system net s_wb_dat_w[5][3] s_wb_dat_w_5__3_
system net s_wb_dat_w[5][2] s_wb_dat_w_5__2_
system net s_wb_dat_w[5][1] s_wb_dat_w_5__1_
system net s_wb_dat_w[5][0] s_wb_dat_w_5__0_
system net s_wb_dat_w[4][7] s_wb_dat_w_4__7_
system net s_wb_dat_w[4][6] s_wb_dat_w_4__6_
system net s_wb_dat_w[4][5] s_wb_dat_w_4__5_
system net s_wb_dat_w[4][4] s_wb_dat_w_4__4_
system net s_wb_dat_w[4][3] s_wb_dat_w_4__3_
system net s_wb_dat_w[4][2] s_wb_dat_w_4__2_
system net s_wb_dat_w[4][1] s_wb_dat_w_4__1_
system net s_wb_dat_w[4][0] s_wb_dat_w_4__0_
system net s_wb_dat_w[3][7] s_wb_dat_w_3__7_
system net s_wb_dat_w[3][6] s_wb_dat_w_3__6_
system net s_wb_dat_w[3][5] s_wb_dat_w_3__5_
system net s_wb_dat_w[3][4] s_wb_dat_w_3__4_
system net s_wb_dat_w[3][3] s_wb_dat_w_3__3_
system net s_wb_dat_w[3][2] s_wb_dat_w_3__2_
system net s_wb_dat_w[3][1] s_wb_dat_w_3__1_
system net s_wb_dat_w[3][0] s_wb_dat_w_3__0_
system net s_wb_dat_w[1][31] s_wb_dat_w_1__31_
system net s_wb_dat_w[1][30] s_wb_dat_w_1__30_
system net s_wb_dat_w[1][29] s_wb_dat_w_1__29_
system net s_wb_dat_w[1][28] s_wb_dat_w_1__28_
system net s_wb_dat_w[1][27] s_wb_dat_w_1__27_
system net s_wb_dat_w[1][26] s_wb_dat_w_1__26_
system net s_wb_dat_w[1][25] s_wb_dat_w_1__25_
system net s_wb_dat_w[1][24] s_wb_dat_w_1__24_
system net s_wb_dat_w[1][23] s_wb_dat_w_1__23_
system net s_wb_dat_w[1][22] s_wb_dat_w_1__22_
system net s_wb_dat_w[1][21] s_wb_dat_w_1__21_
system net s_wb_dat_w[1][20] s_wb_dat_w_1__20_
system net s_wb_dat_w[1][19] s_wb_dat_w_1__19_
system net s_wb_dat_w[1][18] s_wb_dat_w_1__18_
system net s_wb_dat_w[1][17] s_wb_dat_w_1__17_
system net s_wb_dat_w[1][16] s_wb_dat_w_1__16_
system net s_wb_dat_w[1][15] s_wb_dat_w_1__15_
system net s_wb_dat_w[1][14] s_wb_dat_w_1__14_
system net s_wb_dat_w[1][13] s_wb_dat_w_1__13_
system net s_wb_dat_w[1][12] s_wb_dat_w_1__12_
system net s_wb_dat_w[1][11] s_wb_dat_w_1__11_
system net s_wb_dat_w[1][10] s_wb_dat_w_1__10_
system net s_wb_dat_w[1][9] s_wb_dat_w_1__9_
system net s_wb_dat_w[1][8] s_wb_dat_w_1__8_
system net s_wb_dat_w[1][7] s_wb_dat_w_1__7_
system net s_wb_dat_w[1][6] s_wb_dat_w_1__6_
system net s_wb_dat_w[1][5] s_wb_dat_w_1__5_
system net s_wb_dat_w[1][4] s_wb_dat_w_1__4_
system net s_wb_dat_w[1][3] s_wb_dat_w_1__3_
system net s_wb_dat_w[1][2] s_wb_dat_w_1__2_
system net s_wb_dat_w[1][1] s_wb_dat_w_1__1_
system net s_wb_dat_w[1][0] s_wb_dat_w_1__0_
system net s_wb_dat_w[0][31] s_wb_dat_w_0__31_
system net s_wb_dat_w[0][30] s_wb_dat_w_0__30_
system net s_wb_dat_w[0][29] s_wb_dat_w_0__29_
system net s_wb_dat_w[0][28] s_wb_dat_w_0__28_
system net s_wb_dat_w[0][27] s_wb_dat_w_0__27_
system net s_wb_dat_w[0][26] s_wb_dat_w_0__26_
system net s_wb_dat_w[0][25] s_wb_dat_w_0__25_
system net s_wb_dat_w[0][24] s_wb_dat_w_0__24_
system net s_wb_dat_w[0][23] s_wb_dat_w_0__23_
system net s_wb_dat_w[0][22] s_wb_dat_w_0__22_
system net s_wb_dat_w[0][21] s_wb_dat_w_0__21_
system net s_wb_dat_w[0][20] s_wb_dat_w_0__20_
system net s_wb_dat_w[0][19] s_wb_dat_w_0__19_
system net s_wb_dat_w[0][18] s_wb_dat_w_0__18_
system net s_wb_dat_w[0][17] s_wb_dat_w_0__17_
system net s_wb_dat_w[0][16] s_wb_dat_w_0__16_
system net s_wb_dat_w[0][15] s_wb_dat_w_0__15_
system net s_wb_dat_w[0][14] s_wb_dat_w_0__14_
system net s_wb_dat_w[0][13] s_wb_dat_w_0__13_
system net s_wb_dat_w[0][12] s_wb_dat_w_0__12_
system net s_wb_dat_w[0][11] s_wb_dat_w_0__11_
system net s_wb_dat_w[0][10] s_wb_dat_w_0__10_
system net s_wb_dat_w[0][9] s_wb_dat_w_0__9_
system net s_wb_dat_w[0][8] s_wb_dat_w_0__8_
system net s_wb_dat_w[0][7] s_wb_dat_w_0__7_
system net s_wb_dat_w[0][6] s_wb_dat_w_0__6_
system net s_wb_dat_w[0][5] s_wb_dat_w_0__5_
system net s_wb_dat_w[0][4] s_wb_dat_w_0__4_
system net s_wb_dat_w[0][3] s_wb_dat_w_0__3_
system net s_wb_dat_w[0][2] s_wb_dat_w_0__2_
system net s_wb_dat_w[0][1] s_wb_dat_w_0__1_
system net s_wb_dat_w[0][0] s_wb_dat_w_0__0_
system net s_wb_dat_r[8][31] s_wb_dat_r_8__31_
system net s_wb_dat_r[8][30] s_wb_dat_r_8__30_
system net s_wb_dat_r[8][29] s_wb_dat_r_8__29_
system net s_wb_dat_r[8][28] s_wb_dat_r_8__28_
system net s_wb_dat_r[8][27] s_wb_dat_r_8__27_
system net s_wb_dat_r[8][26] s_wb_dat_r_8__26_
system net s_wb_dat_r[8][25] s_wb_dat_r_8__25_
system net s_wb_dat_r[8][24] s_wb_dat_r_8__24_
system net s_wb_dat_r[8][23] s_wb_dat_r_8__23_
system net s_wb_dat_r[8][22] s_wb_dat_r_8__22_
system net s_wb_dat_r[8][21] s_wb_dat_r_8__21_
system net s_wb_dat_r[8][20] s_wb_dat_r_8__20_
system net s_wb_dat_r[8][19] s_wb_dat_r_8__19_
system net s_wb_dat_r[8][18] s_wb_dat_r_8__18_
system net s_wb_dat_r[8][17] s_wb_dat_r_8__17_
system net s_wb_dat_r[8][16] s_wb_dat_r_8__16_
system net s_wb_dat_r[8][15] s_wb_dat_r_8__15_
system net s_wb_dat_r[8][14] s_wb_dat_r_8__14_
system net s_wb_dat_r[8][13] s_wb_dat_r_8__13_
system net s_wb_dat_r[8][12] s_wb_dat_r_8__12_
system net s_wb_dat_r[8][11] s_wb_dat_r_8__11_
system net s_wb_dat_r[8][10] s_wb_dat_r_8__10_
system net s_wb_dat_r[8][9] s_wb_dat_r_8__9_
system net s_wb_dat_r[8][8] s_wb_dat_r_8__8_
system net s_wb_dat_r[8][7] s_wb_dat_r_8__7_
system net s_wb_dat_r[8][6] s_wb_dat_r_8__6_
system net s_wb_dat_r[8][5] s_wb_dat_r_8__5_
system net s_wb_dat_r[8][4] s_wb_dat_r_8__4_
system net s_wb_dat_r[8][3] s_wb_dat_r_8__3_
system net s_wb_dat_r[8][2] s_wb_dat_r_8__2_
system net s_wb_dat_r[8][1] s_wb_dat_r_8__1_
system net s_wb_dat_r[8][0] s_wb_dat_r_8__0_
system net s_wb_dat_r[7][31] s_wb_dat_r_7__31_
system net s_wb_dat_r[7][30] s_wb_dat_r_7__30_
system net s_wb_dat_r[7][29] s_wb_dat_r_7__29_
system net s_wb_dat_r[7][28] s_wb_dat_r_7__28_
system net s_wb_dat_r[7][27] s_wb_dat_r_7__27_
system net s_wb_dat_r[7][26] s_wb_dat_r_7__26_
system net s_wb_dat_r[7][25] s_wb_dat_r_7__25_
system net s_wb_dat_r[7][24] s_wb_dat_r_7__24_
system net s_wb_dat_r[7][23] s_wb_dat_r_7__23_
system net s_wb_dat_r[7][22] s_wb_dat_r_7__22_
system net s_wb_dat_r[7][21] s_wb_dat_r_7__21_
system net s_wb_dat_r[7][20] s_wb_dat_r_7__20_
system net s_wb_dat_r[7][19] s_wb_dat_r_7__19_
system net s_wb_dat_r[7][18] s_wb_dat_r_7__18_
system net s_wb_dat_r[7][17] s_wb_dat_r_7__17_
system net s_wb_dat_r[7][16] s_wb_dat_r_7__16_
system net s_wb_dat_r[7][15] s_wb_dat_r_7__15_
system net s_wb_dat_r[7][14] s_wb_dat_r_7__14_
system net s_wb_dat_r[7][13] s_wb_dat_r_7__13_
system net s_wb_dat_r[7][12] s_wb_dat_r_7__12_
system net s_wb_dat_r[7][11] s_wb_dat_r_7__11_
system net s_wb_dat_r[7][10] s_wb_dat_r_7__10_
system net s_wb_dat_r[7][9] s_wb_dat_r_7__9_
system net s_wb_dat_r[7][8] s_wb_dat_r_7__8_
system net s_wb_dat_r[7][7] s_wb_dat_r_7__7_
system net s_wb_dat_r[7][6] s_wb_dat_r_7__6_
system net s_wb_dat_r[7][5] s_wb_dat_r_7__5_
system net s_wb_dat_r[7][4] s_wb_dat_r_7__4_
system net s_wb_dat_r[7][3] s_wb_dat_r_7__3_
system net s_wb_dat_r[7][2] s_wb_dat_r_7__2_
system net s_wb_dat_r[7][1] s_wb_dat_r_7__1_
system net s_wb_dat_r[7][0] s_wb_dat_r_7__0_
system net s_wb_dat_r[6][19] s_wb_dat_r_6__19_
system net s_wb_dat_r[6][16] s_wb_dat_r_6__16_
system net s_wb_dat_r[6][15] s_wb_dat_r_6__15_
system net s_wb_dat_r[6][14] s_wb_dat_r_6__14_
system net s_wb_dat_r[6][13] s_wb_dat_r_6__13_
system net s_wb_dat_r[6][12] s_wb_dat_r_6__12_
system net s_wb_dat_r[6][11] s_wb_dat_r_6__11_
system net s_wb_dat_r[6][10] s_wb_dat_r_6__10_
system net s_wb_dat_r[6][9] s_wb_dat_r_6__9_
system net s_wb_dat_r[6][8] s_wb_dat_r_6__8_
system net s_wb_dat_r[6][7] s_wb_dat_r_6__7_
system net s_wb_dat_r[6][6] s_wb_dat_r_6__6_
system net s_wb_dat_r[6][5] s_wb_dat_r_6__5_
system net s_wb_dat_r[6][4] s_wb_dat_r_6__4_
system net s_wb_dat_r[6][3] s_wb_dat_r_6__3_
system net s_wb_dat_r[6][2] s_wb_dat_r_6__2_
system net s_wb_dat_r[6][1] s_wb_dat_r_6__1_
system net s_wb_dat_r[6][0] s_wb_dat_r_6__0_
system net s_wb_dat_r[5][31] s_wb_dat_r_5__31_
system net s_wb_dat_r[5][30] s_wb_dat_r_5__30_
system net s_wb_dat_r[5][29] s_wb_dat_r_5__29_
system net s_wb_dat_r[5][28] s_wb_dat_r_5__28_
system net s_wb_dat_r[5][27] s_wb_dat_r_5__27_
system net s_wb_dat_r[5][26] s_wb_dat_r_5__26_
system net s_wb_dat_r[5][25] s_wb_dat_r_5__25_
system net s_wb_dat_r[5][24] s_wb_dat_r_5__24_
system net s_wb_dat_r[5][23] s_wb_dat_r_5__23_
system net s_wb_dat_r[5][22] s_wb_dat_r_5__22_
system net s_wb_dat_r[5][21] s_wb_dat_r_5__21_
system net s_wb_dat_r[5][20] s_wb_dat_r_5__20_
system net s_wb_dat_r[5][19] s_wb_dat_r_5__19_
system net s_wb_dat_r[5][18] s_wb_dat_r_5__18_
system net s_wb_dat_r[5][17] s_wb_dat_r_5__17_
system net s_wb_dat_r[5][16] s_wb_dat_r_5__16_
system net s_wb_dat_r[5][15] s_wb_dat_r_5__15_
system net s_wb_dat_r[5][14] s_wb_dat_r_5__14_
system net s_wb_dat_r[5][13] s_wb_dat_r_5__13_
system net s_wb_dat_r[5][12] s_wb_dat_r_5__12_
system net s_wb_dat_r[5][11] s_wb_dat_r_5__11_
system net s_wb_dat_r[5][10] s_wb_dat_r_5__10_
system net s_wb_dat_r[5][9] s_wb_dat_r_5__9_
system net s_wb_dat_r[5][8] s_wb_dat_r_5__8_
system net s_wb_dat_r[5][7] s_wb_dat_r_5__7_
system net s_wb_dat_r[5][6] s_wb_dat_r_5__6_
system net s_wb_dat_r[5][5] s_wb_dat_r_5__5_
system net s_wb_dat_r[5][4] s_wb_dat_r_5__4_
system net s_wb_dat_r[5][3] s_wb_dat_r_5__3_
system net s_wb_dat_r[5][2] s_wb_dat_r_5__2_
system net s_wb_dat_r[5][1] s_wb_dat_r_5__1_
system net s_wb_dat_r[5][0] s_wb_dat_r_5__0_
system net s_wb_dat_r[4][16] s_wb_dat_r_4__16_
system net s_wb_dat_r[4][8] s_wb_dat_r_4__8_
system net s_wb_dat_r[4][7] s_wb_dat_r_4__7_
system net s_wb_dat_r[4][6] s_wb_dat_r_4__6_
system net s_wb_dat_r[4][5] s_wb_dat_r_4__5_
system net s_wb_dat_r[4][4] s_wb_dat_r_4__4_
system net s_wb_dat_r[4][3] s_wb_dat_r_4__3_
system net s_wb_dat_r[4][2] s_wb_dat_r_4__2_
system net s_wb_dat_r[4][1] s_wb_dat_r_4__1_
system net s_wb_dat_r[4][0] s_wb_dat_r_4__0_
system net s_wb_dat_r[3][16] s_wb_dat_r_3__16_
system net s_wb_dat_r[3][8] s_wb_dat_r_3__8_
system net s_wb_dat_r[3][7] s_wb_dat_r_3__7_
system net s_wb_dat_r[3][6] s_wb_dat_r_3__6_
system net s_wb_dat_r[3][5] s_wb_dat_r_3__5_
system net s_wb_dat_r[3][4] s_wb_dat_r_3__4_
system net s_wb_dat_r[3][3] s_wb_dat_r_3__3_
system net s_wb_dat_r[3][2] s_wb_dat_r_3__2_
system net s_wb_dat_r[3][1] s_wb_dat_r_3__1_
system net s_wb_dat_r[3][0] s_wb_dat_r_3__0_
system net s_wb_dat_r[1][31] s_wb_dat_r_1__31_
system net s_wb_dat_r[1][30] s_wb_dat_r_1__30_
system net s_wb_dat_r[1][29] s_wb_dat_r_1__29_
system net s_wb_dat_r[1][28] s_wb_dat_r_1__28_
system net s_wb_dat_r[1][27] s_wb_dat_r_1__27_
system net s_wb_dat_r[1][26] s_wb_dat_r_1__26_
system net s_wb_dat_r[1][25] s_wb_dat_r_1__25_
system net s_wb_dat_r[1][24] s_wb_dat_r_1__24_
system net s_wb_dat_r[1][23] s_wb_dat_r_1__23_
system net s_wb_dat_r[1][22] s_wb_dat_r_1__22_
system net s_wb_dat_r[1][21] s_wb_dat_r_1__21_
system net s_wb_dat_r[1][20] s_wb_dat_r_1__20_
system net s_wb_dat_r[1][19] s_wb_dat_r_1__19_
system net s_wb_dat_r[1][18] s_wb_dat_r_1__18_
system net s_wb_dat_r[1][17] s_wb_dat_r_1__17_
system net s_wb_dat_r[1][16] s_wb_dat_r_1__16_
system net s_wb_dat_r[1][15] s_wb_dat_r_1__15_
system net s_wb_dat_r[1][14] s_wb_dat_r_1__14_
system net s_wb_dat_r[1][13] s_wb_dat_r_1__13_
system net s_wb_dat_r[1][12] s_wb_dat_r_1__12_
system net s_wb_dat_r[1][11] s_wb_dat_r_1__11_
system net s_wb_dat_r[1][10] s_wb_dat_r_1__10_
system net s_wb_dat_r[1][9] s_wb_dat_r_1__9_
system net s_wb_dat_r[1][8] s_wb_dat_r_1__8_
system net s_wb_dat_r[1][7] s_wb_dat_r_1__7_
system net s_wb_dat_r[1][6] s_wb_dat_r_1__6_
system net s_wb_dat_r[1][5] s_wb_dat_r_1__5_
system net s_wb_dat_r[1][4] s_wb_dat_r_1__4_
system net s_wb_dat_r[1][3] s_wb_dat_r_1__3_
system net s_wb_dat_r[1][2] s_wb_dat_r_1__2_
system net s_wb_dat_r[1][1] s_wb_dat_r_1__1_
system net s_wb_dat_r[1][0] s_wb_dat_r_1__0_
system net s_wb_dat_r[0][31] s_wb_dat_r_0__31_
system net s_wb_dat_r[0][30] s_wb_dat_r_0__30_
system net s_wb_dat_r[0][29] s_wb_dat_r_0__29_
system net s_wb_dat_r[0][28] s_wb_dat_r_0__28_
system net s_wb_dat_r[0][27] s_wb_dat_r_0__27_
system net s_wb_dat_r[0][26] s_wb_dat_r_0__26_
system net s_wb_dat_r[0][25] s_wb_dat_r_0__25_
system net s_wb_dat_r[0][24] s_wb_dat_r_0__24_
system net s_wb_dat_r[0][23] s_wb_dat_r_0__23_
system net s_wb_dat_r[0][22] s_wb_dat_r_0__22_
system net s_wb_dat_r[0][21] s_wb_dat_r_0__21_
system net s_wb_dat_r[0][20] s_wb_dat_r_0__20_
system net s_wb_dat_r[0][19] s_wb_dat_r_0__19_
system net s_wb_dat_r[0][18] s_wb_dat_r_0__18_
system net s_wb_dat_r[0][17] s_wb_dat_r_0__17_
system net s_wb_dat_r[0][16] s_wb_dat_r_0__16_
system net s_wb_dat_r[0][15] s_wb_dat_r_0__15_
system net s_wb_dat_r[0][14] s_wb_dat_r_0__14_
system net s_wb_dat_r[0][13] s_wb_dat_r_0__13_
system net s_wb_dat_r[0][12] s_wb_dat_r_0__12_
system net s_wb_dat_r[0][11] s_wb_dat_r_0__11_
system net s_wb_dat_r[0][10] s_wb_dat_r_0__10_
system net s_wb_dat_r[0][9] s_wb_dat_r_0__9_
system net s_wb_dat_r[0][8] s_wb_dat_r_0__8_
system net s_wb_dat_r[0][7] s_wb_dat_r_0__7_
system net s_wb_dat_r[0][6] s_wb_dat_r_0__6_
system net s_wb_dat_r[0][5] s_wb_dat_r_0__5_
system net s_wb_dat_r[0][4] s_wb_dat_r_0__4_
system net s_wb_dat_r[0][3] s_wb_dat_r_0__3_
system net s_wb_dat_r[0][2] s_wb_dat_r_0__2_
system net s_wb_dat_r[0][1] s_wb_dat_r_0__1_
system net s_wb_dat_r[0][0] s_wb_dat_r_0__0_
system net s_wb_adr[8][15] s_wb_adr_8__15_
system net s_wb_adr[8][14] s_wb_adr_8__14_
system net s_wb_adr[8][13] s_wb_adr_8__13_
system net s_wb_adr[8][12] s_wb_adr_8__12_
system net s_wb_adr[8][11] s_wb_adr_8__11_
system net s_wb_adr[8][10] s_wb_adr_8__10_
system net s_wb_adr[8][9] s_wb_adr_8__9_
system net s_wb_adr[8][8] s_wb_adr_8__8_
system net s_wb_adr[8][7] s_wb_adr_8__7_
system net s_wb_adr[8][6] s_wb_adr_8__6_
system net s_wb_adr[8][5] s_wb_adr_8__5_
system net s_wb_adr[8][4] s_wb_adr_8__4_
system net s_wb_adr[8][3] s_wb_adr_8__3_
system net s_wb_adr[8][2] s_wb_adr_8__2_
system net s_wb_adr[8][1] s_wb_adr_8__1_
system net s_wb_adr[8][0] s_wb_adr_8__0_
system net s_wb_adr[7][15] s_wb_adr_7__15_
system net s_wb_adr[7][14] s_wb_adr_7__14_
system net s_wb_adr[7][13] s_wb_adr_7__13_
system net s_wb_adr[7][12] s_wb_adr_7__12_
system net s_wb_adr[7][11] s_wb_adr_7__11_
system net s_wb_adr[7][10] s_wb_adr_7__10_
system net s_wb_adr[7][9] s_wb_adr_7__9_
system net s_wb_adr[7][8] s_wb_adr_7__8_
system net s_wb_adr[7][7] s_wb_adr_7__7_
system net s_wb_adr[7][6] s_wb_adr_7__6_
system net s_wb_adr[7][5] s_wb_adr_7__5_
system net s_wb_adr[7][4] s_wb_adr_7__4_
system net s_wb_adr[7][3] s_wb_adr_7__3_
system net s_wb_adr[7][2] s_wb_adr_7__2_
system net s_wb_adr[7][1] s_wb_adr_7__1_
system net s_wb_adr[7][0] s_wb_adr_7__0_
system net s_wb_adr[6][15] s_wb_adr_6__15_
system net s_wb_adr[6][14] s_wb_adr_6__14_
system net s_wb_adr[6][13] s_wb_adr_6__13_
system net s_wb_adr[6][12] s_wb_adr_6__12_
system net s_wb_adr[6][11] s_wb_adr_6__11_
system net s_wb_adr[6][10] s_wb_adr_6__10_
system net s_wb_adr[6][9] s_wb_adr_6__9_
system net s_wb_adr[6][8] s_wb_adr_6__8_
system net s_wb_adr[6][7] s_wb_adr_6__7_
system net s_wb_adr[6][6] s_wb_adr_6__6_
system net s_wb_adr[6][5] s_wb_adr_6__5_
system net s_wb_adr[6][4] s_wb_adr_6__4_
system net s_wb_adr[6][3] s_wb_adr_6__3_
system net s_wb_adr[6][2] s_wb_adr_6__2_
system net s_wb_adr[6][1] s_wb_adr_6__1_
system net s_wb_adr[6][0] s_wb_adr_6__0_
system net s_wb_adr[5][15] s_wb_adr_5__15_
system net s_wb_adr[5][14] s_wb_adr_5__14_
system net s_wb_adr[5][13] s_wb_adr_5__13_
system net s_wb_adr[5][12] s_wb_adr_5__12_
system net s_wb_adr[5][11] s_wb_adr_5__11_
system net s_wb_adr[5][10] s_wb_adr_5__10_
system net s_wb_adr[5][9] s_wb_adr_5__9_
system net s_wb_adr[5][8] s_wb_adr_5__8_
system net s_wb_adr[5][7] s_wb_adr_5__7_
system net s_wb_adr[5][6] s_wb_adr_5__6_
system net s_wb_adr[5][5] s_wb_adr_5__5_
system net s_wb_adr[5][3] s_wb_adr_5__3_
system net s_wb_adr[5][1] s_wb_adr_5__1_
system net s_wb_adr[5][0] s_wb_adr_5__0_
system net s_wb_adr[4][15] s_wb_adr_4__15_
system net s_wb_adr[4][14] s_wb_adr_4__14_
system net s_wb_adr[4][13] s_wb_adr_4__13_
system net s_wb_adr[4][12] s_wb_adr_4__12_
system net s_wb_adr[4][11] s_wb_adr_4__11_
system net s_wb_adr[4][10] s_wb_adr_4__10_
system net s_wb_adr[4][9] s_wb_adr_4__9_
system net s_wb_adr[4][8] s_wb_adr_4__8_
system net s_wb_adr[4][7] s_wb_adr_4__7_
system net s_wb_adr[4][6] s_wb_adr_4__6_
system net s_wb_adr[4][5] s_wb_adr_4__5_
system net s_wb_adr[4][3] s_wb_adr_4__3_
system net s_wb_adr[4][2] s_wb_adr_4__2_
system net s_wb_adr[4][1] s_wb_adr_4__1_
system net s_wb_adr[4][0] s_wb_adr_4__0_
system net s_wb_adr[3][15] s_wb_adr_3__15_
system net s_wb_adr[3][14] s_wb_adr_3__14_
system net s_wb_adr[3][13] s_wb_adr_3__13_
system net s_wb_adr[3][12] s_wb_adr_3__12_
system net s_wb_adr[3][11] s_wb_adr_3__11_
system net s_wb_adr[3][10] s_wb_adr_3__10_
system net s_wb_adr[3][9] s_wb_adr_3__9_
system net s_wb_adr[3][8] s_wb_adr_3__8_
system net s_wb_adr[3][7] s_wb_adr_3__7_
system net s_wb_adr[3][6] s_wb_adr_3__6_
system net s_wb_adr[3][5] s_wb_adr_3__5_
system net s_wb_adr[3][4] s_wb_adr_3__4_
system net s_wb_adr[3][3] s_wb_adr_3__3_
system net s_wb_adr[3][2] s_wb_adr_3__2_
system net s_wb_adr[3][1] s_wb_adr_3__1_
system net s_wb_adr[3][0] s_wb_adr_3__0_
system net s_wb_adr[1][12] s_wb_adr_1__12_
system net s_wb_adr[1][11] s_wb_adr_1__11_
system net s_wb_adr[1][10] s_wb_adr_1__10_
system net s_wb_adr[1][9] s_wb_adr_1__9_
system net s_wb_adr[1][8] s_wb_adr_1__8_
system net s_wb_adr[1][7] s_wb_adr_1__7_
system net s_wb_adr[1][6] s_wb_adr_1__6_
system net s_wb_adr[1][5] s_wb_adr_1__5_
system net s_wb_adr[1][4] s_wb_adr_1__4_
system net s_wb_adr[1][3] s_wb_adr_1__3_
system net s_wb_adr[1][2] s_wb_adr_1__2_
system net s_wb_adr[0][11] s_wb_adr_0__11_
system net s_wb_adr[0][10] s_wb_adr_0__10_
system net s_wb_adr[0][9] s_wb_adr_0__9_
system net s_wb_adr[0][8] s_wb_adr_0__8_
system net s_wb_adr[0][7] s_wb_adr_0__7_
system net s_wb_adr[0][6] s_wb_adr_0__6_
system net s_wb_adr[0][5] s_wb_adr_0__5_
system net s_wb_adr[0][4] s_wb_adr_0__4_
system net s_wb_adr[0][3] s_wb_adr_0__3_
system net s_wb_adr[0][2] s_wb_adr_0__2_
clocks_resets cell count_reg[0] count_reg_0_
clocks_resets cell count_reg[1] count_reg_1_
a25_core_1 net dabt_fault_status[0] dabt_fault_status_0_
a25_core_1 net barrel_shift_data_sel[1] barrel_shift_data_sel_1_
a25_core_1 net byte_enable_sel[0] byte_enable_sel_0_
a25_core_0 net dabt_fault_status[0] dabt_fault_status_0_
a25_core_0 net barrel_shift_data_sel[1] barrel_shift_data_sel_1_
a25_core_0 net byte_enable_sel[0] byte_enable_sel_0_
wb_rr_arb2 cell grant_reg[0] grant_reg_0_
wb_rr_arb2 cell grant_reg[1] grant_reg_1_
eth_top cell temp_wb_dat_o_reg_reg[1] temp_wb_dat_o_reg_reg_1_
eth_top cell temp_wb_dat_o_reg_reg[2] temp_wb_dat_o_reg_reg_2_
eth_top cell temp_wb_dat_o_reg_reg[3] temp_wb_dat_o_reg_reg_3_
eth_top cell temp_wb_dat_o_reg_reg[4] temp_wb_dat_o_reg_reg_4_
eth_top cell temp_wb_dat_o_reg_reg[5] temp_wb_dat_o_reg_reg_5_
eth_top cell temp_wb_dat_o_reg_reg[6] temp_wb_dat_o_reg_reg_6_
eth_top cell temp_wb_dat_o_reg_reg[7] temp_wb_dat_o_reg_reg_7_
eth_top cell temp_wb_dat_o_reg_reg[8] temp_wb_dat_o_reg_reg_8_
eth_top cell temp_wb_dat_o_reg_reg[9] temp_wb_dat_o_reg_reg_9_
eth_top cell temp_wb_dat_o_reg_reg[10] temp_wb_dat_o_reg_reg_10_
eth_top cell temp_wb_dat_o_reg_reg[11] temp_wb_dat_o_reg_reg_11_
eth_top cell temp_wb_dat_o_reg_reg[12] temp_wb_dat_o_reg_reg_12_
eth_top cell temp_wb_dat_o_reg_reg[13] temp_wb_dat_o_reg_reg_13_
eth_top cell temp_wb_dat_o_reg_reg[14] temp_wb_dat_o_reg_reg_14_
eth_top cell temp_wb_dat_o_reg_reg[16] temp_wb_dat_o_reg_reg_16_
eth_top cell temp_wb_dat_o_reg_reg[17] temp_wb_dat_o_reg_reg_17_
eth_top cell temp_wb_dat_o_reg_reg[18] temp_wb_dat_o_reg_reg_18_
eth_top cell temp_wb_dat_o_reg_reg[19] temp_wb_dat_o_reg_reg_19_
eth_top cell temp_wb_dat_o_reg_reg[20] temp_wb_dat_o_reg_reg_20_
eth_top cell temp_wb_dat_o_reg_reg[21] temp_wb_dat_o_reg_reg_21_
eth_top cell temp_wb_dat_o_reg_reg[22] temp_wb_dat_o_reg_reg_22_
eth_top cell temp_wb_dat_o_reg_reg[23] temp_wb_dat_o_reg_reg_23_
eth_top cell temp_wb_dat_o_reg_reg[24] temp_wb_dat_o_reg_reg_24_
eth_top cell temp_wb_dat_o_reg_reg[25] temp_wb_dat_o_reg_reg_25_
eth_top cell temp_wb_dat_o_reg_reg[26] temp_wb_dat_o_reg_reg_26_
eth_top cell temp_wb_dat_o_reg_reg[27] temp_wb_dat_o_reg_reg_27_
eth_top cell temp_wb_dat_o_reg_reg[28] temp_wb_dat_o_reg_reg_28_
eth_top cell temp_wb_dat_o_reg_reg[29] temp_wb_dat_o_reg_reg_29_
eth_top cell temp_wb_dat_o_reg_reg[31] temp_wb_dat_o_reg_reg_31_
eth_top cell temp_wb_dat_o_reg_reg[0] temp_wb_dat_o_reg_reg_0_
eth_top cell temp_wb_dat_o_reg_reg[15] temp_wb_dat_o_reg_reg_15_
eth_top cell temp_wb_dat_o_reg_reg[30] temp_wb_dat_o_reg_reg_30_
eth_top net _0_net_ n_0_net_
eth_top net _1_net_ n_1_net_
uart_1 cell uart0_cts_n_d_reg[0] uart0_cts_n_d_reg_0_
uart_1 cell uart0_cts_n_d_reg[1] uart0_cts_n_d_reg_1_
uart_1 cell uart0_cts_n_d_reg[2] uart0_cts_n_d_reg_2_
uart_1 cell uart0_cts_n_d_reg[3] uart0_cts_n_d_reg_3_
uart_1 cell rxd_d_reg[0] rxd_d_reg_0_
uart_1 cell rxd_d_reg[1] rxd_d_reg_1_
uart_1 cell rxd_d_reg[2] rxd_d_reg_2_
uart_1 cell rxd_d_reg[3] rxd_d_reg_3_
uart_1 cell rxd_d_reg[4] rxd_d_reg_4_
uart_1 cell uart_rsr_reg_reg[7] uart_rsr_reg_reg_7_
uart_1 cell uart_rsr_reg_reg[5] uart_rsr_reg_reg_5_
uart_1 cell uart_rsr_reg_reg[3] uart_rsr_reg_reg_3_
uart_1 cell uart_rsr_reg_reg[1] uart_rsr_reg_reg_1_
uart_1 cell uart_lcrm_reg_reg[2] uart_lcrm_reg_reg_2_
uart_1 cell uart_lcrh_reg_reg[7] uart_lcrh_reg_reg_7_
uart_1 cell uart_lcrh_reg_reg[6] uart_lcrh_reg_reg_6_
uart_1 cell uart_lcrh_reg_reg[5] uart_lcrh_reg_reg_5_
uart_1 cell rx_bit_pulse_count_reg[0] rx_bit_pulse_count_reg_0_
uart_1 cell rx_bit_pulse_count_reg[1] rx_bit_pulse_count_reg_1_
uart_1 cell rx_bit_pulse_count_reg[2] rx_bit_pulse_count_reg_2_
uart_1 cell rx_bit_pulse_count_reg[3] rx_bit_pulse_count_reg_3_
uart_1 cell rx_bit_pulse_count_reg[4] rx_bit_pulse_count_reg_4_
uart_1 cell rx_bit_pulse_count_reg[5] rx_bit_pulse_count_reg_5_
uart_1 cell rx_bit_pulse_count_reg[6] rx_bit_pulse_count_reg_6_
uart_1 cell rx_bit_pulse_count_reg[7] rx_bit_pulse_count_reg_7_
uart_1 cell rx_bit_pulse_count_reg[8] rx_bit_pulse_count_reg_8_
uart_1 cell rxd_state_reg[3] rxd_state_reg_3_
uart_1 cell rxd_state_reg[1] rxd_state_reg_1_
uart_1 cell rxd_state_reg[0] rxd_state_reg_0_
uart_1 cell rxd_state_reg[2] rxd_state_reg_2_
uart_1 cell rx_fifo_rp_reg[3] rx_fifo_rp_reg_3_
uart_1 cell rx_fifo_rp_reg[4] rx_fifo_rp_reg_4_
uart_1 cell rx_int_timer_reg[22] rx_int_timer_reg_22_
uart_1 cell rx_int_timer_reg[23] rx_int_timer_reg_23_
uart_1 cell rx_int_timer_reg[0] rx_int_timer_reg_0_
uart_1 cell rx_int_timer_reg[1] rx_int_timer_reg_1_
uart_1 cell rx_int_timer_reg[2] rx_int_timer_reg_2_
uart_1 cell rx_int_timer_reg[3] rx_int_timer_reg_3_
uart_1 cell rx_int_timer_reg[4] rx_int_timer_reg_4_
uart_1 cell rx_int_timer_reg[5] rx_int_timer_reg_5_
uart_1 cell rx_int_timer_reg[7] rx_int_timer_reg_7_
uart_1 cell rx_int_timer_reg[8] rx_int_timer_reg_8_
uart_1 cell rx_int_timer_reg[9] rx_int_timer_reg_9_
uart_1 cell rx_int_timer_reg[10] rx_int_timer_reg_10_
uart_1 cell rx_int_timer_reg[11] rx_int_timer_reg_11_
uart_1 cell rx_int_timer_reg[12] rx_int_timer_reg_12_
uart_1 cell rx_int_timer_reg[13] rx_int_timer_reg_13_
uart_1 cell rx_int_timer_reg[14] rx_int_timer_reg_14_
uart_1 cell rx_int_timer_reg[15] rx_int_timer_reg_15_
uart_1 cell rx_int_timer_reg[16] rx_int_timer_reg_16_
uart_1 cell rx_int_timer_reg[17] rx_int_timer_reg_17_
uart_1 cell rx_int_timer_reg[18] rx_int_timer_reg_18_
uart_1 cell rx_int_timer_reg[19] rx_int_timer_reg_19_
uart_1 cell rx_int_timer_reg[20] rx_int_timer_reg_20_
uart_1 cell rx_fifo_wp_reg[1] rx_fifo_wp_reg_1_
uart_1 cell rx_fifo_wp_reg[2] rx_fifo_wp_reg_2_
uart_1 cell rx_fifo_wp_reg[3] rx_fifo_wp_reg_3_
uart_1 cell rx_fifo_reg[14][0] rx_fifo_reg_14__0_
uart_1 cell rx_fifo_reg[4][1] rx_fifo_reg_4__1_
uart_1 cell rx_fifo_reg[0][1] rx_fifo_reg_0__1_
uart_1 cell rx_fifo_wp_reg[4] rx_fifo_wp_reg_4_
uart_1 cell rx_fifo_count_reg[4] rx_fifo_count_reg_4_
uart_1 cell rx_fifo_count_reg[0] rx_fifo_count_reg_0_
uart_1 cell rx_fifo_count_reg[1] rx_fifo_count_reg_1_
uart_1 cell rx_fifo_count_reg[2] rx_fifo_count_reg_2_
uart_1 cell rx_fifo_count_reg[3] rx_fifo_count_reg_3_
uart_1 cell tx_fifo_wp_reg[0] tx_fifo_wp_reg_0_
uart_1 cell tx_fifo_wp_reg[4] tx_fifo_wp_reg_4_
uart_1 cell tx_fifo_reg[14][0] tx_fifo_reg_14__0_
uart_1 cell tx_fifo_reg[14][1] tx_fifo_reg_14__1_
uart_1 cell tx_fifo_reg[14][2] tx_fifo_reg_14__2_
uart_1 cell tx_fifo_reg[14][3] tx_fifo_reg_14__3_
uart_1 cell tx_fifo_reg[14][4] tx_fifo_reg_14__4_
uart_1 cell tx_fifo_reg[14][5] tx_fifo_reg_14__5_
uart_1 cell tx_fifo_reg[14][6] tx_fifo_reg_14__6_
uart_1 cell tx_fifo_reg[14][7] tx_fifo_reg_14__7_
uart_1 cell tx_fifo_reg[12][0] tx_fifo_reg_12__0_
uart_1 cell tx_fifo_reg[12][1] tx_fifo_reg_12__1_
uart_1 cell tx_fifo_reg[12][2] tx_fifo_reg_12__2_
uart_1 cell tx_fifo_reg[12][3] tx_fifo_reg_12__3_
uart_1 cell tx_fifo_reg[12][4] tx_fifo_reg_12__4_
uart_1 cell tx_fifo_reg[12][6] tx_fifo_reg_12__6_
uart_1 cell tx_fifo_reg[12][7] tx_fifo_reg_12__7_
uart_1 cell tx_fifo_reg[10][0] tx_fifo_reg_10__0_
uart_1 cell tx_fifo_reg[10][1] tx_fifo_reg_10__1_
uart_1 cell tx_fifo_reg[10][2] tx_fifo_reg_10__2_
uart_1 cell tx_fifo_reg[10][3] tx_fifo_reg_10__3_
uart_1 cell tx_fifo_reg[10][4] tx_fifo_reg_10__4_
uart_1 cell tx_fifo_reg[10][5] tx_fifo_reg_10__5_
uart_1 cell tx_fifo_reg[10][6] tx_fifo_reg_10__6_
uart_1 cell tx_fifo_reg[10][7] tx_fifo_reg_10__7_
uart_1 cell tx_fifo_reg[8][0] tx_fifo_reg_8__0_
uart_1 cell tx_fifo_reg[8][1] tx_fifo_reg_8__1_
uart_1 cell tx_fifo_reg[8][2] tx_fifo_reg_8__2_
uart_1 cell tx_fifo_reg[8][3] tx_fifo_reg_8__3_
uart_1 cell tx_fifo_reg[8][5] tx_fifo_reg_8__5_
uart_1 cell tx_fifo_reg[8][6] tx_fifo_reg_8__6_
uart_1 cell tx_fifo_reg[8][7] tx_fifo_reg_8__7_
uart_1 cell tx_fifo_reg[6][0] tx_fifo_reg_6__0_
uart_1 cell tx_fifo_reg[6][1] tx_fifo_reg_6__1_
uart_1 cell tx_fifo_reg[6][2] tx_fifo_reg_6__2_
uart_1 cell tx_fifo_reg[6][3] tx_fifo_reg_6__3_
uart_1 cell tx_fifo_reg[6][4] tx_fifo_reg_6__4_
uart_1 cell tx_fifo_reg[6][5] tx_fifo_reg_6__5_
uart_1 cell tx_fifo_reg[6][6] tx_fifo_reg_6__6_
uart_1 cell tx_fifo_reg[6][7] tx_fifo_reg_6__7_
uart_1 cell tx_fifo_reg[4][0] tx_fifo_reg_4__0_
uart_1 cell tx_fifo_reg[4][1] tx_fifo_reg_4__1_
uart_1 cell tx_fifo_reg[4][2] tx_fifo_reg_4__2_
uart_1 cell tx_fifo_reg[4][4] tx_fifo_reg_4__4_
uart_1 cell tx_fifo_reg[4][5] tx_fifo_reg_4__5_
uart_1 cell tx_fifo_reg[4][6] tx_fifo_reg_4__6_
uart_1 cell tx_fifo_reg[4][7] tx_fifo_reg_4__7_
uart_1 cell tx_fifo_reg[2][0] tx_fifo_reg_2__0_
uart_1 cell tx_fifo_reg[2][1] tx_fifo_reg_2__1_
uart_1 cell tx_fifo_reg[2][2] tx_fifo_reg_2__2_
uart_1 cell tx_fifo_reg[2][3] tx_fifo_reg_2__3_
uart_1 cell tx_fifo_reg[2][4] tx_fifo_reg_2__4_
uart_1 cell tx_fifo_reg[2][5] tx_fifo_reg_2__5_
uart_1 cell tx_fifo_reg[2][6] tx_fifo_reg_2__6_
uart_1 cell tx_fifo_reg[2][7] tx_fifo_reg_2__7_
uart_1 cell tx_fifo_reg[15][0] tx_fifo_reg_15__0_
uart_1 cell tx_fifo_reg[15][1] tx_fifo_reg_15__1_
uart_1 cell tx_fifo_reg[15][3] tx_fifo_reg_15__3_
uart_1 cell tx_fifo_reg[15][4] tx_fifo_reg_15__4_
uart_1 cell tx_fifo_reg[15][5] tx_fifo_reg_15__5_
uart_1 cell tx_fifo_reg[15][6] tx_fifo_reg_15__6_
uart_1 cell tx_fifo_reg[15][7] tx_fifo_reg_15__7_
uart_1 cell tx_fifo_reg[13][0] tx_fifo_reg_13__0_
uart_1 cell tx_fifo_reg[13][1] tx_fifo_reg_13__1_
uart_1 cell tx_fifo_reg[13][2] tx_fifo_reg_13__2_
uart_1 cell tx_fifo_reg[13][3] tx_fifo_reg_13__3_
uart_1 cell tx_fifo_reg[13][4] tx_fifo_reg_13__4_
uart_1 cell tx_fifo_reg[13][5] tx_fifo_reg_13__5_
uart_1 cell tx_fifo_reg[13][6] tx_fifo_reg_13__6_
uart_1 cell tx_fifo_reg[13][7] tx_fifo_reg_13__7_
uart_1 cell tx_fifo_reg[11][0] tx_fifo_reg_11__0_
uart_1 cell tx_fifo_reg[11][2] tx_fifo_reg_11__2_
uart_1 cell tx_fifo_reg[11][3] tx_fifo_reg_11__3_
uart_1 cell tx_fifo_reg[11][4] tx_fifo_reg_11__4_
uart_1 cell tx_fifo_reg[11][5] tx_fifo_reg_11__5_
uart_1 cell tx_fifo_reg[11][6] tx_fifo_reg_11__6_
uart_1 cell tx_fifo_reg[11][7] tx_fifo_reg_11__7_
uart_1 cell tx_fifo_reg[9][0] tx_fifo_reg_9__0_
uart_1 cell tx_fifo_reg[9][1] tx_fifo_reg_9__1_
uart_1 cell tx_fifo_reg[9][2] tx_fifo_reg_9__2_
uart_1 cell tx_fifo_reg[9][3] tx_fifo_reg_9__3_
uart_1 cell tx_fifo_reg[9][4] tx_fifo_reg_9__4_
uart_1 cell tx_fifo_reg[9][5] tx_fifo_reg_9__5_
uart_1 cell tx_fifo_reg[9][6] tx_fifo_reg_9__6_
uart_1 cell tx_fifo_reg[9][7] tx_fifo_reg_9__7_
uart_1 cell tx_fifo_reg[7][1] tx_fifo_reg_7__1_
uart_1 cell tx_fifo_reg[7][2] tx_fifo_reg_7__2_
uart_1 cell tx_fifo_reg[7][3] tx_fifo_reg_7__3_
uart_1 cell tx_fifo_reg[7][4] tx_fifo_reg_7__4_
uart_1 cell tx_fifo_reg[7][5] tx_fifo_reg_7__5_
uart_1 cell tx_fifo_reg[7][6] tx_fifo_reg_7__6_
uart_1 cell tx_fifo_reg[7][7] tx_fifo_reg_7__7_
uart_1 cell tx_fifo_reg[5][0] tx_fifo_reg_5__0_
uart_1 cell tx_fifo_reg[5][1] tx_fifo_reg_5__1_
uart_1 cell tx_fifo_reg[5][2] tx_fifo_reg_5__2_
uart_1 cell tx_fifo_reg[5][3] tx_fifo_reg_5__3_
uart_1 cell tx_fifo_reg[5][4] tx_fifo_reg_5__4_
uart_1 cell tx_fifo_reg[5][5] tx_fifo_reg_5__5_
uart_1 cell tx_fifo_reg[5][6] tx_fifo_reg_5__6_
uart_1 cell tx_fifo_reg[3][0] tx_fifo_reg_3__0_
uart_1 cell tx_fifo_reg[3][1] tx_fifo_reg_3__1_
uart_1 cell tx_fifo_reg[3][2] tx_fifo_reg_3__2_
uart_1 cell tx_fifo_reg[3][3] tx_fifo_reg_3__3_
uart_1 cell tx_fifo_reg[3][4] tx_fifo_reg_3__4_
uart_1 cell tx_fifo_reg[3][5] tx_fifo_reg_3__5_
uart_1 cell tx_fifo_reg[3][6] tx_fifo_reg_3__6_
uart_1 cell tx_fifo_reg[3][7] tx_fifo_reg_3__7_
uart_1 cell tx_fifo_reg[1][0] tx_fifo_reg_1__0_
uart_1 cell tx_fifo_reg[1][1] tx_fifo_reg_1__1_
uart_1 cell tx_fifo_reg[1][2] tx_fifo_reg_1__2_
uart_1 cell tx_fifo_reg[1][3] tx_fifo_reg_1__3_
uart_1 cell tx_fifo_reg[1][4] tx_fifo_reg_1__4_
uart_1 cell tx_fifo_reg[1][5] tx_fifo_reg_1__5_
uart_1 cell tx_fifo_reg[1][7] tx_fifo_reg_1__7_
uart_1 cell tx_bit_pulse_count_reg[0] tx_bit_pulse_count_reg_0_
uart_1 cell tx_bit_pulse_count_reg[1] tx_bit_pulse_count_reg_1_
uart_1 cell tx_bit_pulse_count_reg[2] tx_bit_pulse_count_reg_2_
uart_1 cell tx_bit_pulse_count_reg[4] tx_bit_pulse_count_reg_4_
uart_1 cell tx_bit_pulse_count_reg[5] tx_bit_pulse_count_reg_5_
uart_1 cell tx_bit_pulse_count_reg[6] tx_bit_pulse_count_reg_6_
uart_1 cell tx_bit_pulse_count_reg[7] tx_bit_pulse_count_reg_7_
uart_1 cell tx_bit_pulse_count_reg[8] tx_bit_pulse_count_reg_8_
uart_1 cell tx_bit_pulse_count_reg[9] tx_bit_pulse_count_reg_9_
uart_1 cell tx_fifo_rp_reg[1] tx_fifo_rp_reg_1_
uart_1 cell tx_fifo_rp_reg[2] tx_fifo_rp_reg_2_
uart_1 cell tx_fifo_rp_reg[3] tx_fifo_rp_reg_3_
uart_1 cell tx_fifo_rp_reg[4] tx_fifo_rp_reg_4_
uart_1 cell tx_fifo_count_reg[0] tx_fifo_count_reg_0_
uart_1 cell tx_fifo_count_reg[1] tx_fifo_count_reg_1_
uart_1 cell tx_fifo_count_reg[2] tx_fifo_count_reg_2_
uart_1 cell tx_fifo_count_reg[3] tx_fifo_count_reg_3_
uart_1 cell tx_fifo_count_reg[4] tx_fifo_count_reg_4_
uart_1 cell wb_rdata_reg[16] wb_rdata_reg_16_
uart_1 cell wb_rdata_reg[7] wb_rdata_reg_7_
uart_1 cell wb_rdata_reg[6] wb_rdata_reg_6_
uart_1 cell wb_rdata_reg[5] wb_rdata_reg_5_
uart_1 cell wb_rdata_reg[4] wb_rdata_reg_4_
uart_1 cell wb_rdata_reg[3] wb_rdata_reg_3_
uart_1 cell wb_rdata_reg[2] wb_rdata_reg_2_
uart_1 cell txd_state_reg[2] txd_state_reg_2_
uart_1 cell txd_state_reg[3] txd_state_reg_3_
uart_1 cell wb_rdata_reg[10] wb_rdata_reg_10_
uart_1 cell wb_rdata_reg[1] wb_rdata_reg_1_
uart_1 cell wb_rdata_reg[0] wb_rdata_reg_0_
uart_1 cell uart_lcrl_reg_reg[4] uart_lcrl_reg_reg_4_
uart_1 cell uart_lcrl_reg_reg[3] uart_lcrl_reg_reg_3_
uart_1 cell uart_lcrl_reg_reg[2] uart_lcrl_reg_reg_2_
uart_1 cell uart_lcrl_reg_reg[0] uart_lcrl_reg_reg_0_
uart_1 cell uart_cr_reg_reg[7] uart_cr_reg_reg_7_
uart_1 cell uart_cr_reg_reg[6] uart_cr_reg_reg_6_
uart_1 cell uart_cr_reg_reg[4] uart_cr_reg_reg_4_
uart_1 cell uart_cr_reg_reg[3] uart_cr_reg_reg_3_
uart_1 cell uart_lcrm_reg_reg[5] uart_lcrm_reg_reg_5_
uart_1 cell uart_lcrm_reg_reg[1] uart_lcrm_reg_reg_1_
uart_1 cell rx_fifo_reg[15][1] rx_fifo_reg_15__1_
uart_1 cell rx_fifo_reg[15][3] rx_fifo_reg_15__3_
uart_1 cell rx_fifo_reg[15][4] rx_fifo_reg_15__4_
uart_1 cell rx_fifo_reg[15][5] rx_fifo_reg_15__5_
uart_1 cell rx_fifo_reg[15][6] rx_fifo_reg_15__6_
uart_1 cell rx_fifo_reg[14][1] rx_fifo_reg_14__1_
uart_1 cell rx_fifo_reg[11][0] rx_fifo_reg_11__0_
uart_1 cell rx_fifo_reg[11][1] rx_fifo_reg_11__1_
uart_1 cell rx_fifo_reg[11][2] rx_fifo_reg_11__2_
uart_1 cell rx_fifo_reg[11][3] rx_fifo_reg_11__3_
uart_1 cell rx_fifo_reg[11][4] rx_fifo_reg_11__4_
uart_1 cell rx_fifo_reg[11][5] rx_fifo_reg_11__5_
uart_1 cell rx_fifo_reg[11][6] rx_fifo_reg_11__6_
uart_1 cell rx_fifo_reg[10][0] rx_fifo_reg_10__0_
uart_1 cell rx_fifo_reg[10][2] rx_fifo_reg_10__2_
uart_1 cell rx_fifo_reg[10][3] rx_fifo_reg_10__3_
uart_1 cell rx_fifo_reg[10][4] rx_fifo_reg_10__4_
uart_1 cell rx_fifo_reg[10][5] rx_fifo_reg_10__5_
uart_1 cell rx_fifo_reg[10][6] rx_fifo_reg_10__6_
uart_1 cell rx_fifo_reg[13][0] rx_fifo_reg_13__0_
uart_1 cell rx_fifo_reg[13][1] rx_fifo_reg_13__1_
uart_1 cell rx_fifo_reg[13][2] rx_fifo_reg_13__2_
uart_1 cell rx_fifo_reg[13][3] rx_fifo_reg_13__3_
uart_1 cell rx_fifo_reg[13][4] rx_fifo_reg_13__4_
uart_1 cell rx_fifo_reg[13][5] rx_fifo_reg_13__5_
uart_1 cell rx_fifo_reg[12][1] rx_fifo_reg_12__1_
uart_1 cell rx_fifo_reg[12][2] rx_fifo_reg_12__2_
uart_1 cell rx_fifo_reg[12][3] rx_fifo_reg_12__3_
uart_1 cell rx_fifo_reg[7][0] rx_fifo_reg_7__0_
uart_1 cell rx_fifo_reg[7][1] rx_fifo_reg_7__1_
uart_1 cell rx_fifo_reg[7][2] rx_fifo_reg_7__2_
uart_1 cell rx_fifo_reg[7][3] rx_fifo_reg_7__3_
uart_1 cell rx_fifo_reg[7][4] rx_fifo_reg_7__4_
uart_1 cell rx_fifo_reg[7][5] rx_fifo_reg_7__5_
uart_1 cell rx_fifo_reg[7][6] rx_fifo_reg_7__6_
uart_1 cell rx_fifo_reg[6][1] rx_fifo_reg_6__1_
uart_1 cell rx_fifo_reg[2][0] rx_fifo_reg_2__0_
uart_1 cell rx_fifo_reg[2][2] rx_fifo_reg_2__2_
uart_1 cell rx_fifo_reg[2][3] rx_fifo_reg_2__3_
uart_1 cell rx_fifo_reg[2][4] rx_fifo_reg_2__4_
uart_1 cell rx_fifo_reg[2][5] rx_fifo_reg_2__5_
uart_1 cell rx_fifo_reg[2][6] rx_fifo_reg_2__6_
uart_1 cell tx_fifo_reg[0][7] tx_fifo_reg_0__7_
uart_1 cell uart_lcrh_reg_reg[3] uart_lcrh_reg_reg_3_
uart_1 cell uart_lcrh_reg_reg[1] uart_lcrh_reg_reg_1_
uart_1 cell rx_fifo_reg[15][2] rx_fifo_reg_15__2_
uart_1 cell rx_fifo_reg[13][6] rx_fifo_reg_13__6_
uart_1 cell rx_fifo_reg[12][0] rx_fifo_reg_12__0_
uart_1 cell rx_fifo_reg[12][5] rx_fifo_reg_12__5_
uart_1 cell rx_fifo_reg[12][6] rx_fifo_reg_12__6_
uart_1 cell rx_fifo_reg[8][0] rx_fifo_reg_8__0_
uart_1 cell rx_fifo_reg[8][2] rx_fifo_reg_8__2_
uart_1 cell rx_fifo_reg[8][3] rx_fifo_reg_8__3_
uart_1 cell rx_fifo_reg[8][4] rx_fifo_reg_8__4_
uart_1 cell rx_fifo_reg[8][5] rx_fifo_reg_8__5_
uart_1 cell rx_fifo_reg[8][6] rx_fifo_reg_8__6_
uart_1 cell rx_fifo_reg[13][7] rx_fifo_reg_13__7_
uart_1 cell rx_fifo_reg[12][7] rx_fifo_reg_12__7_
uart_1 cell rx_fifo_reg[11][7] rx_fifo_reg_11__7_
uart_1 cell rx_fifo_reg[10][7] rx_fifo_reg_10__7_
uart_1 cell rx_fifo_reg[8][7] rx_fifo_reg_8__7_
uart_1 cell rx_fifo_reg[7][7] rx_fifo_reg_7__7_
uart_1 cell rx_fifo_reg[2][7] rx_fifo_reg_2__7_
uart_1 cell uart_lcrl_reg_reg[6] uart_lcrl_reg_reg_6_
uart_1 cell uart_cr_reg_reg[1] uart_cr_reg_reg_1_
uart_1 cell rx_fifo_reg[14][5] rx_fifo_reg_14__5_
uart_1 cell rx_fifo_reg[14][6] rx_fifo_reg_14__6_
uart_1 cell rx_fifo_reg[6][0] rx_fifo_reg_6__0_
uart_1 cell rx_fifo_reg[6][2] rx_fifo_reg_6__2_
uart_1 cell rx_fifo_reg[6][4] rx_fifo_reg_6__4_
uart_1 cell rx_fifo_reg[6][5] rx_fifo_reg_6__5_
uart_1 cell rx_fifo_reg[6][6] rx_fifo_reg_6__6_
uart_1 cell rx_fifo_reg[3][0] rx_fifo_reg_3__0_
uart_1 cell rx_fifo_reg[3][1] rx_fifo_reg_3__1_
uart_1 cell rx_fifo_reg[3][2] rx_fifo_reg_3__2_
uart_1 cell rx_fifo_reg[3][3] rx_fifo_reg_3__3_
uart_1 cell rx_fifo_reg[3][4] rx_fifo_reg_3__4_
uart_1 cell rx_fifo_reg[3][5] rx_fifo_reg_3__5_
uart_1 cell rx_fifo_reg[3][6] rx_fifo_reg_3__6_
uart_1 cell rx_fifo_reg[2][1] rx_fifo_reg_2__1_
uart_1 cell rx_fifo_reg[5][1] rx_fifo_reg_5__1_
uart_1 cell rx_fifo_reg[5][2] rx_fifo_reg_5__2_
uart_1 cell rx_fifo_reg[5][3] rx_fifo_reg_5__3_
uart_1 cell tx_fifo_reg[0][1] tx_fifo_reg_0__1_
uart_1 cell uart_lcrh_reg_reg[2] uart_lcrh_reg_reg_2_
uart_1 cell uart_lcrh_reg_reg[0] uart_lcrh_reg_reg_0_
uart_1 cell uart_lcrl_reg_reg[7] uart_lcrl_reg_reg_7_
uart_1 cell uart_lcrl_reg_reg[5] uart_lcrl_reg_reg_5_
uart_1 cell uart_lcrl_reg_reg[1] uart_lcrl_reg_reg_1_
uart_1 cell uart_cr_reg_reg[2] uart_cr_reg_reg_2_
uart_1 cell uart_cr_reg_reg[0] uart_cr_reg_reg_0_
uart_1 cell uart_rsr_reg_reg[6] uart_rsr_reg_reg_6_
uart_1 cell uart_rsr_reg_reg[4] uart_rsr_reg_reg_4_
uart_1 cell uart_rsr_reg_reg[0] uart_rsr_reg_reg_0_
uart_1 cell uart_lcrm_reg_reg[7] uart_lcrm_reg_reg_7_
uart_1 cell uart_lcrm_reg_reg[6] uart_lcrm_reg_reg_6_
uart_1 cell uart_lcrm_reg_reg[4] uart_lcrm_reg_reg_4_
uart_1 cell uart_lcrm_reg_reg[0] uart_lcrm_reg_reg_0_
uart_1 cell rx_fifo_reg[14][2] rx_fifo_reg_14__2_
uart_1 cell rx_fifo_reg[14][3] rx_fifo_reg_14__3_
uart_1 cell rx_fifo_reg[14][4] rx_fifo_reg_14__4_
uart_1 cell rx_fifo_reg[9][0] rx_fifo_reg_9__0_
uart_1 cell rx_fifo_reg[9][2] rx_fifo_reg_9__2_
uart_1 cell rx_fifo_reg[9][3] rx_fifo_reg_9__3_
uart_1 cell rx_fifo_reg[9][4] rx_fifo_reg_9__4_
uart_1 cell rx_fifo_reg[9][5] rx_fifo_reg_9__5_
uart_1 cell rx_fifo_reg[9][6] rx_fifo_reg_9__6_
uart_1 cell rx_fifo_reg[5][0] rx_fifo_reg_5__0_
uart_1 cell rx_fifo_reg[5][4] rx_fifo_reg_5__4_
uart_1 cell rx_fifo_reg[4][0] rx_fifo_reg_4__0_
uart_1 cell rx_fifo_reg[4][3] rx_fifo_reg_4__3_
uart_1 cell rx_fifo_reg[4][5] rx_fifo_reg_4__5_
uart_1 cell rx_fifo_reg[1][0] rx_fifo_reg_1__0_
uart_1 cell rx_fifo_reg[1][2] rx_fifo_reg_1__2_
uart_1 cell rx_fifo_reg[1][3] rx_fifo_reg_1__3_
uart_1 cell rx_fifo_reg[1][4] rx_fifo_reg_1__4_
uart_1 cell rx_fifo_reg[1][5] rx_fifo_reg_1__5_
uart_1 cell tx_fifo_reg[0][2] tx_fifo_reg_0__2_
uart_1 cell rx_fifo_reg[9][1] rx_fifo_reg_9__1_
uart_1 cell rx_fifo_reg[8][1] rx_fifo_reg_8__1_
uart_1 cell rx_fifo_reg[5][5] rx_fifo_reg_5__5_
uart_1 cell rx_fifo_reg[5][6] rx_fifo_reg_5__6_
uart_1 cell rx_fifo_reg[4][2] rx_fifo_reg_4__2_
uart_1 cell rx_fifo_reg[4][6] rx_fifo_reg_4__6_
uart_1 cell rx_fifo_reg[1][6] rx_fifo_reg_1__6_
uart_1 cell rx_fifo_reg[9][7] rx_fifo_reg_9__7_
uart_1 cell rx_fifo_reg[6][7] rx_fifo_reg_6__7_
uart_1 cell rx_fifo_reg[5][7] rx_fifo_reg_5__7_
uart_1 cell rx_fifo_reg[4][7] rx_fifo_reg_4__7_
uart_1 cell rx_fifo_reg[3][7] rx_fifo_reg_3__7_
uart_1 cell rx_fifo_reg[1][7] rx_fifo_reg_1__7_
uart_1 cell tx_bit_pulse_count_reg[3] tx_bit_pulse_count_reg_3_
uart_1 cell tx_fifo_reg[0][5] tx_fifo_reg_0__5_
uart_1 cell tx_fifo_reg[0][0] tx_fifo_reg_0__0_
uart_1 cell tx_fifo_reg[0][4] tx_fifo_reg_0__4_
uart_1 cell tx_fifo_rp_reg[0] tx_fifo_rp_reg_0_
uart_1 cell rx_fifo_rp_reg[2] rx_fifo_rp_reg_2_
uart_1 cell rx_fifo_reg[0][0] rx_fifo_reg_0__0_
uart_1 cell rx_fifo_reg[0][3] rx_fifo_reg_0__3_
uart_1 cell rx_fifo_reg[0][4] rx_fifo_reg_0__4_
uart_1 cell uart_cr_reg_reg[5] uart_cr_reg_reg_5_
uart_1 cell tx_fifo_reg[0][3] tx_fifo_reg_0__3_
uart_1 cell rx_fifo_reg[0][2] rx_fifo_reg_0__2_
uart_1 cell rx_fifo_reg[0][5] rx_fifo_reg_0__5_
uart_1 cell rx_fifo_reg[0][6] rx_fifo_reg_0__6_
uart_1 cell tx_fifo_wp_reg[1] tx_fifo_wp_reg_1_
uart_1 cell tx_fifo_wp_reg[2] tx_fifo_wp_reg_2_
uart_1 cell rx_fifo_wp_reg[0] rx_fifo_wp_reg_0_
uart_1 cell rx_fifo_rp_reg[1] rx_fifo_rp_reg_1_
uart_1 cell txd_state_reg[0] txd_state_reg_0_
uart_1 cell rx_byte_reg[0] rx_byte_reg_0_
uart_1 cell rx_byte_reg[1] rx_byte_reg_1_
uart_1 cell rx_byte_reg[2] rx_byte_reg_2_
uart_1 cell rx_byte_reg[3] rx_byte_reg_3_
uart_1 cell rx_byte_reg[4] rx_byte_reg_4_
uart_1 cell rx_byte_reg[6] rx_byte_reg_6_
uart_1 cell rx_byte_reg[7] rx_byte_reg_7_
uart_1 cell rx_byte_reg[5] rx_byte_reg_5_
uart_1 cell uart_lcrh_reg_reg[4] uart_lcrh_reg_reg_4_
uart_1 cell uart_rsr_reg_reg[2] uart_rsr_reg_reg_2_
uart_1 cell rx_bit_pulse_count_reg[9] rx_bit_pulse_count_reg_9_
uart_1 cell rx_int_timer_reg[6] rx_int_timer_reg_6_
uart_1 cell rx_int_timer_reg[21] rx_int_timer_reg_21_
uart_1 cell tx_fifo_wp_reg[3] tx_fifo_wp_reg_3_
uart_1 cell tx_fifo_reg[12][5] tx_fifo_reg_12__5_
uart_1 cell tx_fifo_reg[8][4] tx_fifo_reg_8__4_
uart_1 cell tx_fifo_reg[4][3] tx_fifo_reg_4__3_
uart_1 cell tx_fifo_reg[15][2] tx_fifo_reg_15__2_
uart_1 cell tx_fifo_reg[11][1] tx_fifo_reg_11__1_
uart_1 cell tx_fifo_reg[7][0] tx_fifo_reg_7__0_
uart_1 cell tx_fifo_reg[5][7] tx_fifo_reg_5__7_
uart_1 cell tx_fifo_reg[1][6] tx_fifo_reg_1__6_
uart_1 cell rx_fifo_rp_reg[0] rx_fifo_rp_reg_0_
uart_1 cell rx_fifo_reg[15][0] rx_fifo_reg_15__0_
uart_1 cell rx_fifo_reg[10][1] rx_fifo_reg_10__1_
uart_1 cell rx_fifo_reg[12][4] rx_fifo_reg_12__4_
uart_1 cell tx_fifo_reg[0][6] tx_fifo_reg_0__6_
uart_1 cell rx_fifo_reg[15][7] rx_fifo_reg_15__7_
uart_1 cell rx_fifo_reg[6][3] rx_fifo_reg_6__3_
uart_1 cell rx_fifo_reg[1][1] rx_fifo_reg_1__1_
uart_1 cell uart_lcrm_reg_reg[3] uart_lcrm_reg_reg_3_
uart_1 cell rx_fifo_reg[4][4] rx_fifo_reg_4__4_
uart_1 cell rx_fifo_reg[14][7] rx_fifo_reg_14__7_
uart_1 cell rx_fifo_reg[0][7] rx_fifo_reg_0__7_
uart_1 cell txd_state_reg[1] txd_state_reg_1_
uart_1 net uart_lcrh_reg[4] uart_lcrh_reg_4_
uart_1 net txd_state[3] txd_state_3_
uart_1 net rxd_state[3] rxd_state_3_
test_module cell firq_timer_reg[1] firq_timer_reg_1_
test_module cell firq_timer_reg[7] firq_timer_reg_7_
test_module cell firq_timer_reg[5] firq_timer_reg_5_
test_module cell firq_timer_reg[4] firq_timer_reg_4_
test_module cell firq_timer_reg[3] firq_timer_reg_3_
test_module cell firq_timer_reg[2] firq_timer_reg_2_
test_module cell firq_timer_reg[0] firq_timer_reg_0_
test_module cell irq_timer_reg[1] irq_timer_reg_1_
test_module cell irq_timer_reg[7] irq_timer_reg_7_
test_module cell irq_timer_reg[6] irq_timer_reg_6_
test_module cell irq_timer_reg[5] irq_timer_reg_5_
test_module cell irq_timer_reg[4] irq_timer_reg_4_
test_module cell irq_timer_reg[3] irq_timer_reg_3_
test_module cell irq_timer_reg[2] irq_timer_reg_2_
test_module cell random_num_reg[6] random_num_reg_6_
test_module cell random_num_reg[3] random_num_reg_3_
test_module cell random_num_reg[4] random_num_reg_4_
test_module cell random_num_reg[7] random_num_reg_7_
test_module cell random_num_reg[1] random_num_reg_1_
test_module cell random_num_reg[5] random_num_reg_5_
test_module cell test_status_reg_reg[31] test_status_reg_reg_31_
test_module cell wb_rdata_reg[31] wb_rdata_reg_31_
test_module cell test_status_reg_reg[30] test_status_reg_reg_30_
test_module cell wb_rdata_reg[30] wb_rdata_reg_30_
test_module cell test_status_reg_reg[29] test_status_reg_reg_29_
test_module cell wb_rdata_reg[29] wb_rdata_reg_29_
test_module cell test_status_reg_reg[28] test_status_reg_reg_28_
test_module cell wb_rdata_reg[28] wb_rdata_reg_28_
test_module cell test_status_reg_reg[27] test_status_reg_reg_27_
test_module cell wb_rdata_reg[27] wb_rdata_reg_27_
test_module cell wb_rdata_reg[26] wb_rdata_reg_26_
test_module cell test_status_reg_reg[25] test_status_reg_reg_25_
test_module cell wb_rdata_reg[25] wb_rdata_reg_25_
test_module cell test_status_reg_reg[24] test_status_reg_reg_24_
test_module cell wb_rdata_reg[24] wb_rdata_reg_24_
test_module cell test_status_reg_reg[23] test_status_reg_reg_23_
test_module cell wb_rdata_reg[23] wb_rdata_reg_23_
test_module cell test_status_reg_reg[22] test_status_reg_reg_22_
test_module cell wb_rdata_reg[22] wb_rdata_reg_22_
test_module cell test_status_reg_reg[21] test_status_reg_reg_21_
test_module cell wb_rdata_reg[21] wb_rdata_reg_21_
test_module cell test_status_reg_reg[20] test_status_reg_reg_20_
test_module cell wb_rdata_reg[20] wb_rdata_reg_20_
test_module cell test_status_reg_reg[19] test_status_reg_reg_19_
test_module cell test_status_reg_reg[18] test_status_reg_reg_18_
test_module cell wb_rdata_reg[18] wb_rdata_reg_18_
test_module cell test_status_reg_reg[17] test_status_reg_reg_17_
test_module cell wb_rdata_reg[17] wb_rdata_reg_17_
test_module cell test_status_reg_reg[16] test_status_reg_reg_16_
test_module cell wb_rdata_reg[16] wb_rdata_reg_16_
test_module cell test_status_reg_reg[15] test_status_reg_reg_15_
test_module cell wb_rdata_reg[15] wb_rdata_reg_15_
test_module cell test_status_reg_reg[14] test_status_reg_reg_14_
test_module cell wb_rdata_reg[14] wb_rdata_reg_14_
test_module cell test_status_reg_reg[13] test_status_reg_reg_13_
test_module cell wb_rdata_reg[13] wb_rdata_reg_13_
test_module cell test_status_reg_reg[12] test_status_reg_reg_12_
test_module cell wb_rdata_reg[12] wb_rdata_reg_12_
test_module cell wb_rdata_reg[11] wb_rdata_reg_11_
test_module cell test_status_reg_reg[10] test_status_reg_reg_10_
test_module cell wb_rdata_reg[10] wb_rdata_reg_10_
test_module cell test_status_reg_reg[9] test_status_reg_reg_9_
test_module cell wb_rdata_reg[9] wb_rdata_reg_9_
test_module cell test_status_reg_reg[8] test_status_reg_reg_8_
test_module cell wb_rdata_reg[8] wb_rdata_reg_8_
test_module cell test_status_reg_reg[7] test_status_reg_reg_7_
test_module cell wb_rdata_reg[7] wb_rdata_reg_7_
test_module cell test_status_reg_reg[6] test_status_reg_reg_6_
test_module cell wb_rdata_reg[6] wb_rdata_reg_6_
test_module cell test_status_reg_reg[5] test_status_reg_reg_5_
test_module cell wb_rdata_reg[5] wb_rdata_reg_5_
test_module cell test_status_reg_reg[4] test_status_reg_reg_4_
test_module cell test_status_reg_reg[3] test_status_reg_reg_3_
test_module cell wb_rdata_reg[3] wb_rdata_reg_3_
test_module cell test_status_reg_reg[2] test_status_reg_reg_2_
test_module cell wb_rdata_reg[2] wb_rdata_reg_2_
test_module cell test_status_reg_reg[1] test_status_reg_reg_1_
test_module cell wb_rdata_reg[1] wb_rdata_reg_1_
test_module cell test_status_reg_reg[0] test_status_reg_reg_0_
test_module cell wb_rdata_reg[0] wb_rdata_reg_0_
test_module cell irq_timer_reg[0] irq_timer_reg_0_
test_module cell random_num_reg[0] random_num_reg_0_
test_module cell firq_timer_reg[6] firq_timer_reg_6_
test_module cell random_num_reg[2] random_num_reg_2_
test_module cell test_status_reg_reg[26] test_status_reg_reg_26_
test_module cell wb_rdata_reg[19] wb_rdata_reg_19_
test_module cell test_status_reg_reg[11] test_status_reg_reg_11_
test_module cell wb_rdata_reg[4] wb_rdata_reg_4_
test_module net N270 o_irq
test_module net N279 o_firq
timer_module cell timer2_load_reg_reg[14] timer2_load_reg_reg_14_
timer_module cell timer2_load_reg_reg[13] timer2_load_reg_reg_13_
timer_module cell timer2_load_reg_reg[10] timer2_load_reg_reg_10_
timer_module cell timer2_load_reg_reg[9] timer2_load_reg_reg_9_
timer_module cell timer2_load_reg_reg[8] timer2_load_reg_reg_8_
timer_module cell timer2_load_reg_reg[5] timer2_load_reg_reg_5_
timer_module cell timer2_load_reg_reg[1] timer2_load_reg_reg_1_
timer_module cell timer2_value_reg_reg[0] timer2_value_reg_reg_0_
timer_module cell timer2_value_reg_reg[1] timer2_value_reg_reg_1_
timer_module cell timer2_value_reg_reg[2] timer2_value_reg_reg_2_
timer_module cell timer2_value_reg_reg[3] timer2_value_reg_reg_3_
timer_module cell timer2_value_reg_reg[4] timer2_value_reg_reg_4_
timer_module cell timer2_value_reg_reg[5] timer2_value_reg_reg_5_
timer_module cell timer2_value_reg_reg[6] timer2_value_reg_reg_6_
timer_module cell timer2_value_reg_reg[7] timer2_value_reg_reg_7_
timer_module cell timer1_load_reg_reg[13] timer1_load_reg_reg_13_
timer_module cell timer1_load_reg_reg[12] timer1_load_reg_reg_12_
timer_module cell timer1_load_reg_reg[10] timer1_load_reg_reg_10_
timer_module cell timer1_load_reg_reg[9] timer1_load_reg_reg_9_
timer_module cell timer1_load_reg_reg[8] timer1_load_reg_reg_8_
timer_module cell timer1_load_reg_reg[5] timer1_load_reg_reg_5_
timer_module cell timer1_load_reg_reg[1] timer1_load_reg_reg_1_
timer_module cell timer1_value_reg_reg[0] timer1_value_reg_reg_0_
timer_module cell timer1_value_reg_reg[1] timer1_value_reg_reg_1_
timer_module cell timer1_value_reg_reg[2] timer1_value_reg_reg_2_
timer_module cell timer1_value_reg_reg[3] timer1_value_reg_reg_3_
timer_module cell timer1_value_reg_reg[4] timer1_value_reg_reg_4_
timer_module cell timer1_value_reg_reg[5] timer1_value_reg_reg_5_
timer_module cell timer1_value_reg_reg[6] timer1_value_reg_reg_6_
timer_module cell timer0_ctrl_reg_reg[6] timer0_ctrl_reg_reg_6_
timer_module cell timer0_ctrl_reg_reg[2] timer0_ctrl_reg_reg_2_
timer_module cell timer0_value_reg_reg[0] timer0_value_reg_reg_0_
timer_module cell timer0_value_reg_reg[1] timer0_value_reg_reg_1_
timer_module cell timer0_value_reg_reg[2] timer0_value_reg_reg_2_
timer_module cell timer0_value_reg_reg[3] timer0_value_reg_reg_3_
timer_module cell timer0_value_reg_reg[4] timer0_value_reg_reg_4_
timer_module cell timer0_value_reg_reg[5] timer0_value_reg_reg_5_
timer_module cell timer0_value_reg_reg[6] timer0_value_reg_reg_6_
timer_module cell timer0_value_reg_reg[7] timer0_value_reg_reg_7_
timer_module cell wb_rdata_reg[19] wb_rdata_reg_19_
timer_module cell wb_rdata_reg[16] wb_rdata_reg_16_
timer_module cell wb_rdata_reg[11] wb_rdata_reg_11_
timer_module cell wb_rdata_reg[7] wb_rdata_reg_7_
timer_module cell wb_rdata_reg[6] wb_rdata_reg_6_
timer_module cell wb_rdata_reg[4] wb_rdata_reg_4_
timer_module cell wb_rdata_reg[3] wb_rdata_reg_3_
timer_module cell wb_rdata_reg[2] wb_rdata_reg_2_
timer_module cell wb_rdata_reg[0] wb_rdata_reg_0_
timer_module cell wb_rdata_reg[14] wb_rdata_reg_14_
timer_module cell wb_rdata_reg[13] wb_rdata_reg_13_
timer_module cell wb_rdata_reg[9] wb_rdata_reg_9_
timer_module cell wb_rdata_reg[8] wb_rdata_reg_8_
timer_module cell wb_rdata_reg[1] wb_rdata_reg_1_
timer_module cell wb_rdata_reg[12] wb_rdata_reg_12_
timer_module cell wb_rdata_reg[10] wb_rdata_reg_10_
timer_module cell timer1_value_reg_reg[8] timer1_value_reg_reg_8_
timer_module cell timer1_value_reg_reg[9] timer1_value_reg_reg_9_
timer_module cell timer1_value_reg_reg[11] timer1_value_reg_reg_11_
timer_module cell timer1_value_reg_reg[12] timer1_value_reg_reg_12_
timer_module cell timer1_value_reg_reg[13] timer1_value_reg_reg_13_
timer_module cell timer1_value_reg_reg[15] timer1_value_reg_reg_15_
timer_module cell timer1_value_reg_reg[16] timer1_value_reg_reg_16_
timer_module cell timer1_value_reg_reg[17] timer1_value_reg_reg_17_
timer_module cell timer1_value_reg_reg[18] timer1_value_reg_reg_18_
timer_module cell timer1_value_reg_reg[19] timer1_value_reg_reg_19_
timer_module cell timer1_value_reg_reg[20] timer1_value_reg_reg_20_
timer_module cell timer1_value_reg_reg[21] timer1_value_reg_reg_21_
timer_module cell timer1_value_reg_reg[22] timer1_value_reg_reg_22_
timer_module cell timer1_value_reg_reg[23] timer1_value_reg_reg_23_
timer_module cell timer0_value_reg_reg[9] timer0_value_reg_reg_9_
timer_module cell timer0_value_reg_reg[10] timer0_value_reg_reg_10_
timer_module cell timer0_value_reg_reg[11] timer0_value_reg_reg_11_
timer_module cell timer0_value_reg_reg[12] timer0_value_reg_reg_12_
timer_module cell timer0_value_reg_reg[13] timer0_value_reg_reg_13_
timer_module cell timer0_value_reg_reg[14] timer0_value_reg_reg_14_
timer_module cell timer0_value_reg_reg[15] timer0_value_reg_reg_15_
timer_module cell timer0_value_reg_reg[16] timer0_value_reg_reg_16_
timer_module cell timer0_value_reg_reg[17] timer0_value_reg_reg_17_
timer_module cell timer0_value_reg_reg[18] timer0_value_reg_reg_18_
timer_module cell timer0_value_reg_reg[19] timer0_value_reg_reg_19_
timer_module cell timer0_value_reg_reg[20] timer0_value_reg_reg_20_
timer_module cell timer0_value_reg_reg[21] timer0_value_reg_reg_21_
timer_module cell timer0_value_reg_reg[22] timer0_value_reg_reg_22_
timer_module cell timer2_value_reg_reg[23] timer2_value_reg_reg_23_
timer_module cell timer2_value_reg_reg[8] timer2_value_reg_reg_8_
timer_module cell timer2_value_reg_reg[9] timer2_value_reg_reg_9_
timer_module cell timer2_value_reg_reg[10] timer2_value_reg_reg_10_
timer_module cell timer2_value_reg_reg[11] timer2_value_reg_reg_11_
timer_module cell timer2_value_reg_reg[12] timer2_value_reg_reg_12_
timer_module cell timer2_value_reg_reg[13] timer2_value_reg_reg_13_
timer_module cell timer2_value_reg_reg[14] timer2_value_reg_reg_14_
timer_module cell timer2_value_reg_reg[15] timer2_value_reg_reg_15_
timer_module cell timer2_value_reg_reg[16] timer2_value_reg_reg_16_
timer_module cell timer2_value_reg_reg[17] timer2_value_reg_reg_17_
timer_module cell timer2_value_reg_reg[18] timer2_value_reg_reg_18_
timer_module cell timer2_value_reg_reg[19] timer2_value_reg_reg_19_
timer_module cell timer2_value_reg_reg[20] timer2_value_reg_reg_20_
timer_module cell timer2_value_reg_reg[22] timer2_value_reg_reg_22_
timer_module cell timer1_value_reg_reg[10] timer1_value_reg_reg_10_
timer_module cell timer1_value_reg_reg[14] timer1_value_reg_reg_14_
timer_module cell timer2_load_reg_reg[11] timer2_load_reg_reg_11_
timer_module cell timer2_load_reg_reg[7] timer2_load_reg_reg_7_
timer_module cell timer2_load_reg_reg[4] timer2_load_reg_reg_4_
timer_module cell timer2_load_reg_reg[3] timer2_load_reg_reg_3_
timer_module cell timer2_load_reg_reg[0] timer2_load_reg_reg_0_
timer_module cell timer1_load_reg_reg[6] timer1_load_reg_reg_6_
timer_module cell timer1_load_reg_reg[2] timer1_load_reg_reg_2_
timer_module cell timer0_load_reg_reg[15] timer0_load_reg_reg_15_
timer_module cell timer2_load_reg_reg[6] timer2_load_reg_reg_6_
timer_module cell timer2_load_reg_reg[2] timer2_load_reg_reg_2_
timer_module cell timer1_load_reg_reg[11] timer1_load_reg_reg_11_
timer_module cell timer1_load_reg_reg[4] timer1_load_reg_reg_4_
timer_module cell timer1_load_reg_reg[3] timer1_load_reg_reg_3_
timer_module cell timer1_load_reg_reg[0] timer1_load_reg_reg_0_
timer_module cell timer0_load_reg_reg[14] timer0_load_reg_reg_14_
timer_module cell timer0_load_reg_reg[13] timer0_load_reg_reg_13_
timer_module cell timer0_load_reg_reg[12] timer0_load_reg_reg_12_
timer_module cell timer0_load_reg_reg[11] timer0_load_reg_reg_11_
timer_module cell timer0_load_reg_reg[10] timer0_load_reg_reg_10_
timer_module cell timer0_load_reg_reg[9] timer0_load_reg_reg_9_
timer_module cell timer0_load_reg_reg[8] timer0_load_reg_reg_8_
timer_module cell timer0_load_reg_reg[7] timer0_load_reg_reg_7_
timer_module cell timer0_load_reg_reg[6] timer0_load_reg_reg_6_
timer_module cell timer0_load_reg_reg[5] timer0_load_reg_reg_5_
timer_module cell timer0_load_reg_reg[4] timer0_load_reg_reg_4_
timer_module cell timer0_load_reg_reg[2] timer0_load_reg_reg_2_
timer_module cell timer0_load_reg_reg[1] timer0_load_reg_reg_1_
timer_module cell timer0_load_reg_reg[0] timer0_load_reg_reg_0_
timer_module cell timer2_load_reg_reg[15] timer2_load_reg_reg_15_
timer_module cell timer2_ctrl_reg_reg[6] timer2_ctrl_reg_reg_6_
timer_module cell timer1_load_reg_reg[15] timer1_load_reg_reg_15_
timer_module cell timer0_value_reg_reg[23] timer0_value_reg_reg_23_
timer_module cell timer1_ctrl_reg_reg[3] timer1_ctrl_reg_reg_3_
timer_module cell timer1_ctrl_reg_reg[2] timer1_ctrl_reg_reg_2_
timer_module cell timer0_ctrl_reg_reg[3] timer0_ctrl_reg_reg_3_
timer_module cell timer1_ctrl_reg_reg[7] timer1_ctrl_reg_reg_7_
timer_module cell timer2_ctrl_reg_reg[3] timer2_ctrl_reg_reg_3_
timer_module cell timer2_ctrl_reg_reg[2] timer2_ctrl_reg_reg_2_
timer_module cell timer0_ctrl_reg_reg[7] timer0_ctrl_reg_reg_7_
timer_module cell timer2_load_reg_reg[12] timer2_load_reg_reg_12_
timer_module cell timer1_load_reg_reg[14] timer1_load_reg_reg_14_
timer_module cell timer1_value_reg_reg[7] timer1_value_reg_reg_7_
timer_module cell wb_rdata_reg[15] wb_rdata_reg_15_
timer_module cell wb_rdata_reg[5] wb_rdata_reg_5_
timer_module cell timer0_value_reg_reg[8] timer0_value_reg_reg_8_
timer_module cell timer1_ctrl_reg_reg[6] timer1_ctrl_reg_reg_6_
timer_module cell timer2_value_reg_reg[21] timer2_value_reg_reg_21_
timer_module cell timer1_load_reg_reg[7] timer1_load_reg_reg_7_
timer_module cell timer0_load_reg_reg[3] timer0_load_reg_reg_3_
timer_module cell timer2_ctrl_reg_reg[7] timer2_ctrl_reg_reg_7_
timer_module net *Logic0* n_Logic0_
interrupt_controller_1 cell firq1_enable_reg_reg[29] firq1_enable_reg_reg_29_
interrupt_controller_1 cell firq1_enable_reg_reg[25] firq1_enable_reg_reg_25_
interrupt_controller_1 cell firq1_enable_reg_reg[21] firq1_enable_reg_reg_21_
interrupt_controller_1 cell firq1_enable_reg_reg[20] firq1_enable_reg_reg_20_
interrupt_controller_1 cell firq1_enable_reg_reg[17] firq1_enable_reg_reg_17_
interrupt_controller_1 cell firq1_enable_reg_reg[16] firq1_enable_reg_reg_16_
interrupt_controller_1 cell firq1_enable_reg_reg[14] firq1_enable_reg_reg_14_
interrupt_controller_1 cell firq1_enable_reg_reg[10] firq1_enable_reg_reg_10_
interrupt_controller_1 cell firq1_enable_reg_reg[7] firq1_enable_reg_reg_7_
interrupt_controller_1 cell firq1_enable_reg_reg[6] firq1_enable_reg_reg_6_
interrupt_controller_1 cell firq1_enable_reg_reg[5] firq1_enable_reg_reg_5_
interrupt_controller_1 cell firq1_enable_reg_reg[4] firq1_enable_reg_reg_4_
interrupt_controller_1 cell firq1_enable_reg_reg[0] firq1_enable_reg_reg_0_
interrupt_controller_1 cell firq0_enable_reg_reg[31] firq0_enable_reg_reg_31_
interrupt_controller_1 cell firq0_enable_reg_reg[30] firq0_enable_reg_reg_30_
interrupt_controller_1 cell firq0_enable_reg_reg[29] firq0_enable_reg_reg_29_
interrupt_controller_1 cell firq0_enable_reg_reg[28] firq0_enable_reg_reg_28_
interrupt_controller_1 cell firq0_enable_reg_reg[27] firq0_enable_reg_reg_27_
interrupt_controller_1 cell firq0_enable_reg_reg[26] firq0_enable_reg_reg_26_
interrupt_controller_1 cell firq0_enable_reg_reg[25] firq0_enable_reg_reg_25_
interrupt_controller_1 cell firq0_enable_reg_reg[24] firq0_enable_reg_reg_24_
interrupt_controller_1 cell firq0_enable_reg_reg[23] firq0_enable_reg_reg_23_
interrupt_controller_1 cell firq0_enable_reg_reg[22] firq0_enable_reg_reg_22_
interrupt_controller_1 cell firq0_enable_reg_reg[21] firq0_enable_reg_reg_21_
interrupt_controller_1 cell firq0_enable_reg_reg[20] firq0_enable_reg_reg_20_
interrupt_controller_1 cell firq0_enable_reg_reg[19] firq0_enable_reg_reg_19_
interrupt_controller_1 cell firq0_enable_reg_reg[17] firq0_enable_reg_reg_17_
interrupt_controller_1 cell firq0_enable_reg_reg[16] firq0_enable_reg_reg_16_
interrupt_controller_1 cell firq0_enable_reg_reg[15] firq0_enable_reg_reg_15_
interrupt_controller_1 cell firq0_enable_reg_reg[14] firq0_enable_reg_reg_14_
interrupt_controller_1 cell firq0_enable_reg_reg[13] firq0_enable_reg_reg_13_
interrupt_controller_1 cell firq0_enable_reg_reg[12] firq0_enable_reg_reg_12_
interrupt_controller_1 cell firq0_enable_reg_reg[11] firq0_enable_reg_reg_11_
interrupt_controller_1 cell firq0_enable_reg_reg[10] firq0_enable_reg_reg_10_
interrupt_controller_1 cell firq0_enable_reg_reg[9] firq0_enable_reg_reg_9_
interrupt_controller_1 cell firq0_enable_reg_reg[7] firq0_enable_reg_reg_7_
interrupt_controller_1 cell firq0_enable_reg_reg[6] firq0_enable_reg_reg_6_
interrupt_controller_1 cell firq0_enable_reg_reg[5] firq0_enable_reg_reg_5_
interrupt_controller_1 cell firq0_enable_reg_reg[4] firq0_enable_reg_reg_4_
interrupt_controller_1 cell firq0_enable_reg_reg[3] firq0_enable_reg_reg_3_
interrupt_controller_1 cell firq0_enable_reg_reg[1] firq0_enable_reg_reg_1_
interrupt_controller_1 cell firq0_enable_reg_reg[0] firq0_enable_reg_reg_0_
interrupt_controller_1 cell irq1_enable_reg_reg[29] irq1_enable_reg_reg_29_
interrupt_controller_1 cell irq1_enable_reg_reg[25] irq1_enable_reg_reg_25_
interrupt_controller_1 cell irq1_enable_reg_reg[21] irq1_enable_reg_reg_21_
interrupt_controller_1 cell irq1_enable_reg_reg[20] irq1_enable_reg_reg_20_
interrupt_controller_1 cell irq1_enable_reg_reg[17] irq1_enable_reg_reg_17_
interrupt_controller_1 cell irq1_enable_reg_reg[16] irq1_enable_reg_reg_16_
interrupt_controller_1 cell irq1_enable_reg_reg[14] irq1_enable_reg_reg_14_
interrupt_controller_1 cell irq1_enable_reg_reg[10] irq1_enable_reg_reg_10_
interrupt_controller_1 cell irq1_enable_reg_reg[7] irq1_enable_reg_reg_7_
interrupt_controller_1 cell irq1_enable_reg_reg[6] irq1_enable_reg_reg_6_
interrupt_controller_1 cell irq1_enable_reg_reg[5] irq1_enable_reg_reg_5_
interrupt_controller_1 cell irq1_enable_reg_reg[4] irq1_enable_reg_reg_4_
interrupt_controller_1 cell irq1_enable_reg_reg[0] irq1_enable_reg_reg_0_
interrupt_controller_1 cell irq0_enable_reg_reg[29] irq0_enable_reg_reg_29_
interrupt_controller_1 cell irq0_enable_reg_reg[25] irq0_enable_reg_reg_25_
interrupt_controller_1 cell irq0_enable_reg_reg[21] irq0_enable_reg_reg_21_
interrupt_controller_1 cell irq0_enable_reg_reg[20] irq0_enable_reg_reg_20_
interrupt_controller_1 cell irq0_enable_reg_reg[17] irq0_enable_reg_reg_17_
interrupt_controller_1 cell irq0_enable_reg_reg[16] irq0_enable_reg_reg_16_
interrupt_controller_1 cell irq0_enable_reg_reg[14] irq0_enable_reg_reg_14_
interrupt_controller_1 cell irq0_enable_reg_reg[10] irq0_enable_reg_reg_10_
interrupt_controller_1 cell irq0_enable_reg_reg[7] irq0_enable_reg_reg_7_
interrupt_controller_1 cell irq0_enable_reg_reg[6] irq0_enable_reg_reg_6_
interrupt_controller_1 cell irq0_enable_reg_reg[5] irq0_enable_reg_reg_5_
interrupt_controller_1 cell irq0_enable_reg_reg[4] irq0_enable_reg_reg_4_
interrupt_controller_1 cell irq0_enable_reg_reg[0] irq0_enable_reg_reg_0_
interrupt_controller_1 cell wb_rdata_reg[29] wb_rdata_reg_29_
interrupt_controller_1 cell wb_rdata_reg[25] wb_rdata_reg_25_
interrupt_controller_1 cell wb_rdata_reg[21] wb_rdata_reg_21_
interrupt_controller_1 cell wb_rdata_reg[20] wb_rdata_reg_20_
interrupt_controller_1 cell wb_rdata_reg[17] wb_rdata_reg_17_
interrupt_controller_1 cell wb_rdata_reg[16] wb_rdata_reg_16_
interrupt_controller_1 cell wb_rdata_reg[14] wb_rdata_reg_14_
interrupt_controller_1 cell wb_rdata_reg[10] wb_rdata_reg_10_
interrupt_controller_1 cell wb_rdata_reg[8] wb_rdata_reg_8_
interrupt_controller_1 cell wb_rdata_reg[7] wb_rdata_reg_7_
interrupt_controller_1 cell wb_rdata_reg[6] wb_rdata_reg_6_
interrupt_controller_1 cell wb_rdata_reg[5] wb_rdata_reg_5_
interrupt_controller_1 cell wb_rdata_reg[4] wb_rdata_reg_4_
interrupt_controller_1 cell wb_rdata_reg[0] wb_rdata_reg_0_
interrupt_controller_1 cell wb_rdata_reg[30] wb_rdata_reg_30_
interrupt_controller_1 cell wb_rdata_reg[28] wb_rdata_reg_28_
interrupt_controller_1 cell wb_rdata_reg[27] wb_rdata_reg_27_
interrupt_controller_1 cell wb_rdata_reg[26] wb_rdata_reg_26_
interrupt_controller_1 cell wb_rdata_reg[24] wb_rdata_reg_24_
interrupt_controller_1 cell wb_rdata_reg[23] wb_rdata_reg_23_
interrupt_controller_1 cell wb_rdata_reg[22] wb_rdata_reg_22_
interrupt_controller_1 cell wb_rdata_reg[19] wb_rdata_reg_19_
interrupt_controller_1 cell wb_rdata_reg[18] wb_rdata_reg_18_
interrupt_controller_1 cell wb_rdata_reg[15] wb_rdata_reg_15_
interrupt_controller_1 cell wb_rdata_reg[13] wb_rdata_reg_13_
interrupt_controller_1 cell wb_rdata_reg[12] wb_rdata_reg_12_
interrupt_controller_1 cell wb_rdata_reg[11] wb_rdata_reg_11_
interrupt_controller_1 cell wb_rdata_reg[3] wb_rdata_reg_3_
interrupt_controller_1 cell wb_rdata_reg[1] wb_rdata_reg_1_
interrupt_controller_1 cell firq1_enable_reg_reg[31] firq1_enable_reg_reg_31_
interrupt_controller_1 cell irq1_enable_reg_reg[30] irq1_enable_reg_reg_30_
interrupt_controller_1 cell irq1_enable_reg_reg[28] irq1_enable_reg_reg_28_
interrupt_controller_1 cell irq1_enable_reg_reg[27] irq1_enable_reg_reg_27_
interrupt_controller_1 cell irq1_enable_reg_reg[26] irq1_enable_reg_reg_26_
interrupt_controller_1 cell irq1_enable_reg_reg[24] irq1_enable_reg_reg_24_
interrupt_controller_1 cell irq1_enable_reg_reg[23] irq1_enable_reg_reg_23_
interrupt_controller_1 cell irq1_enable_reg_reg[22] irq1_enable_reg_reg_22_
interrupt_controller_1 cell irq1_enable_reg_reg[19] irq1_enable_reg_reg_19_
interrupt_controller_1 cell irq1_enable_reg_reg[18] irq1_enable_reg_reg_18_
interrupt_controller_1 cell irq1_enable_reg_reg[15] irq1_enable_reg_reg_15_
interrupt_controller_1 cell irq1_enable_reg_reg[13] irq1_enable_reg_reg_13_
interrupt_controller_1 cell irq1_enable_reg_reg[11] irq1_enable_reg_reg_11_
interrupt_controller_1 cell irq1_enable_reg_reg[9] irq1_enable_reg_reg_9_
interrupt_controller_1 cell irq1_enable_reg_reg[3] irq1_enable_reg_reg_3_
interrupt_controller_1 cell irq1_enable_reg_reg[1] irq1_enable_reg_reg_1_
interrupt_controller_1 cell irq0_enable_reg_reg[31] irq0_enable_reg_reg_31_
interrupt_controller_1 cell wb_rdata_reg[31] wb_rdata_reg_31_
interrupt_controller_1 cell firq1_enable_reg_reg[30] firq1_enable_reg_reg_30_
interrupt_controller_1 cell firq1_enable_reg_reg[28] firq1_enable_reg_reg_28_
interrupt_controller_1 cell firq1_enable_reg_reg[27] firq1_enable_reg_reg_27_
interrupt_controller_1 cell firq1_enable_reg_reg[26] firq1_enable_reg_reg_26_
interrupt_controller_1 cell firq1_enable_reg_reg[24] firq1_enable_reg_reg_24_
interrupt_controller_1 cell firq1_enable_reg_reg[23] firq1_enable_reg_reg_23_
interrupt_controller_1 cell firq1_enable_reg_reg[22] firq1_enable_reg_reg_22_
interrupt_controller_1 cell firq1_enable_reg_reg[19] firq1_enable_reg_reg_19_
interrupt_controller_1 cell firq1_enable_reg_reg[15] firq1_enable_reg_reg_15_
interrupt_controller_1 cell firq1_enable_reg_reg[13] firq1_enable_reg_reg_13_
interrupt_controller_1 cell firq1_enable_reg_reg[12] firq1_enable_reg_reg_12_
interrupt_controller_1 cell firq1_enable_reg_reg[11] firq1_enable_reg_reg_11_
interrupt_controller_1 cell firq1_enable_reg_reg[9] firq1_enable_reg_reg_9_
interrupt_controller_1 cell firq1_enable_reg_reg[3] firq1_enable_reg_reg_3_
interrupt_controller_1 cell firq1_enable_reg_reg[1] firq1_enable_reg_reg_1_
interrupt_controller_1 cell irq1_enable_reg_reg[31] irq1_enable_reg_reg_31_
interrupt_controller_1 cell irq0_enable_reg_reg[30] irq0_enable_reg_reg_30_
interrupt_controller_1 cell irq0_enable_reg_reg[28] irq0_enable_reg_reg_28_
interrupt_controller_1 cell irq0_enable_reg_reg[27] irq0_enable_reg_reg_27_
interrupt_controller_1 cell irq0_enable_reg_reg[26] irq0_enable_reg_reg_26_
interrupt_controller_1 cell irq0_enable_reg_reg[24] irq0_enable_reg_reg_24_
interrupt_controller_1 cell irq0_enable_reg_reg[23] irq0_enable_reg_reg_23_
interrupt_controller_1 cell irq0_enable_reg_reg[19] irq0_enable_reg_reg_19_
interrupt_controller_1 cell irq0_enable_reg_reg[18] irq0_enable_reg_reg_18_
interrupt_controller_1 cell irq0_enable_reg_reg[15] irq0_enable_reg_reg_15_
interrupt_controller_1 cell irq0_enable_reg_reg[13] irq0_enable_reg_reg_13_
interrupt_controller_1 cell irq0_enable_reg_reg[12] irq0_enable_reg_reg_12_
interrupt_controller_1 cell irq0_enable_reg_reg[11] irq0_enable_reg_reg_11_
interrupt_controller_1 cell irq0_enable_reg_reg[9] irq0_enable_reg_reg_9_
interrupt_controller_1 cell irq0_enable_reg_reg[3] irq0_enable_reg_reg_3_
interrupt_controller_1 cell irq0_enable_reg_reg[1] irq0_enable_reg_reg_1_
interrupt_controller_1 cell firq0_enable_reg_reg[8] firq0_enable_reg_reg_8_
interrupt_controller_1 cell irq0_enable_reg_reg[8] irq0_enable_reg_reg_8_
interrupt_controller_1 cell firq1_enable_reg_reg[8] firq1_enable_reg_reg_8_
interrupt_controller_1 cell irq1_enable_reg_reg[8] irq1_enable_reg_reg_8_
interrupt_controller_1 cell firq1_enable_reg_reg[2] firq1_enable_reg_reg_2_
interrupt_controller_1 cell firq0_enable_reg_reg[18] firq0_enable_reg_reg_18_
interrupt_controller_1 cell firq0_enable_reg_reg[2] firq0_enable_reg_reg_2_
interrupt_controller_1 cell irq1_enable_reg_reg[2] irq1_enable_reg_reg_2_
interrupt_controller_1 cell irq0_enable_reg_reg[2] irq0_enable_reg_reg_2_
interrupt_controller_1 cell wb_rdata_reg[2] wb_rdata_reg_2_
interrupt_controller_1 cell wb_rdata_reg[9] wb_rdata_reg_9_
interrupt_controller_1 cell irq1_enable_reg_reg[12] irq1_enable_reg_reg_12_
interrupt_controller_1 cell firq1_enable_reg_reg[18] firq1_enable_reg_reg_18_
interrupt_controller_1 cell irq0_enable_reg_reg[22] irq0_enable_reg_reg_22_
a25_fetch_1 net *Logic1* n_Logic1_
a25_fetch_1 net *Logic0* n_Logic0_
a25_decode_1 cell o_barrel_shift_data_sel_reg[0] o_barrel_shift_data_sel_reg_0_
a25_decode_1 cell o_interrupt_vector_sel_reg[2] o_interrupt_vector_sel_reg_2_
a25_decode_1 cell hold_instruction_reg[26] hold_instruction_reg_26_
a25_decode_1 cell saved_current_instruction_reg[15] saved_current_instruction_reg_15_
a25_decode_1 cell hold_instruction_reg[15] hold_instruction_reg_15_
a25_decode_1 cell o_multiply_function_reg[1] o_multiply_function_reg_1_
a25_decode_1 cell control_state_reg[4] control_state_reg_4_
a25_decode_1 cell hold_instruction_reg[27] hold_instruction_reg_27_
a25_decode_1 cell fetch_instruction_r_reg[4] fetch_instruction_r_reg_4_
a25_decode_1 cell fetch_instruction_r_reg[5] fetch_instruction_r_reg_5_
a25_decode_1 cell fetch_instruction_r_reg[6] fetch_instruction_r_reg_6_
a25_decode_1 cell fetch_instruction_r_reg[11] fetch_instruction_r_reg_11_
a25_decode_1 cell fetch_instruction_r_reg[12] fetch_instruction_r_reg_12_
a25_decode_1 cell fetch_instruction_r_reg[13] fetch_instruction_r_reg_13_
a25_decode_1 cell fetch_instruction_r_reg[14] fetch_instruction_r_reg_14_
a25_decode_1 cell fetch_instruction_r_reg[15] fetch_instruction_r_reg_15_
a25_decode_1 cell fetch_instruction_r_reg[16] fetch_instruction_r_reg_16_
a25_decode_1 cell fetch_instruction_r_reg[17] fetch_instruction_r_reg_17_
a25_decode_1 cell fetch_instruction_r_reg[18] fetch_instruction_r_reg_18_
a25_decode_1 cell fetch_instruction_r_reg[19] fetch_instruction_r_reg_19_
a25_decode_1 cell fetch_instruction_r_reg[21] fetch_instruction_r_reg_21_
a25_decode_1 cell fetch_instruction_r_reg[22] fetch_instruction_r_reg_22_
a25_decode_1 cell fetch_instruction_r_reg[24] fetch_instruction_r_reg_24_
a25_decode_1 cell fetch_instruction_r_reg[25] fetch_instruction_r_reg_25_
a25_decode_1 cell fetch_instruction_r_reg[26] fetch_instruction_r_reg_26_
a25_decode_1 cell fetch_instruction_r_reg[27] fetch_instruction_r_reg_27_
a25_decode_1 cell fetch_instruction_r_reg[29] fetch_instruction_r_reg_29_
a25_decode_1 cell fetch_instruction_r_reg[30] fetch_instruction_r_reg_30_
a25_decode_1 cell fetch_instruction_r_reg[31] fetch_instruction_r_reg_31_
a25_decode_1 cell fetch_address_r_reg[0] fetch_address_r_reg_0_
a25_decode_1 cell fetch_address_r_reg[1] fetch_address_r_reg_1_
a25_decode_1 cell fetch_address_r_reg[2] fetch_address_r_reg_2_
a25_decode_1 cell fetch_address_r_reg[3] fetch_address_r_reg_3_
a25_decode_1 cell fetch_address_r_reg[4] fetch_address_r_reg_4_
a25_decode_1 cell fetch_address_r_reg[5] fetch_address_r_reg_5_
a25_decode_1 cell fetch_address_r_reg[7] fetch_address_r_reg_7_
a25_decode_1 cell fetch_address_r_reg[9] fetch_address_r_reg_9_
a25_decode_1 cell fetch_address_r_reg[10] fetch_address_r_reg_10_
a25_decode_1 cell fetch_address_r_reg[11] fetch_address_r_reg_11_
a25_decode_1 cell fetch_address_r_reg[12] fetch_address_r_reg_12_
a25_decode_1 cell fetch_address_r_reg[13] fetch_address_r_reg_13_
a25_decode_1 cell fetch_address_r_reg[14] fetch_address_r_reg_14_
a25_decode_1 cell fetch_address_r_reg[15] fetch_address_r_reg_15_
a25_decode_1 cell fetch_address_r_reg[16] fetch_address_r_reg_16_
a25_decode_1 cell fetch_address_r_reg[17] fetch_address_r_reg_17_
a25_decode_1 cell fetch_address_r_reg[18] fetch_address_r_reg_18_
a25_decode_1 cell fetch_address_r_reg[19] fetch_address_r_reg_19_
a25_decode_1 cell fetch_address_r_reg[20] fetch_address_r_reg_20_
a25_decode_1 cell fetch_address_r_reg[21] fetch_address_r_reg_21_
a25_decode_1 cell fetch_address_r_reg[22] fetch_address_r_reg_22_
a25_decode_1 cell fetch_address_r_reg[24] fetch_address_r_reg_24_
a25_decode_1 cell fetch_address_r_reg[25] fetch_address_r_reg_25_
a25_decode_1 cell fetch_address_r_reg[26] fetch_address_r_reg_26_
a25_decode_1 cell fetch_address_r_reg[27] fetch_address_r_reg_27_
a25_decode_1 cell fetch_address_r_reg[28] fetch_address_r_reg_28_
a25_decode_1 cell fetch_address_r_reg[29] fetch_address_r_reg_29_
a25_decode_1 cell fetch_address_r_reg[30] fetch_address_r_reg_30_
a25_decode_1 cell fetch_address_r_reg[31] fetch_address_r_reg_31_
a25_decode_1 cell hold_instruction_reg[14] hold_instruction_reg_14_
a25_decode_1 cell o_rn_sel_reg[0] o_rn_sel_reg_0_
a25_decode_1 cell o_copro_crn_reg[0] o_copro_crn_reg_0_
a25_decode_1 cell hold_instruction_reg[16] hold_instruction_reg_16_
a25_decode_1 cell o_copro_crn_reg[1] o_copro_crn_reg_1_
a25_decode_1 cell hold_instruction_reg[17] hold_instruction_reg_17_
a25_decode_1 cell o_rn_sel_reg[2] o_rn_sel_reg_2_
a25_decode_1 cell o_copro_crn_reg[2] o_copro_crn_reg_2_
a25_decode_1 cell hold_instruction_reg[18] hold_instruction_reg_18_
a25_decode_1 cell o_copro_crn_reg[3] o_copro_crn_reg_3_
a25_decode_1 cell hold_instruction_reg[19] hold_instruction_reg_19_
a25_decode_1 cell o_load_rd_reg[4] o_load_rd_reg_4_
a25_decode_1 cell hold_instruction_reg[23] hold_instruction_reg_23_
a25_decode_1 cell o_alu_function_reg[4] o_alu_function_reg_4_
a25_decode_1 cell o_daddress_sel_reg[1] o_daddress_sel_reg_1_
a25_decode_1 cell hold_instruction_reg[25] hold_instruction_reg_25_
a25_decode_1 cell hold_instruction_address_reg[0] hold_instruction_address_reg_0_
a25_decode_1 cell saved_current_instruction_address_reg[0] saved_current_instruction_address_reg_0_
a25_decode_1 cell saved_current_instruction_address_reg[1] saved_current_instruction_address_reg_1_
a25_decode_1 cell hold_instruction_address_reg[2] hold_instruction_address_reg_2_
a25_decode_1 cell saved_current_instruction_address_reg[2] saved_current_instruction_address_reg_2_
a25_decode_1 cell saved_current_instruction_address_reg[4] saved_current_instruction_address_reg_4_
a25_decode_1 cell hold_instruction_address_reg[5] hold_instruction_address_reg_5_
a25_decode_1 cell saved_current_instruction_address_reg[5] saved_current_instruction_address_reg_5_
a25_decode_1 cell hold_instruction_address_reg[6] hold_instruction_address_reg_6_
a25_decode_1 cell saved_current_instruction_address_reg[6] saved_current_instruction_address_reg_6_
a25_decode_1 cell saved_current_instruction_address_reg[7] saved_current_instruction_address_reg_7_
a25_decode_1 cell hold_instruction_address_reg[8] hold_instruction_address_reg_8_
a25_decode_1 cell saved_current_instruction_address_reg[8] saved_current_instruction_address_reg_8_
a25_decode_1 cell saved_current_instruction_address_reg[9] saved_current_instruction_address_reg_9_
a25_decode_1 cell saved_current_instruction_address_reg[10] saved_current_instruction_address_reg_10_
a25_decode_1 cell hold_instruction_address_reg[11] hold_instruction_address_reg_11_
a25_decode_1 cell saved_current_instruction_address_reg[11] saved_current_instruction_address_reg_11_
a25_decode_1 cell saved_current_instruction_address_reg[12] saved_current_instruction_address_reg_12_
a25_decode_1 cell saved_current_instruction_address_reg[13] saved_current_instruction_address_reg_13_
a25_decode_1 cell saved_current_instruction_address_reg[14] saved_current_instruction_address_reg_14_
a25_decode_1 cell saved_current_instruction_address_reg[15] saved_current_instruction_address_reg_15_
a25_decode_1 cell saved_current_instruction_address_reg[16] saved_current_instruction_address_reg_16_
a25_decode_1 cell hold_instruction_address_reg[17] hold_instruction_address_reg_17_
a25_decode_1 cell saved_current_instruction_address_reg[17] saved_current_instruction_address_reg_17_
a25_decode_1 cell saved_current_instruction_address_reg[18] saved_current_instruction_address_reg_18_
a25_decode_1 cell saved_current_instruction_address_reg[19] saved_current_instruction_address_reg_19_
a25_decode_1 cell hold_instruction_address_reg[20] hold_instruction_address_reg_20_
a25_decode_1 cell saved_current_instruction_address_reg[20] saved_current_instruction_address_reg_20_
a25_decode_1 cell saved_current_instruction_address_reg[21] saved_current_instruction_address_reg_21_
a25_decode_1 cell hold_instruction_address_reg[22] hold_instruction_address_reg_22_
a25_decode_1 cell saved_current_instruction_address_reg[22] saved_current_instruction_address_reg_22_
a25_decode_1 cell hold_instruction_address_reg[23] hold_instruction_address_reg_23_
a25_decode_1 cell saved_current_instruction_address_reg[23] saved_current_instruction_address_reg_23_
a25_decode_1 cell hold_instruction_address_reg[25] hold_instruction_address_reg_25_
a25_decode_1 cell saved_current_instruction_address_reg[25] saved_current_instruction_address_reg_25_
a25_decode_1 cell hold_instruction_address_reg[26] hold_instruction_address_reg_26_
a25_decode_1 cell saved_current_instruction_address_reg[26] saved_current_instruction_address_reg_26_
a25_decode_1 cell hold_instruction_address_reg[27] hold_instruction_address_reg_27_
a25_decode_1 cell saved_current_instruction_address_reg[27] saved_current_instruction_address_reg_27_
a25_decode_1 cell hold_instruction_address_reg[28] hold_instruction_address_reg_28_
a25_decode_1 cell saved_current_instruction_address_reg[28] saved_current_instruction_address_reg_28_
a25_decode_1 cell saved_current_instruction_address_reg[29] saved_current_instruction_address_reg_29_
a25_decode_1 cell hold_instruction_address_reg[30] hold_instruction_address_reg_30_
a25_decode_1 cell saved_current_instruction_address_reg[30] saved_current_instruction_address_reg_30_
a25_decode_1 cell hold_instruction_address_reg[31] hold_instruction_address_reg_31_
a25_decode_1 cell saved_current_instruction_address_reg[31] saved_current_instruction_address_reg_31_
a25_decode_1 cell hold_instruction_reg[0] hold_instruction_reg_0_
a25_decode_1 cell hold_instruction_reg[3] hold_instruction_reg_3_
a25_decode_1 cell hold_instruction_reg[4] hold_instruction_reg_4_
a25_decode_1 cell hold_instruction_reg[5] hold_instruction_reg_5_
a25_decode_1 cell hold_instruction_reg[6] hold_instruction_reg_6_
a25_decode_1 cell o_imm_shift_amount_reg[0] o_imm_shift_amount_reg_0_
a25_decode_1 cell hold_instruction_reg[7] hold_instruction_reg_7_
a25_decode_1 cell o_imm_shift_amount_reg[1] o_imm_shift_amount_reg_1_
a25_decode_1 cell hold_instruction_reg[8] hold_instruction_reg_8_
a25_decode_1 cell o_imm_shift_amount_reg[2] o_imm_shift_amount_reg_2_
a25_decode_1 cell hold_instruction_reg[9] hold_instruction_reg_9_
a25_decode_1 cell o_imm_shift_amount_reg[3] o_imm_shift_amount_reg_3_
a25_decode_1 cell hold_instruction_reg[10] hold_instruction_reg_10_
a25_decode_1 cell o_imm_shift_amount_reg[4] o_imm_shift_amount_reg_4_
a25_decode_1 cell o_imm32_reg[24] o_imm32_reg_24_
a25_decode_1 cell saved_current_instruction_reg[12] saved_current_instruction_reg_12_
a25_decode_1 cell hold_instruction_reg[12] hold_instruction_reg_12_
a25_decode_1 cell saved_current_instruction_reg[13] saved_current_instruction_reg_13_
a25_decode_1 cell hold_instruction_reg[13] hold_instruction_reg_13_
a25_decode_1 cell o_imm32_reg[16] o_imm32_reg_16_
a25_decode_1 cell o_imm32_reg[17] o_imm32_reg_17_
a25_decode_1 cell o_imm32_reg[18] o_imm32_reg_18_
a25_decode_1 cell o_imm32_reg[19] o_imm32_reg_19_
a25_decode_1 cell o_imm32_reg[20] o_imm32_reg_20_
a25_decode_1 cell o_imm32_reg[21] o_imm32_reg_21_
a25_decode_1 cell o_load_rd_reg[3] o_load_rd_reg_3_
a25_decode_1 cell o_imm32_reg[12] o_imm32_reg_12_
a25_decode_1 cell o_imm32_reg[13] o_imm32_reg_13_
a25_decode_1 cell o_imm32_reg[14] o_imm32_reg_14_
a25_decode_1 cell o_byte_enable_sel_reg[0] o_byte_enable_sel_reg_0_
a25_decode_1 cell o_load_rd_reg[6] o_load_rd_reg_6_
a25_decode_1 cell o_load_rd_reg[7] o_load_rd_reg_7_
a25_decode_1 cell o_imm32_reg[22] o_imm32_reg_22_
a25_decode_1 cell o_copro_operation_reg[1] o_copro_operation_reg_1_
a25_decode_1 cell o_status_bits_sel_reg[2] o_status_bits_sel_reg_2_
a25_decode_1 cell hold_instruction_reg[20] hold_instruction_reg_20_
a25_decode_1 cell o_alu_function_reg[5] o_alu_function_reg_5_
a25_decode_1 cell o_alu_function_reg[7] o_alu_function_reg_7_
a25_decode_1 cell o_alu_function_reg[2] o_alu_function_reg_2_
a25_decode_1 cell o_alu_function_reg[3] o_alu_function_reg_3_
a25_decode_1 cell o_alu_function_reg[6] o_alu_function_reg_6_
a25_decode_1 cell o_imm32_reg[23] o_imm32_reg_23_
a25_decode_1 cell hold_instruction_reg[21] hold_instruction_reg_21_
a25_decode_1 cell o_condition_reg[0] o_condition_reg_0_
a25_decode_1 cell hold_instruction_reg[28] hold_instruction_reg_28_
a25_decode_1 cell hold_instruction_reg[29] hold_instruction_reg_29_
a25_decode_1 cell hold_instruction_reg[30] hold_instruction_reg_30_
a25_decode_1 cell o_interrupt_vector_sel_reg[0] o_interrupt_vector_sel_reg_0_
a25_decode_1 cell hold_instruction_iabt_status_reg[0] hold_instruction_iabt_status_reg_0_
a25_decode_1 cell saved_current_instruction_iabt_status_reg[0] saved_current_instruction_iabt_status_reg_0_
a25_decode_1 cell hold_instruction_iabt_status_reg[1] hold_instruction_iabt_status_reg_1_
a25_decode_1 cell saved_current_instruction_iabt_status_reg[1] saved_current_instruction_iabt_status_reg_1_
a25_decode_1 cell saved_current_instruction_iabt_status_reg[2] saved_current_instruction_iabt_status_reg_2_
a25_decode_1 cell hold_instruction_iabt_status_reg[3] hold_instruction_iabt_status_reg_3_
a25_decode_1 cell saved_current_instruction_iabt_status_reg[3] saved_current_instruction_iabt_status_reg_3_
a25_decode_1 cell hold_instruction_iabt_status_reg[4] hold_instruction_iabt_status_reg_4_
a25_decode_1 cell saved_current_instruction_iabt_status_reg[4] saved_current_instruction_iabt_status_reg_4_
a25_decode_1 cell hold_instruction_iabt_status_reg[5] hold_instruction_iabt_status_reg_5_
a25_decode_1 cell saved_current_instruction_iabt_status_reg[5] saved_current_instruction_iabt_status_reg_5_
a25_decode_1 cell hold_instruction_iabt_status_reg[6] hold_instruction_iabt_status_reg_6_
a25_decode_1 cell saved_current_instruction_iabt_status_reg[6] saved_current_instruction_iabt_status_reg_6_
a25_decode_1 cell hold_instruction_iabt_status_reg[7] hold_instruction_iabt_status_reg_7_
a25_decode_1 cell saved_current_instruction_iabt_status_reg[7] saved_current_instruction_iabt_status_reg_7_
a25_decode_1 cell load_rd_d1_reg[4] load_rd_d1_reg_4_
a25_decode_1 cell o_imm32_reg[0] o_imm32_reg_0_
a25_decode_1 cell o_imm32_reg[1] o_imm32_reg_1_
a25_decode_1 cell o_imm32_reg[2] o_imm32_reg_2_
a25_decode_1 cell o_imm32_reg[3] o_imm32_reg_3_
a25_decode_1 cell o_imm32_reg[4] o_imm32_reg_4_
a25_decode_1 cell o_imm32_reg[6] o_imm32_reg_6_
a25_decode_1 cell o_imm32_reg[7] o_imm32_reg_7_
a25_decode_1 cell o_imm32_reg[9] o_imm32_reg_9_
a25_decode_1 cell o_imm32_reg[10] o_imm32_reg_10_
a25_decode_1 cell o_imm32_reg[11] o_imm32_reg_11_
a25_decode_1 cell o_reg_bank_wen_reg[4] o_reg_bank_wen_reg_4_
a25_decode_1 cell o_reg_bank_wen_reg[5] o_reg_bank_wen_reg_5_
a25_decode_1 cell o_reg_bank_wen_reg[6] o_reg_bank_wen_reg_6_
a25_decode_1 cell o_reg_bank_wen_reg[7] o_reg_bank_wen_reg_7_
a25_decode_1 cell o_reg_bank_wen_reg[0] o_reg_bank_wen_reg_0_
a25_decode_1 cell o_reg_bank_wen_reg[1] o_reg_bank_wen_reg_1_
a25_decode_1 cell o_reg_bank_wen_reg[2] o_reg_bank_wen_reg_2_
a25_decode_1 cell o_reg_bank_wen_reg[3] o_reg_bank_wen_reg_3_
a25_decode_1 cell o_reg_bank_wen_reg[8] o_reg_bank_wen_reg_8_
a25_decode_1 cell o_reg_bank_wen_reg[10] o_reg_bank_wen_reg_10_
a25_decode_1 cell o_reg_bank_wen_reg[11] o_reg_bank_wen_reg_11_
a25_decode_1 cell o_reg_bank_wen_reg[12] o_reg_bank_wen_reg_12_
a25_decode_1 cell o_reg_bank_wen_reg[13] o_reg_bank_wen_reg_13_
a25_decode_1 cell o_pc_sel_reg[0] o_pc_sel_reg_0_
a25_decode_1 cell o_alu_function_reg[0] o_alu_function_reg_0_
a25_decode_1 cell o_reg_write_sel_reg[0] o_reg_write_sel_reg_0_
a25_decode_1 cell o_status_bits_mode_reg[1] o_status_bits_mode_reg_1_
a25_decode_1 cell o_copro_operation_reg[0] o_copro_operation_reg_0_
a25_decode_1 cell o_iaddress_sel_reg[0] o_iaddress_sel_reg_0_
a25_decode_1 cell o_iaddress_sel_reg[1] o_iaddress_sel_reg_1_
a25_decode_1 cell o_reg_write_sel_reg[1] o_reg_write_sel_reg_1_
a25_decode_1 cell o_interrupt_vector_sel_reg[1] o_interrupt_vector_sel_reg_1_
a25_decode_1 cell o_status_bits_mode_reg[0] o_status_bits_mode_reg_0_
a25_decode_1 cell o_daddress_sel_reg[2] o_daddress_sel_reg_2_
a25_decode_1 cell o_barrel_shift_data_sel_reg[1] o_barrel_shift_data_sel_reg_1_
a25_decode_1 cell o_barrel_shift_function_reg[0] o_barrel_shift_function_reg_0_
a25_decode_1 cell o_barrel_shift_function_reg[1] o_barrel_shift_function_reg_1_
a25_decode_1 cell o_barrel_shift_amount_sel_reg[1] o_barrel_shift_amount_sel_reg_1_
a25_decode_1 cell o_multiply_function_reg[0] o_multiply_function_reg_0_
a25_decode_1 cell o_status_bits_sel_reg[1] o_status_bits_sel_reg_1_
a25_decode_1 cell hold_instruction_reg[31] hold_instruction_reg_31_
a25_decode_1 cell control_state_reg[0] control_state_reg_0_
a25_decode_1 cell load_rd_d1_reg[3] load_rd_d1_reg_3_
a25_decode_1 cell o_imm32_reg[8] o_imm32_reg_8_
a25_decode_1 cell hold_instruction_reg[24] hold_instruction_reg_24_
a25_decode_1 cell o_barrel_shift_amount_sel_reg[0] o_barrel_shift_amount_sel_reg_0_
a25_decode_1 cell load_rd_d1_reg[1] load_rd_d1_reg_1_
a25_decode_1 cell o_condition_reg[3] o_condition_reg_3_
a25_decode_1 cell fetch_instruction_r_reg[20] fetch_instruction_r_reg_20_
a25_decode_1 cell control_state_reg[2] control_state_reg_2_
a25_decode_1 cell hold_instruction_reg[2] hold_instruction_reg_2_
a25_decode_1 cell fetch_instruction_r_reg[0] fetch_instruction_r_reg_0_
a25_decode_1 cell fetch_instruction_r_reg[3] fetch_instruction_r_reg_3_
a25_decode_1 cell fetch_instruction_r_reg[10] fetch_instruction_r_reg_10_
a25_decode_1 cell fetch_instruction_r_reg[9] fetch_instruction_r_reg_9_
a25_decode_1 cell fetch_instruction_r_reg[8] fetch_instruction_r_reg_8_
a25_decode_1 cell hold_instruction_reg[22] hold_instruction_reg_22_
a25_decode_1 cell fetch_instruction_r_reg[7] fetch_instruction_r_reg_7_
a25_decode_1 cell control_state_reg[3] control_state_reg_3_
a25_decode_1 cell fetch_instruction_r_reg[1] fetch_instruction_r_reg_1_
a25_decode_1 cell fetch_instruction_r_reg[28] fetch_instruction_r_reg_28_
a25_decode_1 cell abt_status_reg_reg[0] abt_status_reg_reg_0_
a25_decode_1 cell saved_current_instruction_reg[9] saved_current_instruction_reg_9_
a25_decode_1 cell o_rn_sel_reg[1] o_rn_sel_reg_1_
a25_decode_1 cell o_alu_function_reg[1] o_alu_function_reg_1_
a25_decode_1 cell o_pc_sel_reg[1] o_pc_sel_reg_1_
a25_decode_1 cell control_state_reg[1] control_state_reg_1_
a25_decode_1 cell o_load_rd_reg[1] o_load_rd_reg_1_
a25_decode_1 cell o_load_rd_reg[2] o_load_rd_reg_2_
a25_decode_1 cell o_load_rd_reg[0] o_load_rd_reg_0_
a25_decode_1 cell o_rm_sel_reg[3] o_rm_sel_reg_3_
a25_decode_1 cell o_reg_bank_wen_reg[14] o_reg_bank_wen_reg_14_
a25_decode_1 cell o_imm32_reg[26] o_imm32_reg_26_
a25_decode_1 cell o_imm32_reg[27] o_imm32_reg_27_
a25_decode_1 cell o_imm32_reg[28] o_imm32_reg_28_
a25_decode_1 cell o_imm32_reg[29] o_imm32_reg_29_
a25_decode_1 cell o_imm32_reg[30] o_imm32_reg_30_
a25_decode_1 cell o_imm32_reg[31] o_imm32_reg_31_
a25_decode_1 cell o_rm_sel_reg[0] o_rm_sel_reg_0_
a25_decode_1 cell hold_instruction_address_reg[1] hold_instruction_address_reg_1_
a25_decode_1 cell hold_instruction_address_reg[3] hold_instruction_address_reg_3_
a25_decode_1 cell hold_instruction_address_reg[4] hold_instruction_address_reg_4_
a25_decode_1 cell hold_instruction_address_reg[7] hold_instruction_address_reg_7_
a25_decode_1 cell hold_instruction_address_reg[9] hold_instruction_address_reg_9_
a25_decode_1 cell hold_instruction_address_reg[10] hold_instruction_address_reg_10_
a25_decode_1 cell hold_instruction_address_reg[12] hold_instruction_address_reg_12_
a25_decode_1 cell hold_instruction_address_reg[15] hold_instruction_address_reg_15_
a25_decode_1 cell hold_instruction_address_reg[16] hold_instruction_address_reg_16_
a25_decode_1 cell hold_instruction_address_reg[18] hold_instruction_address_reg_18_
a25_decode_1 cell hold_instruction_address_reg[19] hold_instruction_address_reg_19_
a25_decode_1 cell hold_instruction_address_reg[21] hold_instruction_address_reg_21_
a25_decode_1 cell hold_instruction_address_reg[24] hold_instruction_address_reg_24_
a25_decode_1 cell hold_instruction_address_reg[29] hold_instruction_address_reg_29_
a25_decode_1 cell o_rm_sel_reg[2] o_rm_sel_reg_2_
a25_decode_1 cell o_daddress_sel_reg[0] o_daddress_sel_reg_0_
a25_decode_1 cell o_rm_sel_reg[1] o_rm_sel_reg_1_
a25_decode_1 cell o_rn_sel_reg[3] o_rn_sel_reg_3_
a25_decode_1 cell o_alu_function_reg[8] o_alu_function_reg_8_
a25_decode_1 cell o_condition_reg[1] o_condition_reg_1_
a25_decode_1 cell fetch_instruction_r_reg[2] fetch_instruction_r_reg_2_
a25_decode_1 cell fetch_instruction_r_reg[23] fetch_instruction_r_reg_23_
a25_decode_1 cell fetch_address_r_reg[8] fetch_address_r_reg_8_
a25_decode_1 cell fetch_address_r_reg[23] fetch_address_r_reg_23_
a25_decode_1 cell saved_current_instruction_address_reg[3] saved_current_instruction_address_reg_3_
a25_decode_1 cell hold_instruction_address_reg[14] hold_instruction_address_reg_14_
a25_decode_1 cell saved_current_instruction_address_reg[24] saved_current_instruction_address_reg_24_
a25_decode_1 cell saved_current_instruction_reg[1] saved_current_instruction_reg_1_
a25_decode_1 cell hold_instruction_reg[11] hold_instruction_reg_11_
a25_decode_1 cell o_imm32_reg[15] o_imm32_reg_15_
a25_decode_1 cell o_load_rd_reg[5] o_load_rd_reg_5_
a25_decode_1 cell hold_instruction_iabt_status_reg[2] hold_instruction_iabt_status_reg_2_
a25_decode_1 cell o_imm32_reg[5] o_imm32_reg_5_
a25_decode_1 cell o_reg_bank_wen_reg[9] o_reg_bank_wen_reg_9_
a25_decode_1 cell o_reg_write_sel_reg[2] o_reg_write_sel_reg_2_
a25_decode_1 cell hold_instruction_reg[1] hold_instruction_reg_1_
a25_decode_1 cell fetch_address_r_reg[6] fetch_address_r_reg_6_
a25_decode_1 cell o_imm32_reg[25] o_imm32_reg_25_
a25_decode_1 cell hold_instruction_address_reg[13] hold_instruction_address_reg_13_
a25_decode_1 cell o_condition_reg[2] o_condition_reg_2_
a25_decode_1 cell o_status_bits_sel_reg[0] o_status_bits_sel_reg_0_
a25_decode_1 cell load_rd_d1_reg[2] load_rd_d1_reg_2_
a25_decode_1 cell load_rd_d1_reg[0] load_rd_d1_reg_0_
a25_decode_1 net i_execute_status_bits_1 i_execute_status_bits[1]
a25_decode_1 net i_execute_status_bits_0 i_execute_status_bits[0]
a25_decode_1 net control_state[3] control_state_3_
a25_decode_1 net load_rd_d1[4] load_rd_d1_4_
a25_decode_1 net add_x_490/SUM[2] add_x_490_SUM_2_
a25_decode_1 net add_x_490/SUM[1] add_x_490_SUM_1_
a25_decode_1 net add_x_490/SUM[0] add_x_490_SUM_0_
a25_decode_1 net add_x_490/n54 add_x_490_n54
a25_decode_1 net add_x_489/SUM[2] add_x_489_SUM_2_
a25_decode_1 net add_x_489/SUM[1] add_x_489_SUM_1_
a25_decode_1 net add_x_489/SUM[0] add_x_489_SUM_0_
a25_decode_1 net add_x_489/n54 add_x_489_n54
a25_execute_1 cell load_rd_r_reg[2] load_rd_r_reg_2_
a25_execute_1 cell load_rd_r_reg[1] load_rd_r_reg_1_
a25_execute_1 cell read_data_filtered_r_reg[31] read_data_filtered_r_reg_31_
a25_execute_1 cell read_data_filtered_r_reg[30] read_data_filtered_r_reg_30_
a25_execute_1 cell read_data_filtered_r_reg[29] read_data_filtered_r_reg_29_
a25_execute_1 cell read_data_filtered_r_reg[28] read_data_filtered_r_reg_28_
a25_execute_1 cell read_data_filtered_r_reg[27] read_data_filtered_r_reg_27_
a25_execute_1 cell read_data_filtered_r_reg[25] read_data_filtered_r_reg_25_
a25_execute_1 cell read_data_filtered_r_reg[24] read_data_filtered_r_reg_24_
a25_execute_1 cell read_data_filtered_r_reg[23] read_data_filtered_r_reg_23_
a25_execute_1 cell read_data_filtered_r_reg[22] read_data_filtered_r_reg_22_
a25_execute_1 cell read_data_filtered_r_reg[21] read_data_filtered_r_reg_21_
a25_execute_1 cell read_data_filtered_r_reg[19] read_data_filtered_r_reg_19_
a25_execute_1 cell read_data_filtered_r_reg[18] read_data_filtered_r_reg_18_
a25_execute_1 cell read_data_filtered_r_reg[17] read_data_filtered_r_reg_17_
a25_execute_1 cell read_data_filtered_r_reg[16] read_data_filtered_r_reg_16_
a25_execute_1 cell read_data_filtered_r_reg[15] read_data_filtered_r_reg_15_
a25_execute_1 cell read_data_filtered_r_reg[14] read_data_filtered_r_reg_14_
a25_execute_1 cell read_data_filtered_r_reg[13] read_data_filtered_r_reg_13_
a25_execute_1 cell read_data_filtered_r_reg[12] read_data_filtered_r_reg_12_
a25_execute_1 cell read_data_filtered_r_reg[11] read_data_filtered_r_reg_11_
a25_execute_1 cell read_data_filtered_r_reg[9] read_data_filtered_r_reg_9_
a25_execute_1 cell read_data_filtered_r_reg[7] read_data_filtered_r_reg_7_
a25_execute_1 cell read_data_filtered_r_reg[6] read_data_filtered_r_reg_6_
a25_execute_1 cell read_data_filtered_r_reg[4] read_data_filtered_r_reg_4_
a25_execute_1 cell read_data_filtered_r_reg[3] read_data_filtered_r_reg_3_
a25_execute_1 cell read_data_filtered_r_reg[2] read_data_filtered_r_reg_2_
a25_execute_1 cell read_data_filtered_r_reg[1] read_data_filtered_r_reg_1_
a25_execute_1 cell read_data_filtered_r_reg[0] read_data_filtered_r_reg_0_
a25_execute_1 cell base_address_reg[0] base_address_reg_0_
a25_execute_1 cell o_daddress_reg[3] o_daddress_reg_3_
a25_execute_1 cell o_daddress_reg[4] o_daddress_reg_4_
a25_execute_1 cell o_daddress_reg[5] o_daddress_reg_5_
a25_execute_1 cell o_daddress_reg[6] o_daddress_reg_6_
a25_execute_1 cell o_daddress_reg[7] o_daddress_reg_7_
a25_execute_1 cell o_daddress_reg[9] o_daddress_reg_9_
a25_execute_1 cell o_daddress_reg[10] o_daddress_reg_10_
a25_execute_1 cell o_daddress_reg[11] o_daddress_reg_11_
a25_execute_1 cell o_iaddress_reg[2] o_iaddress_reg_2_
a25_execute_1 cell o_iaddress_reg[3] o_iaddress_reg_3_
a25_execute_1 cell o_iaddress_reg[4] o_iaddress_reg_4_
a25_execute_1 cell o_iaddress_reg[5] o_iaddress_reg_5_
a25_execute_1 cell o_iaddress_reg[6] o_iaddress_reg_6_
a25_execute_1 cell o_iaddress_reg[7] o_iaddress_reg_7_
a25_execute_1 cell o_iaddress_reg[8] o_iaddress_reg_8_
a25_execute_1 cell o_iaddress_reg[9] o_iaddress_reg_9_
a25_execute_1 cell o_iaddress_reg[10] o_iaddress_reg_10_
a25_execute_1 cell o_iaddress_reg[11] o_iaddress_reg_11_
a25_execute_1 cell o_iaddress_reg[12] o_iaddress_reg_12_
a25_execute_1 cell o_iaddress_reg[14] o_iaddress_reg_14_
a25_execute_1 cell o_iaddress_reg[15] o_iaddress_reg_15_
a25_execute_1 cell o_iaddress_reg[17] o_iaddress_reg_17_
a25_execute_1 cell o_iaddress_reg[18] o_iaddress_reg_18_
a25_execute_1 cell o_iaddress_reg[19] o_iaddress_reg_19_
a25_execute_1 cell o_iaddress_reg[20] o_iaddress_reg_20_
a25_execute_1 cell o_iaddress_reg[21] o_iaddress_reg_21_
a25_execute_1 cell o_iaddress_reg[24] o_iaddress_reg_24_
a25_execute_1 cell o_iaddress_reg[25] o_iaddress_reg_25_
a25_execute_1 cell o_daddress_reg[0] o_daddress_reg_0_
a25_execute_1 cell o_daddress_reg[1] o_daddress_reg_1_
a25_execute_1 cell o_daddress_reg[26] o_daddress_reg_26_
a25_execute_1 cell o_daddress_reg[27] o_daddress_reg_27_
a25_execute_1 cell o_iaddress_reg[0] o_iaddress_reg_0_
a25_execute_1 cell o_iaddress_reg[26] o_iaddress_reg_26_
a25_execute_1 cell o_iaddress_reg[28] o_iaddress_reg_28_
a25_execute_1 cell base_address_reg[31] base_address_reg_31_
a25_execute_1 cell base_address_reg[30] base_address_reg_30_
a25_execute_1 cell base_address_reg[29] base_address_reg_29_
a25_execute_1 cell base_address_reg[28] base_address_reg_28_
a25_execute_1 cell base_address_reg[27] base_address_reg_27_
a25_execute_1 cell base_address_reg[26] base_address_reg_26_
a25_execute_1 cell base_address_reg[25] base_address_reg_25_
a25_execute_1 cell base_address_reg[24] base_address_reg_24_
a25_execute_1 cell base_address_reg[23] base_address_reg_23_
a25_execute_1 cell base_address_reg[22] base_address_reg_22_
a25_execute_1 cell base_address_reg[21] base_address_reg_21_
a25_execute_1 cell base_address_reg[19] base_address_reg_19_
a25_execute_1 cell base_address_reg[18] base_address_reg_18_
a25_execute_1 cell base_address_reg[17] base_address_reg_17_
a25_execute_1 cell base_address_reg[16] base_address_reg_16_
a25_execute_1 cell base_address_reg[15] base_address_reg_15_
a25_execute_1 cell base_address_reg[14] base_address_reg_14_
a25_execute_1 cell base_address_reg[13] base_address_reg_13_
a25_execute_1 cell base_address_reg[12] base_address_reg_12_
a25_execute_1 cell base_address_reg[11] base_address_reg_11_
a25_execute_1 cell base_address_reg[10] base_address_reg_10_
a25_execute_1 cell base_address_reg[9] base_address_reg_9_
a25_execute_1 cell base_address_reg[8] base_address_reg_8_
a25_execute_1 cell base_address_reg[7] base_address_reg_7_
a25_execute_1 cell base_address_reg[6] base_address_reg_6_
a25_execute_1 cell base_address_reg[4] base_address_reg_4_
a25_execute_1 cell base_address_reg[3] base_address_reg_3_
a25_execute_1 cell base_address_reg[2] base_address_reg_2_
a25_execute_1 cell base_address_reg[1] base_address_reg_1_
a25_execute_1 cell o_exec_load_rd_reg[0] o_exec_load_rd_reg_0_
a25_execute_1 cell o_exec_load_rd_reg[1] o_exec_load_rd_reg_1_
a25_execute_1 cell o_exec_load_rd_reg[2] o_exec_load_rd_reg_2_
a25_execute_1 cell o_exec_load_rd_reg[3] o_exec_load_rd_reg_3_
a25_execute_1 cell o_exec_load_rd_reg[4] o_exec_load_rd_reg_4_
a25_execute_1 cell o_exec_load_rd_reg[5] o_exec_load_rd_reg_5_
a25_execute_1 cell o_exec_load_rd_reg[7] o_exec_load_rd_reg_7_
a25_execute_1 cell o_byte_enable_reg[0] o_byte_enable_reg_0_
a25_execute_1 cell o_byte_enable_reg[1] o_byte_enable_reg_1_
a25_execute_1 cell o_byte_enable_reg[2] o_byte_enable_reg_2_
a25_execute_1 cell o_byte_enable_reg[3] o_byte_enable_reg_3_
a25_execute_1 cell o_write_data_reg[0] o_write_data_reg_0_
a25_execute_1 cell o_write_data_reg[1] o_write_data_reg_1_
a25_execute_1 cell o_write_data_reg[2] o_write_data_reg_2_
a25_execute_1 cell o_write_data_reg[3] o_write_data_reg_3_
a25_execute_1 cell o_write_data_reg[4] o_write_data_reg_4_
a25_execute_1 cell o_write_data_reg[5] o_write_data_reg_5_
a25_execute_1 cell o_write_data_reg[6] o_write_data_reg_6_
a25_execute_1 cell o_write_data_reg[10] o_write_data_reg_10_
a25_execute_1 cell o_write_data_reg[13] o_write_data_reg_13_
a25_execute_1 cell o_write_data_reg[16] o_write_data_reg_16_
a25_execute_1 cell o_write_data_reg[18] o_write_data_reg_18_
a25_execute_1 cell o_write_data_reg[19] o_write_data_reg_19_
a25_execute_1 cell o_write_data_reg[20] o_write_data_reg_20_
a25_execute_1 cell o_write_data_reg[21] o_write_data_reg_21_
a25_execute_1 cell o_write_data_reg[22] o_write_data_reg_22_
a25_execute_1 cell o_write_data_reg[23] o_write_data_reg_23_
a25_execute_1 cell o_write_data_reg[26] o_write_data_reg_26_
a25_execute_1 cell o_write_data_reg[27] o_write_data_reg_27_
a25_execute_1 cell o_write_data_reg[28] o_write_data_reg_28_
a25_execute_1 cell o_write_data_reg[29] o_write_data_reg_29_
a25_execute_1 cell o_write_data_reg[30] o_write_data_reg_30_
a25_execute_1 cell o_copro_write_data_reg[8] o_copro_write_data_reg_8_
a25_execute_1 cell o_copro_write_data_reg[9] o_copro_write_data_reg_9_
a25_execute_1 cell o_copro_write_data_reg[10] o_copro_write_data_reg_10_
a25_execute_1 cell o_copro_write_data_reg[11] o_copro_write_data_reg_11_
a25_execute_1 cell o_copro_write_data_reg[13] o_copro_write_data_reg_13_
a25_execute_1 cell o_copro_write_data_reg[14] o_copro_write_data_reg_14_
a25_execute_1 cell o_copro_write_data_reg[15] o_copro_write_data_reg_15_
a25_execute_1 cell o_copro_write_data_reg[16] o_copro_write_data_reg_16_
a25_execute_1 cell o_copro_write_data_reg[17] o_copro_write_data_reg_17_
a25_execute_1 cell o_copro_write_data_reg[18] o_copro_write_data_reg_18_
a25_execute_1 cell o_copro_write_data_reg[19] o_copro_write_data_reg_19_
a25_execute_1 cell o_copro_write_data_reg[20] o_copro_write_data_reg_20_
a25_execute_1 cell o_copro_write_data_reg[21] o_copro_write_data_reg_21_
a25_execute_1 cell o_copro_write_data_reg[22] o_copro_write_data_reg_22_
a25_execute_1 cell o_copro_write_data_reg[27] o_copro_write_data_reg_27_
a25_execute_1 cell o_copro_write_data_reg[28] o_copro_write_data_reg_28_
a25_execute_1 cell o_copro_write_data_reg[29] o_copro_write_data_reg_29_
a25_execute_1 cell o_copro_write_data_reg[31] o_copro_write_data_reg_31_
a25_execute_1 cell o_copro_write_data_reg[7] o_copro_write_data_reg_7_
a25_execute_1 cell o_copro_write_data_reg[6] o_copro_write_data_reg_6_
a25_execute_1 cell o_copro_write_data_reg[5] o_copro_write_data_reg_5_
a25_execute_1 cell o_copro_write_data_reg[4] o_copro_write_data_reg_4_
a25_execute_1 cell o_copro_write_data_reg[3] o_copro_write_data_reg_3_
a25_execute_1 cell o_copro_write_data_reg[2] o_copro_write_data_reg_2_
a25_execute_1 cell o_copro_write_data_reg[1] o_copro_write_data_reg_1_
a25_execute_1 cell o_copro_write_data_reg[0] o_copro_write_data_reg_0_
a25_execute_1 cell o_iaddress_reg[23] o_iaddress_reg_23_
a25_execute_1 cell o_iaddress_reg[22] o_iaddress_reg_22_
a25_execute_1 cell status_bits_mode_rds_oh_reg[1] status_bits_mode_rds_oh_reg_1_
a25_execute_1 cell o_iaddress_reg[29] o_iaddress_reg_29_
a25_execute_1 cell read_data_filtered_r_reg[20] read_data_filtered_r_reg_20_
a25_execute_1 cell read_data_filtered_r_reg[5] read_data_filtered_r_reg_5_
a25_execute_1 cell o_iaddress_reg[16] o_iaddress_reg_16_
a25_execute_1 cell o_iaddress_reg[27] o_iaddress_reg_27_
a25_execute_1 cell o_copro_write_data_reg[12] o_copro_write_data_reg_12_
a25_execute_1 cell o_copro_write_data_reg[30] o_copro_write_data_reg_30_
a25_execute_1 cell o_daddress_reg[29] o_daddress_reg_29_
a25_execute_1 cell status_bits_flags_reg[0] status_bits_flags_reg_0_
a25_execute_1 cell status_bits_mode_reg[0] status_bits_mode_reg_0_
a25_execute_1 cell o_daddress_reg[2] o_daddress_reg_2_
a25_execute_1 cell o_write_data_reg[8] o_write_data_reg_8_
a25_execute_1 cell o_write_data_reg[9] o_write_data_reg_9_
a25_execute_1 cell o_write_data_reg[11] o_write_data_reg_11_
a25_execute_1 cell o_write_data_reg[12] o_write_data_reg_12_
a25_execute_1 cell o_write_data_reg[14] o_write_data_reg_14_
a25_execute_1 cell o_write_data_reg[15] o_write_data_reg_15_
a25_execute_1 cell o_write_data_reg[17] o_write_data_reg_17_
a25_execute_1 cell o_daddress_reg[12] o_daddress_reg_12_
a25_execute_1 cell o_daddress_reg[13] o_daddress_reg_13_
a25_execute_1 cell o_daddress_reg[14] o_daddress_reg_14_
a25_execute_1 cell o_daddress_reg[15] o_daddress_reg_15_
a25_execute_1 cell o_daddress_reg[16] o_daddress_reg_16_
a25_execute_1 cell o_daddress_reg[17] o_daddress_reg_17_
a25_execute_1 cell o_daddress_reg[18] o_daddress_reg_18_
a25_execute_1 cell o_daddress_reg[19] o_daddress_reg_19_
a25_execute_1 cell o_daddress_reg[20] o_daddress_reg_20_
a25_execute_1 cell o_daddress_reg[21] o_daddress_reg_21_
a25_execute_1 cell o_daddress_reg[23] o_daddress_reg_23_
a25_execute_1 cell o_daddress_reg[22] o_daddress_reg_22_
a25_execute_1 cell o_daddress_reg[24] o_daddress_reg_24_
a25_execute_1 cell o_daddress_reg[25] o_daddress_reg_25_
a25_execute_1 cell o_iaddress_reg[30] o_iaddress_reg_30_
a25_execute_1 cell o_daddress_reg[28] o_daddress_reg_28_
a25_execute_1 cell o_write_data_reg[24] o_write_data_reg_24_
a25_execute_1 cell read_data_filtered_r_reg[8] read_data_filtered_r_reg_8_
a25_execute_1 cell read_data_filtered_r_reg[26] read_data_filtered_r_reg_26_
a25_execute_1 cell read_data_filtered_r_reg[10] read_data_filtered_r_reg_10_
a25_execute_1 cell o_iaddress_reg[13] o_iaddress_reg_13_
a25_execute_1 cell o_iaddress_reg[1] o_iaddress_reg_1_
a25_execute_1 cell base_address_reg[20] base_address_reg_20_
a25_execute_1 cell base_address_reg[5] base_address_reg_5_
a25_execute_1 cell o_exec_load_rd_reg[6] o_exec_load_rd_reg_6_
a25_execute_1 cell o_write_data_reg[7] o_write_data_reg_7_
a25_execute_1 cell o_write_data_reg[31] o_write_data_reg_31_
a25_execute_1 cell o_daddress_reg[8] o_daddress_reg_8_
a25_execute_1 cell o_copro_write_data_reg[26] o_copro_write_data_reg_26_
a25_execute_1 net o_status_bits_1 o_status_bits[1]
a25_execute_1 net multiply_flags[0] multiply_flags_0_
a25_execute_1 net status_bits_mode_rds_oh[1] status_bits_mode_rds_oh_1_
a25_mem_1 cell mem_read_data_r_reg[31] mem_read_data_r_reg_31_
a25_mem_1 cell mem_read_data_r_reg[30] mem_read_data_r_reg_30_
a25_mem_1 cell mem_read_data_r_reg[29] mem_read_data_r_reg_29_
a25_mem_1 cell mem_read_data_r_reg[28] mem_read_data_r_reg_28_
a25_mem_1 cell mem_read_data_r_reg[27] mem_read_data_r_reg_27_
a25_mem_1 cell mem_read_data_r_reg[26] mem_read_data_r_reg_26_
a25_mem_1 cell mem_read_data_r_reg[25] mem_read_data_r_reg_25_
a25_mem_1 cell mem_read_data_r_reg[24] mem_read_data_r_reg_24_
a25_mem_1 cell mem_read_data_r_reg[23] mem_read_data_r_reg_23_
a25_mem_1 cell mem_read_data_r_reg[22] mem_read_data_r_reg_22_
a25_mem_1 cell mem_read_data_r_reg[21] mem_read_data_r_reg_21_
a25_mem_1 cell mem_read_data_r_reg[19] mem_read_data_r_reg_19_
a25_mem_1 cell mem_read_data_r_reg[18] mem_read_data_r_reg_18_
a25_mem_1 cell mem_read_data_r_reg[17] mem_read_data_r_reg_17_
a25_mem_1 cell mem_read_data_r_reg[16] mem_read_data_r_reg_16_
a25_mem_1 cell mem_read_data_r_reg[15] mem_read_data_r_reg_15_
a25_mem_1 cell mem_read_data_r_reg[14] mem_read_data_r_reg_14_
a25_mem_1 cell mem_read_data_r_reg[13] mem_read_data_r_reg_13_
a25_mem_1 cell mem_read_data_r_reg[12] mem_read_data_r_reg_12_
a25_mem_1 cell mem_read_data_r_reg[11] mem_read_data_r_reg_11_
a25_mem_1 cell mem_read_data_r_reg[10] mem_read_data_r_reg_10_
a25_mem_1 cell mem_read_data_r_reg[9] mem_read_data_r_reg_9_
a25_mem_1 cell mem_read_data_r_reg[8] mem_read_data_r_reg_8_
a25_mem_1 cell mem_read_data_r_reg[7] mem_read_data_r_reg_7_
a25_mem_1 cell mem_read_data_r_reg[6] mem_read_data_r_reg_6_
a25_mem_1 cell mem_read_data_r_reg[4] mem_read_data_r_reg_4_
a25_mem_1 cell mem_read_data_r_reg[3] mem_read_data_r_reg_3_
a25_mem_1 cell mem_read_data_r_reg[2] mem_read_data_r_reg_2_
a25_mem_1 cell mem_read_data_r_reg[1] mem_read_data_r_reg_1_
a25_mem_1 cell mem_read_data_r_reg[0] mem_read_data_r_reg_0_
a25_mem_1 cell mem_load_rd_r_reg[9] mem_load_rd_r_reg_9_
a25_mem_1 cell mem_load_rd_r_reg[8] mem_load_rd_r_reg_8_
a25_mem_1 cell mem_load_rd_r_reg[7] mem_load_rd_r_reg_7_
a25_mem_1 cell mem_load_rd_r_reg[6] mem_load_rd_r_reg_6_
a25_mem_1 cell mem_load_rd_r_reg[5] mem_load_rd_r_reg_5_
a25_mem_1 cell mem_load_rd_r_reg[4] mem_load_rd_r_reg_4_
a25_mem_1 cell mem_load_rd_r_reg[3] mem_load_rd_r_reg_3_
a25_mem_1 cell mem_load_rd_r_reg[2] mem_load_rd_r_reg_2_
a25_mem_1 cell mem_load_rd_r_reg[1] mem_load_rd_r_reg_1_
a25_mem_1 cell mem_read_data_r_reg[5] mem_read_data_r_reg_5_
a25_mem_1 cell mem_load_rd_r_reg[0] mem_load_rd_r_reg_0_
a25_mem_1 cell mem_read_data_r_reg[20] mem_read_data_r_reg_20_
a25_mem_1 net *Logic0* n_Logic0_
a25_write_back_1 cell mem_read_data_r_reg[31] mem_read_data_r_reg_31_
a25_write_back_1 cell mem_read_data_r_reg[30] mem_read_data_r_reg_30_
a25_write_back_1 cell mem_read_data_r_reg[29] mem_read_data_r_reg_29_
a25_write_back_1 cell mem_read_data_r_reg[28] mem_read_data_r_reg_28_
a25_write_back_1 cell mem_read_data_r_reg[25] mem_read_data_r_reg_25_
a25_write_back_1 cell mem_read_data_r_reg[24] mem_read_data_r_reg_24_
a25_write_back_1 cell mem_read_data_r_reg[23] mem_read_data_r_reg_23_
a25_write_back_1 cell mem_read_data_r_reg[22] mem_read_data_r_reg_22_
a25_write_back_1 cell mem_read_data_r_reg[21] mem_read_data_r_reg_21_
a25_write_back_1 cell mem_read_data_r_reg[20] mem_read_data_r_reg_20_
a25_write_back_1 cell mem_read_data_r_reg[19] mem_read_data_r_reg_19_
a25_write_back_1 cell mem_read_data_r_reg[17] mem_read_data_r_reg_17_
a25_write_back_1 cell mem_read_data_r_reg[16] mem_read_data_r_reg_16_
a25_write_back_1 cell mem_read_data_r_reg[15] mem_read_data_r_reg_15_
a25_write_back_1 cell mem_read_data_r_reg[14] mem_read_data_r_reg_14_
a25_write_back_1 cell mem_read_data_r_reg[13] mem_read_data_r_reg_13_
a25_write_back_1 cell mem_read_data_r_reg[12] mem_read_data_r_reg_12_
a25_write_back_1 cell mem_read_data_r_reg[11] mem_read_data_r_reg_11_
a25_write_back_1 cell mem_read_data_r_reg[10] mem_read_data_r_reg_10_
a25_write_back_1 cell mem_read_data_r_reg[9] mem_read_data_r_reg_9_
a25_write_back_1 cell mem_read_data_r_reg[8] mem_read_data_r_reg_8_
a25_write_back_1 cell mem_read_data_r_reg[7] mem_read_data_r_reg_7_
a25_write_back_1 cell mem_read_data_r_reg[6] mem_read_data_r_reg_6_
a25_write_back_1 cell mem_read_data_r_reg[5] mem_read_data_r_reg_5_
a25_write_back_1 cell mem_read_data_r_reg[4] mem_read_data_r_reg_4_
a25_write_back_1 cell mem_read_data_r_reg[2] mem_read_data_r_reg_2_
a25_write_back_1 cell mem_read_data_r_reg[1] mem_read_data_r_reg_1_
a25_write_back_1 cell mem_read_data_r_reg[0] mem_read_data_r_reg_0_
a25_write_back_1 cell mem_load_rd_r_reg[7] mem_load_rd_r_reg_7_
a25_write_back_1 cell mem_load_rd_r_reg[6] mem_load_rd_r_reg_6_
a25_write_back_1 cell mem_load_rd_r_reg[5] mem_load_rd_r_reg_5_
a25_write_back_1 cell mem_load_rd_r_reg[4] mem_load_rd_r_reg_4_
a25_write_back_1 cell mem_load_rd_r_reg[1] mem_load_rd_r_reg_1_
a25_write_back_1 cell mem_load_rd_r_reg[2] mem_load_rd_r_reg_2_
a25_write_back_1 cell mem_read_data_r_reg[3] mem_read_data_r_reg_3_
a25_wishbone_1 cell icache_read_addr_r_reg[30] icache_read_addr_r_reg_30_
a25_wishbone_1 cell icache_read_addr_r_reg[29] icache_read_addr_r_reg_29_
a25_wishbone_1 cell icache_read_addr_r_reg[28] icache_read_addr_r_reg_28_
a25_wishbone_1 cell icache_read_addr_r_reg[27] icache_read_addr_r_reg_27_
a25_wishbone_1 cell icache_read_addr_r_reg[26] icache_read_addr_r_reg_26_
a25_wishbone_1 cell icache_read_addr_r_reg[25] icache_read_addr_r_reg_25_
a25_wishbone_1 cell icache_read_addr_r_reg[24] icache_read_addr_r_reg_24_
a25_wishbone_1 cell icache_read_addr_r_reg[23] icache_read_addr_r_reg_23_
a25_wishbone_1 cell icache_read_addr_r_reg[22] icache_read_addr_r_reg_22_
a25_wishbone_1 cell icache_read_addr_r_reg[21] icache_read_addr_r_reg_21_
a25_wishbone_1 cell icache_read_addr_r_reg[20] icache_read_addr_r_reg_20_
a25_wishbone_1 cell icache_read_addr_r_reg[19] icache_read_addr_r_reg_19_
a25_wishbone_1 cell icache_read_addr_r_reg[18] icache_read_addr_r_reg_18_
a25_wishbone_1 cell icache_read_addr_r_reg[17] icache_read_addr_r_reg_17_
a25_wishbone_1 cell icache_read_addr_r_reg[15] icache_read_addr_r_reg_15_
a25_wishbone_1 cell icache_read_addr_r_reg[14] icache_read_addr_r_reg_14_
a25_wishbone_1 cell icache_read_addr_r_reg[13] icache_read_addr_r_reg_13_
a25_wishbone_1 cell icache_read_addr_r_reg[12] icache_read_addr_r_reg_12_
a25_wishbone_1 cell icache_read_addr_r_reg[11] icache_read_addr_r_reg_11_
a25_wishbone_1 cell icache_read_addr_r_reg[10] icache_read_addr_r_reg_10_
a25_wishbone_1 cell icache_read_addr_r_reg[9] icache_read_addr_r_reg_9_
a25_wishbone_1 cell icache_read_addr_r_reg[8] icache_read_addr_r_reg_8_
a25_wishbone_1 cell icache_read_addr_r_reg[7] icache_read_addr_r_reg_7_
a25_wishbone_1 cell icache_read_addr_r_reg[6] icache_read_addr_r_reg_6_
a25_wishbone_1 cell icache_read_addr_r_reg[5] icache_read_addr_r_reg_5_
a25_wishbone_1 cell icache_read_addr_r_reg[4] icache_read_addr_r_reg_4_
a25_wishbone_1 cell icache_read_addr_r_reg[3] icache_read_addr_r_reg_3_
a25_wishbone_1 cell icache_read_addr_r_reg[2] icache_read_addr_r_reg_2_
a25_wishbone_1 cell wishbone_st_reg[2] wishbone_st_reg_2_
a25_wishbone_1 cell wishbone_st_reg[0] wishbone_st_reg_0_
a25_wishbone_1 cell extra_write_data_r_reg[0] extra_write_data_r_reg_0_
a25_wishbone_1 cell extra_write_data_r_reg[1] extra_write_data_r_reg_1_
a25_wishbone_1 cell extra_write_data_r_reg[2] extra_write_data_r_reg_2_
a25_wishbone_1 cell extra_write_data_r_reg[4] extra_write_data_r_reg_4_
a25_wishbone_1 cell extra_write_data_r_reg[5] extra_write_data_r_reg_5_
a25_wishbone_1 cell extra_write_data_r_reg[6] extra_write_data_r_reg_6_
a25_wishbone_1 cell extra_write_data_r_reg[7] extra_write_data_r_reg_7_
a25_wishbone_1 cell extra_write_data_r_reg[8] extra_write_data_r_reg_8_
a25_wishbone_1 cell extra_write_data_r_reg[9] extra_write_data_r_reg_9_
a25_wishbone_1 cell extra_write_data_r_reg[10] extra_write_data_r_reg_10_
a25_wishbone_1 cell extra_write_data_r_reg[11] extra_write_data_r_reg_11_
a25_wishbone_1 cell extra_write_data_r_reg[12] extra_write_data_r_reg_12_
a25_wishbone_1 cell extra_write_data_r_reg[13] extra_write_data_r_reg_13_
a25_wishbone_1 cell extra_write_data_r_reg[14] extra_write_data_r_reg_14_
a25_wishbone_1 cell extra_write_data_r_reg[15] extra_write_data_r_reg_15_
a25_wishbone_1 cell extra_write_data_r_reg[16] extra_write_data_r_reg_16_
a25_wishbone_1 cell extra_write_data_r_reg[17] extra_write_data_r_reg_17_
a25_wishbone_1 cell extra_write_data_r_reg[19] extra_write_data_r_reg_19_
a25_wishbone_1 cell extra_write_data_r_reg[20] extra_write_data_r_reg_20_
a25_wishbone_1 cell extra_write_data_r_reg[21] extra_write_data_r_reg_21_
a25_wishbone_1 cell extra_write_data_r_reg[22] extra_write_data_r_reg_22_
a25_wishbone_1 cell extra_write_data_r_reg[23] extra_write_data_r_reg_23_
a25_wishbone_1 cell extra_write_data_r_reg[24] extra_write_data_r_reg_24_
a25_wishbone_1 cell extra_write_data_r_reg[25] extra_write_data_r_reg_25_
a25_wishbone_1 cell extra_write_data_r_reg[26] extra_write_data_r_reg_26_
a25_wishbone_1 cell extra_write_data_r_reg[27] extra_write_data_r_reg_27_
a25_wishbone_1 cell extra_write_data_r_reg[28] extra_write_data_r_reg_28_
a25_wishbone_1 cell extra_write_data_r_reg[29] extra_write_data_r_reg_29_
a25_wishbone_1 cell extra_write_data_r_reg[30] extra_write_data_r_reg_30_
a25_wishbone_1 cell extra_write_data_r_reg[31] extra_write_data_r_reg_31_
a25_wishbone_1 cell extra_write_address_r_reg[0] extra_write_address_r_reg_0_
a25_wishbone_1 cell extra_write_address_r_reg[3] extra_write_address_r_reg_3_
a25_wishbone_1 cell extra_write_address_r_reg[4] extra_write_address_r_reg_4_
a25_wishbone_1 cell extra_write_address_r_reg[5] extra_write_address_r_reg_5_
a25_wishbone_1 cell extra_write_address_r_reg[6] extra_write_address_r_reg_6_
a25_wishbone_1 cell extra_write_address_r_reg[7] extra_write_address_r_reg_7_
a25_wishbone_1 cell extra_write_address_r_reg[8] extra_write_address_r_reg_8_
a25_wishbone_1 cell extra_write_address_r_reg[9] extra_write_address_r_reg_9_
a25_wishbone_1 cell extra_write_address_r_reg[10] extra_write_address_r_reg_10_
a25_wishbone_1 cell extra_write_address_r_reg[11] extra_write_address_r_reg_11_
a25_wishbone_1 cell extra_write_address_r_reg[12] extra_write_address_r_reg_12_
a25_wishbone_1 cell extra_write_address_r_reg[13] extra_write_address_r_reg_13_
a25_wishbone_1 cell extra_write_address_r_reg[14] extra_write_address_r_reg_14_
a25_wishbone_1 cell extra_write_address_r_reg[15] extra_write_address_r_reg_15_
a25_wishbone_1 cell extra_write_address_r_reg[16] extra_write_address_r_reg_16_
a25_wishbone_1 cell extra_write_address_r_reg[18] extra_write_address_r_reg_18_
a25_wishbone_1 cell extra_write_address_r_reg[24] extra_write_address_r_reg_24_
a25_wishbone_1 cell extra_write_address_r_reg[25] extra_write_address_r_reg_25_
a25_wishbone_1 cell extra_write_address_r_reg[26] extra_write_address_r_reg_26_
a25_wishbone_1 cell extra_write_address_r_reg[28] extra_write_address_r_reg_28_
a25_wishbone_1 cell extra_write_address_r_reg[29] extra_write_address_r_reg_29_
a25_wishbone_1 cell extra_write_address_r_reg[30] extra_write_address_r_reg_30_
a25_wishbone_1 cell extra_write_address_r_reg[31] extra_write_address_r_reg_31_
a25_wishbone_1 cell extra_write_be_r_reg[0] extra_write_be_r_reg_0_
a25_wishbone_1 cell extra_write_be_r_reg[1] extra_write_be_r_reg_1_
a25_wishbone_1 cell extra_write_be_r_reg[2] extra_write_be_r_reg_2_
a25_wishbone_1 cell extra_write_be_r_reg[3] extra_write_be_r_reg_3_
a25_wishbone_1 cell o_wb_sel_reg[0] o_wb_sel_reg_0_
a25_wishbone_1 cell o_wb_sel_reg[2] o_wb_sel_reg_2_
a25_wishbone_1 cell o_wb_sel_reg[1] o_wb_sel_reg_1_
a25_wishbone_1 cell o_wb_adr_reg[31] o_wb_adr_reg_31_
a25_wishbone_1 cell o_wb_adr_reg[30] o_wb_adr_reg_30_
a25_wishbone_1 cell o_wb_adr_reg[29] o_wb_adr_reg_29_
a25_wishbone_1 cell o_wb_adr_reg[28] o_wb_adr_reg_28_
a25_wishbone_1 cell o_wb_adr_reg[27] o_wb_adr_reg_27_
a25_wishbone_1 cell o_wb_adr_reg[26] o_wb_adr_reg_26_
a25_wishbone_1 cell o_wb_adr_reg[25] o_wb_adr_reg_25_
a25_wishbone_1 cell o_wb_adr_reg[24] o_wb_adr_reg_24_
a25_wishbone_1 cell o_wb_adr_reg[23] o_wb_adr_reg_23_
a25_wishbone_1 cell o_wb_adr_reg[22] o_wb_adr_reg_22_
a25_wishbone_1 cell o_wb_adr_reg[21] o_wb_adr_reg_21_
a25_wishbone_1 cell o_wb_adr_reg[20] o_wb_adr_reg_20_
a25_wishbone_1 cell o_wb_adr_reg[19] o_wb_adr_reg_19_
a25_wishbone_1 cell o_wb_adr_reg[17] o_wb_adr_reg_17_
a25_wishbone_1 cell o_wb_adr_reg[16] o_wb_adr_reg_16_
a25_wishbone_1 cell o_wb_adr_reg[15] o_wb_adr_reg_15_
a25_wishbone_1 cell o_wb_adr_reg[14] o_wb_adr_reg_14_
a25_wishbone_1 cell o_wb_adr_reg[13] o_wb_adr_reg_13_
a25_wishbone_1 cell o_wb_adr_reg[12] o_wb_adr_reg_12_
a25_wishbone_1 cell o_wb_adr_reg[11] o_wb_adr_reg_11_
a25_wishbone_1 cell o_wb_adr_reg[10] o_wb_adr_reg_10_
a25_wishbone_1 cell o_wb_adr_reg[9] o_wb_adr_reg_9_
a25_wishbone_1 cell o_wb_adr_reg[8] o_wb_adr_reg_8_
a25_wishbone_1 cell o_wb_adr_reg[7] o_wb_adr_reg_7_
a25_wishbone_1 cell o_wb_adr_reg[6] o_wb_adr_reg_6_
a25_wishbone_1 cell o_wb_adr_reg[5] o_wb_adr_reg_5_
a25_wishbone_1 cell o_wb_adr_reg[4] o_wb_adr_reg_4_
a25_wishbone_1 cell o_wb_adr_reg[1] o_wb_adr_reg_1_
a25_wishbone_1 cell o_wb_adr_reg[2] o_wb_adr_reg_2_
a25_wishbone_1 cell o_wb_adr_reg[3] o_wb_adr_reg_3_
a25_wishbone_1 cell o_wb_dat_reg[0] o_wb_dat_reg_0_
a25_wishbone_1 cell o_wb_dat_reg[31] o_wb_dat_reg_31_
a25_wishbone_1 cell o_wb_dat_reg[30] o_wb_dat_reg_30_
a25_wishbone_1 cell o_wb_dat_reg[29] o_wb_dat_reg_29_
a25_wishbone_1 cell o_wb_dat_reg[28] o_wb_dat_reg_28_
a25_wishbone_1 cell o_wb_dat_reg[27] o_wb_dat_reg_27_
a25_wishbone_1 cell o_wb_dat_reg[26] o_wb_dat_reg_26_
a25_wishbone_1 cell o_wb_dat_reg[25] o_wb_dat_reg_25_
a25_wishbone_1 cell o_wb_dat_reg[24] o_wb_dat_reg_24_
a25_wishbone_1 cell o_wb_dat_reg[23] o_wb_dat_reg_23_
a25_wishbone_1 cell o_wb_dat_reg[22] o_wb_dat_reg_22_
a25_wishbone_1 cell o_wb_dat_reg[20] o_wb_dat_reg_20_
a25_wishbone_1 cell o_wb_dat_reg[19] o_wb_dat_reg_19_
a25_wishbone_1 cell o_wb_dat_reg[18] o_wb_dat_reg_18_
a25_wishbone_1 cell o_wb_dat_reg[17] o_wb_dat_reg_17_
a25_wishbone_1 cell o_wb_dat_reg[16] o_wb_dat_reg_16_
a25_wishbone_1 cell o_wb_dat_reg[15] o_wb_dat_reg_15_
a25_wishbone_1 cell o_wb_dat_reg[14] o_wb_dat_reg_14_
a25_wishbone_1 cell o_wb_dat_reg[13] o_wb_dat_reg_13_
a25_wishbone_1 cell o_wb_dat_reg[12] o_wb_dat_reg_12_
a25_wishbone_1 cell o_wb_dat_reg[11] o_wb_dat_reg_11_
a25_wishbone_1 cell o_wb_dat_reg[10] o_wb_dat_reg_10_
a25_wishbone_1 cell o_wb_dat_reg[9] o_wb_dat_reg_9_
a25_wishbone_1 cell o_wb_dat_reg[8] o_wb_dat_reg_8_
a25_wishbone_1 cell o_wb_dat_reg[7] o_wb_dat_reg_7_
a25_wishbone_1 cell o_wb_dat_reg[5] o_wb_dat_reg_5_
a25_wishbone_1 cell o_wb_dat_reg[4] o_wb_dat_reg_4_
a25_wishbone_1 cell o_wb_dat_reg[3] o_wb_dat_reg_3_
a25_wishbone_1 cell o_wb_dat_reg[2] o_wb_dat_reg_2_
a25_wishbone_1 cell o_wb_dat_reg[1] o_wb_dat_reg_1_
a25_wishbone_1 cell extra_write_address_r_reg[21] extra_write_address_r_reg_21_
a25_wishbone_1 cell extra_write_address_r_reg[27] extra_write_address_r_reg_27_
a25_wishbone_1 cell extra_write_address_r_reg[20] extra_write_address_r_reg_20_
a25_wishbone_1 cell extra_write_address_r_reg[19] extra_write_address_r_reg_19_
a25_wishbone_1 cell extra_write_address_r_reg[23] extra_write_address_r_reg_23_
a25_wishbone_1 cell extra_write_address_r_reg[22] extra_write_address_r_reg_22_
a25_wishbone_1 cell wishbone_st_reg[1] wishbone_st_reg_1_
a25_wishbone_1 cell o_wb_adr_reg[18] o_wb_adr_reg_18_
a25_wishbone_1 cell extra_write_data_r_reg[3] extra_write_data_r_reg_3_
a25_wishbone_1 cell extra_write_data_r_reg[18] extra_write_data_r_reg_18_
a25_wishbone_1 cell extra_write_address_r_reg[17] extra_write_address_r_reg_17_
a25_wishbone_1 cell o_wb_sel_reg[3] o_wb_sel_reg_3_
a25_wishbone_1 cell o_wb_adr_reg[0] o_wb_adr_reg_0_
a25_wishbone_1 cell o_wb_dat_reg[21] o_wb_dat_reg_21_
a25_wishbone_1 cell o_wb_dat_reg[6] o_wb_dat_reg_6_
a25_wishbone_1 cell icache_read_addr_r_reg[16] icache_read_addr_r_reg_16_
a25_wishbone_1 cell icache_read_addr_r_reg[31] icache_read_addr_r_reg_31_
a25_wishbone_1 cell extra_write_address_r_reg[2] extra_write_address_r_reg_2_
a25_wishbone_1 net extra_write_address_r[3] extra_write_address_r_3_
a25_coprocessor_1 cell disruptive_area_reg[31] disruptive_area_reg_31_
a25_coprocessor_1 cell disruptive_area_reg[30] disruptive_area_reg_30_
a25_coprocessor_1 cell disruptive_area_reg[29] disruptive_area_reg_29_
a25_coprocessor_1 cell disruptive_area_reg[28] disruptive_area_reg_28_
a25_coprocessor_1 cell disruptive_area_reg[27] disruptive_area_reg_27_
a25_coprocessor_1 cell disruptive_area_reg[26] disruptive_area_reg_26_
a25_coprocessor_1 cell disruptive_area_reg[25] disruptive_area_reg_25_
a25_coprocessor_1 cell disruptive_area_reg[24] disruptive_area_reg_24_
a25_coprocessor_1 cell disruptive_area_reg[23] disruptive_area_reg_23_
a25_coprocessor_1 cell disruptive_area_reg[22] disruptive_area_reg_22_
a25_coprocessor_1 cell disruptive_area_reg[21] disruptive_area_reg_21_
a25_coprocessor_1 cell disruptive_area_reg[20] disruptive_area_reg_20_
a25_coprocessor_1 cell disruptive_area_reg[18] disruptive_area_reg_18_
a25_coprocessor_1 cell disruptive_area_reg[17] disruptive_area_reg_17_
a25_coprocessor_1 cell disruptive_area_reg[16] disruptive_area_reg_16_
a25_coprocessor_1 cell disruptive_area_reg[15] disruptive_area_reg_15_
a25_coprocessor_1 cell disruptive_area_reg[14] disruptive_area_reg_14_
a25_coprocessor_1 cell disruptive_area_reg[13] disruptive_area_reg_13_
a25_coprocessor_1 cell disruptive_area_reg[12] disruptive_area_reg_12_
a25_coprocessor_1 cell disruptive_area_reg[11] disruptive_area_reg_11_
a25_coprocessor_1 cell disruptive_area_reg[10] disruptive_area_reg_10_
a25_coprocessor_1 cell disruptive_area_reg[9] disruptive_area_reg_9_
a25_coprocessor_1 cell disruptive_area_reg[8] disruptive_area_reg_8_
a25_coprocessor_1 cell disruptive_area_reg[7] disruptive_area_reg_7_
a25_coprocessor_1 cell disruptive_area_reg[6] disruptive_area_reg_6_
a25_coprocessor_1 cell disruptive_area_reg[5] disruptive_area_reg_5_
a25_coprocessor_1 cell disruptive_area_reg[3] disruptive_area_reg_3_
a25_coprocessor_1 cell disruptive_area_reg[2] disruptive_area_reg_2_
a25_coprocessor_1 cell disruptive_area_reg[1] disruptive_area_reg_1_
a25_coprocessor_1 cell disruptive_area_reg[0] disruptive_area_reg_0_
a25_coprocessor_1 cell cache_control_reg[2] cache_control_reg_2_
a25_coprocessor_1 cell cache_control_reg[1] cache_control_reg_1_
a25_coprocessor_1 cell updateable_area_reg[31] updateable_area_reg_31_
a25_coprocessor_1 cell updateable_area_reg[30] updateable_area_reg_30_
a25_coprocessor_1 cell updateable_area_reg[29] updateable_area_reg_29_
a25_coprocessor_1 cell updateable_area_reg[28] updateable_area_reg_28_
a25_coprocessor_1 cell updateable_area_reg[27] updateable_area_reg_27_
a25_coprocessor_1 cell updateable_area_reg[26] updateable_area_reg_26_
a25_coprocessor_1 cell updateable_area_reg[25] updateable_area_reg_25_
a25_coprocessor_1 cell updateable_area_reg[24] updateable_area_reg_24_
a25_coprocessor_1 cell updateable_area_reg[22] updateable_area_reg_22_
a25_coprocessor_1 cell updateable_area_reg[21] updateable_area_reg_21_
a25_coprocessor_1 cell updateable_area_reg[20] updateable_area_reg_20_
a25_coprocessor_1 cell updateable_area_reg[19] updateable_area_reg_19_
a25_coprocessor_1 cell updateable_area_reg[18] updateable_area_reg_18_
a25_coprocessor_1 cell updateable_area_reg[17] updateable_area_reg_17_
a25_coprocessor_1 cell updateable_area_reg[16] updateable_area_reg_16_
a25_coprocessor_1 cell updateable_area_reg[15] updateable_area_reg_15_
a25_coprocessor_1 cell updateable_area_reg[14] updateable_area_reg_14_
a25_coprocessor_1 cell updateable_area_reg[13] updateable_area_reg_13_
a25_coprocessor_1 cell updateable_area_reg[12] updateable_area_reg_12_
a25_coprocessor_1 cell updateable_area_reg[11] updateable_area_reg_11_
a25_coprocessor_1 cell updateable_area_reg[10] updateable_area_reg_10_
a25_coprocessor_1 cell updateable_area_reg[9] updateable_area_reg_9_
a25_coprocessor_1 cell updateable_area_reg[7] updateable_area_reg_7_
a25_coprocessor_1 cell updateable_area_reg[6] updateable_area_reg_6_
a25_coprocessor_1 cell updateable_area_reg[5] updateable_area_reg_5_
a25_coprocessor_1 cell updateable_area_reg[4] updateable_area_reg_4_
a25_coprocessor_1 cell updateable_area_reg[3] updateable_area_reg_3_
a25_coprocessor_1 cell updateable_area_reg[2] updateable_area_reg_2_
a25_coprocessor_1 cell updateable_area_reg[1] updateable_area_reg_1_
a25_coprocessor_1 cell updateable_area_reg[0] updateable_area_reg_0_
a25_coprocessor_1 cell cacheable_area_reg[31] cacheable_area_reg_31_
a25_coprocessor_1 cell cacheable_area_reg[30] cacheable_area_reg_30_
a25_coprocessor_1 cell cacheable_area_reg[29] cacheable_area_reg_29_
a25_coprocessor_1 cell cacheable_area_reg[28] cacheable_area_reg_28_
a25_coprocessor_1 cell cacheable_area_reg[27] cacheable_area_reg_27_
a25_coprocessor_1 cell cacheable_area_reg[26] cacheable_area_reg_26_
a25_coprocessor_1 cell cacheable_area_reg[25] cacheable_area_reg_25_
a25_coprocessor_1 cell cacheable_area_reg[24] cacheable_area_reg_24_
a25_coprocessor_1 cell cacheable_area_reg[23] cacheable_area_reg_23_
a25_coprocessor_1 cell cacheable_area_reg[22] cacheable_area_reg_22_
a25_coprocessor_1 cell cacheable_area_reg[21] cacheable_area_reg_21_
a25_coprocessor_1 cell cacheable_area_reg[20] cacheable_area_reg_20_
a25_coprocessor_1 cell cacheable_area_reg[19] cacheable_area_reg_19_
a25_coprocessor_1 cell cacheable_area_reg[18] cacheable_area_reg_18_
a25_coprocessor_1 cell cacheable_area_reg[17] cacheable_area_reg_17_
a25_coprocessor_1 cell cacheable_area_reg[16] cacheable_area_reg_16_
a25_coprocessor_1 cell cacheable_area_reg[15] cacheable_area_reg_15_
a25_coprocessor_1 cell cacheable_area_reg[14] cacheable_area_reg_14_
a25_coprocessor_1 cell cacheable_area_reg[13] cacheable_area_reg_13_
a25_coprocessor_1 cell cacheable_area_reg[12] cacheable_area_reg_12_
a25_coprocessor_1 cell cacheable_area_reg[11] cacheable_area_reg_11_
a25_coprocessor_1 cell cacheable_area_reg[10] cacheable_area_reg_10_
a25_coprocessor_1 cell cacheable_area_reg[9] cacheable_area_reg_9_
a25_coprocessor_1 cell cacheable_area_reg[8] cacheable_area_reg_8_
a25_coprocessor_1 cell cacheable_area_reg[7] cacheable_area_reg_7_
a25_coprocessor_1 cell cacheable_area_reg[6] cacheable_area_reg_6_
a25_coprocessor_1 cell cacheable_area_reg[5] cacheable_area_reg_5_
a25_coprocessor_1 cell cacheable_area_reg[4] cacheable_area_reg_4_
a25_coprocessor_1 cell cacheable_area_reg[3] cacheable_area_reg_3_
a25_coprocessor_1 cell cacheable_area_reg[2] cacheable_area_reg_2_
a25_coprocessor_1 cell cacheable_area_reg[1] cacheable_area_reg_1_
a25_coprocessor_1 cell cacheable_area_reg[0] cacheable_area_reg_0_
a25_coprocessor_1 cell o_copro_read_data_reg[24] o_copro_read_data_reg_24_
a25_coprocessor_1 cell o_copro_read_data_reg[22] o_copro_read_data_reg_22_
a25_coprocessor_1 cell o_copro_read_data_reg[20] o_copro_read_data_reg_20_
a25_coprocessor_1 cell o_copro_read_data_reg[19] o_copro_read_data_reg_19_
a25_coprocessor_1 cell o_copro_read_data_reg[17] o_copro_read_data_reg_17_
a25_coprocessor_1 cell o_copro_read_data_reg[16] o_copro_read_data_reg_16_
a25_coprocessor_1 cell o_copro_read_data_reg[15] o_copro_read_data_reg_15_
a25_coprocessor_1 cell o_copro_read_data_reg[13] o_copro_read_data_reg_13_
a25_coprocessor_1 cell o_copro_read_data_reg[12] o_copro_read_data_reg_12_
a25_coprocessor_1 cell o_copro_read_data_reg[11] o_copro_read_data_reg_11_
a25_coprocessor_1 cell o_copro_read_data_reg[10] o_copro_read_data_reg_10_
a25_coprocessor_1 cell o_copro_read_data_reg[9] o_copro_read_data_reg_9_
a25_coprocessor_1 cell o_copro_read_data_reg[8] o_copro_read_data_reg_8_
a25_coprocessor_1 cell o_copro_read_data_reg[4] o_copro_read_data_reg_4_
a25_coprocessor_1 cell o_copro_read_data_reg[7] o_copro_read_data_reg_7_
a25_coprocessor_1 cell o_copro_read_data_reg[6] o_copro_read_data_reg_6_
a25_coprocessor_1 cell o_copro_read_data_reg[5] o_copro_read_data_reg_5_
a25_coprocessor_1 cell o_copro_read_data_reg[3] o_copro_read_data_reg_3_
a25_coprocessor_1 cell o_copro_read_data_reg[21] o_copro_read_data_reg_21_
a25_coprocessor_1 cell o_copro_read_data_reg[14] o_copro_read_data_reg_14_
a25_coprocessor_1 cell o_copro_read_data_reg[25] o_copro_read_data_reg_25_
a25_coprocessor_1 cell o_copro_read_data_reg[23] o_copro_read_data_reg_23_
a25_coprocessor_1 cell o_copro_read_data_reg[2] o_copro_read_data_reg_2_
a25_coprocessor_1 cell o_copro_read_data_reg[27] o_copro_read_data_reg_27_
a25_coprocessor_1 cell o_copro_read_data_reg[26] o_copro_read_data_reg_26_
a25_coprocessor_1 cell o_copro_read_data_reg[31] o_copro_read_data_reg_31_
a25_coprocessor_1 cell o_copro_read_data_reg[29] o_copro_read_data_reg_29_
a25_coprocessor_1 cell o_copro_read_data_reg[28] o_copro_read_data_reg_28_
a25_coprocessor_1 cell o_copro_read_data_reg[30] o_copro_read_data_reg_30_
a25_coprocessor_1 cell o_copro_read_data_reg[1] o_copro_read_data_reg_1_
a25_coprocessor_1 cell cache_control_reg[0] cache_control_reg_0_
a25_coprocessor_1 cell updateable_area_reg[23] updateable_area_reg_23_
a25_coprocessor_1 cell updateable_area_reg[8] updateable_area_reg_8_
a25_coprocessor_1 cell o_copro_read_data_reg[18] o_copro_read_data_reg_18_
a25_coprocessor_1 cell o_copro_read_data_reg[0] o_copro_read_data_reg_0_
a25_coprocessor_1 cell disruptive_area_reg[19] disruptive_area_reg_19_
a25_coprocessor_1 cell disruptive_area_reg[4] disruptive_area_reg_4_
a25_mem_0 cell mem_read_data_r_reg[31] mem_read_data_r_reg_31_
a25_mem_0 cell mem_read_data_r_reg[29] mem_read_data_r_reg_29_
a25_mem_0 cell mem_read_data_r_reg[28] mem_read_data_r_reg_28_
a25_mem_0 cell mem_read_data_r_reg[27] mem_read_data_r_reg_27_
a25_mem_0 cell mem_read_data_r_reg[26] mem_read_data_r_reg_26_
a25_mem_0 cell mem_read_data_r_reg[25] mem_read_data_r_reg_25_
a25_mem_0 cell mem_read_data_r_reg[24] mem_read_data_r_reg_24_
a25_mem_0 cell mem_read_data_r_reg[23] mem_read_data_r_reg_23_
a25_mem_0 cell mem_read_data_r_reg[22] mem_read_data_r_reg_22_
a25_mem_0 cell mem_read_data_r_reg[21] mem_read_data_r_reg_21_
a25_mem_0 cell mem_read_data_r_reg[20] mem_read_data_r_reg_20_
a25_mem_0 cell mem_read_data_r_reg[19] mem_read_data_r_reg_19_
a25_mem_0 cell mem_read_data_r_reg[18] mem_read_data_r_reg_18_
a25_mem_0 cell mem_read_data_r_reg[17] mem_read_data_r_reg_17_
a25_mem_0 cell mem_read_data_r_reg[16] mem_read_data_r_reg_16_
a25_mem_0 cell mem_read_data_r_reg[14] mem_read_data_r_reg_14_
a25_mem_0 cell mem_read_data_r_reg[13] mem_read_data_r_reg_13_
a25_mem_0 cell mem_read_data_r_reg[12] mem_read_data_r_reg_12_
a25_mem_0 cell mem_read_data_r_reg[11] mem_read_data_r_reg_11_
a25_mem_0 cell mem_read_data_r_reg[10] mem_read_data_r_reg_10_
a25_mem_0 cell mem_read_data_r_reg[9] mem_read_data_r_reg_9_
a25_mem_0 cell mem_read_data_r_reg[8] mem_read_data_r_reg_8_
a25_mem_0 cell mem_read_data_r_reg[7] mem_read_data_r_reg_7_
a25_mem_0 cell mem_read_data_r_reg[6] mem_read_data_r_reg_6_
a25_mem_0 cell mem_read_data_r_reg[5] mem_read_data_r_reg_5_
a25_mem_0 cell mem_read_data_r_reg[4] mem_read_data_r_reg_4_
a25_mem_0 cell mem_read_data_r_reg[3] mem_read_data_r_reg_3_
a25_mem_0 cell mem_read_data_r_reg[2] mem_read_data_r_reg_2_
a25_mem_0 cell mem_read_data_r_reg[1] mem_read_data_r_reg_1_
a25_mem_0 cell mem_load_rd_r_reg[9] mem_load_rd_r_reg_9_
a25_mem_0 cell mem_load_rd_r_reg[8] mem_load_rd_r_reg_8_
a25_mem_0 cell mem_load_rd_r_reg[7] mem_load_rd_r_reg_7_
a25_mem_0 cell mem_load_rd_r_reg[6] mem_load_rd_r_reg_6_
a25_mem_0 cell mem_load_rd_r_reg[5] mem_load_rd_r_reg_5_
a25_mem_0 cell mem_load_rd_r_reg[4] mem_load_rd_r_reg_4_
a25_mem_0 cell mem_load_rd_r_reg[3] mem_load_rd_r_reg_3_
a25_mem_0 cell mem_load_rd_r_reg[2] mem_load_rd_r_reg_2_
a25_mem_0 cell mem_load_rd_r_reg[1] mem_load_rd_r_reg_1_
a25_mem_0 cell mem_load_rd_r_reg[0] mem_load_rd_r_reg_0_
a25_mem_0 cell mem_read_data_r_reg[30] mem_read_data_r_reg_30_
a25_mem_0 cell mem_read_data_r_reg[15] mem_read_data_r_reg_15_
a25_mem_0 cell mem_read_data_r_reg[0] mem_read_data_r_reg_0_
a25_mem_0 net *Logic0* n_Logic0_
eth_miim cell BitCounter_reg[0] BitCounter_reg_0_
eth_miim cell BitCounter_reg[1] BitCounter_reg_1_
eth_miim cell BitCounter_reg[2] BitCounter_reg_2_
eth_miim cell BitCounter_reg[3] BitCounter_reg_3_
eth_miim cell BitCounter_reg[4] BitCounter_reg_4_
eth_miim cell BitCounter_reg[6] BitCounter_reg_6_
eth_miim cell BitCounter_reg[5] BitCounter_reg_5_
eth_miim cell LatchByte_reg[1] LatchByte_reg_1_
eth_miim cell LatchByte_reg[0] LatchByte_reg_0_
eth_registers net INT_MASK_Wr[0] INT_MASK_Wr_0_
eth_registers net IPGT_Wr[0] IPGT_Wr_0_
eth_registers net IPGR1_Wr[0] IPGR1_Wr_0_
eth_registers net IPGR2_Wr[0] IPGR2_Wr_0_
eth_registers net COLLCONF_Wr[2] COLLCONF_Wr_2_
eth_registers net CTRLMODER_Wr[0] CTRLMODER_Wr_0_
eth_registers net MIICOMMAND_Wr[0] MIICOMMAND_Wr_0_
eth_registers net TX_BD_NUM_Wr[0] TX_BD_NUM_Wr_0_
eth_txethmac cell MTxD_reg[3] MTxD_reg_3_
eth_txethmac cell MTxD_reg[2] MTxD_reg_2_
eth_txethmac cell MTxD_reg[1] MTxD_reg_1_
eth_txethmac cell MTxD_reg[0] MTxD_reg_0_
eth_txethmac cell RetryCnt_reg[1] RetryCnt_reg_1_
eth_txethmac cell RetryCnt_reg[0] RetryCnt_reg_0_
eth_txethmac cell RetryCnt_reg[3] RetryCnt_reg_3_
eth_txethmac cell RetryCnt_reg[2] RetryCnt_reg_2_
eth_txethmac net *Logic0* n_Logic0_
eth_txethmac net eq_x_11/n142 eq_x_11_n142
eth_rxethmac cell CrcHash_reg[5] CrcHash_reg_5_
eth_rxethmac cell CrcHash_reg[4] CrcHash_reg_4_
eth_rxethmac cell CrcHash_reg[3] CrcHash_reg_3_
eth_rxethmac cell CrcHash_reg[2] CrcHash_reg_2_
eth_rxethmac cell CrcHash_reg[1] CrcHash_reg_1_
eth_rxethmac cell CrcHash_reg[0] CrcHash_reg_0_
eth_rxethmac cell LatchedByte_reg[7] LatchedByte_reg_7_
eth_rxethmac cell LatchedByte_reg[6] LatchedByte_reg_6_
eth_rxethmac cell LatchedByte_reg[5] LatchedByte_reg_5_
eth_rxethmac cell LatchedByte_reg[4] LatchedByte_reg_4_
eth_rxethmac cell LatchedByte_reg[2] LatchedByte_reg_2_
eth_rxethmac cell LatchedByte_reg[1] LatchedByte_reg_1_
eth_rxethmac cell LatchedByte_reg[0] LatchedByte_reg_0_
eth_rxethmac cell RxData_d_reg[0] RxData_d_reg_0_
eth_rxethmac cell RxData_reg[0] RxData_reg_0_
eth_rxethmac cell RxData_d_reg[1] RxData_d_reg_1_
eth_rxethmac cell RxData_reg[1] RxData_reg_1_
eth_rxethmac cell RxData_d_reg[2] RxData_d_reg_2_
eth_rxethmac cell RxData_reg[2] RxData_reg_2_
eth_rxethmac cell RxData_d_reg[3] RxData_d_reg_3_
eth_rxethmac cell RxData_reg[3] RxData_reg_3_
eth_rxethmac cell RxData_d_reg[4] RxData_d_reg_4_
eth_rxethmac cell RxData_reg[4] RxData_reg_4_
eth_rxethmac cell RxData_reg[5] RxData_reg_5_
eth_rxethmac cell RxData_d_reg[6] RxData_d_reg_6_
eth_rxethmac cell RxData_reg[6] RxData_reg_6_
eth_rxethmac cell RxData_d_reg[7] RxData_d_reg_7_
eth_rxethmac cell RxData_reg[7] RxData_reg_7_
eth_rxethmac cell LatchedByte_reg[3] LatchedByte_reg_3_
eth_rxethmac cell RxData_d_reg[5] RxData_d_reg_5_
eth_wishbone cell LatchedRxLength_reg[15] LatchedRxLength_reg_15_
eth_wishbone cell LatchedRxLength_reg[14] LatchedRxLength_reg_14_
eth_wishbone cell LatchedRxLength_reg[13] LatchedRxLength_reg_13_
eth_wishbone cell LatchedRxLength_reg[12] LatchedRxLength_reg_12_
eth_wishbone cell LatchedRxLength_reg[10] LatchedRxLength_reg_10_
eth_wishbone cell LatchedRxLength_reg[9] LatchedRxLength_reg_9_
eth_wishbone cell LatchedRxLength_reg[8] LatchedRxLength_reg_8_
eth_wishbone cell LatchedRxLength_reg[7] LatchedRxLength_reg_7_
eth_wishbone cell LatchedRxLength_reg[6] LatchedRxLength_reg_6_
eth_wishbone cell LatchedRxLength_reg[5] LatchedRxLength_reg_5_
eth_wishbone cell LatchedRxLength_reg[4] LatchedRxLength_reg_4_
eth_wishbone cell LatchedRxLength_reg[3] LatchedRxLength_reg_3_
eth_wishbone cell LatchedRxLength_reg[2] LatchedRxLength_reg_2_
eth_wishbone cell LatchedRxLength_reg[1] LatchedRxLength_reg_1_
eth_wishbone cell LatchedRxLength_reg[0] LatchedRxLength_reg_0_
eth_wishbone cell RxStatusInLatched_reg[8] RxStatusInLatched_reg_8_
eth_wishbone cell RxStatusInLatched_reg[7] RxStatusInLatched_reg_7_
eth_wishbone cell RxStatusInLatched_reg[5] RxStatusInLatched_reg_5_
eth_wishbone cell RxStatusInLatched_reg[3] RxStatusInLatched_reg_3_
eth_wishbone cell RxStatusInLatched_reg[2] RxStatusInLatched_reg_2_
eth_wishbone cell RxStatusInLatched_reg[1] RxStatusInLatched_reg_1_
eth_wishbone cell RxStatusInLatched_reg[0] RxStatusInLatched_reg_0_
eth_wishbone cell RxStatusInLatched_reg[6] RxStatusInLatched_reg_6_
eth_wishbone cell ram_di_reg[6] ram_di_reg_6_
eth_wishbone cell TxLength_reg[15] TxLength_reg_15_
eth_wishbone cell rx_burst_cnt_reg[0] rx_burst_cnt_reg_0_
eth_wishbone cell rx_burst_cnt_reg[1] rx_burst_cnt_reg_1_
eth_wishbone cell rx_burst_cnt_reg[2] rx_burst_cnt_reg_2_
eth_wishbone cell LatchedTxLength_reg[0] LatchedTxLength_reg_0_
eth_wishbone cell LatchedTxLength_reg[15] LatchedTxLength_reg_15_
eth_wishbone cell LatchedTxLength_reg[14] LatchedTxLength_reg_14_
eth_wishbone cell LatchedTxLength_reg[13] LatchedTxLength_reg_13_
eth_wishbone cell LatchedTxLength_reg[12] LatchedTxLength_reg_12_
eth_wishbone cell LatchedTxLength_reg[11] LatchedTxLength_reg_11_
eth_wishbone cell LatchedTxLength_reg[9] LatchedTxLength_reg_9_
eth_wishbone cell LatchedTxLength_reg[8] LatchedTxLength_reg_8_
eth_wishbone cell LatchedTxLength_reg[7] LatchedTxLength_reg_7_
eth_wishbone cell LatchedTxLength_reg[6] LatchedTxLength_reg_6_
eth_wishbone cell LatchedTxLength_reg[5] LatchedTxLength_reg_5_
eth_wishbone cell LatchedTxLength_reg[4] LatchedTxLength_reg_4_
eth_wishbone cell LatchedTxLength_reg[3] LatchedTxLength_reg_3_
eth_wishbone cell LatchedTxLength_reg[2] LatchedTxLength_reg_2_
eth_wishbone cell LatchedTxLength_reg[1] LatchedTxLength_reg_1_
eth_wishbone cell TxStatus_reg[12] TxStatus_reg_12_
eth_wishbone cell TxStatus_reg[13] TxStatus_reg_13_
eth_wishbone cell TxBDAddress_reg[2] TxBDAddress_reg_2_
eth_wishbone cell TxBDAddress_reg[1] TxBDAddress_reg_1_
eth_wishbone cell TxBDAddress_reg[3] TxBDAddress_reg_3_
eth_wishbone cell TxBDAddress_reg[5] TxBDAddress_reg_5_
eth_wishbone cell TxBDAddress_reg[6] TxBDAddress_reg_6_
eth_wishbone cell TxBDAddress_reg[7] TxBDAddress_reg_7_
eth_wishbone cell TxStatus_reg[14] TxStatus_reg_14_
eth_wishbone cell TxStatus_reg[11] TxStatus_reg_11_
eth_wishbone cell TxPointerLSB_reg[0] TxPointerLSB_reg_0_
eth_wishbone cell TxByteCnt_reg[0] TxByteCnt_reg_0_
eth_wishbone cell TxPointerLSB_reg[1] TxPointerLSB_reg_1_
eth_wishbone cell TxByteCnt_reg[1] TxByteCnt_reg_1_
eth_wishbone cell ram_di_reg[15] ram_di_reg_15_
eth_wishbone cell ram_di_reg[10] ram_di_reg_10_
eth_wishbone cell ram_di_reg[9] ram_di_reg_9_
eth_wishbone cell RxStatus_reg[13] RxStatus_reg_13_
eth_wishbone cell RxStatus_reg[14] RxStatus_reg_14_
eth_wishbone cell RxPointerMSB_reg[3] RxPointerMSB_reg_3_
eth_wishbone cell RxPointerMSB_reg[2] RxPointerMSB_reg_2_
eth_wishbone cell RxPointerMSB_reg[5] RxPointerMSB_reg_5_
eth_wishbone cell RxPointerMSB_reg[6] RxPointerMSB_reg_6_
eth_wishbone cell RxPointerMSB_reg[7] RxPointerMSB_reg_7_
eth_wishbone cell RxPointerMSB_reg[8] RxPointerMSB_reg_8_
eth_wishbone cell RxPointerMSB_reg[9] RxPointerMSB_reg_9_
eth_wishbone cell RxPointerMSB_reg[10] RxPointerMSB_reg_10_
eth_wishbone cell RxPointerMSB_reg[11] RxPointerMSB_reg_11_
eth_wishbone cell RxPointerMSB_reg[12] RxPointerMSB_reg_12_
eth_wishbone cell RxPointerMSB_reg[13] RxPointerMSB_reg_13_
eth_wishbone cell RxPointerMSB_reg[14] RxPointerMSB_reg_14_
eth_wishbone cell RxPointerMSB_reg[15] RxPointerMSB_reg_15_
eth_wishbone cell RxPointerMSB_reg[16] RxPointerMSB_reg_16_
eth_wishbone cell RxPointerMSB_reg[17] RxPointerMSB_reg_17_
eth_wishbone cell RxPointerMSB_reg[18] RxPointerMSB_reg_18_
eth_wishbone cell RxPointerMSB_reg[20] RxPointerMSB_reg_20_
eth_wishbone cell RxPointerMSB_reg[21] RxPointerMSB_reg_21_
eth_wishbone cell RxPointerMSB_reg[22] RxPointerMSB_reg_22_
eth_wishbone cell RxPointerMSB_reg[23] RxPointerMSB_reg_23_
eth_wishbone cell RxPointerMSB_reg[24] RxPointerMSB_reg_24_
eth_wishbone cell RxPointerMSB_reg[25] RxPointerMSB_reg_25_
eth_wishbone cell RxPointerMSB_reg[26] RxPointerMSB_reg_26_
eth_wishbone cell RxPointerMSB_reg[27] RxPointerMSB_reg_27_
eth_wishbone cell RxPointerMSB_reg[28] RxPointerMSB_reg_28_
eth_wishbone cell RxPointerMSB_reg[29] RxPointerMSB_reg_29_
eth_wishbone cell RxPointerMSB_reg[30] RxPointerMSB_reg_30_
eth_wishbone cell RxPointerMSB_reg[31] RxPointerMSB_reg_31_
eth_wishbone cell RxPointerLSB_rst_reg[0] RxPointerLSB_rst_reg_0_
eth_wishbone cell RxPointerLSB_rst_reg[1] RxPointerLSB_rst_reg_1_
eth_wishbone cell RxDataLatched2_reg[31] RxDataLatched2_reg_31_
eth_wishbone cell RxValidBytes_reg[0] RxValidBytes_reg_0_
eth_wishbone cell RxValidBytes_reg[1] RxValidBytes_reg_1_
eth_wishbone cell RxByteCnt_reg[0] RxByteCnt_reg_0_
eth_wishbone cell RxByteCnt_reg[1] RxByteCnt_reg_1_
eth_wishbone cell RxDataLatched2_reg[0] RxDataLatched2_reg_0_
eth_wishbone cell RxDataLatched2_reg[1] RxDataLatched2_reg_1_
eth_wishbone cell RxDataLatched2_reg[2] RxDataLatched2_reg_2_
eth_wishbone cell RxDataLatched2_reg[3] RxDataLatched2_reg_3_
eth_wishbone cell RxDataLatched2_reg[4] RxDataLatched2_reg_4_
eth_wishbone cell RxDataLatched2_reg[5] RxDataLatched2_reg_5_
eth_wishbone cell RxDataLatched2_reg[6] RxDataLatched2_reg_6_
eth_wishbone cell RxDataLatched2_reg[7] RxDataLatched2_reg_7_
eth_wishbone cell RxDataLatched1_reg[8] RxDataLatched1_reg_8_
eth_wishbone cell RxDataLatched1_reg[9] RxDataLatched1_reg_9_
eth_wishbone cell RxDataLatched2_reg[9] RxDataLatched2_reg_9_
eth_wishbone cell RxDataLatched1_reg[10] RxDataLatched1_reg_10_
eth_wishbone cell RxDataLatched2_reg[10] RxDataLatched2_reg_10_
eth_wishbone cell RxDataLatched1_reg[11] RxDataLatched1_reg_11_
eth_wishbone cell RxDataLatched2_reg[11] RxDataLatched2_reg_11_
eth_wishbone cell RxDataLatched1_reg[12] RxDataLatched1_reg_12_
eth_wishbone cell RxDataLatched2_reg[12] RxDataLatched2_reg_12_
eth_wishbone cell RxDataLatched1_reg[13] RxDataLatched1_reg_13_
eth_wishbone cell RxDataLatched2_reg[13] RxDataLatched2_reg_13_
eth_wishbone cell RxDataLatched1_reg[14] RxDataLatched1_reg_14_
eth_wishbone cell RxDataLatched2_reg[14] RxDataLatched2_reg_14_
eth_wishbone cell RxDataLatched1_reg[15] RxDataLatched1_reg_15_
eth_wishbone cell RxDataLatched2_reg[15] RxDataLatched2_reg_15_
eth_wishbone cell RxDataLatched2_reg[16] RxDataLatched2_reg_16_
eth_wishbone cell RxDataLatched1_reg[23] RxDataLatched1_reg_23_
eth_wishbone cell RxDataLatched2_reg[23] RxDataLatched2_reg_23_
eth_wishbone cell RxDataLatched1_reg[22] RxDataLatched1_reg_22_
eth_wishbone cell RxDataLatched2_reg[22] RxDataLatched2_reg_22_
eth_wishbone cell RxDataLatched1_reg[21] RxDataLatched1_reg_21_
eth_wishbone cell RxDataLatched2_reg[21] RxDataLatched2_reg_21_
eth_wishbone cell RxDataLatched1_reg[20] RxDataLatched1_reg_20_
eth_wishbone cell RxDataLatched2_reg[20] RxDataLatched2_reg_20_
eth_wishbone cell RxDataLatched1_reg[19] RxDataLatched1_reg_19_
eth_wishbone cell RxDataLatched2_reg[19] RxDataLatched2_reg_19_
eth_wishbone cell RxDataLatched1_reg[18] RxDataLatched1_reg_18_
eth_wishbone cell RxDataLatched2_reg[18] RxDataLatched2_reg_18_
eth_wishbone cell RxDataLatched1_reg[17] RxDataLatched1_reg_17_
eth_wishbone cell RxDataLatched1_reg[24] RxDataLatched1_reg_24_
eth_wishbone cell RxDataLatched2_reg[24] RxDataLatched2_reg_24_
eth_wishbone cell RxDataLatched1_reg[30] RxDataLatched1_reg_30_
eth_wishbone cell RxDataLatched2_reg[30] RxDataLatched2_reg_30_
eth_wishbone cell RxDataLatched1_reg[29] RxDataLatched1_reg_29_
eth_wishbone cell RxDataLatched2_reg[29] RxDataLatched2_reg_29_
eth_wishbone cell RxDataLatched1_reg[28] RxDataLatched1_reg_28_
eth_wishbone cell RxDataLatched2_reg[28] RxDataLatched2_reg_28_
eth_wishbone cell RxDataLatched1_reg[27] RxDataLatched1_reg_27_
eth_wishbone cell RxDataLatched2_reg[27] RxDataLatched2_reg_27_
eth_wishbone cell RxDataLatched1_reg[26] RxDataLatched1_reg_26_
eth_wishbone cell RxDataLatched2_reg[26] RxDataLatched2_reg_26_
eth_wishbone cell RxDataLatched1_reg[25] RxDataLatched1_reg_25_
eth_wishbone cell RxDataLatched2_reg[25] RxDataLatched2_reg_25_
eth_wishbone cell RxBDAddress_reg[2] RxBDAddress_reg_2_
eth_wishbone cell RxBDAddress_reg[1] RxBDAddress_reg_1_
eth_wishbone cell RxBDAddress_reg[3] RxBDAddress_reg_3_
eth_wishbone cell RxBDAddress_reg[4] RxBDAddress_reg_4_
eth_wishbone cell RxBDAddress_reg[5] RxBDAddress_reg_5_
eth_wishbone cell RxBDAddress_reg[6] RxBDAddress_reg_6_
eth_wishbone cell RxBDAddress_reg[7] RxBDAddress_reg_7_
eth_wishbone cell ram_di_reg[31] ram_di_reg_31_
eth_wishbone cell ram_di_reg[30] ram_di_reg_30_
eth_wishbone cell ram_di_reg[29] ram_di_reg_29_
eth_wishbone cell ram_di_reg[28] ram_di_reg_28_
eth_wishbone cell ram_di_reg[27] ram_di_reg_27_
eth_wishbone cell ram_di_reg[26] ram_di_reg_26_
eth_wishbone cell ram_di_reg[24] ram_di_reg_24_
eth_wishbone cell ram_di_reg[23] ram_di_reg_23_
eth_wishbone cell ram_di_reg[22] ram_di_reg_22_
eth_wishbone cell ram_di_reg[21] ram_di_reg_21_
eth_wishbone cell ram_di_reg[20] ram_di_reg_20_
eth_wishbone cell ram_di_reg[19] ram_di_reg_19_
eth_wishbone cell ram_di_reg[18] ram_di_reg_18_
eth_wishbone cell ram_di_reg[17] ram_di_reg_17_
eth_wishbone cell ram_di_reg[16] ram_di_reg_16_
eth_wishbone cell ram_di_reg[14] ram_di_reg_14_
eth_wishbone cell ram_di_reg[13] ram_di_reg_13_
eth_wishbone cell ram_di_reg[12] ram_di_reg_12_
eth_wishbone cell ram_di_reg[11] ram_di_reg_11_
eth_wishbone cell ram_di_reg[7] ram_di_reg_7_
eth_wishbone cell ram_di_reg[4] ram_di_reg_4_
eth_wishbone cell ram_di_reg[3] ram_di_reg_3_
eth_wishbone cell ram_di_reg[2] ram_di_reg_2_
eth_wishbone cell ram_di_reg[1] ram_di_reg_1_
eth_wishbone cell ram_di_reg[0] ram_di_reg_0_
eth_wishbone cell ram_addr_reg[7] ram_addr_reg_7_
eth_wishbone cell ram_addr_reg[6] ram_addr_reg_6_
eth_wishbone cell ram_addr_reg[5] ram_addr_reg_5_
eth_wishbone cell ram_addr_reg[4] ram_addr_reg_4_
eth_wishbone cell ram_addr_reg[3] ram_addr_reg_3_
eth_wishbone cell ram_addr_reg[2] ram_addr_reg_2_
eth_wishbone cell ram_addr_reg[1] ram_addr_reg_1_
eth_wishbone cell ram_addr_reg[0] ram_addr_reg_0_
eth_wishbone cell BDWrite_reg[1] BDWrite_reg_1_
eth_wishbone cell BDWrite_reg[2] BDWrite_reg_2_
eth_wishbone cell BDWrite_reg[3] BDWrite_reg_3_
eth_wishbone cell TxPointerLSB_rst_reg[0] TxPointerLSB_rst_reg_0_
eth_wishbone cell TxPointerLSB_rst_reg[1] TxPointerLSB_rst_reg_1_
eth_wishbone cell TxLength_reg[0] TxLength_reg_0_
eth_wishbone cell TxValidBytesLatched_reg[0] TxValidBytesLatched_reg_0_
eth_wishbone cell TxLength_reg[1] TxLength_reg_1_
eth_wishbone cell TxValidBytesLatched_reg[1] TxValidBytesLatched_reg_1_
eth_wishbone cell TxLength_reg[3] TxLength_reg_3_
eth_wishbone cell TxLength_reg[5] TxLength_reg_5_
eth_wishbone cell TxLength_reg[6] TxLength_reg_6_
eth_wishbone cell TxLength_reg[7] TxLength_reg_7_
eth_wishbone cell TxLength_reg[8] TxLength_reg_8_
eth_wishbone cell TxLength_reg[9] TxLength_reg_9_
eth_wishbone cell TxLength_reg[10] TxLength_reg_10_
eth_wishbone cell TxLength_reg[11] TxLength_reg_11_
eth_wishbone cell TxLength_reg[12] TxLength_reg_12_
eth_wishbone cell TxLength_reg[13] TxLength_reg_13_
eth_wishbone cell TxLength_reg[14] TxLength_reg_14_
eth_wishbone cell tx_burst_cnt_reg[0] tx_burst_cnt_reg_0_
eth_wishbone cell tx_burst_cnt_reg[1] tx_burst_cnt_reg_1_
eth_wishbone cell tx_burst_cnt_reg[2] tx_burst_cnt_reg_2_
eth_wishbone cell m_wb_sel_o_reg[1] m_wb_sel_o_reg_1_
eth_wishbone cell m_wb_sel_o_reg[2] m_wb_sel_o_reg_2_
eth_wishbone cell m_wb_sel_o_reg[3] m_wb_sel_o_reg_3_
eth_wishbone cell TxPointerMSB_reg[2] TxPointerMSB_reg_2_
eth_wishbone cell TxPointerMSB_reg[3] TxPointerMSB_reg_3_
eth_wishbone cell TxPointerMSB_reg[4] TxPointerMSB_reg_4_
eth_wishbone cell TxPointerMSB_reg[6] TxPointerMSB_reg_6_
eth_wishbone cell TxPointerMSB_reg[7] TxPointerMSB_reg_7_
eth_wishbone cell TxPointerMSB_reg[8] TxPointerMSB_reg_8_
eth_wishbone cell TxPointerMSB_reg[9] TxPointerMSB_reg_9_
eth_wishbone cell TxPointerMSB_reg[10] TxPointerMSB_reg_10_
eth_wishbone cell TxPointerMSB_reg[11] TxPointerMSB_reg_11_
eth_wishbone cell TxPointerMSB_reg[12] TxPointerMSB_reg_12_
eth_wishbone cell TxPointerMSB_reg[13] TxPointerMSB_reg_13_
eth_wishbone cell TxPointerMSB_reg[14] TxPointerMSB_reg_14_
eth_wishbone cell TxPointerMSB_reg[15] TxPointerMSB_reg_15_
eth_wishbone cell TxPointerMSB_reg[16] TxPointerMSB_reg_16_
eth_wishbone cell TxPointerMSB_reg[17] TxPointerMSB_reg_17_
eth_wishbone cell TxPointerMSB_reg[18] TxPointerMSB_reg_18_
eth_wishbone cell TxPointerMSB_reg[19] TxPointerMSB_reg_19_
eth_wishbone cell TxPointerMSB_reg[21] TxPointerMSB_reg_21_
eth_wishbone cell TxPointerMSB_reg[22] TxPointerMSB_reg_22_
eth_wishbone cell TxPointerMSB_reg[23] TxPointerMSB_reg_23_
eth_wishbone cell TxPointerMSB_reg[24] TxPointerMSB_reg_24_
eth_wishbone cell TxPointerMSB_reg[25] TxPointerMSB_reg_25_
eth_wishbone cell TxPointerMSB_reg[26] TxPointerMSB_reg_26_
eth_wishbone cell TxPointerMSB_reg[27] TxPointerMSB_reg_27_
eth_wishbone cell TxPointerMSB_reg[28] TxPointerMSB_reg_28_
eth_wishbone cell TxPointerMSB_reg[29] TxPointerMSB_reg_29_
eth_wishbone cell TxPointerMSB_reg[30] TxPointerMSB_reg_30_
eth_wishbone cell m_wb_sel_o_reg[0] m_wb_sel_o_reg_0_
eth_wishbone cell m_wb_adr_o_reg[0] m_wb_adr_o_reg_0_
eth_wishbone cell m_wb_adr_o_reg[1] m_wb_adr_o_reg_1_
eth_wishbone cell m_wb_adr_o_reg[2] m_wb_adr_o_reg_2_
eth_wishbone cell m_wb_adr_o_reg[4] m_wb_adr_o_reg_4_
eth_wishbone cell m_wb_adr_o_reg[5] m_wb_adr_o_reg_5_
eth_wishbone cell m_wb_adr_o_reg[6] m_wb_adr_o_reg_6_
eth_wishbone cell m_wb_adr_o_reg[7] m_wb_adr_o_reg_7_
eth_wishbone cell m_wb_adr_o_reg[8] m_wb_adr_o_reg_8_
eth_wishbone cell m_wb_adr_o_reg[9] m_wb_adr_o_reg_9_
eth_wishbone cell m_wb_adr_o_reg[10] m_wb_adr_o_reg_10_
eth_wishbone cell m_wb_adr_o_reg[11] m_wb_adr_o_reg_11_
eth_wishbone cell m_wb_adr_o_reg[12] m_wb_adr_o_reg_12_
eth_wishbone cell m_wb_adr_o_reg[13] m_wb_adr_o_reg_13_
eth_wishbone cell m_wb_adr_o_reg[14] m_wb_adr_o_reg_14_
eth_wishbone cell m_wb_adr_o_reg[15] m_wb_adr_o_reg_15_
eth_wishbone cell m_wb_adr_o_reg[16] m_wb_adr_o_reg_16_
eth_wishbone cell m_wb_adr_o_reg[17] m_wb_adr_o_reg_17_
eth_wishbone cell m_wb_adr_o_reg[19] m_wb_adr_o_reg_19_
eth_wishbone cell m_wb_adr_o_reg[20] m_wb_adr_o_reg_20_
eth_wishbone cell m_wb_adr_o_reg[21] m_wb_adr_o_reg_21_
eth_wishbone cell m_wb_adr_o_reg[22] m_wb_adr_o_reg_22_
eth_wishbone cell m_wb_adr_o_reg[23] m_wb_adr_o_reg_23_
eth_wishbone cell m_wb_adr_o_reg[24] m_wb_adr_o_reg_24_
eth_wishbone cell m_wb_adr_o_reg[25] m_wb_adr_o_reg_25_
eth_wishbone cell m_wb_adr_o_reg[26] m_wb_adr_o_reg_26_
eth_wishbone cell m_wb_adr_o_reg[27] m_wb_adr_o_reg_27_
eth_wishbone cell m_wb_adr_o_reg[28] m_wb_adr_o_reg_28_
eth_wishbone cell TxDataLatched_reg[0] TxDataLatched_reg_0_
eth_wishbone cell TxDataLatched_reg[1] TxDataLatched_reg_1_
eth_wishbone cell TxDataLatched_reg[2] TxDataLatched_reg_2_
eth_wishbone cell TxDataLatched_reg[3] TxDataLatched_reg_3_
eth_wishbone cell TxDataLatched_reg[4] TxDataLatched_reg_4_
eth_wishbone cell TxDataLatched_reg[5] TxDataLatched_reg_5_
eth_wishbone cell TxDataLatched_reg[6] TxDataLatched_reg_6_
eth_wishbone cell TxDataLatched_reg[7] TxDataLatched_reg_7_
eth_wishbone cell TxDataLatched_reg[8] TxDataLatched_reg_8_
eth_wishbone cell TxDataLatched_reg[9] TxDataLatched_reg_9_
eth_wishbone cell TxDataLatched_reg[10] TxDataLatched_reg_10_
eth_wishbone cell TxDataLatched_reg[11] TxDataLatched_reg_11_
eth_wishbone cell TxDataLatched_reg[12] TxDataLatched_reg_12_
eth_wishbone cell TxDataLatched_reg[13] TxDataLatched_reg_13_
eth_wishbone cell TxDataLatched_reg[15] TxDataLatched_reg_15_
eth_wishbone cell TxDataLatched_reg[16] TxDataLatched_reg_16_
eth_wishbone cell TxDataLatched_reg[17] TxDataLatched_reg_17_
eth_wishbone cell TxDataLatched_reg[18] TxDataLatched_reg_18_
eth_wishbone cell TxDataLatched_reg[19] TxDataLatched_reg_19_
eth_wishbone cell TxDataLatched_reg[20] TxDataLatched_reg_20_
eth_wishbone cell TxDataLatched_reg[21] TxDataLatched_reg_21_
eth_wishbone cell TxDataLatched_reg[22] TxDataLatched_reg_22_
eth_wishbone cell TxDataLatched_reg[23] TxDataLatched_reg_23_
eth_wishbone cell TxDataLatched_reg[24] TxDataLatched_reg_24_
eth_wishbone cell TxDataLatched_reg[25] TxDataLatched_reg_25_
eth_wishbone cell TxDataLatched_reg[26] TxDataLatched_reg_26_
eth_wishbone cell TxDataLatched_reg[27] TxDataLatched_reg_27_
eth_wishbone cell TxDataLatched_reg[28] TxDataLatched_reg_28_
eth_wishbone cell TxDataLatched_reg[30] TxDataLatched_reg_30_
eth_wishbone cell TxDataLatched_reg[31] TxDataLatched_reg_31_
eth_wishbone cell TxData_reg[0] TxData_reg_0_
eth_wishbone cell TxData_reg[1] TxData_reg_1_
eth_wishbone cell TxData_reg[2] TxData_reg_2_
eth_wishbone cell TxData_reg[3] TxData_reg_3_
eth_wishbone cell TxData_reg[4] TxData_reg_4_
eth_wishbone cell TxData_reg[5] TxData_reg_5_
eth_wishbone cell TxData_reg[6] TxData_reg_6_
eth_wishbone cell TxData_reg[7] TxData_reg_7_
eth_wishbone cell TxPointerMSB_reg[31] TxPointerMSB_reg_31_
eth_wishbone cell m_wb_adr_o_reg[29] m_wb_adr_o_reg_29_
eth_wishbone cell TxLength_reg[2] TxLength_reg_2_
eth_wishbone cell LatchedRxLength_reg[11] LatchedRxLength_reg_11_
eth_wishbone cell RxStatusInLatched_reg[4] RxStatusInLatched_reg_4_
eth_wishbone cell LatchedTxLength_reg[10] LatchedTxLength_reg_10_
eth_wishbone cell TxBDAddress_reg[4] TxBDAddress_reg_4_
eth_wishbone cell RxPointerMSB_reg[4] RxPointerMSB_reg_4_
eth_wishbone cell RxPointerMSB_reg[19] RxPointerMSB_reg_19_
eth_wishbone cell RxDataLatched2_reg[8] RxDataLatched2_reg_8_
eth_wishbone cell RxDataLatched1_reg[16] RxDataLatched1_reg_16_
eth_wishbone cell RxDataLatched2_reg[17] RxDataLatched2_reg_17_
eth_wishbone cell RxDataLatched1_reg[31] RxDataLatched1_reg_31_
eth_wishbone cell ram_di_reg[25] ram_di_reg_25_
eth_wishbone cell ram_di_reg[5] ram_di_reg_5_
eth_wishbone cell BDWrite_reg[0] BDWrite_reg_0_
eth_wishbone cell TxLength_reg[4] TxLength_reg_4_
eth_wishbone cell TxPointerMSB_reg[5] TxPointerMSB_reg_5_
eth_wishbone cell TxPointerMSB_reg[20] TxPointerMSB_reg_20_
eth_wishbone cell m_wb_adr_o_reg[3] m_wb_adr_o_reg_3_
eth_wishbone cell m_wb_adr_o_reg[18] m_wb_adr_o_reg_18_
eth_wishbone cell ram_di_reg[8] ram_di_reg_8_
eth_wishbone cell TxDataLatched_reg[14] TxDataLatched_reg_14_
eth_wishbone cell TxDataLatched_reg[29] TxDataLatched_reg_29_
eth_wishbone net *Logic0* n_Logic0_
eth_wishbone net _0_net_ n_0_net_
eth_wishbone net _1_net_ n_1_net_
eth_wishbone net _2_net_ n_2_net_
eth_wishbone net _3_net_ n_3_net_
eth_wishbone net RxStatusIn[6] RxStatusIn_6_
eth_macstatus cell RetryCntLatched_reg[3] RetryCntLatched_reg_3_
eth_macstatus cell RetryCntLatched_reg[2] RetryCntLatched_reg_2_
eth_macstatus cell RetryCntLatched_reg[1] RetryCntLatched_reg_1_
eth_macstatus cell RetryCntLatched_reg[0] RetryCntLatched_reg_0_
eth_macstatus net *Logic0* n_Logic0_
boot_mem net o_wb_dat_arr[0][31] o_wb_dat[31]
boot_mem net o_wb_dat_arr[0][30] o_wb_dat[30]
boot_mem net o_wb_dat_arr[0][29] o_wb_dat[29]
boot_mem net o_wb_dat_arr[0][28] o_wb_dat[28]
boot_mem net o_wb_dat_arr[0][27] o_wb_dat[27]
boot_mem net o_wb_dat_arr[0][26] o_wb_dat[26]
boot_mem net o_wb_dat_arr[0][25] o_wb_dat[25]
boot_mem net o_wb_dat_arr[0][24] o_wb_dat[24]
boot_mem net o_wb_dat_arr[0][23] o_wb_dat[23]
boot_mem net o_wb_dat_arr[0][22] o_wb_dat[22]
boot_mem net o_wb_dat_arr[0][21] o_wb_dat[21]
boot_mem net o_wb_dat_arr[0][20] o_wb_dat[20]
boot_mem net o_wb_dat_arr[0][19] o_wb_dat[19]
boot_mem net o_wb_dat_arr[0][18] o_wb_dat[18]
boot_mem net o_wb_dat_arr[0][17] o_wb_dat[17]
boot_mem net o_wb_dat_arr[0][16] o_wb_dat[16]
boot_mem net o_wb_dat_arr[0][15] o_wb_dat[15]
boot_mem net o_wb_dat_arr[0][14] o_wb_dat[14]
boot_mem net o_wb_dat_arr[0][13] o_wb_dat[13]
boot_mem net o_wb_dat_arr[0][12] o_wb_dat[12]
boot_mem net o_wb_dat_arr[0][11] o_wb_dat[11]
boot_mem net o_wb_dat_arr[0][10] o_wb_dat[10]
boot_mem net o_wb_dat_arr[0][9] o_wb_dat[9]
boot_mem net o_wb_dat_arr[0][8] o_wb_dat[8]
boot_mem net o_wb_dat_arr[0][7] o_wb_dat[7]
boot_mem net o_wb_dat_arr[0][6] o_wb_dat[6]
boot_mem net o_wb_dat_arr[0][5] o_wb_dat[5]
boot_mem net o_wb_dat_arr[0][4] o_wb_dat[4]
boot_mem net o_wb_dat_arr[0][3] o_wb_dat[3]
boot_mem net o_wb_dat_arr[0][2] o_wb_dat[2]
boot_mem net o_wb_dat_arr[0][1] o_wb_dat[1]
boot_mem net o_wb_dat_arr[0][0] o_wb_dat[0]
boot_mem net *Logic1* n_Logic1_
a25_icache_1 cell rams[0].myram rams_0__myram
a25_icache_1 cell rams[1].myram rams_1__myram
a25_icache_1 cell rams[2].myram rams_2__myram
a25_icache_1 cell rams[3].myram rams_3__myram
a25_icache_1 cell address_r_reg[30] address_r_reg_30_
a25_icache_1 cell address_r_reg[29] address_r_reg_29_
a25_icache_1 cell address_r_reg[28] address_r_reg_28_
a25_icache_1 cell address_r_reg[27] address_r_reg_27_
a25_icache_1 cell address_r_reg[26] address_r_reg_26_
a25_icache_1 cell address_r_reg[25] address_r_reg_25_
a25_icache_1 cell address_r_reg[24] address_r_reg_24_
a25_icache_1 cell address_r_reg[23] address_r_reg_23_
a25_icache_1 cell address_r_reg[22] address_r_reg_22_
a25_icache_1 cell address_r_reg[21] address_r_reg_21_
a25_icache_1 cell address_r_reg[20] address_r_reg_20_
a25_icache_1 cell address_r_reg[19] address_r_reg_19_
a25_icache_1 cell address_r_reg[18] address_r_reg_18_
a25_icache_1 cell address_r_reg[17] address_r_reg_17_
a25_icache_1 cell address_r_reg[14] address_r_reg_14_
a25_icache_1 cell address_r_reg[13] address_r_reg_13_
a25_icache_1 cell address_r_reg[12] address_r_reg_12_
a25_icache_1 cell address_r_reg[11] address_r_reg_11_
a25_icache_1 cell address_r_reg[10] address_r_reg_10_
a25_icache_1 cell address_r_reg[9] address_r_reg_9_
a25_icache_1 cell address_r_reg[8] address_r_reg_8_
a25_icache_1 cell address_r_reg[7] address_r_reg_7_
a25_icache_1 cell address_r_reg[6] address_r_reg_6_
a25_icache_1 cell address_r_reg[5] address_r_reg_5_
a25_icache_1 cell address_r_reg[4] address_r_reg_4_
a25_icache_1 cell address_r_reg[3] address_r_reg_3_
a25_icache_1 cell address_r_reg[2] address_r_reg_2_
a25_icache_1 cell address_r_reg[0] address_r_reg_0_
a25_icache_1 cell select_way_reg[2] select_way_reg_2_
a25_icache_1 cell c_state_reg[1] c_state_reg_1_
a25_icache_1 cell c_state_reg[0] c_state_reg_0_
a25_icache_1 cell init_count_reg[8] init_count_reg_8_
a25_icache_1 cell init_count_reg[0] init_count_reg_0_
a25_icache_1 cell init_count_reg[7] init_count_reg_7_
a25_icache_1 cell init_count_reg[6] init_count_reg_6_
a25_icache_1 cell init_count_reg[5] init_count_reg_5_
a25_icache_1 cell init_count_reg[4] init_count_reg_4_
a25_icache_1 cell init_count_reg[3] init_count_reg_3_
a25_icache_1 cell init_count_reg[2] init_count_reg_2_
a25_icache_1 cell init_count_reg[1] init_count_reg_1_
a25_icache_1 cell random_num_reg[2] random_num_reg_2_
a25_icache_1 cell random_num_reg[3] random_num_reg_3_
a25_icache_1 cell random_num_reg[1] random_num_reg_1_
a25_icache_1 cell valid_bits_r_reg[2] valid_bits_r_reg_2_
a25_icache_1 cell miss_address_reg[5] miss_address_reg_5_
a25_icache_1 cell miss_address_reg[6] miss_address_reg_6_
a25_icache_1 cell miss_address_reg[7] miss_address_reg_7_
a25_icache_1 cell miss_address_reg[8] miss_address_reg_8_
a25_icache_1 cell miss_address_reg[9] miss_address_reg_9_
a25_icache_1 cell miss_address_reg[10] miss_address_reg_10_
a25_icache_1 cell miss_address_reg[11] miss_address_reg_11_
a25_icache_1 cell miss_address_reg[12] miss_address_reg_12_
a25_icache_1 cell miss_address_reg[13] miss_address_reg_13_
a25_icache_1 cell miss_address_reg[14] miss_address_reg_14_
a25_icache_1 cell miss_address_reg[15] miss_address_reg_15_
a25_icache_1 cell miss_address_reg[16] miss_address_reg_16_
a25_icache_1 cell miss_address_reg[18] miss_address_reg_18_
a25_icache_1 cell miss_address_reg[19] miss_address_reg_19_
a25_icache_1 cell miss_address_reg[20] miss_address_reg_20_
a25_icache_1 cell miss_address_reg[21] miss_address_reg_21_
a25_icache_1 cell miss_address_reg[22] miss_address_reg_22_
a25_icache_1 cell miss_address_reg[23] miss_address_reg_23_
a25_icache_1 cell miss_address_reg[24] miss_address_reg_24_
a25_icache_1 cell miss_address_reg[25] miss_address_reg_25_
a25_icache_1 cell miss_address_reg[26] miss_address_reg_26_
a25_icache_1 cell miss_address_reg[27] miss_address_reg_27_
a25_icache_1 cell miss_address_reg[28] miss_address_reg_28_
a25_icache_1 cell miss_address_reg[29] miss_address_reg_29_
a25_icache_1 cell miss_address_reg[30] miss_address_reg_30_
a25_icache_1 cell miss_address_reg[31] miss_address_reg_31_
a25_icache_1 cell source_sel_reg[2] source_sel_reg_2_
a25_icache_1 cell valid_bits_r_reg[3] valid_bits_r_reg_3_
a25_icache_1 cell select_way_reg[0] select_way_reg_0_
a25_icache_1 cell select_way_reg[1] select_way_reg_1_
a25_icache_1 cell valid_bits_r_reg[1] valid_bits_r_reg_1_
a25_icache_1 cell select_way_reg[3] select_way_reg_3_
a25_icache_1 cell wb_address_reg[2] wb_address_reg_2_
a25_icache_1 cell wb_address_reg[0] wb_address_reg_0_
a25_icache_1 cell wb_address_reg[3] wb_address_reg_3_
a25_icache_1 cell wb_address_reg[31] wb_address_reg_31_
a25_icache_1 cell wb_address_reg[30] wb_address_reg_30_
a25_icache_1 cell wb_address_reg[29] wb_address_reg_29_
a25_icache_1 cell wb_address_reg[28] wb_address_reg_28_
a25_icache_1 cell wb_address_reg[26] wb_address_reg_26_
a25_icache_1 cell wb_address_reg[25] wb_address_reg_25_
a25_icache_1 cell wb_address_reg[24] wb_address_reg_24_
a25_icache_1 cell wb_address_reg[23] wb_address_reg_23_
a25_icache_1 cell wb_address_reg[22] wb_address_reg_22_
a25_icache_1 cell wb_address_reg[21] wb_address_reg_21_
a25_icache_1 cell wb_address_reg[20] wb_address_reg_20_
a25_icache_1 cell wb_address_reg[19] wb_address_reg_19_
a25_icache_1 cell wb_address_reg[18] wb_address_reg_18_
a25_icache_1 cell wb_address_reg[17] wb_address_reg_17_
a25_icache_1 cell wb_address_reg[16] wb_address_reg_16_
a25_icache_1 cell wb_address_reg[15] wb_address_reg_15_
a25_icache_1 cell wb_address_reg[14] wb_address_reg_14_
a25_icache_1 cell wb_address_reg[13] wb_address_reg_13_
a25_icache_1 cell wb_address_reg[11] wb_address_reg_11_
a25_icache_1 cell wb_address_reg[10] wb_address_reg_10_
a25_icache_1 cell wb_address_reg[9] wb_address_reg_9_
a25_icache_1 cell wb_address_reg[8] wb_address_reg_8_
a25_icache_1 cell wb_address_reg[7] wb_address_reg_7_
a25_icache_1 cell wb_address_reg[6] wb_address_reg_6_
a25_icache_1 cell wb_address_reg[5] wb_address_reg_5_
a25_icache_1 cell wb_address_reg[4] wb_address_reg_4_
a25_icache_1 cell source_sel_reg[0] source_sel_reg_0_
a25_icache_1 cell c_state_reg[3] c_state_reg_3_
a25_icache_1 cell c_state_reg[2] c_state_reg_2_
a25_icache_1 cell address_r_reg[16] address_r_reg_16_
a25_icache_1 cell address_r_reg[1] address_r_reg_1_
a25_icache_1 cell address_r_reg[15] address_r_reg_15_
a25_icache_1 cell valid_bits_r_reg[0] valid_bits_r_reg_0_
a25_icache_1 cell random_num_reg[0] random_num_reg_0_
a25_icache_1 cell miss_address_reg[17] miss_address_reg_17_
a25_icache_1 cell miss_address_reg[4] miss_address_reg_4_
a25_icache_1 cell wb_address_reg[27] wb_address_reg_27_
a25_icache_1 cell wb_address_reg[12] wb_address_reg_12_
a25_icache_1 net tag_rdata_way[3][20] tag_rdata_way[83]
a25_icache_1 net tag_rdata_way[3][19] tag_rdata_way[82]
a25_icache_1 net tag_rdata_way[3][18] tag_rdata_way[81]
a25_icache_1 net tag_rdata_way[3][17] tag_rdata_way[80]
a25_icache_1 net tag_rdata_way[3][16] tag_rdata_way[79]
a25_icache_1 net tag_rdata_way[3][15] tag_rdata_way[78]
a25_icache_1 net tag_rdata_way[3][14] tag_rdata_way[77]
a25_icache_1 net tag_rdata_way[3][13] tag_rdata_way[76]
a25_icache_1 net tag_rdata_way[3][12] tag_rdata_way[75]
a25_icache_1 net tag_rdata_way[3][11] tag_rdata_way[74]
a25_icache_1 net tag_rdata_way[3][10] tag_rdata_way[73]
a25_icache_1 net tag_rdata_way[3][9] tag_rdata_way[72]
a25_icache_1 net tag_rdata_way[3][8] tag_rdata_way[71]
a25_icache_1 net tag_rdata_way[3][7] tag_rdata_way[70]
a25_icache_1 net tag_rdata_way[3][6] tag_rdata_way[69]
a25_icache_1 net tag_rdata_way[3][5] tag_rdata_way[68]
a25_icache_1 net tag_rdata_way[3][4] tag_rdata_way[67]
a25_icache_1 net tag_rdata_way[3][3] tag_rdata_way[66]
a25_icache_1 net tag_rdata_way[3][2] tag_rdata_way[65]
a25_icache_1 net tag_rdata_way[3][1] tag_rdata_way[64]
a25_icache_1 net tag_rdata_way[3][0] tag_rdata_way[63]
a25_icache_1 net tag_rdata_way[2][20] tag_rdata_way[62]
a25_icache_1 net tag_rdata_way[2][19] tag_rdata_way[61]
a25_icache_1 net tag_rdata_way[2][18] tag_rdata_way[60]
a25_icache_1 net tag_rdata_way[2][17] tag_rdata_way[59]
a25_icache_1 net tag_rdata_way[2][16] tag_rdata_way[58]
a25_icache_1 net tag_rdata_way[2][15] tag_rdata_way[57]
a25_icache_1 net tag_rdata_way[2][14] tag_rdata_way[56]
a25_icache_1 net tag_rdata_way[2][13] tag_rdata_way[55]
a25_icache_1 net tag_rdata_way[2][12] tag_rdata_way[54]
a25_icache_1 net tag_rdata_way[2][11] tag_rdata_way[53]
a25_icache_1 net tag_rdata_way[2][10] tag_rdata_way[52]
a25_icache_1 net tag_rdata_way[2][9] tag_rdata_way[51]
a25_icache_1 net tag_rdata_way[2][8] tag_rdata_way[50]
a25_icache_1 net tag_rdata_way[2][7] tag_rdata_way[49]
a25_icache_1 net tag_rdata_way[2][6] tag_rdata_way[48]
a25_icache_1 net tag_rdata_way[2][5] tag_rdata_way[47]
a25_icache_1 net tag_rdata_way[2][4] tag_rdata_way[46]
a25_icache_1 net tag_rdata_way[2][3] tag_rdata_way[45]
a25_icache_1 net tag_rdata_way[2][2] tag_rdata_way[44]
a25_icache_1 net tag_rdata_way[2][1] tag_rdata_way[43]
a25_icache_1 net tag_rdata_way[2][0] tag_rdata_way[42]
a25_icache_1 net tag_rdata_way[1][20] tag_rdata_way[41]
a25_icache_1 net tag_rdata_way[1][19] tag_rdata_way[40]
a25_icache_1 net tag_rdata_way[1][18] tag_rdata_way[39]
a25_icache_1 net tag_rdata_way[1][17] tag_rdata_way[38]
a25_icache_1 net tag_rdata_way[1][16] tag_rdata_way[37]
a25_icache_1 net tag_rdata_way[1][15] tag_rdata_way[36]
a25_icache_1 net tag_rdata_way[1][14] tag_rdata_way[35]
a25_icache_1 net tag_rdata_way[1][13] tag_rdata_way[34]
a25_icache_1 net tag_rdata_way[1][12] tag_rdata_way[33]
a25_icache_1 net tag_rdata_way[1][11] tag_rdata_way[32]
a25_icache_1 net tag_rdata_way[1][10] tag_rdata_way[31]
a25_icache_1 net tag_rdata_way[1][9] tag_rdata_way[30]
a25_icache_1 net tag_rdata_way[1][8] tag_rdata_way[29]
a25_icache_1 net tag_rdata_way[1][7] tag_rdata_way[28]
a25_icache_1 net tag_rdata_way[1][6] tag_rdata_way[27]
a25_icache_1 net tag_rdata_way[1][5] tag_rdata_way[26]
a25_icache_1 net tag_rdata_way[1][4] tag_rdata_way[25]
a25_icache_1 net tag_rdata_way[1][3] tag_rdata_way[24]
a25_icache_1 net tag_rdata_way[1][2] tag_rdata_way[23]
a25_icache_1 net tag_rdata_way[1][1] tag_rdata_way[22]
a25_icache_1 net tag_rdata_way[1][0] tag_rdata_way[21]
a25_icache_1 net tag_rdata_way[0][20] tag_rdata_way[20]
a25_icache_1 net tag_rdata_way[0][19] tag_rdata_way[19]
a25_icache_1 net tag_rdata_way[0][18] tag_rdata_way[18]
a25_icache_1 net tag_rdata_way[0][17] tag_rdata_way[17]
a25_icache_1 net tag_rdata_way[0][16] tag_rdata_way[16]
a25_icache_1 net tag_rdata_way[0][15] tag_rdata_way[15]
a25_icache_1 net tag_rdata_way[0][14] tag_rdata_way[14]
a25_icache_1 net tag_rdata_way[0][13] tag_rdata_way[13]
a25_icache_1 net tag_rdata_way[0][12] tag_rdata_way[12]
a25_icache_1 net tag_rdata_way[0][11] tag_rdata_way[11]
a25_icache_1 net tag_rdata_way[0][10] tag_rdata_way[10]
a25_icache_1 net tag_rdata_way[0][9] tag_rdata_way[9]
a25_icache_1 net tag_rdata_way[0][8] tag_rdata_way[8]
a25_icache_1 net tag_rdata_way[0][7] tag_rdata_way[7]
a25_icache_1 net tag_rdata_way[0][6] tag_rdata_way[6]
a25_icache_1 net tag_rdata_way[0][5] tag_rdata_way[5]
a25_icache_1 net tag_rdata_way[0][4] tag_rdata_way[4]
a25_icache_1 net tag_rdata_way[0][3] tag_rdata_way[3]
a25_icache_1 net tag_rdata_way[0][2] tag_rdata_way[2]
a25_icache_1 net tag_rdata_way[0][1] tag_rdata_way[1]
a25_icache_1 net tag_rdata_way[0][0] tag_rdata_way[0]
a25_icache_1 net c_state[3] c_state_3_
a25_alu_1 net N86 o_flags[2]
a25_multiply_1 cell count_reg[0] count_reg_0_
a25_multiply_1 cell count_reg[1] count_reg_1_
a25_multiply_1 cell count_reg[2] count_reg_2_
a25_multiply_1 cell count_reg[3] count_reg_3_
a25_multiply_1 cell count_reg[4] count_reg_4_
a25_multiply_1 cell count_reg[5] count_reg_5_
a25_multiply_1 cell product_reg[31] product_reg_31_
a25_multiply_1 cell product_reg[30] product_reg_30_
a25_multiply_1 cell product_reg[29] product_reg_29_
a25_multiply_1 cell product_reg[28] product_reg_28_
a25_multiply_1 cell product_reg[27] product_reg_27_
a25_multiply_1 cell product_reg[26] product_reg_26_
a25_multiply_1 cell product_reg[25] product_reg_25_
a25_multiply_1 cell product_reg[24] product_reg_24_
a25_multiply_1 cell product_reg[23] product_reg_23_
a25_multiply_1 cell product_reg[22] product_reg_22_
a25_multiply_1 cell product_reg[21] product_reg_21_
a25_multiply_1 cell product_reg[20] product_reg_20_
a25_multiply_1 cell product_reg[19] product_reg_19_
a25_multiply_1 cell product_reg[17] product_reg_17_
a25_multiply_1 cell product_reg[15] product_reg_15_
a25_multiply_1 cell product_reg[14] product_reg_14_
a25_multiply_1 cell product_reg[13] product_reg_13_
a25_multiply_1 cell product_reg[12] product_reg_12_
a25_multiply_1 cell product_reg[11] product_reg_11_
a25_multiply_1 cell product_reg[10] product_reg_10_
a25_multiply_1 cell product_reg[9] product_reg_9_
a25_multiply_1 cell product_reg[8] product_reg_8_
a25_multiply_1 cell product_reg[7] product_reg_7_
a25_multiply_1 cell product_reg[6] product_reg_6_
a25_multiply_1 cell product_reg[5] product_reg_5_
a25_multiply_1 cell product_reg[4] product_reg_4_
a25_multiply_1 cell product_reg[2] product_reg_2_
a25_multiply_1 cell product_reg[1] product_reg_1_
a25_multiply_1 cell product_reg[34] product_reg_34_
a25_multiply_1 cell product_reg[35] product_reg_35_
a25_multiply_1 cell product_reg[36] product_reg_36_
a25_multiply_1 cell product_reg[37] product_reg_37_
a25_multiply_1 cell product_reg[38] product_reg_38_
a25_multiply_1 cell product_reg[39] product_reg_39_
a25_multiply_1 cell product_reg[40] product_reg_40_
a25_multiply_1 cell product_reg[43] product_reg_43_
a25_multiply_1 cell product_reg[44] product_reg_44_
a25_multiply_1 cell product_reg[46] product_reg_46_
a25_multiply_1 cell product_reg[48] product_reg_48_
a25_multiply_1 cell product_reg[50] product_reg_50_
a25_multiply_1 cell product_reg[51] product_reg_51_
a25_multiply_1 cell product_reg[52] product_reg_52_
a25_multiply_1 cell product_reg[54] product_reg_54_
a25_multiply_1 cell product_reg[55] product_reg_55_
a25_multiply_1 cell product_reg[56] product_reg_56_
a25_multiply_1 cell product_reg[58] product_reg_58_
a25_multiply_1 cell product_reg[59] product_reg_59_
a25_multiply_1 cell product_reg[60] product_reg_60_
a25_multiply_1 cell product_reg[61] product_reg_61_
a25_multiply_1 cell product_reg[62] product_reg_62_
a25_multiply_1 cell product_reg[63] product_reg_63_
a25_multiply_1 cell product_reg[64] product_reg_64_
a25_multiply_1 cell product_reg[65] product_reg_65_
a25_multiply_1 cell product_reg[18] product_reg_18_
a25_multiply_1 cell product_reg[3] product_reg_3_
a25_multiply_1 cell product_reg[45] product_reg_45_
a25_multiply_1 cell product_reg[67] product_reg_67_
a25_multiply_1 cell product_reg[32] product_reg_32_
a25_multiply_1 cell product_reg[57] product_reg_57_
a25_multiply_1 cell product_reg[49] product_reg_49_
a25_multiply_1 cell product_reg[47] product_reg_47_
a25_multiply_1 cell product_reg[42] product_reg_42_
a25_multiply_1 cell product_reg[41] product_reg_41_
a25_multiply_1 cell product_reg[33] product_reg_33_
a25_multiply_1 cell product_reg[16] product_reg_16_
a25_multiply_1 cell product_reg[53] product_reg_53_
a25_multiply_1 cell product_reg[66] product_reg_66_
a25_multiply_1 cell product_reg[0] product_reg_0_
a25_multiply_1 net N196 o_flags[0]
a25_multiply_1 net n1 n[1]
a25_multiply_1 net n2 n[2]
a25_multiply_1 net n3 n[3]
a25_multiply_1 net n4 n[4]
a25_multiply_1 net n5 n[5]
a25_multiply_1 net n6 n[6]
a25_multiply_1 net sum34_b[33] sum34_b_33_
a25_register_bank_1 cell r8_reg[22] r8_reg_22_
a25_register_bank_1 cell r8_reg[20] r8_reg_20_
a25_register_bank_1 cell r8_reg[17] r8_reg_17_
a25_register_bank_1 cell r8_reg[16] r8_reg_16_
a25_register_bank_1 cell r8_reg[15] r8_reg_15_
a25_register_bank_1 cell r8_reg[14] r8_reg_14_
a25_register_bank_1 cell r8_reg[12] r8_reg_12_
a25_register_bank_1 cell r8_reg[10] r8_reg_10_
a25_register_bank_1 cell r8_reg[9] r8_reg_9_
a25_register_bank_1 cell r8_reg[8] r8_reg_8_
a25_register_bank_1 cell r8_reg[7] r8_reg_7_
a25_register_bank_1 cell r8_reg[6] r8_reg_6_
a25_register_bank_1 cell r8_reg[5] r8_reg_5_
a25_register_bank_1 cell r8_reg[4] r8_reg_4_
a25_register_bank_1 cell r8_reg[3] r8_reg_3_
a25_register_bank_1 cell r8_reg[2] r8_reg_2_
a25_register_bank_1 cell r8_reg[1] r8_reg_1_
a25_register_bank_1 cell r8_reg[0] r8_reg_0_
a25_register_bank_1 cell r3_reg[22] r3_reg_22_
a25_register_bank_1 cell r3_reg[17] r3_reg_17_
a25_register_bank_1 cell r3_reg[16] r3_reg_16_
a25_register_bank_1 cell r3_reg[14] r3_reg_14_
a25_register_bank_1 cell r3_reg[13] r3_reg_13_
a25_register_bank_1 cell r3_reg[12] r3_reg_12_
a25_register_bank_1 cell r3_reg[11] r3_reg_11_
a25_register_bank_1 cell r3_reg[10] r3_reg_10_
a25_register_bank_1 cell r3_reg[9] r3_reg_9_
a25_register_bank_1 cell r3_reg[8] r3_reg_8_
a25_register_bank_1 cell r3_reg[7] r3_reg_7_
a25_register_bank_1 cell r3_reg[6] r3_reg_6_
a25_register_bank_1 cell r3_reg[5] r3_reg_5_
a25_register_bank_1 cell r3_reg[4] r3_reg_4_
a25_register_bank_1 cell r3_reg[3] r3_reg_3_
a25_register_bank_1 cell r3_reg[2] r3_reg_2_
a25_register_bank_1 cell r3_reg[1] r3_reg_1_
a25_register_bank_1 cell r9_reg[22] r9_reg_22_
a25_register_bank_1 cell r9_reg[20] r9_reg_20_
a25_register_bank_1 cell r9_reg[17] r9_reg_17_
a25_register_bank_1 cell r9_reg[16] r9_reg_16_
a25_register_bank_1 cell r9_reg[15] r9_reg_15_
a25_register_bank_1 cell r9_reg[14] r9_reg_14_
a25_register_bank_1 cell r9_reg[13] r9_reg_13_
a25_register_bank_1 cell r9_reg[12] r9_reg_12_
a25_register_bank_1 cell r9_reg[11] r9_reg_11_
a25_register_bank_1 cell r9_reg[10] r9_reg_10_
a25_register_bank_1 cell r9_reg[9] r9_reg_9_
a25_register_bank_1 cell r9_reg[7] r9_reg_7_
a25_register_bank_1 cell r9_reg[6] r9_reg_6_
a25_register_bank_1 cell r9_reg[5] r9_reg_5_
a25_register_bank_1 cell r9_reg[3] r9_reg_3_
a25_register_bank_1 cell r9_reg[2] r9_reg_2_
a25_register_bank_1 cell r9_reg[1] r9_reg_1_
a25_register_bank_1 cell r9_reg[0] r9_reg_0_
a25_register_bank_1 cell r13_firq_reg[1] r13_firq_reg_1_
a25_register_bank_1 cell r13_firq_reg[0] r13_firq_reg_0_
a25_register_bank_1 cell r8_firq_reg[22] r8_firq_reg_22_
a25_register_bank_1 cell r8_firq_reg[20] r8_firq_reg_20_
a25_register_bank_1 cell r8_firq_reg[17] r8_firq_reg_17_
a25_register_bank_1 cell r8_firq_reg[14] r8_firq_reg_14_
a25_register_bank_1 cell r8_firq_reg[4] r8_firq_reg_4_
a25_register_bank_1 cell r8_firq_reg[2] r8_firq_reg_2_
a25_register_bank_1 cell r8_firq_reg[1] r8_firq_reg_1_
a25_register_bank_1 cell r8_firq_reg[0] r8_firq_reg_0_
a25_register_bank_1 cell r14_firq_reg[0] r14_firq_reg_0_
a25_register_bank_1 cell r10_firq_reg[20] r10_firq_reg_20_
a25_register_bank_1 cell r10_firq_reg[17] r10_firq_reg_17_
a25_register_bank_1 cell r10_firq_reg[15] r10_firq_reg_15_
a25_register_bank_1 cell r10_firq_reg[14] r10_firq_reg_14_
a25_register_bank_1 cell r10_firq_reg[13] r10_firq_reg_13_
a25_register_bank_1 cell r10_firq_reg[11] r10_firq_reg_11_
a25_register_bank_1 cell r10_firq_reg[9] r10_firq_reg_9_
a25_register_bank_1 cell r10_firq_reg[8] r10_firq_reg_8_
a25_register_bank_1 cell r10_firq_reg[5] r10_firq_reg_5_
a25_register_bank_1 cell r10_firq_reg[4] r10_firq_reg_4_
a25_register_bank_1 cell r10_firq_reg[3] r10_firq_reg_3_
a25_register_bank_1 cell r10_firq_reg[2] r10_firq_reg_2_
a25_register_bank_1 cell r10_firq_reg[1] r10_firq_reg_1_
a25_register_bank_1 cell r9_firq_reg[22] r9_firq_reg_22_
a25_register_bank_1 cell r9_firq_reg[20] r9_firq_reg_20_
a25_register_bank_1 cell r9_firq_reg[17] r9_firq_reg_17_
a25_register_bank_1 cell r9_firq_reg[14] r9_firq_reg_14_
a25_register_bank_1 cell r9_firq_reg[8] r9_firq_reg_8_
a25_register_bank_1 cell r9_firq_reg[4] r9_firq_reg_4_
a25_register_bank_1 cell r9_firq_reg[3] r9_firq_reg_3_
a25_register_bank_1 cell r9_firq_reg[2] r9_firq_reg_2_
a25_register_bank_1 cell r9_firq_reg[1] r9_firq_reg_1_
a25_register_bank_1 cell r9_firq_reg[0] r9_firq_reg_0_
a25_register_bank_1 cell r7_reg[20] r7_reg_20_
a25_register_bank_1 cell r7_reg[17] r7_reg_17_
a25_register_bank_1 cell r7_reg[16] r7_reg_16_
a25_register_bank_1 cell r7_reg[15] r7_reg_15_
a25_register_bank_1 cell r7_reg[13] r7_reg_13_
a25_register_bank_1 cell r7_reg[12] r7_reg_12_
a25_register_bank_1 cell r7_reg[11] r7_reg_11_
a25_register_bank_1 cell r7_reg[10] r7_reg_10_
a25_register_bank_1 cell r7_reg[9] r7_reg_9_
a25_register_bank_1 cell r7_reg[8] r7_reg_8_
a25_register_bank_1 cell r7_reg[7] r7_reg_7_
a25_register_bank_1 cell r7_reg[5] r7_reg_5_
a25_register_bank_1 cell r7_reg[4] r7_reg_4_
a25_register_bank_1 cell r7_reg[3] r7_reg_3_
a25_register_bank_1 cell r7_reg[2] r7_reg_2_
a25_register_bank_1 cell r7_reg[1] r7_reg_1_
a25_register_bank_1 cell r7_reg[0] r7_reg_0_
a25_register_bank_1 cell r11_firq_reg[20] r11_firq_reg_20_
a25_register_bank_1 cell r11_firq_reg[16] r11_firq_reg_16_
a25_register_bank_1 cell r11_firq_reg[15] r11_firq_reg_15_
a25_register_bank_1 cell r11_firq_reg[14] r11_firq_reg_14_
a25_register_bank_1 cell r11_firq_reg[13] r11_firq_reg_13_
a25_register_bank_1 cell r11_firq_reg[12] r11_firq_reg_12_
a25_register_bank_1 cell r11_firq_reg[10] r11_firq_reg_10_
a25_register_bank_1 cell r11_firq_reg[9] r11_firq_reg_9_
a25_register_bank_1 cell r11_firq_reg[8] r11_firq_reg_8_
a25_register_bank_1 cell r11_firq_reg[7] r11_firq_reg_7_
a25_register_bank_1 cell r11_firq_reg[6] r11_firq_reg_6_
a25_register_bank_1 cell r11_firq_reg[5] r11_firq_reg_5_
a25_register_bank_1 cell r11_firq_reg[4] r11_firq_reg_4_
a25_register_bank_1 cell r11_firq_reg[3] r11_firq_reg_3_
a25_register_bank_1 cell r11_firq_reg[2] r11_firq_reg_2_
a25_register_bank_1 cell r11_firq_reg[0] r11_firq_reg_0_
a25_register_bank_1 cell r13_irq_reg[1] r13_irq_reg_1_
a25_register_bank_1 cell r13_irq_reg[0] r13_irq_reg_0_
a25_register_bank_1 cell r14_irq_reg[22] r14_irq_reg_22_
a25_register_bank_1 cell r14_irq_reg[17] r14_irq_reg_17_
a25_register_bank_1 cell r14_irq_reg[14] r14_irq_reg_14_
a25_register_bank_1 cell r14_irq_reg[8] r14_irq_reg_8_
a25_register_bank_1 cell r14_irq_reg[4] r14_irq_reg_4_
a25_register_bank_1 cell r14_irq_reg[1] r14_irq_reg_1_
a25_register_bank_1 cell r14_irq_reg[0] r14_irq_reg_0_
a25_register_bank_1 cell r13_svc_reg[22] r13_svc_reg_22_
a25_register_bank_1 cell r13_svc_reg[20] r13_svc_reg_20_
a25_register_bank_1 cell r13_svc_reg[17] r13_svc_reg_17_
a25_register_bank_1 cell r13_svc_reg[16] r13_svc_reg_16_
a25_register_bank_1 cell r13_svc_reg[14] r13_svc_reg_14_
a25_register_bank_1 cell r13_svc_reg[13] r13_svc_reg_13_
a25_register_bank_1 cell r13_svc_reg[12] r13_svc_reg_12_
a25_register_bank_1 cell r13_svc_reg[10] r13_svc_reg_10_
a25_register_bank_1 cell r13_svc_reg[9] r13_svc_reg_9_
a25_register_bank_1 cell r13_svc_reg[8] r13_svc_reg_8_
a25_register_bank_1 cell r13_svc_reg[7] r13_svc_reg_7_
a25_register_bank_1 cell r13_svc_reg[6] r13_svc_reg_6_
a25_register_bank_1 cell r13_svc_reg[5] r13_svc_reg_5_
a25_register_bank_1 cell r13_svc_reg[4] r13_svc_reg_4_
a25_register_bank_1 cell r13_svc_reg[3] r13_svc_reg_3_
a25_register_bank_1 cell r13_svc_reg[2] r13_svc_reg_2_
a25_register_bank_1 cell r13_svc_reg[1] r13_svc_reg_1_
a25_register_bank_1 cell r13_svc_reg[0] r13_svc_reg_0_
a25_register_bank_1 cell r14_reg[20] r14_reg_20_
a25_register_bank_1 cell r14_reg[17] r14_reg_17_
a25_register_bank_1 cell r14_reg[15] r14_reg_15_
a25_register_bank_1 cell r14_reg[14] r14_reg_14_
a25_register_bank_1 cell r14_reg[13] r14_reg_13_
a25_register_bank_1 cell r14_reg[12] r14_reg_12_
a25_register_bank_1 cell r14_reg[11] r14_reg_11_
a25_register_bank_1 cell r14_reg[10] r14_reg_10_
a25_register_bank_1 cell r14_reg[9] r14_reg_9_
a25_register_bank_1 cell r14_reg[8] r14_reg_8_
a25_register_bank_1 cell r14_reg[7] r14_reg_7_
a25_register_bank_1 cell r14_reg[6] r14_reg_6_
a25_register_bank_1 cell r14_reg[5] r14_reg_5_
a25_register_bank_1 cell r14_reg[4] r14_reg_4_
a25_register_bank_1 cell r14_reg[2] r14_reg_2_
a25_register_bank_1 cell r14_reg[0] r14_reg_0_
a25_register_bank_1 cell r15_reg[21] r15_reg_21_
a25_register_bank_1 cell r15_reg[20] r15_reg_20_
a25_register_bank_1 cell r15_reg[19] r15_reg_19_
a25_register_bank_1 cell r15_reg[18] r15_reg_18_
a25_register_bank_1 cell r15_reg[17] r15_reg_17_
a25_register_bank_1 cell r15_reg[16] r15_reg_16_
a25_register_bank_1 cell r15_reg[15] r15_reg_15_
a25_register_bank_1 cell r15_reg[14] r15_reg_14_
a25_register_bank_1 cell r15_reg[13] r15_reg_13_
a25_register_bank_1 cell r15_reg[12] r15_reg_12_
a25_register_bank_1 cell r15_reg[11] r15_reg_11_
a25_register_bank_1 cell r15_reg[10] r15_reg_10_
a25_register_bank_1 cell r15_reg[7] r15_reg_7_
a25_register_bank_1 cell r15_reg[6] r15_reg_6_
a25_register_bank_1 cell r15_reg[5] r15_reg_5_
a25_register_bank_1 cell r15_reg[4] r15_reg_4_
a25_register_bank_1 cell r15_reg[3] r15_reg_3_
a25_register_bank_1 cell r15_reg[2] r15_reg_2_
a25_register_bank_1 cell r15_reg[1] r15_reg_1_
a25_register_bank_1 cell r15_reg[0] r15_reg_0_
a25_register_bank_1 cell r12_reg[22] r12_reg_22_
a25_register_bank_1 cell r12_reg[20] r12_reg_20_
a25_register_bank_1 cell r12_reg[17] r12_reg_17_
a25_register_bank_1 cell r12_reg[16] r12_reg_16_
a25_register_bank_1 cell r12_reg[15] r12_reg_15_
a25_register_bank_1 cell r12_reg[14] r12_reg_14_
a25_register_bank_1 cell r12_reg[11] r12_reg_11_
a25_register_bank_1 cell r12_reg[10] r12_reg_10_
a25_register_bank_1 cell r12_reg[9] r12_reg_9_
a25_register_bank_1 cell r12_reg[8] r12_reg_8_
a25_register_bank_1 cell r12_reg[7] r12_reg_7_
a25_register_bank_1 cell r12_reg[6] r12_reg_6_
a25_register_bank_1 cell r12_reg[5] r12_reg_5_
a25_register_bank_1 cell r12_reg[4] r12_reg_4_
a25_register_bank_1 cell r12_reg[3] r12_reg_3_
a25_register_bank_1 cell r12_reg[2] r12_reg_2_
a25_register_bank_1 cell r12_reg[1] r12_reg_1_
a25_register_bank_1 cell r12_reg[0] r12_reg_0_
a25_register_bank_1 cell r13_reg[1] r13_reg_1_
a25_register_bank_1 cell r6_reg[22] r6_reg_22_
a25_register_bank_1 cell r6_reg[17] r6_reg_17_
a25_register_bank_1 cell r6_reg[16] r6_reg_16_
a25_register_bank_1 cell r6_reg[15] r6_reg_15_
a25_register_bank_1 cell r6_reg[14] r6_reg_14_
a25_register_bank_1 cell r6_reg[13] r6_reg_13_
a25_register_bank_1 cell r6_reg[12] r6_reg_12_
a25_register_bank_1 cell r6_reg[11] r6_reg_11_
a25_register_bank_1 cell r6_reg[10] r6_reg_10_
a25_register_bank_1 cell r6_reg[9] r6_reg_9_
a25_register_bank_1 cell r6_reg[8] r6_reg_8_
a25_register_bank_1 cell r6_reg[7] r6_reg_7_
a25_register_bank_1 cell r6_reg[6] r6_reg_6_
a25_register_bank_1 cell r6_reg[4] r6_reg_4_
a25_register_bank_1 cell r6_reg[3] r6_reg_3_
a25_register_bank_1 cell r6_reg[1] r6_reg_1_
a25_register_bank_1 cell r6_reg[0] r6_reg_0_
a25_register_bank_1 cell r0_reg[20] r0_reg_20_
a25_register_bank_1 cell r0_reg[17] r0_reg_17_
a25_register_bank_1 cell r0_reg[16] r0_reg_16_
a25_register_bank_1 cell r0_reg[15] r0_reg_15_
a25_register_bank_1 cell r0_reg[14] r0_reg_14_
a25_register_bank_1 cell r0_reg[13] r0_reg_13_
a25_register_bank_1 cell r0_reg[12] r0_reg_12_
a25_register_bank_1 cell r0_reg[11] r0_reg_11_
a25_register_bank_1 cell r0_reg[9] r0_reg_9_
a25_register_bank_1 cell r0_reg[8] r0_reg_8_
a25_register_bank_1 cell r0_reg[7] r0_reg_7_
a25_register_bank_1 cell r0_reg[6] r0_reg_6_
a25_register_bank_1 cell r0_reg[4] r0_reg_4_
a25_register_bank_1 cell r0_reg[3] r0_reg_3_
a25_register_bank_1 cell r0_reg[2] r0_reg_2_
a25_register_bank_1 cell r0_reg[1] r0_reg_1_
a25_register_bank_1 cell r0_reg[0] r0_reg_0_
a25_register_bank_1 cell r4_reg[20] r4_reg_20_
a25_register_bank_1 cell r4_reg[17] r4_reg_17_
a25_register_bank_1 cell r4_reg[16] r4_reg_16_
a25_register_bank_1 cell r4_reg[14] r4_reg_14_
a25_register_bank_1 cell r4_reg[13] r4_reg_13_
a25_register_bank_1 cell r4_reg[12] r4_reg_12_
a25_register_bank_1 cell r4_reg[11] r4_reg_11_
a25_register_bank_1 cell r4_reg[10] r4_reg_10_
a25_register_bank_1 cell r4_reg[9] r4_reg_9_
a25_register_bank_1 cell r4_reg[7] r4_reg_7_
a25_register_bank_1 cell r4_reg[6] r4_reg_6_
a25_register_bank_1 cell r4_reg[5] r4_reg_5_
a25_register_bank_1 cell r4_reg[4] r4_reg_4_
a25_register_bank_1 cell r4_reg[3] r4_reg_3_
a25_register_bank_1 cell r4_reg[2] r4_reg_2_
a25_register_bank_1 cell r4_reg[1] r4_reg_1_
a25_register_bank_1 cell r4_reg[0] r4_reg_0_
a25_register_bank_1 cell r10_reg[22] r10_reg_22_
a25_register_bank_1 cell r10_reg[20] r10_reg_20_
a25_register_bank_1 cell r10_reg[17] r10_reg_17_
a25_register_bank_1 cell r10_reg[16] r10_reg_16_
a25_register_bank_1 cell r10_reg[15] r10_reg_15_
a25_register_bank_1 cell r10_reg[14] r10_reg_14_
a25_register_bank_1 cell r10_reg[12] r10_reg_12_
a25_register_bank_1 cell r10_reg[11] r10_reg_11_
a25_register_bank_1 cell r10_reg[10] r10_reg_10_
a25_register_bank_1 cell r10_reg[9] r10_reg_9_
a25_register_bank_1 cell r10_reg[8] r10_reg_8_
a25_register_bank_1 cell r10_reg[7] r10_reg_7_
a25_register_bank_1 cell r10_reg[6] r10_reg_6_
a25_register_bank_1 cell r10_reg[4] r10_reg_4_
a25_register_bank_1 cell r10_reg[3] r10_reg_3_
a25_register_bank_1 cell r10_reg[2] r10_reg_2_
a25_register_bank_1 cell r10_reg[1] r10_reg_1_
a25_register_bank_1 cell r10_reg[0] r10_reg_0_
a25_register_bank_1 cell r5_reg[22] r5_reg_22_
a25_register_bank_1 cell r5_reg[20] r5_reg_20_
a25_register_bank_1 cell r5_reg[16] r5_reg_16_
a25_register_bank_1 cell r5_reg[15] r5_reg_15_
a25_register_bank_1 cell r5_reg[14] r5_reg_14_
a25_register_bank_1 cell r5_reg[13] r5_reg_13_
a25_register_bank_1 cell r5_reg[12] r5_reg_12_
a25_register_bank_1 cell r5_reg[11] r5_reg_11_
a25_register_bank_1 cell r5_reg[9] r5_reg_9_
a25_register_bank_1 cell r5_reg[8] r5_reg_8_
a25_register_bank_1 cell r5_reg[7] r5_reg_7_
a25_register_bank_1 cell r5_reg[6] r5_reg_6_
a25_register_bank_1 cell r5_reg[5] r5_reg_5_
a25_register_bank_1 cell r5_reg[4] r5_reg_4_
a25_register_bank_1 cell r5_reg[3] r5_reg_3_
a25_register_bank_1 cell r5_reg[2] r5_reg_2_
a25_register_bank_1 cell r5_reg[0] r5_reg_0_
a25_register_bank_1 cell r11_reg[22] r11_reg_22_
a25_register_bank_1 cell r11_reg[20] r11_reg_20_
a25_register_bank_1 cell r11_reg[17] r11_reg_17_
a25_register_bank_1 cell r11_reg[16] r11_reg_16_
a25_register_bank_1 cell r11_reg[14] r11_reg_14_
a25_register_bank_1 cell r11_reg[13] r11_reg_13_
a25_register_bank_1 cell r11_reg[12] r11_reg_12_
a25_register_bank_1 cell r11_reg[11] r11_reg_11_
a25_register_bank_1 cell r11_reg[10] r11_reg_10_
a25_register_bank_1 cell r11_reg[9] r11_reg_9_
a25_register_bank_1 cell r11_reg[8] r11_reg_8_
a25_register_bank_1 cell r11_reg[7] r11_reg_7_
a25_register_bank_1 cell r11_reg[6] r11_reg_6_
a25_register_bank_1 cell r11_reg[4] r11_reg_4_
a25_register_bank_1 cell r11_reg[3] r11_reg_3_
a25_register_bank_1 cell r11_reg[2] r11_reg_2_
a25_register_bank_1 cell r11_reg[1] r11_reg_1_
a25_register_bank_1 cell r1_reg[20] r1_reg_20_
a25_register_bank_1 cell r1_reg[17] r1_reg_17_
a25_register_bank_1 cell r1_reg[16] r1_reg_16_
a25_register_bank_1 cell r1_reg[15] r1_reg_15_
a25_register_bank_1 cell r1_reg[14] r1_reg_14_
a25_register_bank_1 cell r1_reg[13] r1_reg_13_
a25_register_bank_1 cell r1_reg[12] r1_reg_12_
a25_register_bank_1 cell r1_reg[11] r1_reg_11_
a25_register_bank_1 cell r1_reg[10] r1_reg_10_
a25_register_bank_1 cell r1_reg[9] r1_reg_9_
a25_register_bank_1 cell r1_reg[7] r1_reg_7_
a25_register_bank_1 cell r1_reg[6] r1_reg_6_
a25_register_bank_1 cell r1_reg[4] r1_reg_4_
a25_register_bank_1 cell r1_reg[3] r1_reg_3_
a25_register_bank_1 cell r1_reg[2] r1_reg_2_
a25_register_bank_1 cell r1_reg[1] r1_reg_1_
a25_register_bank_1 cell r1_reg[0] r1_reg_0_
a25_register_bank_1 cell r2_reg[22] r2_reg_22_
a25_register_bank_1 cell r2_reg[20] r2_reg_20_
a25_register_bank_1 cell r2_reg[17] r2_reg_17_
a25_register_bank_1 cell r2_reg[16] r2_reg_16_
a25_register_bank_1 cell r2_reg[15] r2_reg_15_
a25_register_bank_1 cell r2_reg[14] r2_reg_14_
a25_register_bank_1 cell r2_reg[13] r2_reg_13_
a25_register_bank_1 cell r2_reg[11] r2_reg_11_
a25_register_bank_1 cell r2_reg[9] r2_reg_9_
a25_register_bank_1 cell r2_reg[8] r2_reg_8_
a25_register_bank_1 cell r2_reg[7] r2_reg_7_
a25_register_bank_1 cell r2_reg[6] r2_reg_6_
a25_register_bank_1 cell r2_reg[5] r2_reg_5_
a25_register_bank_1 cell r2_reg[4] r2_reg_4_
a25_register_bank_1 cell r2_reg[3] r2_reg_3_
a25_register_bank_1 cell r2_reg[2] r2_reg_2_
a25_register_bank_1 cell r2_reg[1] r2_reg_1_
a25_register_bank_1 cell r2_reg[0] r2_reg_0_
a25_register_bank_1 cell r10_firq_reg[6] r10_firq_reg_6_
a25_register_bank_1 cell r10_firq_reg[16] r10_firq_reg_16_
a25_register_bank_1 cell r10_firq_reg[12] r10_firq_reg_12_
a25_register_bank_1 cell r10_firq_reg[10] r10_firq_reg_10_
a25_register_bank_1 cell r13_irq_reg[20] r13_irq_reg_20_
a25_register_bank_1 cell r13_firq_reg[20] r13_firq_reg_20_
a25_register_bank_1 cell r13_reg[20] r13_reg_20_
a25_register_bank_1 cell r13_firq_reg[18] r13_firq_reg_18_
a25_register_bank_1 cell r13_reg[18] r13_reg_18_
a25_register_bank_1 cell r13_irq_reg[17] r13_irq_reg_17_
a25_register_bank_1 cell r13_firq_reg[17] r13_firq_reg_17_
a25_register_bank_1 cell r13_reg[17] r13_reg_17_
a25_register_bank_1 cell r13_irq_reg[16] r13_irq_reg_16_
a25_register_bank_1 cell r13_firq_reg[16] r13_firq_reg_16_
a25_register_bank_1 cell r13_reg[16] r13_reg_16_
a25_register_bank_1 cell r13_irq_reg[15] r13_irq_reg_15_
a25_register_bank_1 cell r13_firq_reg[15] r13_firq_reg_15_
a25_register_bank_1 cell r13_reg[15] r13_reg_15_
a25_register_bank_1 cell r13_irq_reg[14] r13_irq_reg_14_
a25_register_bank_1 cell r13_firq_reg[14] r13_firq_reg_14_
a25_register_bank_1 cell r13_reg[14] r13_reg_14_
a25_register_bank_1 cell r13_firq_reg[13] r13_firq_reg_13_
a25_register_bank_1 cell r13_reg[13] r13_reg_13_
a25_register_bank_1 cell r13_irq_reg[12] r13_irq_reg_12_
a25_register_bank_1 cell r13_firq_reg[12] r13_firq_reg_12_
a25_register_bank_1 cell r13_reg[12] r13_reg_12_
a25_register_bank_1 cell r13_irq_reg[11] r13_irq_reg_11_
a25_register_bank_1 cell r13_firq_reg[11] r13_firq_reg_11_
a25_register_bank_1 cell r13_reg[11] r13_reg_11_
a25_register_bank_1 cell r13_irq_reg[10] r13_irq_reg_10_
a25_register_bank_1 cell r13_firq_reg[10] r13_firq_reg_10_
a25_register_bank_1 cell r13_reg[10] r13_reg_10_
a25_register_bank_1 cell r13_irq_reg[9] r13_irq_reg_9_
a25_register_bank_1 cell r13_firq_reg[9] r13_firq_reg_9_
a25_register_bank_1 cell r13_reg[9] r13_reg_9_
a25_register_bank_1 cell r13_firq_reg[8] r13_firq_reg_8_
a25_register_bank_1 cell r13_reg[8] r13_reg_8_
a25_register_bank_1 cell r8_firq_reg[10] r8_firq_reg_10_
a25_register_bank_1 cell r8_firq_reg[18] r8_firq_reg_18_
a25_register_bank_1 cell r9_firq_reg[15] r9_firq_reg_15_
a25_register_bank_1 cell r9_firq_reg[10] r9_firq_reg_10_
a25_register_bank_1 cell r12_firq_reg[15] r12_firq_reg_15_
a25_register_bank_1 cell r9_firq_reg[18] r9_firq_reg_18_
a25_register_bank_1 cell r8_firq_reg[16] r8_firq_reg_16_
a25_register_bank_1 cell r9_firq_reg[9] r9_firq_reg_9_
a25_register_bank_1 cell r12_firq_reg[10] r12_firq_reg_10_
a25_register_bank_1 cell r12_firq_reg[18] r12_firq_reg_18_
a25_register_bank_1 cell r14_svc_reg[15] r14_svc_reg_15_
a25_register_bank_1 cell r12_firq_reg[9] r12_firq_reg_9_
a25_register_bank_1 cell r9_firq_reg[11] r9_firq_reg_11_
a25_register_bank_1 cell r14_svc_reg[18] r14_svc_reg_18_
a25_register_bank_1 cell r8_firq_reg[12] r8_firq_reg_12_
a25_register_bank_1 cell r9_firq_reg[13] r9_firq_reg_13_
a25_register_bank_1 cell r12_firq_reg[11] r12_firq_reg_11_
a25_register_bank_1 cell r14_svc_reg[17] r14_svc_reg_17_
a25_register_bank_1 cell r9_firq_reg[16] r9_firq_reg_16_
a25_register_bank_1 cell r12_firq_reg[8] r12_firq_reg_8_
a25_register_bank_1 cell r12_firq_reg[13] r12_firq_reg_13_
a25_register_bank_1 cell r12_firq_reg[16] r12_firq_reg_16_
a25_register_bank_1 cell r14_svc_reg[8] r14_svc_reg_8_
a25_register_bank_1 cell r14_svc_reg[19] r14_svc_reg_19_
a25_register_bank_1 cell r14_firq_reg[19] r14_firq_reg_19_
a25_register_bank_1 cell r14_svc_reg[16] r14_svc_reg_16_
a25_register_bank_1 cell r12_firq_reg[20] r12_firq_reg_20_
a25_register_bank_1 cell r12_firq_reg[12] r12_firq_reg_12_
a25_register_bank_1 cell r14_svc_reg[20] r14_svc_reg_20_
a25_register_bank_1 cell r12_firq_reg[14] r12_firq_reg_14_
a25_register_bank_1 cell r14_svc_reg[14] r14_svc_reg_14_
a25_register_bank_1 cell r12_firq_reg[5] r12_firq_reg_5_
a25_register_bank_1 cell r12_firq_reg[7] r12_firq_reg_7_
a25_register_bank_1 cell r12_firq_reg[2] r12_firq_reg_2_
a25_register_bank_1 cell r12_firq_reg[6] r12_firq_reg_6_
a25_register_bank_1 cell r8_firq_reg[5] r8_firq_reg_5_
a25_register_bank_1 cell r8_firq_reg[7] r8_firq_reg_7_
a25_register_bank_1 cell r13_irq_reg[5] r13_irq_reg_5_
a25_register_bank_1 cell r8_firq_reg[6] r8_firq_reg_6_
a25_register_bank_1 cell r13_irq_reg[7] r13_irq_reg_7_
a25_register_bank_1 cell r13_irq_reg[2] r13_irq_reg_2_
a25_register_bank_1 cell r13_irq_reg[6] r13_irq_reg_6_
a25_register_bank_1 cell r13_firq_reg[2] r13_firq_reg_2_
a25_register_bank_1 cell r13_firq_reg[6] r13_firq_reg_6_
a25_register_bank_1 cell r9_firq_reg[7] r9_firq_reg_7_
a25_register_bank_1 cell r9_firq_reg[6] r9_firq_reg_6_
a25_register_bank_1 cell r13_firq_reg[7] r13_firq_reg_7_
a25_register_bank_1 cell r9_firq_reg[5] r9_firq_reg_5_
a25_register_bank_1 cell r13_reg[6] r13_reg_6_
a25_register_bank_1 cell r13_reg[5] r13_reg_5_
a25_register_bank_1 cell r13_reg[2] r13_reg_2_
a25_register_bank_1 cell r13_reg[7] r13_reg_7_
a25_register_bank_1 cell r8_firq_reg[3] r8_firq_reg_3_
a25_register_bank_1 cell r13_irq_reg[3] r13_irq_reg_3_
a25_register_bank_1 cell r13_firq_reg[3] r13_firq_reg_3_
a25_register_bank_1 cell r13_reg[3] r13_reg_3_
a25_register_bank_1 cell r8_firq_reg[15] r8_firq_reg_15_
a25_register_bank_1 cell r8_firq_reg[9] r8_firq_reg_9_
a25_register_bank_1 cell r8_firq_reg[11] r8_firq_reg_11_
a25_register_bank_1 cell r8_firq_reg[13] r8_firq_reg_13_
a25_register_bank_1 cell r14_firq_reg[15] r14_firq_reg_15_
a25_register_bank_1 cell r14_irq_reg[15] r14_irq_reg_15_
a25_register_bank_1 cell r14_svc_reg[10] r14_svc_reg_10_
a25_register_bank_1 cell r14_firq_reg[10] r14_firq_reg_10_
a25_register_bank_1 cell r14_firq_reg[18] r14_firq_reg_18_
a25_register_bank_1 cell r14_firq_reg[9] r14_firq_reg_9_
a25_register_bank_1 cell r14_firq_reg[17] r14_firq_reg_17_
a25_register_bank_1 cell r14_svc_reg[11] r14_svc_reg_11_
a25_register_bank_1 cell r14_firq_reg[11] r14_firq_reg_11_
a25_register_bank_1 cell r14_svc_reg[13] r14_svc_reg_13_
a25_register_bank_1 cell r14_firq_reg[13] r14_firq_reg_13_
a25_register_bank_1 cell r14_irq_reg[16] r14_irq_reg_16_
a25_register_bank_1 cell r14_firq_reg[20] r14_firq_reg_20_
a25_register_bank_1 cell r14_svc_reg[12] r14_svc_reg_12_
a25_register_bank_1 cell r14_svc_reg[5] r14_svc_reg_5_
a25_register_bank_1 cell r14_svc_reg[2] r14_svc_reg_2_
a25_register_bank_1 cell r14_svc_reg[7] r14_svc_reg_7_
a25_register_bank_1 cell r14_svc_reg[6] r14_svc_reg_6_
a25_register_bank_1 cell r14_svc_reg[3] r14_svc_reg_3_
a25_register_bank_1 cell r14_firq_reg[2] r14_firq_reg_2_
a25_register_bank_1 cell r12_firq_reg[4] r12_firq_reg_4_
a25_register_bank_1 cell r13_firq_reg[4] r13_firq_reg_4_
a25_register_bank_1 cell r13_reg[4] r13_reg_4_
a25_register_bank_1 cell r14_irq_reg[10] r14_irq_reg_10_
a25_register_bank_1 cell r14_irq_reg[18] r14_irq_reg_18_
a25_register_bank_1 cell r14_irq_reg[9] r14_irq_reg_9_
a25_register_bank_1 cell r14_irq_reg[11] r14_irq_reg_11_
a25_register_bank_1 cell r14_firq_reg[8] r14_firq_reg_8_
a25_register_bank_1 cell r14_irq_reg[13] r14_irq_reg_13_
a25_register_bank_1 cell r14_irq_reg[12] r14_irq_reg_12_
a25_register_bank_1 cell r14_svc_reg[0] r14_svc_reg_0_
a25_register_bank_1 cell r12_firq_reg[0] r12_firq_reg_0_
a25_register_bank_1 cell r12_firq_reg[1] r12_firq_reg_1_
a25_register_bank_1 cell r14_irq_reg[5] r14_irq_reg_5_
a25_register_bank_1 cell r14_irq_reg[6] r14_irq_reg_6_
a25_register_bank_1 cell r14_irq_reg[7] r14_irq_reg_7_
a25_register_bank_1 cell r14_irq_reg[2] r14_irq_reg_2_
a25_register_bank_1 cell r14_firq_reg[4] r14_firq_reg_4_
a25_register_bank_1 cell r14_irq_reg[3] r14_irq_reg_3_
a25_register_bank_1 cell r14_firq_reg[16] r14_firq_reg_16_
a25_register_bank_1 cell r14_firq_reg[12] r14_firq_reg_12_
a25_register_bank_1 cell r14_firq_reg[14] r14_firq_reg_14_
a25_register_bank_1 cell r14_firq_reg[7] r14_firq_reg_7_
a25_register_bank_1 cell r14_firq_reg[6] r14_firq_reg_6_
a25_register_bank_1 cell r13_irq_reg[4] r13_irq_reg_4_
a25_register_bank_1 cell r14_firq_reg[3] r14_firq_reg_3_
a25_register_bank_1 cell r8_reg[13] r8_reg_13_
a25_register_bank_1 cell r3_reg[20] r3_reg_20_
a25_register_bank_1 cell r9_reg[8] r9_reg_8_
a25_register_bank_1 cell r8_firq_reg[8] r8_firq_reg_8_
a25_register_bank_1 cell r10_firq_reg[7] r10_firq_reg_7_
a25_register_bank_1 cell r7_reg[6] r7_reg_6_
a25_register_bank_1 cell r11_firq_reg[11] r11_firq_reg_11_
a25_register_bank_1 cell r14_irq_reg[20] r14_irq_reg_20_
a25_register_bank_1 cell r13_svc_reg[11] r13_svc_reg_11_
a25_register_bank_1 cell r14_reg[1] r14_reg_1_
a25_register_bank_1 cell r15_reg[8] r15_reg_8_
a25_register_bank_1 cell r12_reg[13] r12_reg_13_
a25_register_bank_1 cell r13_reg[0] r13_reg_0_
a25_register_bank_1 cell r6_reg[5] r6_reg_5_
a25_register_bank_1 cell r0_reg[10] r0_reg_10_
a25_register_bank_1 cell r4_reg[15] r4_reg_15_
a25_register_bank_1 cell r10_reg[5] r10_reg_5_
a25_register_bank_1 cell r5_reg[10] r5_reg_10_
a25_register_bank_1 cell r11_reg[15] r11_reg_15_
a25_register_bank_1 cell r11_reg[0] r11_reg_0_
a25_register_bank_1 cell r1_reg[5] r1_reg_5_
a25_register_bank_1 cell r2_reg[10] r2_reg_10_
a25_register_bank_1 cell r14_firq_reg[5] r14_firq_reg_5_
a25_register_bank_1 cell r14_firq_reg[21] r14_firq_reg_21_
a25_register_bank_1 cell r7_reg[22] r7_reg_22_
a25_register_bank_1 cell r11_firq_reg[22] r11_firq_reg_22_
a25_register_bank_1 cell r0_reg[22] r0_reg_22_
a25_register_bank_1 cell r4_reg[22] r4_reg_22_
a25_register_bank_1 cell r1_reg[22] r1_reg_22_
a25_register_bank_1 cell r10_firq_reg[22] r10_firq_reg_22_
a25_register_bank_1 cell r3_reg[15] r3_reg_15_
a25_register_bank_1 cell r14_firq_reg[1] r14_firq_reg_1_
a25_register_bank_1 cell r7_reg[14] r7_reg_14_
a25_register_bank_1 cell r11_firq_reg[17] r11_firq_reg_17_
a25_register_bank_1 cell r14_reg[22] r14_reg_22_
a25_register_bank_1 cell r15_reg[9] r15_reg_9_
a25_register_bank_1 cell r6_reg[20] r6_reg_20_
a25_register_bank_1 cell r6_reg[2] r6_reg_2_
a25_register_bank_1 cell r0_reg[5] r0_reg_5_
a25_register_bank_1 cell r4_reg[8] r4_reg_8_
a25_register_bank_1 cell r10_reg[13] r10_reg_13_
a25_register_bank_1 cell r5_reg[17] r5_reg_17_
a25_register_bank_1 cell r11_reg[5] r11_reg_5_
a25_register_bank_1 cell r1_reg[8] r1_reg_8_
a25_register_bank_1 cell r13_irq_reg[18] r13_irq_reg_18_
a25_register_bank_1 cell r13_irq_reg[13] r13_irq_reg_13_
a25_register_bank_1 cell r13_irq_reg[8] r13_irq_reg_8_
a25_register_bank_1 cell r12_firq_reg[17] r12_firq_reg_17_
a25_register_bank_1 cell r9_firq_reg[12] r9_firq_reg_12_
a25_register_bank_1 cell r13_firq_reg[5] r13_firq_reg_5_
a25_register_bank_1 cell r12_firq_reg[3] r12_firq_reg_3_
a25_register_bank_1 cell r14_svc_reg[9] r14_svc_reg_9_
a25_register_bank_1 cell r14_svc_reg[4] r14_svc_reg_4_
a25_register_bank_1 cell r14_svc_reg[1] r14_svc_reg_1_
a25_register_bank_1 cell r14_reg[16] r14_reg_16_
a25_register_bank_1 cell r13_irq_reg[22] r13_irq_reg_22_
a25_register_bank_1 cell r13_firq_reg[22] r13_firq_reg_22_
a25_register_bank_1 cell r13_reg[22] r13_reg_22_
a25_register_bank_1 cell r12_firq_reg[22] r12_firq_reg_22_
a25_register_bank_1 cell r14_svc_reg[22] r14_svc_reg_22_
a25_register_bank_1 cell r14_firq_reg[22] r14_firq_reg_22_
a25_register_bank_1 cell r9_reg[4] r9_reg_4_
a25_register_bank_1 cell r14_reg[3] r14_reg_3_
a25_register_bank_1 cell r11_firq_reg[1] r11_firq_reg_1_
a25_register_bank_1 cell r3_reg[0] r3_reg_0_
a25_register_bank_1 cell r5_reg[1] r5_reg_1_
a25_register_bank_1 cell r13_svc_reg[15] r13_svc_reg_15_
a25_register_bank_1 cell r8_reg[11] r8_reg_11_
a25_register_bank_1 cell r12_reg[12] r12_reg_12_
a25_register_bank_1 cell r2_reg[12] r2_reg_12_
a25_register_bank_1 cell r10_firq_reg[0] r10_firq_reg_0_
a25_register_bank_1 net r15_out_rm_0 i_mode_exec[0]
a25_register_bank_1 net n746 n[746]
a25_register_bank_1 net n748 n[748]
a25_register_bank_1 net n750 n[750]
a25_register_bank_1 net n751 n[751]
a25_register_bank_1 net n752 n[752]
a25_register_bank_1 net n753 n[753]
a25_register_bank_1 net n754 n[754]
a25_register_bank_1 net n755 n[755]
a25_register_bank_1 net n756 n[756]
a25_register_bank_1 net n757 n[757]
a25_register_bank_1 net n758 n[758]
a25_register_bank_1 net n759 n[759]
a25_register_bank_1 net n760 n[760]
a25_register_bank_1 net n761 n[761]
a25_register_bank_1 net n762 n[762]
a25_register_bank_1 net n763 n[763]
a25_register_bank_1 net n764 n[764]
a25_register_bank_1 net n765 n[765]
a25_register_bank_1 net n766 n[766]
a25_register_bank_1 net r9_firq[12] r9_firq_12_
a25_dcache_1 cell rams[0].myram rams_0__myram
a25_dcache_1 cell rams[1].myram rams_1__myram
a25_dcache_1 cell rams[2].myram rams_2__myram
a25_dcache_1 cell rams[3].myram rams_3__myram
a25_dcache_1 cell valid_bits_r_reg[0] valid_bits_r_reg_0_
a25_dcache_1 cell select_way_reg[1] select_way_reg_1_
a25_dcache_1 cell c_state_reg[1] c_state_reg_1_
a25_dcache_1 cell valid_bits_r_reg[1] valid_bits_r_reg_1_
a25_dcache_1 cell random_num_reg[1] random_num_reg_1_
a25_dcache_1 cell random_num_reg[2] random_num_reg_2_
a25_dcache_1 cell random_num_reg[3] random_num_reg_3_
a25_dcache_1 cell c_state_reg[2] c_state_reg_2_
a25_dcache_1 cell c_state_reg[3] c_state_reg_3_
a25_dcache_1 cell init_count_reg[8] init_count_reg_8_
a25_dcache_1 cell init_count_reg[0] init_count_reg_0_
a25_dcache_1 cell init_count_reg[7] init_count_reg_7_
a25_dcache_1 cell init_count_reg[6] init_count_reg_6_
a25_dcache_1 cell init_count_reg[5] init_count_reg_5_
a25_dcache_1 cell init_count_reg[4] init_count_reg_4_
a25_dcache_1 cell init_count_reg[3] init_count_reg_3_
a25_dcache_1 cell init_count_reg[2] init_count_reg_2_
a25_dcache_1 cell source_sel_reg[0] source_sel_reg_0_
a25_dcache_1 cell source_sel_reg[3] source_sel_reg_3_
a25_dcache_1 cell source_sel_reg[1] source_sel_reg_1_
a25_dcache_1 cell wb_address_reg[3] wb_address_reg_3_
a25_dcache_1 cell miss_address_reg[4] miss_address_reg_4_
a25_dcache_1 cell miss_address_reg[31] miss_address_reg_31_
a25_dcache_1 cell miss_address_reg[30] miss_address_reg_30_
a25_dcache_1 cell miss_address_reg[29] miss_address_reg_29_
a25_dcache_1 cell miss_address_reg[28] miss_address_reg_28_
a25_dcache_1 cell miss_address_reg[27] miss_address_reg_27_
a25_dcache_1 cell miss_address_reg[26] miss_address_reg_26_
a25_dcache_1 cell miss_address_reg[25] miss_address_reg_25_
a25_dcache_1 cell miss_address_reg[24] miss_address_reg_24_
a25_dcache_1 cell miss_address_reg[23] miss_address_reg_23_
a25_dcache_1 cell miss_address_reg[22] miss_address_reg_22_
a25_dcache_1 cell miss_address_reg[21] miss_address_reg_21_
a25_dcache_1 cell miss_address_reg[20] miss_address_reg_20_
a25_dcache_1 cell miss_address_reg[19] miss_address_reg_19_
a25_dcache_1 cell miss_address_reg[18] miss_address_reg_18_
a25_dcache_1 cell miss_address_reg[17] miss_address_reg_17_
a25_dcache_1 cell miss_address_reg[16] miss_address_reg_16_
a25_dcache_1 cell miss_address_reg[15] miss_address_reg_15_
a25_dcache_1 cell miss_address_reg[14] miss_address_reg_14_
a25_dcache_1 cell miss_address_reg[13] miss_address_reg_13_
a25_dcache_1 cell miss_address_reg[12] miss_address_reg_12_
a25_dcache_1 cell miss_address_reg[11] miss_address_reg_11_
a25_dcache_1 cell miss_address_reg[10] miss_address_reg_10_
a25_dcache_1 cell miss_address_reg[9] miss_address_reg_9_
a25_dcache_1 cell miss_address_reg[8] miss_address_reg_8_
a25_dcache_1 cell miss_address_reg[7] miss_address_reg_7_
a25_dcache_1 cell miss_address_reg[5] miss_address_reg_5_
a25_dcache_1 cell wb_address_reg[0] wb_address_reg_0_
a25_dcache_1 cell wb_address_reg[4] wb_address_reg_4_
a25_dcache_1 cell wb_address_reg[5] wb_address_reg_5_
a25_dcache_1 cell wb_address_reg[6] wb_address_reg_6_
a25_dcache_1 cell wb_address_reg[7] wb_address_reg_7_
a25_dcache_1 cell wb_address_reg[8] wb_address_reg_8_
a25_dcache_1 cell wb_address_reg[9] wb_address_reg_9_
a25_dcache_1 cell wb_address_reg[10] wb_address_reg_10_
a25_dcache_1 cell wb_address_reg[11] wb_address_reg_11_
a25_dcache_1 cell wb_address_reg[12] wb_address_reg_12_
a25_dcache_1 cell wb_address_reg[13] wb_address_reg_13_
a25_dcache_1 cell wb_address_reg[14] wb_address_reg_14_
a25_dcache_1 cell wb_address_reg[15] wb_address_reg_15_
a25_dcache_1 cell wb_address_reg[17] wb_address_reg_17_
a25_dcache_1 cell wb_address_reg[18] wb_address_reg_18_
a25_dcache_1 cell wb_address_reg[19] wb_address_reg_19_
a25_dcache_1 cell wb_address_reg[20] wb_address_reg_20_
a25_dcache_1 cell wb_address_reg[21] wb_address_reg_21_
a25_dcache_1 cell wb_address_reg[22] wb_address_reg_22_
a25_dcache_1 cell wb_address_reg[23] wb_address_reg_23_
a25_dcache_1 cell wb_address_reg[24] wb_address_reg_24_
a25_dcache_1 cell wb_address_reg[25] wb_address_reg_25_
a25_dcache_1 cell wb_address_reg[26] wb_address_reg_26_
a25_dcache_1 cell wb_address_reg[27] wb_address_reg_27_
a25_dcache_1 cell wb_address_reg[28] wb_address_reg_28_
a25_dcache_1 cell wb_address_reg[29] wb_address_reg_29_
a25_dcache_1 cell wb_address_reg[30] wb_address_reg_30_
a25_dcache_1 cell wb_address_reg[31] wb_address_reg_31_
a25_dcache_1 cell ex_read_address_reg[0] ex_read_address_reg_0_
a25_dcache_1 cell ex_read_address_reg[7] ex_read_address_reg_7_
a25_dcache_1 cell ex_read_address_reg[6] ex_read_address_reg_6_
a25_dcache_1 cell ex_read_address_reg[5] ex_read_address_reg_5_
a25_dcache_1 cell ex_read_address_reg[4] ex_read_address_reg_4_
a25_dcache_1 cell ex_read_address_reg[3] ex_read_address_reg_3_
a25_dcache_1 cell ex_read_address_reg[2] ex_read_address_reg_2_
a25_dcache_1 cell ex_read_address_reg[1] ex_read_address_reg_1_
a25_dcache_1 cell ex_read_hit_way_reg[3] ex_read_hit_way_reg_3_
a25_dcache_1 cell select_way_reg[3] select_way_reg_3_
a25_dcache_1 cell valid_bits_r_reg[3] valid_bits_r_reg_3_
a25_dcache_1 cell select_way_reg[0] select_way_reg_0_
a25_dcache_1 cell ex_read_hit_way_reg[0] ex_read_hit_way_reg_0_
a25_dcache_1 cell select_way_reg[2] select_way_reg_2_
a25_dcache_1 cell ex_read_hit_way_reg[2] ex_read_hit_way_reg_2_
a25_dcache_1 cell ex_read_hit_way_reg[1] ex_read_hit_way_reg_1_
a25_dcache_1 cell wb_address_reg[2] wb_address_reg_2_
a25_dcache_1 cell c_state_reg[0] c_state_reg_0_
a25_dcache_1 cell source_sel_reg[2] source_sel_reg_2_
a25_dcache_1 cell miss_address_reg[6] miss_address_reg_6_
a25_dcache_1 cell wb_address_reg[16] wb_address_reg_16_
a25_dcache_1 cell init_count_reg[1] init_count_reg_1_
a25_dcache_1 cell wb_address_reg[1] wb_address_reg_1_
a25_dcache_1 cell valid_bits_r_reg[2] valid_bits_r_reg_2_
a25_dcache_1 cell random_num_reg[0] random_num_reg_0_
a25_dcache_1 net dummy_o[3][20] dummy_o[83]
a25_dcache_1 net dummy_o[3][19] dummy_o[82]
a25_dcache_1 net dummy_o[3][18] dummy_o[81]
a25_dcache_1 net dummy_o[3][17] dummy_o[80]
a25_dcache_1 net dummy_o[3][16] dummy_o[79]
a25_dcache_1 net dummy_o[3][15] dummy_o[78]
a25_dcache_1 net dummy_o[3][14] dummy_o[77]
a25_dcache_1 net dummy_o[3][13] dummy_o[76]
a25_dcache_1 net dummy_o[3][12] dummy_o[75]
a25_dcache_1 net dummy_o[3][11] dummy_o[74]
a25_dcache_1 net dummy_o[3][10] dummy_o[73]
a25_dcache_1 net dummy_o[3][9] dummy_o[72]
a25_dcache_1 net dummy_o[3][8] dummy_o[71]
a25_dcache_1 net dummy_o[3][7] dummy_o[70]
a25_dcache_1 net dummy_o[3][6] dummy_o[69]
a25_dcache_1 net dummy_o[3][5] dummy_o[68]
a25_dcache_1 net dummy_o[3][4] dummy_o[67]
a25_dcache_1 net dummy_o[3][3] dummy_o[66]
a25_dcache_1 net dummy_o[3][2] dummy_o[65]
a25_dcache_1 net dummy_o[3][1] dummy_o[64]
a25_dcache_1 net dummy_o[3][0] dummy_o[63]
a25_dcache_1 net dummy_o[2][20] dummy_o[62]
a25_dcache_1 net dummy_o[2][19] dummy_o[61]
a25_dcache_1 net dummy_o[2][18] dummy_o[60]
a25_dcache_1 net dummy_o[2][17] dummy_o[59]
a25_dcache_1 net dummy_o[2][16] dummy_o[58]
a25_dcache_1 net dummy_o[2][15] dummy_o[57]
a25_dcache_1 net dummy_o[2][14] dummy_o[56]
a25_dcache_1 net dummy_o[2][13] dummy_o[55]
a25_dcache_1 net dummy_o[2][12] dummy_o[54]
a25_dcache_1 net dummy_o[2][11] dummy_o[53]
a25_dcache_1 net dummy_o[2][10] dummy_o[52]
a25_dcache_1 net dummy_o[2][9] dummy_o[51]
a25_dcache_1 net dummy_o[2][8] dummy_o[50]
a25_dcache_1 net dummy_o[2][7] dummy_o[49]
a25_dcache_1 net dummy_o[2][6] dummy_o[48]
a25_dcache_1 net dummy_o[2][5] dummy_o[47]
a25_dcache_1 net dummy_o[2][4] dummy_o[46]
a25_dcache_1 net dummy_o[2][3] dummy_o[45]
a25_dcache_1 net dummy_o[2][2] dummy_o[44]
a25_dcache_1 net dummy_o[2][1] dummy_o[43]
a25_dcache_1 net dummy_o[2][0] dummy_o[42]
a25_dcache_1 net dummy_o[1][20] dummy_o[41]
a25_dcache_1 net dummy_o[1][19] dummy_o[40]
a25_dcache_1 net dummy_o[1][18] dummy_o[39]
a25_dcache_1 net dummy_o[1][17] dummy_o[38]
a25_dcache_1 net dummy_o[1][16] dummy_o[37]
a25_dcache_1 net dummy_o[1][15] dummy_o[36]
a25_dcache_1 net dummy_o[1][14] dummy_o[35]
a25_dcache_1 net dummy_o[1][13] dummy_o[34]
a25_dcache_1 net dummy_o[1][12] dummy_o[33]
a25_dcache_1 net dummy_o[1][11] dummy_o[32]
a25_dcache_1 net dummy_o[1][10] dummy_o[31]
a25_dcache_1 net dummy_o[1][9] dummy_o[30]
a25_dcache_1 net dummy_o[1][8] dummy_o[29]
a25_dcache_1 net dummy_o[1][7] dummy_o[28]
a25_dcache_1 net dummy_o[1][6] dummy_o[27]
a25_dcache_1 net dummy_o[1][5] dummy_o[26]
a25_dcache_1 net dummy_o[1][4] dummy_o[25]
a25_dcache_1 net dummy_o[1][3] dummy_o[24]
a25_dcache_1 net dummy_o[1][2] dummy_o[23]
a25_dcache_1 net dummy_o[1][1] dummy_o[22]
a25_dcache_1 net dummy_o[1][0] dummy_o[21]
a25_dcache_1 net dummy_o[0][20] dummy_o[20]
a25_dcache_1 net dummy_o[0][19] dummy_o[19]
a25_dcache_1 net dummy_o[0][18] dummy_o[18]
a25_dcache_1 net dummy_o[0][17] dummy_o[17]
a25_dcache_1 net dummy_o[0][16] dummy_o[16]
a25_dcache_1 net dummy_o[0][15] dummy_o[15]
a25_dcache_1 net dummy_o[0][14] dummy_o[14]
a25_dcache_1 net dummy_o[0][13] dummy_o[13]
a25_dcache_1 net dummy_o[0][12] dummy_o[12]
a25_dcache_1 net dummy_o[0][11] dummy_o[11]
a25_dcache_1 net dummy_o[0][10] dummy_o[10]
a25_dcache_1 net dummy_o[0][9] dummy_o[9]
a25_dcache_1 net dummy_o[0][8] dummy_o[8]
a25_dcache_1 net dummy_o[0][7] dummy_o[7]
a25_dcache_1 net dummy_o[0][6] dummy_o[6]
a25_dcache_1 net dummy_o[0][5] dummy_o[5]
a25_dcache_1 net dummy_o[0][4] dummy_o[4]
a25_dcache_1 net dummy_o[0][3] dummy_o[3]
a25_dcache_1 net dummy_o[0][2] dummy_o[2]
a25_dcache_1 net dummy_o[0][1] dummy_o[1]
a25_dcache_1 net dummy_o[0][0] dummy_o[0]
a25_dcache_1 net *Logic0* n_Logic0_
a25_dcache_0 cell rams[0].myram rams_0__myram
a25_dcache_0 cell rams[1].myram rams_1__myram
a25_dcache_0 cell rams[2].myram rams_2__myram
a25_dcache_0 cell rams[3].myram rams_3__myram
a25_dcache_0 cell valid_bits_r_reg[0] valid_bits_r_reg_0_
a25_dcache_0 cell select_way_reg[1] select_way_reg_1_
a25_dcache_0 cell c_state_reg[1] c_state_reg_1_
a25_dcache_0 cell valid_bits_r_reg[1] valid_bits_r_reg_1_
a25_dcache_0 cell c_state_reg[0] c_state_reg_0_
a25_dcache_0 cell random_num_reg[0] random_num_reg_0_
a25_dcache_0 cell random_num_reg[1] random_num_reg_1_
a25_dcache_0 cell c_state_reg[2] c_state_reg_2_
a25_dcache_0 cell c_state_reg[3] c_state_reg_3_
a25_dcache_0 cell init_count_reg[8] init_count_reg_8_
a25_dcache_0 cell init_count_reg[0] init_count_reg_0_
a25_dcache_0 cell init_count_reg[7] init_count_reg_7_
a25_dcache_0 cell init_count_reg[6] init_count_reg_6_
a25_dcache_0 cell init_count_reg[5] init_count_reg_5_
a25_dcache_0 cell init_count_reg[4] init_count_reg_4_
a25_dcache_0 cell init_count_reg[3] init_count_reg_3_
a25_dcache_0 cell init_count_reg[1] init_count_reg_1_
a25_dcache_0 cell source_sel_reg[0] source_sel_reg_0_
a25_dcache_0 cell source_sel_reg[3] source_sel_reg_3_
a25_dcache_0 cell source_sel_reg[1] source_sel_reg_1_
a25_dcache_0 cell wb_address_reg[3] wb_address_reg_3_
a25_dcache_0 cell miss_address_reg[4] miss_address_reg_4_
a25_dcache_0 cell miss_address_reg[31] miss_address_reg_31_
a25_dcache_0 cell miss_address_reg[30] miss_address_reg_30_
a25_dcache_0 cell miss_address_reg[29] miss_address_reg_29_
a25_dcache_0 cell miss_address_reg[28] miss_address_reg_28_
a25_dcache_0 cell miss_address_reg[27] miss_address_reg_27_
a25_dcache_0 cell miss_address_reg[26] miss_address_reg_26_
a25_dcache_0 cell miss_address_reg[25] miss_address_reg_25_
a25_dcache_0 cell miss_address_reg[24] miss_address_reg_24_
a25_dcache_0 cell miss_address_reg[23] miss_address_reg_23_
a25_dcache_0 cell miss_address_reg[22] miss_address_reg_22_
a25_dcache_0 cell miss_address_reg[21] miss_address_reg_21_
a25_dcache_0 cell miss_address_reg[20] miss_address_reg_20_
a25_dcache_0 cell miss_address_reg[19] miss_address_reg_19_
a25_dcache_0 cell miss_address_reg[18] miss_address_reg_18_
a25_dcache_0 cell miss_address_reg[17] miss_address_reg_17_
a25_dcache_0 cell miss_address_reg[16] miss_address_reg_16_
a25_dcache_0 cell miss_address_reg[15] miss_address_reg_15_
a25_dcache_0 cell miss_address_reg[14] miss_address_reg_14_
a25_dcache_0 cell miss_address_reg[13] miss_address_reg_13_
a25_dcache_0 cell miss_address_reg[12] miss_address_reg_12_
a25_dcache_0 cell miss_address_reg[11] miss_address_reg_11_
a25_dcache_0 cell miss_address_reg[10] miss_address_reg_10_
a25_dcache_0 cell miss_address_reg[8] miss_address_reg_8_
a25_dcache_0 cell miss_address_reg[7] miss_address_reg_7_
a25_dcache_0 cell miss_address_reg[6] miss_address_reg_6_
a25_dcache_0 cell miss_address_reg[5] miss_address_reg_5_
a25_dcache_0 cell wb_address_reg[0] wb_address_reg_0_
a25_dcache_0 cell wb_address_reg[4] wb_address_reg_4_
a25_dcache_0 cell wb_address_reg[5] wb_address_reg_5_
a25_dcache_0 cell wb_address_reg[6] wb_address_reg_6_
a25_dcache_0 cell wb_address_reg[7] wb_address_reg_7_
a25_dcache_0 cell wb_address_reg[8] wb_address_reg_8_
a25_dcache_0 cell wb_address_reg[9] wb_address_reg_9_
a25_dcache_0 cell wb_address_reg[10] wb_address_reg_10_
a25_dcache_0 cell wb_address_reg[11] wb_address_reg_11_
a25_dcache_0 cell wb_address_reg[12] wb_address_reg_12_
a25_dcache_0 cell wb_address_reg[14] wb_address_reg_14_
a25_dcache_0 cell wb_address_reg[15] wb_address_reg_15_
a25_dcache_0 cell wb_address_reg[16] wb_address_reg_16_
a25_dcache_0 cell wb_address_reg[17] wb_address_reg_17_
a25_dcache_0 cell wb_address_reg[18] wb_address_reg_18_
a25_dcache_0 cell wb_address_reg[19] wb_address_reg_19_
a25_dcache_0 cell wb_address_reg[20] wb_address_reg_20_
a25_dcache_0 cell wb_address_reg[21] wb_address_reg_21_
a25_dcache_0 cell wb_address_reg[22] wb_address_reg_22_
a25_dcache_0 cell wb_address_reg[23] wb_address_reg_23_
a25_dcache_0 cell wb_address_reg[24] wb_address_reg_24_
a25_dcache_0 cell wb_address_reg[25] wb_address_reg_25_
a25_dcache_0 cell wb_address_reg[26] wb_address_reg_26_
a25_dcache_0 cell wb_address_reg[27] wb_address_reg_27_
a25_dcache_0 cell wb_address_reg[28] wb_address_reg_28_
a25_dcache_0 cell wb_address_reg[29] wb_address_reg_29_
a25_dcache_0 cell wb_address_reg[30] wb_address_reg_30_
a25_dcache_0 cell wb_address_reg[31] wb_address_reg_31_
a25_dcache_0 cell wb_address_reg[1] wb_address_reg_1_
a25_dcache_0 cell ex_read_address_reg[0] ex_read_address_reg_0_
a25_dcache_0 cell ex_read_address_reg[7] ex_read_address_reg_7_
a25_dcache_0 cell ex_read_address_reg[6] ex_read_address_reg_6_
a25_dcache_0 cell ex_read_address_reg[5] ex_read_address_reg_5_
a25_dcache_0 cell ex_read_address_reg[4] ex_read_address_reg_4_
a25_dcache_0 cell ex_read_address_reg[3] ex_read_address_reg_3_
a25_dcache_0 cell ex_read_address_reg[2] ex_read_address_reg_2_
a25_dcache_0 cell ex_read_address_reg[1] ex_read_address_reg_1_
a25_dcache_0 cell ex_read_hit_way_reg[3] ex_read_hit_way_reg_3_
a25_dcache_0 cell select_way_reg[3] select_way_reg_3_
a25_dcache_0 cell valid_bits_r_reg[3] valid_bits_r_reg_3_
a25_dcache_0 cell select_way_reg[0] select_way_reg_0_
a25_dcache_0 cell ex_read_hit_way_reg[0] ex_read_hit_way_reg_0_
a25_dcache_0 cell valid_bits_r_reg[2] valid_bits_r_reg_2_
a25_dcache_0 cell ex_read_hit_way_reg[2] ex_read_hit_way_reg_2_
a25_dcache_0 cell ex_read_hit_way_reg[1] ex_read_hit_way_reg_1_
a25_dcache_0 cell wb_address_reg[2] wb_address_reg_2_
a25_dcache_0 cell source_sel_reg[2] source_sel_reg_2_
a25_dcache_0 cell miss_address_reg[9] miss_address_reg_9_
a25_dcache_0 cell wb_address_reg[13] wb_address_reg_13_
a25_dcache_0 cell random_num_reg[2] random_num_reg_2_
a25_dcache_0 cell random_num_reg[3] random_num_reg_3_
a25_dcache_0 cell init_count_reg[2] init_count_reg_2_
a25_dcache_0 cell select_way_reg[2] select_way_reg_2_
a25_dcache_0 net dummy_o[3][20] dummy_o[83]
a25_dcache_0 net dummy_o[3][19] dummy_o[82]
a25_dcache_0 net dummy_o[3][18] dummy_o[81]
a25_dcache_0 net dummy_o[3][17] dummy_o[80]
a25_dcache_0 net dummy_o[3][16] dummy_o[79]
a25_dcache_0 net dummy_o[3][15] dummy_o[78]
a25_dcache_0 net dummy_o[3][14] dummy_o[77]
a25_dcache_0 net dummy_o[3][13] dummy_o[76]
a25_dcache_0 net dummy_o[3][12] dummy_o[75]
a25_dcache_0 net dummy_o[3][11] dummy_o[74]
a25_dcache_0 net dummy_o[3][10] dummy_o[73]
a25_dcache_0 net dummy_o[3][9] dummy_o[72]
a25_dcache_0 net dummy_o[3][8] dummy_o[71]
a25_dcache_0 net dummy_o[3][7] dummy_o[70]
a25_dcache_0 net dummy_o[3][6] dummy_o[69]
a25_dcache_0 net dummy_o[3][5] dummy_o[68]
a25_dcache_0 net dummy_o[3][4] dummy_o[67]
a25_dcache_0 net dummy_o[3][3] dummy_o[66]
a25_dcache_0 net dummy_o[3][2] dummy_o[65]
a25_dcache_0 net dummy_o[3][1] dummy_o[64]
a25_dcache_0 net dummy_o[3][0] dummy_o[63]
a25_dcache_0 net dummy_o[2][20] dummy_o[62]
a25_dcache_0 net dummy_o[2][19] dummy_o[61]
a25_dcache_0 net dummy_o[2][18] dummy_o[60]
a25_dcache_0 net dummy_o[2][17] dummy_o[59]
a25_dcache_0 net dummy_o[2][16] dummy_o[58]
a25_dcache_0 net dummy_o[2][15] dummy_o[57]
a25_dcache_0 net dummy_o[2][14] dummy_o[56]
a25_dcache_0 net dummy_o[2][13] dummy_o[55]
a25_dcache_0 net dummy_o[2][12] dummy_o[54]
a25_dcache_0 net dummy_o[2][11] dummy_o[53]
a25_dcache_0 net dummy_o[2][10] dummy_o[52]
a25_dcache_0 net dummy_o[2][9] dummy_o[51]
a25_dcache_0 net dummy_o[2][8] dummy_o[50]
a25_dcache_0 net dummy_o[2][7] dummy_o[49]
a25_dcache_0 net dummy_o[2][6] dummy_o[48]
a25_dcache_0 net dummy_o[2][5] dummy_o[47]
a25_dcache_0 net dummy_o[2][4] dummy_o[46]
a25_dcache_0 net dummy_o[2][3] dummy_o[45]
a25_dcache_0 net dummy_o[2][2] dummy_o[44]
a25_dcache_0 net dummy_o[2][1] dummy_o[43]
a25_dcache_0 net dummy_o[2][0] dummy_o[42]
a25_dcache_0 net dummy_o[1][20] dummy_o[41]
a25_dcache_0 net dummy_o[1][19] dummy_o[40]
a25_dcache_0 net dummy_o[1][18] dummy_o[39]
a25_dcache_0 net dummy_o[1][17] dummy_o[38]
a25_dcache_0 net dummy_o[1][16] dummy_o[37]
a25_dcache_0 net dummy_o[1][15] dummy_o[36]
a25_dcache_0 net dummy_o[1][14] dummy_o[35]
a25_dcache_0 net dummy_o[1][13] dummy_o[34]
a25_dcache_0 net dummy_o[1][12] dummy_o[33]
a25_dcache_0 net dummy_o[1][11] dummy_o[32]
a25_dcache_0 net dummy_o[1][10] dummy_o[31]
a25_dcache_0 net dummy_o[1][9] dummy_o[30]
a25_dcache_0 net dummy_o[1][8] dummy_o[29]
a25_dcache_0 net dummy_o[1][7] dummy_o[28]
a25_dcache_0 net dummy_o[1][6] dummy_o[27]
a25_dcache_0 net dummy_o[1][5] dummy_o[26]
a25_dcache_0 net dummy_o[1][4] dummy_o[25]
a25_dcache_0 net dummy_o[1][3] dummy_o[24]
a25_dcache_0 net dummy_o[1][2] dummy_o[23]
a25_dcache_0 net dummy_o[1][1] dummy_o[22]
a25_dcache_0 net dummy_o[1][0] dummy_o[21]
a25_dcache_0 net dummy_o[0][20] dummy_o[20]
a25_dcache_0 net dummy_o[0][19] dummy_o[19]
a25_dcache_0 net dummy_o[0][18] dummy_o[18]
a25_dcache_0 net dummy_o[0][17] dummy_o[17]
a25_dcache_0 net dummy_o[0][16] dummy_o[16]
a25_dcache_0 net dummy_o[0][15] dummy_o[15]
a25_dcache_0 net dummy_o[0][14] dummy_o[14]
a25_dcache_0 net dummy_o[0][13] dummy_o[13]
a25_dcache_0 net dummy_o[0][12] dummy_o[12]
a25_dcache_0 net dummy_o[0][11] dummy_o[11]
a25_dcache_0 net dummy_o[0][10] dummy_o[10]
a25_dcache_0 net dummy_o[0][9] dummy_o[9]
a25_dcache_0 net dummy_o[0][8] dummy_o[8]
a25_dcache_0 net dummy_o[0][7] dummy_o[7]
a25_dcache_0 net dummy_o[0][6] dummy_o[6]
a25_dcache_0 net dummy_o[0][5] dummy_o[5]
a25_dcache_0 net dummy_o[0][4] dummy_o[4]
a25_dcache_0 net dummy_o[0][3] dummy_o[3]
a25_dcache_0 net dummy_o[0][2] dummy_o[2]
a25_dcache_0 net dummy_o[0][1] dummy_o[1]
a25_dcache_0 net dummy_o[0][0] dummy_o[0]
a25_dcache_0 net *Logic0* n_Logic0_
eth_clockgen cell Counter_reg[0] Counter_reg_0_
eth_clockgen cell Counter_reg[1] Counter_reg_1_
eth_clockgen cell Counter_reg[2] Counter_reg_2_
eth_clockgen cell Counter_reg[3] Counter_reg_3_
eth_clockgen cell Counter_reg[4] Counter_reg_4_
eth_clockgen cell Counter_reg[6] Counter_reg_6_
eth_clockgen cell Counter_reg[7] Counter_reg_7_
eth_clockgen cell Counter_reg[5] Counter_reg_5_
eth_clockgen net TempDivider[1] TempDivider_1_
eth_shiftreg cell ShiftReg_reg[0] ShiftReg_reg_0_
eth_shiftreg cell ShiftReg_reg[1] ShiftReg_reg_1_
eth_shiftreg cell ShiftReg_reg[2] ShiftReg_reg_2_
eth_shiftreg cell ShiftReg_reg[3] ShiftReg_reg_3_
eth_shiftreg cell ShiftReg_reg[4] ShiftReg_reg_4_
eth_shiftreg cell ShiftReg_reg[5] ShiftReg_reg_5_
eth_shiftreg cell ShiftReg_reg[6] ShiftReg_reg_6_
eth_shiftreg cell ShiftReg_reg[7] ShiftReg_reg_7_
eth_shiftreg cell Prsd_reg[15] Prsd_reg_15_
eth_shiftreg cell Prsd_reg[14] Prsd_reg_14_
eth_shiftreg cell Prsd_reg[13] Prsd_reg_13_
eth_shiftreg cell Prsd_reg[11] Prsd_reg_11_
eth_shiftreg cell Prsd_reg[10] Prsd_reg_10_
eth_shiftreg cell Prsd_reg[9] Prsd_reg_9_
eth_shiftreg cell Prsd_reg[8] Prsd_reg_8_
eth_shiftreg cell Prsd_reg[7] Prsd_reg_7_
eth_shiftreg cell Prsd_reg[6] Prsd_reg_6_
eth_shiftreg cell Prsd_reg[5] Prsd_reg_5_
eth_shiftreg cell Prsd_reg[4] Prsd_reg_4_
eth_shiftreg cell Prsd_reg[3] Prsd_reg_3_
eth_shiftreg cell Prsd_reg[2] Prsd_reg_2_
eth_shiftreg cell Prsd_reg[1] Prsd_reg_1_
eth_shiftreg cell Prsd_reg[0] Prsd_reg_0_
eth_shiftreg cell Prsd_reg[12] Prsd_reg_12_
eth_register_8_00_20 cell DataOut_reg[7] DataOut_reg_7_
eth_register_8_00_20 cell DataOut_reg[6] DataOut_reg_6_
eth_register_8_00_20 cell DataOut_reg[5] DataOut_reg_5_
eth_register_8_00_20 cell DataOut_reg[4] DataOut_reg_4_
eth_register_8_00_20 cell DataOut_reg[3] DataOut_reg_3_
eth_register_8_00_20 cell DataOut_reg[2] DataOut_reg_2_
eth_register_8_00_20 cell DataOut_reg[1] DataOut_reg_1_
eth_register_8_00_20 cell DataOut_reg[0] DataOut_reg_0_
eth_register_8_a0 cell DataOut_reg[7] DataOut_reg_7_
eth_register_8_a0 cell DataOut_reg[6] DataOut_reg_6_
eth_register_8_a0 cell DataOut_reg[4] DataOut_reg_4_
eth_register_8_a0 cell DataOut_reg[3] DataOut_reg_3_
eth_register_8_a0 cell DataOut_reg[2] DataOut_reg_2_
eth_register_8_a0 cell DataOut_reg[1] DataOut_reg_1_
eth_register_8_a0 cell DataOut_reg[0] DataOut_reg_0_
eth_register_8_a0 cell DataOut_reg[5] DataOut_reg_5_
eth_register_8_a0 net *Logic0* n_Logic0_
eth_register_1_0_2 cell DataOut_reg[0] DataOut_reg_0_
eth_register_1_0_2 net DataOut[0] DataOut
eth_register_1_0_2 net DataIn[0] DataIn
eth_register_7_00 cell DataOut_reg[6] DataOut_reg_6_
eth_register_7_00 cell DataOut_reg[5] DataOut_reg_5_
eth_register_7_00 cell DataOut_reg[4] DataOut_reg_4_
eth_register_7_00 cell DataOut_reg[3] DataOut_reg_3_
eth_register_7_00 cell DataOut_reg[2] DataOut_reg_2_
eth_register_7_00 cell DataOut_reg[1] DataOut_reg_1_
eth_register_7_00 cell DataOut_reg[0] DataOut_reg_0_
eth_register_7_12_1 cell DataOut_reg[6] DataOut_reg_6_
eth_register_7_12_1 cell DataOut_reg[3] DataOut_reg_3_
eth_register_7_12_1 cell DataOut_reg[2] DataOut_reg_2_
eth_register_7_12_1 cell DataOut_reg[1] DataOut_reg_1_
eth_register_7_12_1 cell DataOut_reg[0] DataOut_reg_0_
eth_register_7_12_1 cell DataOut_reg[4] DataOut_reg_4_
eth_register_7_12_1 cell DataOut_reg[5] DataOut_reg_5_
eth_register_7_0c cell DataOut_reg[6] DataOut_reg_6_
eth_register_7_0c cell DataOut_reg[5] DataOut_reg_5_
eth_register_7_0c cell DataOut_reg[4] DataOut_reg_4_
eth_register_7_0c cell DataOut_reg[3] DataOut_reg_3_
eth_register_7_0c cell DataOut_reg[2] DataOut_reg_2_
eth_register_7_0c cell DataOut_reg[1] DataOut_reg_1_
eth_register_7_0c cell DataOut_reg[0] DataOut_reg_0_
eth_register_8_06 cell DataOut_reg[7] DataOut_reg_7_
eth_register_8_06 cell DataOut_reg[6] DataOut_reg_6_
eth_register_8_06 cell DataOut_reg[4] DataOut_reg_4_
eth_register_8_06 cell DataOut_reg[3] DataOut_reg_3_
eth_register_8_06 cell DataOut_reg[2] DataOut_reg_2_
eth_register_8_06 cell DataOut_reg[1] DataOut_reg_1_
eth_register_8_06 cell DataOut_reg[0] DataOut_reg_0_
eth_register_8_06 cell DataOut_reg[5] DataOut_reg_5_
eth_register_8_40_1 cell DataOut_reg[7] DataOut_reg_7_
eth_register_8_40_1 cell DataOut_reg[6] DataOut_reg_6_
eth_register_8_40_1 cell DataOut_reg[5] DataOut_reg_5_
eth_register_8_40_1 cell DataOut_reg[4] DataOut_reg_4_
eth_register_8_40_1 cell DataOut_reg[3] DataOut_reg_3_
eth_register_8_40_1 cell DataOut_reg[2] DataOut_reg_2_
eth_register_8_40_1 cell DataOut_reg[1] DataOut_reg_1_
eth_register_8_40_1 cell DataOut_reg[0] DataOut_reg_0_
eth_register_6_3f cell DataOut_reg[5] DataOut_reg_5_
eth_register_6_3f cell DataOut_reg[2] DataOut_reg_2_
eth_register_6_3f cell DataOut_reg[1] DataOut_reg_1_
eth_register_6_3f cell DataOut_reg[0] DataOut_reg_0_
eth_register_6_3f cell DataOut_reg[3] DataOut_reg_3_
eth_register_6_3f cell DataOut_reg[4] DataOut_reg_4_
eth_register_4_f cell DataOut_reg[3] DataOut_reg_3_
eth_register_4_f cell DataOut_reg[2] DataOut_reg_2_
eth_register_4_f cell DataOut_reg[1] DataOut_reg_1_
eth_register_4_f cell DataOut_reg[0] DataOut_reg_0_
eth_register_3_0 cell DataOut_reg[2] DataOut_reg_2_
eth_register_3_0 cell DataOut_reg[1] DataOut_reg_1_
eth_register_3_0 cell DataOut_reg[0] DataOut_reg_0_
eth_register_8_64 cell DataOut_reg[7] DataOut_reg_7_
eth_register_8_64 cell DataOut_reg[6] DataOut_reg_6_
eth_register_8_64 cell DataOut_reg[5] DataOut_reg_5_
eth_register_8_64 cell DataOut_reg[3] DataOut_reg_3_
eth_register_8_64 cell DataOut_reg[2] DataOut_reg_2_
eth_register_8_64 cell DataOut_reg[1] DataOut_reg_1_
eth_register_8_64 cell DataOut_reg[0] DataOut_reg_0_
eth_register_8_64 cell DataOut_reg[4] DataOut_reg_4_
eth_register_WIDTH1_RESET_VALUE0_2 cell DataOut_reg[0] DataOut_reg_0_
eth_register_WIDTH1_RESET_VALUE0_2 net DataOut[0] DataOut
eth_register_WIDTH1_RESET_VALUE0_2 net DataIn[0] DataIn
eth_register_WIDTH1_RESET_VALUE0_1 cell DataOut_reg[0] DataOut_reg_0_
eth_register_WIDTH1_RESET_VALUE0_1 net DataOut[0] DataOut
eth_register_WIDTH1_RESET_VALUE0_1 net DataIn[0] DataIn
eth_register_5_00_1 cell DataOut_reg[4] DataOut_reg_4_
eth_register_5_00_1 cell DataOut_reg[3] DataOut_reg_3_
eth_register_5_00_1 cell DataOut_reg[2] DataOut_reg_2_
eth_register_5_00_1 cell DataOut_reg[1] DataOut_reg_1_
eth_register_5_00_1 cell DataOut_reg[0] DataOut_reg_0_
eth_register_16_0000 cell DataOut_reg[15] DataOut_reg_15_
eth_register_16_0000 cell DataOut_reg[14] DataOut_reg_14_
eth_register_16_0000 cell DataOut_reg[13] DataOut_reg_13_
eth_register_16_0000 cell DataOut_reg[11] DataOut_reg_11_
eth_register_16_0000 cell DataOut_reg[10] DataOut_reg_10_
eth_register_16_0000 cell DataOut_reg[9] DataOut_reg_9_
eth_register_16_0000 cell DataOut_reg[8] DataOut_reg_8_
eth_register_16_0000 cell DataOut_reg[7] DataOut_reg_7_
eth_register_16_0000 cell DataOut_reg[6] DataOut_reg_6_
eth_register_16_0000 cell DataOut_reg[5] DataOut_reg_5_
eth_register_16_0000 cell DataOut_reg[4] DataOut_reg_4_
eth_register_16_0000 cell DataOut_reg[3] DataOut_reg_3_
eth_register_16_0000 cell DataOut_reg[2] DataOut_reg_2_
eth_register_16_0000 cell DataOut_reg[1] DataOut_reg_1_
eth_register_16_0000 cell DataOut_reg[0] DataOut_reg_0_
eth_register_16_0000 cell DataOut_reg[12] DataOut_reg_12_
eth_register_1_0_0 cell DataOut_reg[0] DataOut_reg_0_
eth_register_1_0_0 net DataOut[0] DataOut
eth_register_1_0_0 net DataIn[0] DataIn
eth_receivecontrol cell DlyCrcCnt_reg[0] DlyCrcCnt_reg_0_
eth_receivecontrol cell DlyCrcCnt_reg[2] DlyCrcCnt_reg_2_
eth_receivecontrol cell ByteCnt_reg[4] ByteCnt_reg_4_
eth_receivecontrol cell ByteCnt_reg[3] ByteCnt_reg_3_
eth_receivecontrol cell ByteCnt_reg[2] ByteCnt_reg_2_
eth_receivecontrol cell AssembledTimerValue_reg[0] AssembledTimerValue_reg_0_
eth_receivecontrol cell AssembledTimerValue_reg[1] AssembledTimerValue_reg_1_
eth_receivecontrol cell AssembledTimerValue_reg[2] AssembledTimerValue_reg_2_
eth_receivecontrol cell AssembledTimerValue_reg[3] AssembledTimerValue_reg_3_
eth_receivecontrol cell AssembledTimerValue_reg[4] AssembledTimerValue_reg_4_
eth_receivecontrol cell AssembledTimerValue_reg[5] AssembledTimerValue_reg_5_
eth_receivecontrol cell AssembledTimerValue_reg[6] AssembledTimerValue_reg_6_
eth_receivecontrol cell AssembledTimerValue_reg[7] AssembledTimerValue_reg_7_
eth_receivecontrol cell AssembledTimerValue_reg[8] AssembledTimerValue_reg_8_
eth_receivecontrol cell AssembledTimerValue_reg[10] AssembledTimerValue_reg_10_
eth_receivecontrol cell AssembledTimerValue_reg[11] AssembledTimerValue_reg_11_
eth_receivecontrol cell AssembledTimerValue_reg[12] AssembledTimerValue_reg_12_
eth_receivecontrol cell AssembledTimerValue_reg[13] AssembledTimerValue_reg_13_
eth_receivecontrol cell AssembledTimerValue_reg[14] AssembledTimerValue_reg_14_
eth_receivecontrol cell AssembledTimerValue_reg[15] AssembledTimerValue_reg_15_
eth_receivecontrol cell LatchedTimerValue_reg[0] LatchedTimerValue_reg_0_
eth_receivecontrol cell LatchedTimerValue_reg[15] LatchedTimerValue_reg_15_
eth_receivecontrol cell LatchedTimerValue_reg[14] LatchedTimerValue_reg_14_
eth_receivecontrol cell LatchedTimerValue_reg[13] LatchedTimerValue_reg_13_
eth_receivecontrol cell LatchedTimerValue_reg[11] LatchedTimerValue_reg_11_
eth_receivecontrol cell LatchedTimerValue_reg[10] LatchedTimerValue_reg_10_
eth_receivecontrol cell LatchedTimerValue_reg[9] LatchedTimerValue_reg_9_
eth_receivecontrol cell LatchedTimerValue_reg[8] LatchedTimerValue_reg_8_
eth_receivecontrol cell LatchedTimerValue_reg[7] LatchedTimerValue_reg_7_
eth_receivecontrol cell LatchedTimerValue_reg[6] LatchedTimerValue_reg_6_
eth_receivecontrol cell LatchedTimerValue_reg[5] LatchedTimerValue_reg_5_
eth_receivecontrol cell LatchedTimerValue_reg[4] LatchedTimerValue_reg_4_
eth_receivecontrol cell LatchedTimerValue_reg[3] LatchedTimerValue_reg_3_
eth_receivecontrol cell LatchedTimerValue_reg[2] LatchedTimerValue_reg_2_
eth_receivecontrol cell LatchedTimerValue_reg[1] LatchedTimerValue_reg_1_
eth_receivecontrol cell SlotTimer_reg[0] SlotTimer_reg_0_
eth_receivecontrol cell PauseTimer_reg[1] PauseTimer_reg_1_
eth_receivecontrol cell PauseTimer_reg[0] PauseTimer_reg_0_
eth_receivecontrol cell PauseTimer_reg[3] PauseTimer_reg_3_
eth_receivecontrol cell PauseTimer_reg[4] PauseTimer_reg_4_
eth_receivecontrol cell PauseTimer_reg[5] PauseTimer_reg_5_
eth_receivecontrol cell PauseTimer_reg[6] PauseTimer_reg_6_
eth_receivecontrol cell PauseTimer_reg[7] PauseTimer_reg_7_
eth_receivecontrol cell PauseTimer_reg[8] PauseTimer_reg_8_
eth_receivecontrol cell PauseTimer_reg[9] PauseTimer_reg_9_
eth_receivecontrol cell PauseTimer_reg[10] PauseTimer_reg_10_
eth_receivecontrol cell PauseTimer_reg[11] PauseTimer_reg_11_
eth_receivecontrol cell PauseTimer_reg[12] PauseTimer_reg_12_
eth_receivecontrol cell PauseTimer_reg[13] PauseTimer_reg_13_
eth_receivecontrol cell PauseTimer_reg[14] PauseTimer_reg_14_
eth_receivecontrol cell PauseTimer_reg[15] PauseTimer_reg_15_
eth_receivecontrol cell SlotTimer_reg[5] SlotTimer_reg_5_
eth_receivecontrol cell SlotTimer_reg[4] SlotTimer_reg_4_
eth_receivecontrol cell SlotTimer_reg[3] SlotTimer_reg_3_
eth_receivecontrol cell SlotTimer_reg[2] SlotTimer_reg_2_
eth_receivecontrol cell SlotTimer_reg[1] SlotTimer_reg_1_
eth_receivecontrol cell ByteCnt_reg[0] ByteCnt_reg_0_
eth_receivecontrol cell ByteCnt_reg[1] ByteCnt_reg_1_
eth_receivecontrol cell DlyCrcCnt_reg[1] DlyCrcCnt_reg_1_
eth_receivecontrol cell AssembledTimerValue_reg[9] AssembledTimerValue_reg_9_
eth_receivecontrol cell LatchedTimerValue_reg[12] LatchedTimerValue_reg_12_
eth_receivecontrol cell PauseTimer_reg[2] PauseTimer_reg_2_
eth_receivecontrol net *Logic0* n_Logic0_
eth_transmitcontrol cell DlyCrcCnt_reg[2] DlyCrcCnt_reg_2_
eth_transmitcontrol cell DlyCrcCnt_reg[1] DlyCrcCnt_reg_1_
eth_transmitcontrol cell DlyCrcCnt_reg[0] DlyCrcCnt_reg_0_
eth_transmitcontrol cell ByteCnt_reg[4] ByteCnt_reg_4_
eth_transmitcontrol cell ByteCnt_reg[3] ByteCnt_reg_3_
eth_transmitcontrol cell ByteCnt_reg[1] ByteCnt_reg_1_
eth_transmitcontrol cell ControlData_reg[7] ControlData_reg_7_
eth_transmitcontrol cell ControlData_reg[6] ControlData_reg_6_
eth_transmitcontrol cell ControlData_reg[5] ControlData_reg_5_
eth_transmitcontrol cell ControlData_reg[4] ControlData_reg_4_
eth_transmitcontrol cell ControlData_reg[2] ControlData_reg_2_
eth_transmitcontrol cell ControlData_reg[1] ControlData_reg_1_
eth_transmitcontrol cell ControlData_reg[0] ControlData_reg_0_
eth_transmitcontrol cell ByteCnt_reg[0] ByteCnt_reg_0_
eth_transmitcontrol cell ByteCnt_reg[5] ByteCnt_reg_5_
eth_transmitcontrol cell ByteCnt_reg[2] ByteCnt_reg_2_
eth_transmitcontrol cell ControlData_reg[3] ControlData_reg_3_
eth_transmitcontrol net *Logic0* n_Logic0_
eth_txcounters cell NibCnt_reg[0] NibCnt_reg_0_
eth_txcounters cell NibCnt_reg[13] NibCnt_reg_13_
eth_txcounters cell NibCnt_reg[3] NibCnt_reg_3_
eth_txcounters cell NibCnt_reg[1] NibCnt_reg_1_
eth_txcounters cell NibCnt_reg[2] NibCnt_reg_2_
eth_txcounters cell NibCnt_reg[4] NibCnt_reg_4_
eth_txcounters cell NibCnt_reg[5] NibCnt_reg_5_
eth_txcounters cell NibCnt_reg[6] NibCnt_reg_6_
eth_txcounters cell NibCnt_reg[8] NibCnt_reg_8_
eth_txcounters cell NibCnt_reg[9] NibCnt_reg_9_
eth_txcounters cell NibCnt_reg[10] NibCnt_reg_10_
eth_txcounters cell NibCnt_reg[11] NibCnt_reg_11_
eth_txcounters cell NibCnt_reg[12] NibCnt_reg_12_
eth_txcounters cell NibCnt_reg[14] NibCnt_reg_14_
eth_txcounters cell NibCnt_reg[15] NibCnt_reg_15_
eth_txcounters cell ByteCnt_reg[0] ByteCnt_reg_0_
eth_txcounters cell ByteCnt_reg[15] ByteCnt_reg_15_
eth_txcounters cell ByteCnt_reg[14] ByteCnt_reg_14_
eth_txcounters cell ByteCnt_reg[13] ByteCnt_reg_13_
eth_txcounters cell ByteCnt_reg[12] ByteCnt_reg_12_
eth_txcounters cell ByteCnt_reg[11] ByteCnt_reg_11_
eth_txcounters cell ByteCnt_reg[10] ByteCnt_reg_10_
eth_txcounters cell ByteCnt_reg[8] ByteCnt_reg_8_
eth_txcounters cell ByteCnt_reg[7] ByteCnt_reg_7_
eth_txcounters cell ByteCnt_reg[6] ByteCnt_reg_6_
eth_txcounters cell ByteCnt_reg[5] ByteCnt_reg_5_
eth_txcounters cell ByteCnt_reg[4] ByteCnt_reg_4_
eth_txcounters cell ByteCnt_reg[3] ByteCnt_reg_3_
eth_txcounters cell ByteCnt_reg[2] ByteCnt_reg_2_
eth_txcounters cell ByteCnt_reg[1] ByteCnt_reg_1_
eth_txcounters cell DlyCrcCnt_reg[0] DlyCrcCnt_reg_0_
eth_txcounters cell DlyCrcCnt_reg[1] DlyCrcCnt_reg_1_
eth_txcounters cell DlyCrcCnt_reg[2] DlyCrcCnt_reg_2_
eth_txcounters cell NibCnt_reg[7] NibCnt_reg_7_
eth_txcounters cell ByteCnt_reg[9] ByteCnt_reg_9_
eth_txstatem cell StateData_reg[0] StateData_reg_0_
eth_txstatem cell StateData_reg[1] StateData_reg_1_
eth_txstatem net *Logic0* n_Logic0_
eth_txstatem net ColWindow ColWindow_BAR
eth_crc_1 cell Crc_reg[0] Crc_reg_0_
eth_crc_1 cell Crc_reg[4] Crc_reg_4_
eth_crc_1 cell Crc_reg[8] Crc_reg_8_
eth_crc_1 cell Crc_reg[12] Crc_reg_12_
eth_crc_1 cell Crc_reg[16] Crc_reg_16_
eth_crc_1 cell Crc_reg[20] Crc_reg_20_
eth_crc_1 cell Crc_reg[28] Crc_reg_28_
eth_crc_1 cell Crc_reg[26] Crc_reg_26_
eth_crc_1 cell Crc_reg[30] Crc_reg_30_
eth_crc_1 cell Crc_reg[25] Crc_reg_25_
eth_crc_1 cell Crc_reg[29] Crc_reg_29_
eth_crc_1 cell Crc_reg[1] Crc_reg_1_
eth_crc_1 cell Crc_reg[3] Crc_reg_3_
eth_crc_1 cell Crc_reg[7] Crc_reg_7_
eth_crc_1 cell Crc_reg[27] Crc_reg_27_
eth_crc_1 cell Crc_reg[31] Crc_reg_31_
eth_crc_1 cell Crc_reg[5] Crc_reg_5_
eth_crc_1 cell Crc_reg[9] Crc_reg_9_
eth_crc_1 cell Crc_reg[13] Crc_reg_13_
eth_crc_1 cell Crc_reg[17] Crc_reg_17_
eth_crc_1 cell Crc_reg[11] Crc_reg_11_
eth_crc_1 cell Crc_reg[15] Crc_reg_15_
eth_crc_1 cell Crc_reg[19] Crc_reg_19_
eth_crc_1 cell Crc_reg[23] Crc_reg_23_
eth_crc_1 cell Crc_reg[2] Crc_reg_2_
eth_crc_1 cell Crc_reg[6] Crc_reg_6_
eth_crc_1 cell Crc_reg[10] Crc_reg_10_
eth_crc_1 cell Crc_reg[14] Crc_reg_14_
eth_crc_1 cell Crc_reg[18] Crc_reg_18_
eth_crc_1 cell Crc_reg[22] Crc_reg_22_
eth_crc_1 cell Crc_reg[24] Crc_reg_24_
eth_crc_1 cell Crc_reg[21] Crc_reg_21_
eth_random cell x_reg[0] x_reg_0_
eth_random cell x_reg[1] x_reg_1_
eth_random cell x_reg[2] x_reg_2_
eth_random cell x_reg[3] x_reg_3_
eth_random cell x_reg[5] x_reg_5_
eth_random cell x_reg[6] x_reg_6_
eth_random cell x_reg[7] x_reg_7_
eth_random cell x_reg[8] x_reg_8_
eth_random cell x_reg[9] x_reg_9_
eth_random cell RandomLatched_reg[9] RandomLatched_reg_9_
eth_random cell RandomLatched_reg[8] RandomLatched_reg_8_
eth_random cell RandomLatched_reg[7] RandomLatched_reg_7_
eth_random cell RandomLatched_reg[6] RandomLatched_reg_6_
eth_random cell RandomLatched_reg[5] RandomLatched_reg_5_
eth_random cell RandomLatched_reg[4] RandomLatched_reg_4_
eth_random cell RandomLatched_reg[3] RandomLatched_reg_3_
eth_random cell RandomLatched_reg[2] RandomLatched_reg_2_
eth_random cell RandomLatched_reg[1] RandomLatched_reg_1_
eth_random cell x_reg[4] x_reg_4_
eth_random cell RandomLatched_reg[0] RandomLatched_reg_0_
eth_random net *Logic0* n_Logic0_
eth_random net N38 RandomEq0
eth_rxcounters cell IFGCounter_reg[0] IFGCounter_reg_0_
eth_rxcounters cell IFGCounter_reg[4] IFGCounter_reg_4_
eth_rxcounters cell IFGCounter_reg[3] IFGCounter_reg_3_
eth_rxcounters cell IFGCounter_reg[2] IFGCounter_reg_2_
eth_rxcounters cell IFGCounter_reg[1] IFGCounter_reg_1_
eth_rxcounters cell DlyCrcCnt_reg[0] DlyCrcCnt_reg_0_
eth_rxcounters cell DlyCrcCnt_reg[2] DlyCrcCnt_reg_2_
eth_rxcounters cell DlyCrcCnt_reg[1] DlyCrcCnt_reg_1_
eth_rxcounters cell ByteCnt_reg[1] ByteCnt_reg_1_
eth_rxcounters cell ByteCnt_reg[2] ByteCnt_reg_2_
eth_rxcounters cell ByteCnt_reg[3] ByteCnt_reg_3_
eth_rxcounters cell ByteCnt_reg[4] ByteCnt_reg_4_
eth_rxcounters cell ByteCnt_reg[5] ByteCnt_reg_5_
eth_rxcounters cell ByteCnt_reg[6] ByteCnt_reg_6_
eth_rxcounters cell ByteCnt_reg[7] ByteCnt_reg_7_
eth_rxcounters cell ByteCnt_reg[8] ByteCnt_reg_8_
eth_rxcounters cell ByteCnt_reg[9] ByteCnt_reg_9_
eth_rxcounters cell ByteCnt_reg[10] ByteCnt_reg_10_
eth_rxcounters cell ByteCnt_reg[11] ByteCnt_reg_11_
eth_rxcounters cell ByteCnt_reg[12] ByteCnt_reg_12_
eth_rxcounters cell ByteCnt_reg[13] ByteCnt_reg_13_
eth_rxcounters cell ByteCnt_reg[14] ByteCnt_reg_14_
eth_rxcounters cell ByteCnt_reg[0] ByteCnt_reg_0_
eth_rxcounters cell DlyCrcCnt_reg[3] DlyCrcCnt_reg_3_
eth_rxcounters cell ByteCnt_reg[15] ByteCnt_reg_15_
eth_rxcounters net N94 ByteCntEq0
eth_rxcounters net N111 ByteCntEq1
eth_rxcounters net N128 ByteCntEq2
eth_rxcounters net N144 ByteCntEq3
eth_rxcounters net N161 ByteCntEq4
eth_rxcounters net N177 ByteCntEq5
eth_rxcounters net N193 ByteCntEq6
eth_rxcounters net N209 ByteCntEq7
eth_rxaddrcheck net *Logic0* n_Logic0_
eth_crc_0 cell Crc_reg[0] Crc_reg_0_
eth_crc_0 cell Crc_reg[4] Crc_reg_4_
eth_crc_0 cell Crc_reg[8] Crc_reg_8_
eth_crc_0 cell Crc_reg[12] Crc_reg_12_
eth_crc_0 cell Crc_reg[16] Crc_reg_16_
eth_crc_0 cell Crc_reg[20] Crc_reg_20_
eth_crc_0 cell Crc_reg[24] Crc_reg_24_
eth_crc_0 cell Crc_reg[28] Crc_reg_28_
eth_crc_0 cell Crc_reg[26] Crc_reg_26_
eth_crc_0 cell Crc_reg[25] Crc_reg_25_
eth_crc_0 cell Crc_reg[29] Crc_reg_29_
eth_crc_0 cell Crc_reg[1] Crc_reg_1_
eth_crc_0 cell Crc_reg[3] Crc_reg_3_
eth_crc_0 cell Crc_reg[7] Crc_reg_7_
eth_crc_0 cell Crc_reg[27] Crc_reg_27_
eth_crc_0 cell Crc_reg[31] Crc_reg_31_
eth_crc_0 cell Crc_reg[5] Crc_reg_5_
eth_crc_0 cell Crc_reg[9] Crc_reg_9_
eth_crc_0 cell Crc_reg[13] Crc_reg_13_
eth_crc_0 cell Crc_reg[17] Crc_reg_17_
eth_crc_0 cell Crc_reg[21] Crc_reg_21_
eth_crc_0 cell Crc_reg[11] Crc_reg_11_
eth_crc_0 cell Crc_reg[15] Crc_reg_15_
eth_crc_0 cell Crc_reg[23] Crc_reg_23_
eth_crc_0 cell Crc_reg[2] Crc_reg_2_
eth_crc_0 cell Crc_reg[6] Crc_reg_6_
eth_crc_0 cell Crc_reg[10] Crc_reg_10_
eth_crc_0 cell Crc_reg[14] Crc_reg_14_
eth_crc_0 cell Crc_reg[18] Crc_reg_18_
eth_crc_0 cell Crc_reg[22] Crc_reg_22_
eth_crc_0 cell Crc_reg[30] Crc_reg_30_
eth_crc_0 cell Crc_reg[19] Crc_reg_19_
eth_crc_0 net N83 CrcError
eth_spram_256x32 net *Logic1* n_Logic1_
eth_fifo_DATA_WIDTH32_DEPTH16_CNT_WIDTH5_1 port data_out[31]_BAR data_out_31__BAR
eth_fifo_DATA_WIDTH32_DEPTH16_CNT_WIDTH5_1 port data_out[23] data_out_23_
eth_fifo_DATA_WIDTH32_DEPTH16_CNT_WIDTH5_1 port data_out[22] data_out_22_
eth_fifo_DATA_WIDTH32_DEPTH16_CNT_WIDTH5_1 port data_out[21] data_out_21_
eth_fifo_DATA_WIDTH32_DEPTH16_CNT_WIDTH5_1 port data_out[20] data_out_20_
eth_fifo_DATA_WIDTH32_DEPTH16_CNT_WIDTH5_1 port data_out[19] data_out_19_
eth_fifo_DATA_WIDTH32_DEPTH16_CNT_WIDTH5_1 port data_out[18] data_out_18_
eth_fifo_DATA_WIDTH32_DEPTH16_CNT_WIDTH5_1 port data_out[17] data_out_17_
eth_fifo_DATA_WIDTH32_DEPTH16_CNT_WIDTH5_1 port data_out[16] data_out_16_
eth_fifo_DATA_WIDTH32_DEPTH16_CNT_WIDTH5_1 port data_out[15] data_out_15_
eth_fifo_DATA_WIDTH32_DEPTH16_CNT_WIDTH5_1 port data_out[14] data_out_14_
eth_fifo_DATA_WIDTH32_DEPTH16_CNT_WIDTH5_1 port data_out[13] data_out_13_
eth_fifo_DATA_WIDTH32_DEPTH16_CNT_WIDTH5_1 port data_out[12] data_out_12_
eth_fifo_DATA_WIDTH32_DEPTH16_CNT_WIDTH5_1 port data_out[11] data_out_11_
eth_fifo_DATA_WIDTH32_DEPTH16_CNT_WIDTH5_1 port data_out[10] data_out_10_
eth_fifo_DATA_WIDTH32_DEPTH16_CNT_WIDTH5_1 port data_out[9] data_out_9_
eth_fifo_DATA_WIDTH32_DEPTH16_CNT_WIDTH5_1 port data_out[8] data_out_8_
eth_fifo_DATA_WIDTH32_DEPTH16_CNT_WIDTH5_1 port data_out[7] data_out_7_
eth_fifo_DATA_WIDTH32_DEPTH16_CNT_WIDTH5_1 port data_out[6] data_out_6_
eth_fifo_DATA_WIDTH32_DEPTH16_CNT_WIDTH5_1 port data_out[5] data_out_5_
eth_fifo_DATA_WIDTH32_DEPTH16_CNT_WIDTH5_1 port data_out[4] data_out_4_
eth_fifo_DATA_WIDTH32_DEPTH16_CNT_WIDTH5_1 port data_out[3] data_out_3_
eth_fifo_DATA_WIDTH32_DEPTH16_CNT_WIDTH5_1 port data_out[2] data_out_2_
eth_fifo_DATA_WIDTH32_DEPTH16_CNT_WIDTH5_1 port data_out[1] data_out_1_
eth_fifo_DATA_WIDTH32_DEPTH16_CNT_WIDTH5_1 port data_out[0] data_out_0_
eth_fifo_DATA_WIDTH32_DEPTH16_CNT_WIDTH5_1 port data_out[30]_BAR data_out_30__BAR
eth_fifo_DATA_WIDTH32_DEPTH16_CNT_WIDTH5_1 port data_out[29]_BAR data_out_29__BAR
eth_fifo_DATA_WIDTH32_DEPTH16_CNT_WIDTH5_1 port data_out[28]_BAR data_out_28__BAR
eth_fifo_DATA_WIDTH32_DEPTH16_CNT_WIDTH5_1 port data_out[27]_BAR data_out_27__BAR
eth_fifo_DATA_WIDTH32_DEPTH16_CNT_WIDTH5_1 port data_out[26]_BAR data_out_26__BAR
eth_fifo_DATA_WIDTH32_DEPTH16_CNT_WIDTH5_1 port data_out[25]_BAR data_out_25__BAR
eth_fifo_DATA_WIDTH32_DEPTH16_CNT_WIDTH5_1 port data_out[24]_BAR data_out_24__BAR
eth_fifo_DATA_WIDTH32_DEPTH16_CNT_WIDTH5_1 cell cnt_reg[4] cnt_reg_4_
eth_fifo_DATA_WIDTH32_DEPTH16_CNT_WIDTH5_1 cell cnt_reg[3] cnt_reg_3_
eth_fifo_DATA_WIDTH32_DEPTH16_CNT_WIDTH5_1 cell cnt_reg[2] cnt_reg_2_
eth_fifo_DATA_WIDTH32_DEPTH16_CNT_WIDTH5_1 cell cnt_reg[1] cnt_reg_1_
eth_fifo_DATA_WIDTH32_DEPTH16_CNT_WIDTH5_1 cell cnt_reg[0] cnt_reg_0_
eth_fifo_DATA_WIDTH32_DEPTH16_CNT_WIDTH5_1 cell read_pointer_reg[0] read_pointer_reg_0_
eth_fifo_DATA_WIDTH32_DEPTH16_CNT_WIDTH5_1 cell read_pointer_reg[2] read_pointer_reg_2_
eth_fifo_DATA_WIDTH32_DEPTH16_CNT_WIDTH5_1 cell read_pointer_reg[3] read_pointer_reg_3_
eth_fifo_DATA_WIDTH32_DEPTH16_CNT_WIDTH5_1 cell write_pointer_reg[0] write_pointer_reg_0_
eth_fifo_DATA_WIDTH32_DEPTH16_CNT_WIDTH5_1 cell write_pointer_reg[1] write_pointer_reg_1_
eth_fifo_DATA_WIDTH32_DEPTH16_CNT_WIDTH5_1 cell write_pointer_reg[2] write_pointer_reg_2_
eth_fifo_DATA_WIDTH32_DEPTH16_CNT_WIDTH5_1 cell write_pointer_reg[3] write_pointer_reg_3_
eth_fifo_DATA_WIDTH32_DEPTH16_CNT_WIDTH5_1 cell data_out_reg[31] data_out_reg_31_
eth_fifo_DATA_WIDTH32_DEPTH16_CNT_WIDTH5_1 cell data_out_reg[30] data_out_reg_30_
eth_fifo_DATA_WIDTH32_DEPTH16_CNT_WIDTH5_1 cell data_out_reg[29] data_out_reg_29_
eth_fifo_DATA_WIDTH32_DEPTH16_CNT_WIDTH5_1 cell data_out_reg[28] data_out_reg_28_
eth_fifo_DATA_WIDTH32_DEPTH16_CNT_WIDTH5_1 cell data_out_reg[27] data_out_reg_27_
eth_fifo_DATA_WIDTH32_DEPTH16_CNT_WIDTH5_1 cell data_out_reg[26] data_out_reg_26_
eth_fifo_DATA_WIDTH32_DEPTH16_CNT_WIDTH5_1 cell data_out_reg[25] data_out_reg_25_
eth_fifo_DATA_WIDTH32_DEPTH16_CNT_WIDTH5_1 cell data_out_reg[24] data_out_reg_24_
eth_fifo_DATA_WIDTH32_DEPTH16_CNT_WIDTH5_1 cell data_out_reg[22] data_out_reg_22_
eth_fifo_DATA_WIDTH32_DEPTH16_CNT_WIDTH5_1 cell data_out_reg[21] data_out_reg_21_
eth_fifo_DATA_WIDTH32_DEPTH16_CNT_WIDTH5_1 cell data_out_reg[20] data_out_reg_20_
eth_fifo_DATA_WIDTH32_DEPTH16_CNT_WIDTH5_1 cell data_out_reg[19] data_out_reg_19_
eth_fifo_DATA_WIDTH32_DEPTH16_CNT_WIDTH5_1 cell data_out_reg[18] data_out_reg_18_
eth_fifo_DATA_WIDTH32_DEPTH16_CNT_WIDTH5_1 cell data_out_reg[17] data_out_reg_17_
eth_fifo_DATA_WIDTH32_DEPTH16_CNT_WIDTH5_1 cell data_out_reg[16] data_out_reg_16_
eth_fifo_DATA_WIDTH32_DEPTH16_CNT_WIDTH5_1 cell data_out_reg[15] data_out_reg_15_
eth_fifo_DATA_WIDTH32_DEPTH16_CNT_WIDTH5_1 cell data_out_reg[14] data_out_reg_14_
eth_fifo_DATA_WIDTH32_DEPTH16_CNT_WIDTH5_1 cell data_out_reg[13] data_out_reg_13_
eth_fifo_DATA_WIDTH32_DEPTH16_CNT_WIDTH5_1 cell data_out_reg[12] data_out_reg_12_
eth_fifo_DATA_WIDTH32_DEPTH16_CNT_WIDTH5_1 cell data_out_reg[11] data_out_reg_11_
eth_fifo_DATA_WIDTH32_DEPTH16_CNT_WIDTH5_1 cell data_out_reg[10] data_out_reg_10_
eth_fifo_DATA_WIDTH32_DEPTH16_CNT_WIDTH5_1 cell data_out_reg[9] data_out_reg_9_
eth_fifo_DATA_WIDTH32_DEPTH16_CNT_WIDTH5_1 cell data_out_reg[7] data_out_reg_7_
eth_fifo_DATA_WIDTH32_DEPTH16_CNT_WIDTH5_1 cell data_out_reg[6] data_out_reg_6_
eth_fifo_DATA_WIDTH32_DEPTH16_CNT_WIDTH5_1 cell data_out_reg[5] data_out_reg_5_
eth_fifo_DATA_WIDTH32_DEPTH16_CNT_WIDTH5_1 cell data_out_reg[4] data_out_reg_4_
eth_fifo_DATA_WIDTH32_DEPTH16_CNT_WIDTH5_1 cell data_out_reg[3] data_out_reg_3_
eth_fifo_DATA_WIDTH32_DEPTH16_CNT_WIDTH5_1 cell data_out_reg[2] data_out_reg_2_
eth_fifo_DATA_WIDTH32_DEPTH16_CNT_WIDTH5_1 cell data_out_reg[1] data_out_reg_1_
eth_fifo_DATA_WIDTH32_DEPTH16_CNT_WIDTH5_1 cell data_out_reg[0] data_out_reg_0_
eth_fifo_DATA_WIDTH32_DEPTH16_CNT_WIDTH5_1 cell fifo_reg[7][31] fifo_reg_7__31_
eth_fifo_DATA_WIDTH32_DEPTH16_CNT_WIDTH5_1 cell fifo_reg[7][30] fifo_reg_7__30_
eth_fifo_DATA_WIDTH32_DEPTH16_CNT_WIDTH5_1 cell fifo_reg[7][28] fifo_reg_7__28_
eth_fifo_DATA_WIDTH32_DEPTH16_CNT_WIDTH5_1 cell fifo_reg[7][27] fifo_reg_7__27_
eth_fifo_DATA_WIDTH32_DEPTH16_CNT_WIDTH5_1 cell fifo_reg[7][26] fifo_reg_7__26_
eth_fifo_DATA_WIDTH32_DEPTH16_CNT_WIDTH5_1 cell fifo_reg[7][25] fifo_reg_7__25_
eth_fifo_DATA_WIDTH32_DEPTH16_CNT_WIDTH5_1 cell fifo_reg[7][23] fifo_reg_7__23_
eth_fifo_DATA_WIDTH32_DEPTH16_CNT_WIDTH5_1 cell fifo_reg[7][22] fifo_reg_7__22_
eth_fifo_DATA_WIDTH32_DEPTH16_CNT_WIDTH5_1 cell fifo_reg[7][21] fifo_reg_7__21_
eth_fifo_DATA_WIDTH32_DEPTH16_CNT_WIDTH5_1 cell fifo_reg[7][20] fifo_reg_7__20_
eth_fifo_DATA_WIDTH32_DEPTH16_CNT_WIDTH5_1 cell fifo_reg[7][19] fifo_reg_7__19_
eth_fifo_DATA_WIDTH32_DEPTH16_CNT_WIDTH5_1 cell fifo_reg[7][18] fifo_reg_7__18_
eth_fifo_DATA_WIDTH32_DEPTH16_CNT_WIDTH5_1 cell fifo_reg[7][17] fifo_reg_7__17_
eth_fifo_DATA_WIDTH32_DEPTH16_CNT_WIDTH5_1 cell fifo_reg[7][16] fifo_reg_7__16_
eth_fifo_DATA_WIDTH32_DEPTH16_CNT_WIDTH5_1 cell fifo_reg[7][15] fifo_reg_7__15_
eth_fifo_DATA_WIDTH32_DEPTH16_CNT_WIDTH5_1 cell fifo_reg[7][14] fifo_reg_7__14_
eth_fifo_DATA_WIDTH32_DEPTH16_CNT_WIDTH5_1 cell fifo_reg[7][13] fifo_reg_7__13_
eth_fifo_DATA_WIDTH32_DEPTH16_CNT_WIDTH5_1 cell fifo_reg[7][12] fifo_reg_7__12_
eth_fifo_DATA_WIDTH32_DEPTH16_CNT_WIDTH5_1 cell fifo_reg[7][11] fifo_reg_7__11_
eth_fifo_DATA_WIDTH32_DEPTH16_CNT_WIDTH5_1 cell fifo_reg[7][10] fifo_reg_7__10_
eth_fifo_DATA_WIDTH32_DEPTH16_CNT_WIDTH5_1 cell fifo_reg[7][8] fifo_reg_7__8_
eth_fifo_DATA_WIDTH32_DEPTH16_CNT_WIDTH5_1 cell fifo_reg[7][7] fifo_reg_7__7_
eth_fifo_DATA_WIDTH32_DEPTH16_CNT_WIDTH5_1 cell fifo_reg[7][6] fifo_reg_7__6_
eth_fifo_DATA_WIDTH32_DEPTH16_CNT_WIDTH5_1 cell fifo_reg[7][5] fifo_reg_7__5_
eth_fifo_DATA_WIDTH32_DEPTH16_CNT_WIDTH5_1 cell fifo_reg[7][4] fifo_reg_7__4_
eth_fifo_DATA_WIDTH32_DEPTH16_CNT_WIDTH5_1 cell fifo_reg[7][3] fifo_reg_7__3_
eth_fifo_DATA_WIDTH32_DEPTH16_CNT_WIDTH5_1 cell fifo_reg[7][2] fifo_reg_7__2_
eth_fifo_DATA_WIDTH32_DEPTH16_CNT_WIDTH5_1 cell fifo_reg[7][1] fifo_reg_7__1_
eth_fifo_DATA_WIDTH32_DEPTH16_CNT_WIDTH5_1 cell fifo_reg[7][0] fifo_reg_7__0_
eth_fifo_DATA_WIDTH32_DEPTH16_CNT_WIDTH5_1 cell fifo_reg[4][31] fifo_reg_4__31_
eth_fifo_DATA_WIDTH32_DEPTH16_CNT_WIDTH5_1 cell fifo_reg[4][30] fifo_reg_4__30_
eth_fifo_DATA_WIDTH32_DEPTH16_CNT_WIDTH5_1 cell fifo_reg[4][29] fifo_reg_4__29_
eth_fifo_DATA_WIDTH32_DEPTH16_CNT_WIDTH5_1 cell fifo_reg[4][28] fifo_reg_4__28_
eth_fifo_DATA_WIDTH32_DEPTH16_CNT_WIDTH5_1 cell fifo_reg[4][26] fifo_reg_4__26_
eth_fifo_DATA_WIDTH32_DEPTH16_CNT_WIDTH5_1 cell fifo_reg[4][22] fifo_reg_4__22_
eth_fifo_DATA_WIDTH32_DEPTH16_CNT_WIDTH5_1 cell fifo_reg[4][21] fifo_reg_4__21_
eth_fifo_DATA_WIDTH32_DEPTH16_CNT_WIDTH5_1 cell fifo_reg[4][20] fifo_reg_4__20_
eth_fifo_DATA_WIDTH32_DEPTH16_CNT_WIDTH5_1 cell fifo_reg[4][19] fifo_reg_4__19_
eth_fifo_DATA_WIDTH32_DEPTH16_CNT_WIDTH5_1 cell fifo_reg[4][18] fifo_reg_4__18_
eth_fifo_DATA_WIDTH32_DEPTH16_CNT_WIDTH5_1 cell fifo_reg[4][17] fifo_reg_4__17_
eth_fifo_DATA_WIDTH32_DEPTH16_CNT_WIDTH5_1 cell fifo_reg[4][16] fifo_reg_4__16_
eth_fifo_DATA_WIDTH32_DEPTH16_CNT_WIDTH5_1 cell fifo_reg[4][15] fifo_reg_4__15_
eth_fifo_DATA_WIDTH32_DEPTH16_CNT_WIDTH5_1 cell fifo_reg[4][14] fifo_reg_4__14_
eth_fifo_DATA_WIDTH32_DEPTH16_CNT_WIDTH5_1 cell fifo_reg[4][12] fifo_reg_4__12_
eth_fifo_DATA_WIDTH32_DEPTH16_CNT_WIDTH5_1 cell fifo_reg[4][11] fifo_reg_4__11_
eth_fifo_DATA_WIDTH32_DEPTH16_CNT_WIDTH5_1 cell fifo_reg[4][10] fifo_reg_4__10_
eth_fifo_DATA_WIDTH32_DEPTH16_CNT_WIDTH5_1 cell fifo_reg[4][9] fifo_reg_4__9_
eth_fifo_DATA_WIDTH32_DEPTH16_CNT_WIDTH5_1 cell fifo_reg[4][8] fifo_reg_4__8_
eth_fifo_DATA_WIDTH32_DEPTH16_CNT_WIDTH5_1 cell fifo_reg[4][6] fifo_reg_4__6_
eth_fifo_DATA_WIDTH32_DEPTH16_CNT_WIDTH5_1 cell fifo_reg[4][5] fifo_reg_4__5_
eth_fifo_DATA_WIDTH32_DEPTH16_CNT_WIDTH5_1 cell fifo_reg[4][4] fifo_reg_4__4_
eth_fifo_DATA_WIDTH32_DEPTH16_CNT_WIDTH5_1 cell fifo_reg[4][3] fifo_reg_4__3_
eth_fifo_DATA_WIDTH32_DEPTH16_CNT_WIDTH5_1 cell fifo_reg[4][2] fifo_reg_4__2_
eth_fifo_DATA_WIDTH32_DEPTH16_CNT_WIDTH5_1 cell fifo_reg[4][1] fifo_reg_4__1_
eth_fifo_DATA_WIDTH32_DEPTH16_CNT_WIDTH5_1 cell fifo_reg[4][0] fifo_reg_4__0_
eth_fifo_DATA_WIDTH32_DEPTH16_CNT_WIDTH5_1 cell fifo_reg[5][31] fifo_reg_5__31_
eth_fifo_DATA_WIDTH32_DEPTH16_CNT_WIDTH5_1 cell fifo_reg[5][30] fifo_reg_5__30_
eth_fifo_DATA_WIDTH32_DEPTH16_CNT_WIDTH5_1 cell fifo_reg[5][29] fifo_reg_5__29_
eth_fifo_DATA_WIDTH32_DEPTH16_CNT_WIDTH5_1 cell fifo_reg[5][28] fifo_reg_5__28_
eth_fifo_DATA_WIDTH32_DEPTH16_CNT_WIDTH5_1 cell fifo_reg[5][27] fifo_reg_5__27_
eth_fifo_DATA_WIDTH32_DEPTH16_CNT_WIDTH5_1 cell fifo_reg[5][26] fifo_reg_5__26_
eth_fifo_DATA_WIDTH32_DEPTH16_CNT_WIDTH5_1 cell fifo_reg[5][25] fifo_reg_5__25_
eth_fifo_DATA_WIDTH32_DEPTH16_CNT_WIDTH5_1 cell fifo_reg[5][23] fifo_reg_5__23_
eth_fifo_DATA_WIDTH32_DEPTH16_CNT_WIDTH5_1 cell fifo_reg[5][22] fifo_reg_5__22_
eth_fifo_DATA_WIDTH32_DEPTH16_CNT_WIDTH5_1 cell fifo_reg[5][21] fifo_reg_5__21_
eth_fifo_DATA_WIDTH32_DEPTH16_CNT_WIDTH5_1 cell fifo_reg[5][20] fifo_reg_5__20_
eth_fifo_DATA_WIDTH32_DEPTH16_CNT_WIDTH5_1 cell fifo_reg[5][19] fifo_reg_5__19_
eth_fifo_DATA_WIDTH32_DEPTH16_CNT_WIDTH5_1 cell fifo_reg[5][18] fifo_reg_5__18_
eth_fifo_DATA_WIDTH32_DEPTH16_CNT_WIDTH5_1 cell fifo_reg[5][17] fifo_reg_5__17_
eth_fifo_DATA_WIDTH32_DEPTH16_CNT_WIDTH5_1 cell fifo_reg[5][16] fifo_reg_5__16_
eth_fifo_DATA_WIDTH32_DEPTH16_CNT_WIDTH5_1 cell fifo_reg[5][15] fifo_reg_5__15_
eth_fifo_DATA_WIDTH32_DEPTH16_CNT_WIDTH5_1 cell fifo_reg[5][14] fifo_reg_5__14_
eth_fifo_DATA_WIDTH32_DEPTH16_CNT_WIDTH5_1 cell fifo_reg[5][13] fifo_reg_5__13_
eth_fifo_DATA_WIDTH32_DEPTH16_CNT_WIDTH5_1 cell fifo_reg[5][12] fifo_reg_5__12_
eth_fifo_DATA_WIDTH32_DEPTH16_CNT_WIDTH5_1 cell fifo_reg[5][11] fifo_reg_5__11_
eth_fifo_DATA_WIDTH32_DEPTH16_CNT_WIDTH5_1 cell fifo_reg[5][10] fifo_reg_5__10_
eth_fifo_DATA_WIDTH32_DEPTH16_CNT_WIDTH5_1 cell fifo_reg[5][8] fifo_reg_5__8_
eth_fifo_DATA_WIDTH32_DEPTH16_CNT_WIDTH5_1 cell fifo_reg[5][7] fifo_reg_5__7_
eth_fifo_DATA_WIDTH32_DEPTH16_CNT_WIDTH5_1 cell fifo_reg[5][6] fifo_reg_5__6_
eth_fifo_DATA_WIDTH32_DEPTH16_CNT_WIDTH5_1 cell fifo_reg[5][5] fifo_reg_5__5_
eth_fifo_DATA_WIDTH32_DEPTH16_CNT_WIDTH5_1 cell fifo_reg[5][4] fifo_reg_5__4_
eth_fifo_DATA_WIDTH32_DEPTH16_CNT_WIDTH5_1 cell fifo_reg[5][3] fifo_reg_5__3_
eth_fifo_DATA_WIDTH32_DEPTH16_CNT_WIDTH5_1 cell fifo_reg[5][2] fifo_reg_5__2_
eth_fifo_DATA_WIDTH32_DEPTH16_CNT_WIDTH5_1 cell fifo_reg[5][1] fifo_reg_5__1_
eth_fifo_DATA_WIDTH32_DEPTH16_CNT_WIDTH5_1 cell fifo_reg[5][0] fifo_reg_5__0_
eth_fifo_DATA_WIDTH32_DEPTH16_CNT_WIDTH5_1 cell fifo_reg[6][31] fifo_reg_6__31_
eth_fifo_DATA_WIDTH32_DEPTH16_CNT_WIDTH5_1 cell fifo_reg[6][30] fifo_reg_6__30_
eth_fifo_DATA_WIDTH32_DEPTH16_CNT_WIDTH5_1 cell fifo_reg[6][29] fifo_reg_6__29_
eth_fifo_DATA_WIDTH32_DEPTH16_CNT_WIDTH5_1 cell fifo_reg[6][28] fifo_reg_6__28_
eth_fifo_DATA_WIDTH32_DEPTH16_CNT_WIDTH5_1 cell fifo_reg[6][27] fifo_reg_6__27_
eth_fifo_DATA_WIDTH32_DEPTH16_CNT_WIDTH5_1 cell fifo_reg[6][25] fifo_reg_6__25_
eth_fifo_DATA_WIDTH32_DEPTH16_CNT_WIDTH5_1 cell fifo_reg[6][24] fifo_reg_6__24_
eth_fifo_DATA_WIDTH32_DEPTH16_CNT_WIDTH5_1 cell fifo_reg[6][23] fifo_reg_6__23_
eth_fifo_DATA_WIDTH32_DEPTH16_CNT_WIDTH5_1 cell fifo_reg[6][22] fifo_reg_6__22_
eth_fifo_DATA_WIDTH32_DEPTH16_CNT_WIDTH5_1 cell fifo_reg[6][21] fifo_reg_6__21_
eth_fifo_DATA_WIDTH32_DEPTH16_CNT_WIDTH5_1 cell fifo_reg[6][20] fifo_reg_6__20_
eth_fifo_DATA_WIDTH32_DEPTH16_CNT_WIDTH5_1 cell fifo_reg[6][19] fifo_reg_6__19_
eth_fifo_DATA_WIDTH32_DEPTH16_CNT_WIDTH5_1 cell fifo_reg[6][18] fifo_reg_6__18_
eth_fifo_DATA_WIDTH32_DEPTH16_CNT_WIDTH5_1 cell fifo_reg[6][17] fifo_reg_6__17_
eth_fifo_DATA_WIDTH32_DEPTH16_CNT_WIDTH5_1 cell fifo_reg[6][16] fifo_reg_6__16_
eth_fifo_DATA_WIDTH32_DEPTH16_CNT_WIDTH5_1 cell fifo_reg[6][15] fifo_reg_6__15_
eth_fifo_DATA_WIDTH32_DEPTH16_CNT_WIDTH5_1 cell fifo_reg[6][14] fifo_reg_6__14_
eth_fifo_DATA_WIDTH32_DEPTH16_CNT_WIDTH5_1 cell fifo_reg[6][13] fifo_reg_6__13_
eth_fifo_DATA_WIDTH32_DEPTH16_CNT_WIDTH5_1 cell fifo_reg[6][12] fifo_reg_6__12_
eth_fifo_DATA_WIDTH32_DEPTH16_CNT_WIDTH5_1 cell fifo_reg[6][10] fifo_reg_6__10_
eth_fifo_DATA_WIDTH32_DEPTH16_CNT_WIDTH5_1 cell fifo_reg[6][9] fifo_reg_6__9_
eth_fifo_DATA_WIDTH32_DEPTH16_CNT_WIDTH5_1 cell fifo_reg[6][8] fifo_reg_6__8_
eth_fifo_DATA_WIDTH32_DEPTH16_CNT_WIDTH5_1 cell fifo_reg[6][7] fifo_reg_6__7_
eth_fifo_DATA_WIDTH32_DEPTH16_CNT_WIDTH5_1 cell fifo_reg[6][6] fifo_reg_6__6_
eth_fifo_DATA_WIDTH32_DEPTH16_CNT_WIDTH5_1 cell fifo_reg[6][5] fifo_reg_6__5_
eth_fifo_DATA_WIDTH32_DEPTH16_CNT_WIDTH5_1 cell fifo_reg[6][4] fifo_reg_6__4_
eth_fifo_DATA_WIDTH32_DEPTH16_CNT_WIDTH5_1 cell fifo_reg[6][3] fifo_reg_6__3_
eth_fifo_DATA_WIDTH32_DEPTH16_CNT_WIDTH5_1 cell fifo_reg[6][2] fifo_reg_6__2_
eth_fifo_DATA_WIDTH32_DEPTH16_CNT_WIDTH5_1 cell fifo_reg[6][1] fifo_reg_6__1_
eth_fifo_DATA_WIDTH32_DEPTH16_CNT_WIDTH5_1 cell fifo_reg[12][31] fifo_reg_12__31_
eth_fifo_DATA_WIDTH32_DEPTH16_CNT_WIDTH5_1 cell fifo_reg[12][30] fifo_reg_12__30_
eth_fifo_DATA_WIDTH32_DEPTH16_CNT_WIDTH5_1 cell fifo_reg[12][29] fifo_reg_12__29_
eth_fifo_DATA_WIDTH32_DEPTH16_CNT_WIDTH5_1 cell fifo_reg[12][28] fifo_reg_12__28_
eth_fifo_DATA_WIDTH32_DEPTH16_CNT_WIDTH5_1 cell fifo_reg[12][26] fifo_reg_12__26_
eth_fifo_DATA_WIDTH32_DEPTH16_CNT_WIDTH5_1 cell fifo_reg[12][25] fifo_reg_12__25_
eth_fifo_DATA_WIDTH32_DEPTH16_CNT_WIDTH5_1 cell fifo_reg[12][24] fifo_reg_12__24_
eth_fifo_DATA_WIDTH32_DEPTH16_CNT_WIDTH5_1 cell fifo_reg[12][23] fifo_reg_12__23_
eth_fifo_DATA_WIDTH32_DEPTH16_CNT_WIDTH5_1 cell fifo_reg[12][22] fifo_reg_12__22_
eth_fifo_DATA_WIDTH32_DEPTH16_CNT_WIDTH5_1 cell fifo_reg[12][21] fifo_reg_12__21_
eth_fifo_DATA_WIDTH32_DEPTH16_CNT_WIDTH5_1 cell fifo_reg[12][20] fifo_reg_12__20_
eth_fifo_DATA_WIDTH32_DEPTH16_CNT_WIDTH5_1 cell fifo_reg[12][19] fifo_reg_12__19_
eth_fifo_DATA_WIDTH32_DEPTH16_CNT_WIDTH5_1 cell fifo_reg[12][18] fifo_reg_12__18_
eth_fifo_DATA_WIDTH32_DEPTH16_CNT_WIDTH5_1 cell fifo_reg[12][17] fifo_reg_12__17_
eth_fifo_DATA_WIDTH32_DEPTH16_CNT_WIDTH5_1 cell fifo_reg[12][16] fifo_reg_12__16_
eth_fifo_DATA_WIDTH32_DEPTH16_CNT_WIDTH5_1 cell fifo_reg[12][15] fifo_reg_12__15_
eth_fifo_DATA_WIDTH32_DEPTH16_CNT_WIDTH5_1 cell fifo_reg[12][14] fifo_reg_12__14_
eth_fifo_DATA_WIDTH32_DEPTH16_CNT_WIDTH5_1 cell fifo_reg[12][12] fifo_reg_12__12_
eth_fifo_DATA_WIDTH32_DEPTH16_CNT_WIDTH5_1 cell fifo_reg[12][9] fifo_reg_12__9_
eth_fifo_DATA_WIDTH32_DEPTH16_CNT_WIDTH5_1 cell fifo_reg[12][8] fifo_reg_12__8_
eth_fifo_DATA_WIDTH32_DEPTH16_CNT_WIDTH5_1 cell fifo_reg[12][7] fifo_reg_12__7_
eth_fifo_DATA_WIDTH32_DEPTH16_CNT_WIDTH5_1 cell fifo_reg[12][6] fifo_reg_12__6_
eth_fifo_DATA_WIDTH32_DEPTH16_CNT_WIDTH5_1 cell fifo_reg[12][5] fifo_reg_12__5_
eth_fifo_DATA_WIDTH32_DEPTH16_CNT_WIDTH5_1 cell fifo_reg[12][4] fifo_reg_12__4_
eth_fifo_DATA_WIDTH32_DEPTH16_CNT_WIDTH5_1 cell fifo_reg[12][3] fifo_reg_12__3_
eth_fifo_DATA_WIDTH32_DEPTH16_CNT_WIDTH5_1 cell fifo_reg[12][2] fifo_reg_12__2_
eth_fifo_DATA_WIDTH32_DEPTH16_CNT_WIDTH5_1 cell fifo_reg[12][1] fifo_reg_12__1_
eth_fifo_DATA_WIDTH32_DEPTH16_CNT_WIDTH5_1 cell fifo_reg[12][0] fifo_reg_12__0_
eth_fifo_DATA_WIDTH32_DEPTH16_CNT_WIDTH5_1 cell fifo_reg[13][31] fifo_reg_13__31_
eth_fifo_DATA_WIDTH32_DEPTH16_CNT_WIDTH5_1 cell fifo_reg[13][30] fifo_reg_13__30_
eth_fifo_DATA_WIDTH32_DEPTH16_CNT_WIDTH5_1 cell fifo_reg[13][29] fifo_reg_13__29_
eth_fifo_DATA_WIDTH32_DEPTH16_CNT_WIDTH5_1 cell fifo_reg[13][28] fifo_reg_13__28_
eth_fifo_DATA_WIDTH32_DEPTH16_CNT_WIDTH5_1 cell fifo_reg[13][26] fifo_reg_13__26_
eth_fifo_DATA_WIDTH32_DEPTH16_CNT_WIDTH5_1 cell fifo_reg[13][25] fifo_reg_13__25_
eth_fifo_DATA_WIDTH32_DEPTH16_CNT_WIDTH5_1 cell fifo_reg[13][24] fifo_reg_13__24_
eth_fifo_DATA_WIDTH32_DEPTH16_CNT_WIDTH5_1 cell fifo_reg[13][23] fifo_reg_13__23_
eth_fifo_DATA_WIDTH32_DEPTH16_CNT_WIDTH5_1 cell fifo_reg[13][22] fifo_reg_13__22_
eth_fifo_DATA_WIDTH32_DEPTH16_CNT_WIDTH5_1 cell fifo_reg[13][21] fifo_reg_13__21_
eth_fifo_DATA_WIDTH32_DEPTH16_CNT_WIDTH5_1 cell fifo_reg[13][20] fifo_reg_13__20_
eth_fifo_DATA_WIDTH32_DEPTH16_CNT_WIDTH5_1 cell fifo_reg[13][19] fifo_reg_13__19_
eth_fifo_DATA_WIDTH32_DEPTH16_CNT_WIDTH5_1 cell fifo_reg[13][18] fifo_reg_13__18_
eth_fifo_DATA_WIDTH32_DEPTH16_CNT_WIDTH5_1 cell fifo_reg[13][17] fifo_reg_13__17_
eth_fifo_DATA_WIDTH32_DEPTH16_CNT_WIDTH5_1 cell fifo_reg[13][16] fifo_reg_13__16_
eth_fifo_DATA_WIDTH32_DEPTH16_CNT_WIDTH5_1 cell fifo_reg[13][15] fifo_reg_13__15_
eth_fifo_DATA_WIDTH32_DEPTH16_CNT_WIDTH5_1 cell fifo_reg[13][14] fifo_reg_13__14_
eth_fifo_DATA_WIDTH32_DEPTH16_CNT_WIDTH5_1 cell fifo_reg[13][13] fifo_reg_13__13_
eth_fifo_DATA_WIDTH32_DEPTH16_CNT_WIDTH5_1 cell fifo_reg[13][11] fifo_reg_13__11_
eth_fifo_DATA_WIDTH32_DEPTH16_CNT_WIDTH5_1 cell fifo_reg[13][10] fifo_reg_13__10_
eth_fifo_DATA_WIDTH32_DEPTH16_CNT_WIDTH5_1 cell fifo_reg[13][9] fifo_reg_13__9_
eth_fifo_DATA_WIDTH32_DEPTH16_CNT_WIDTH5_1 cell fifo_reg[13][8] fifo_reg_13__8_
eth_fifo_DATA_WIDTH32_DEPTH16_CNT_WIDTH5_1 cell fifo_reg[13][7] fifo_reg_13__7_
eth_fifo_DATA_WIDTH32_DEPTH16_CNT_WIDTH5_1 cell fifo_reg[13][6] fifo_reg_13__6_
eth_fifo_DATA_WIDTH32_DEPTH16_CNT_WIDTH5_1 cell fifo_reg[13][5] fifo_reg_13__5_
eth_fifo_DATA_WIDTH32_DEPTH16_CNT_WIDTH5_1 cell fifo_reg[13][4] fifo_reg_13__4_
eth_fifo_DATA_WIDTH32_DEPTH16_CNT_WIDTH5_1 cell fifo_reg[13][3] fifo_reg_13__3_
eth_fifo_DATA_WIDTH32_DEPTH16_CNT_WIDTH5_1 cell fifo_reg[13][2] fifo_reg_13__2_
eth_fifo_DATA_WIDTH32_DEPTH16_CNT_WIDTH5_1 cell fifo_reg[13][1] fifo_reg_13__1_
eth_fifo_DATA_WIDTH32_DEPTH16_CNT_WIDTH5_1 cell fifo_reg[13][0] fifo_reg_13__0_
eth_fifo_DATA_WIDTH32_DEPTH16_CNT_WIDTH5_1 cell fifo_reg[14][31] fifo_reg_14__31_
eth_fifo_DATA_WIDTH32_DEPTH16_CNT_WIDTH5_1 cell fifo_reg[14][30] fifo_reg_14__30_
eth_fifo_DATA_WIDTH32_DEPTH16_CNT_WIDTH5_1 cell fifo_reg[14][28] fifo_reg_14__28_
eth_fifo_DATA_WIDTH32_DEPTH16_CNT_WIDTH5_1 cell fifo_reg[14][27] fifo_reg_14__27_
eth_fifo_DATA_WIDTH32_DEPTH16_CNT_WIDTH5_1 cell fifo_reg[14][26] fifo_reg_14__26_
eth_fifo_DATA_WIDTH32_DEPTH16_CNT_WIDTH5_1 cell fifo_reg[14][25] fifo_reg_14__25_
eth_fifo_DATA_WIDTH32_DEPTH16_CNT_WIDTH5_1 cell fifo_reg[14][24] fifo_reg_14__24_
eth_fifo_DATA_WIDTH32_DEPTH16_CNT_WIDTH5_1 cell fifo_reg[14][23] fifo_reg_14__23_
eth_fifo_DATA_WIDTH32_DEPTH16_CNT_WIDTH5_1 cell fifo_reg[14][22] fifo_reg_14__22_
eth_fifo_DATA_WIDTH32_DEPTH16_CNT_WIDTH5_1 cell fifo_reg[14][21] fifo_reg_14__21_
eth_fifo_DATA_WIDTH32_DEPTH16_CNT_WIDTH5_1 cell fifo_reg[14][20] fifo_reg_14__20_
eth_fifo_DATA_WIDTH32_DEPTH16_CNT_WIDTH5_1 cell fifo_reg[14][19] fifo_reg_14__19_
eth_fifo_DATA_WIDTH32_DEPTH16_CNT_WIDTH5_1 cell fifo_reg[14][18] fifo_reg_14__18_
eth_fifo_DATA_WIDTH32_DEPTH16_CNT_WIDTH5_1 cell fifo_reg[14][17] fifo_reg_14__17_
eth_fifo_DATA_WIDTH32_DEPTH16_CNT_WIDTH5_1 cell fifo_reg[14][16] fifo_reg_14__16_
eth_fifo_DATA_WIDTH32_DEPTH16_CNT_WIDTH5_1 cell fifo_reg[14][15] fifo_reg_14__15_
eth_fifo_DATA_WIDTH32_DEPTH16_CNT_WIDTH5_1 cell fifo_reg[14][13] fifo_reg_14__13_
eth_fifo_DATA_WIDTH32_DEPTH16_CNT_WIDTH5_1 cell fifo_reg[14][12] fifo_reg_14__12_
eth_fifo_DATA_WIDTH32_DEPTH16_CNT_WIDTH5_1 cell fifo_reg[14][11] fifo_reg_14__11_
eth_fifo_DATA_WIDTH32_DEPTH16_CNT_WIDTH5_1 cell fifo_reg[14][10] fifo_reg_14__10_
eth_fifo_DATA_WIDTH32_DEPTH16_CNT_WIDTH5_1 cell fifo_reg[14][9] fifo_reg_14__9_
eth_fifo_DATA_WIDTH32_DEPTH16_CNT_WIDTH5_1 cell fifo_reg[14][8] fifo_reg_14__8_
eth_fifo_DATA_WIDTH32_DEPTH16_CNT_WIDTH5_1 cell fifo_reg[14][7] fifo_reg_14__7_
eth_fifo_DATA_WIDTH32_DEPTH16_CNT_WIDTH5_1 cell fifo_reg[14][5] fifo_reg_14__5_
eth_fifo_DATA_WIDTH32_DEPTH16_CNT_WIDTH5_1 cell fifo_reg[14][3] fifo_reg_14__3_
eth_fifo_DATA_WIDTH32_DEPTH16_CNT_WIDTH5_1 cell fifo_reg[14][0] fifo_reg_14__0_
eth_fifo_DATA_WIDTH32_DEPTH16_CNT_WIDTH5_1 cell fifo_reg[15][31] fifo_reg_15__31_
eth_fifo_DATA_WIDTH32_DEPTH16_CNT_WIDTH5_1 cell fifo_reg[15][30] fifo_reg_15__30_
eth_fifo_DATA_WIDTH32_DEPTH16_CNT_WIDTH5_1 cell fifo_reg[15][29] fifo_reg_15__29_
eth_fifo_DATA_WIDTH32_DEPTH16_CNT_WIDTH5_1 cell fifo_reg[15][28] fifo_reg_15__28_
eth_fifo_DATA_WIDTH32_DEPTH16_CNT_WIDTH5_1 cell fifo_reg[15][26] fifo_reg_15__26_
eth_fifo_DATA_WIDTH32_DEPTH16_CNT_WIDTH5_1 cell fifo_reg[15][25] fifo_reg_15__25_
eth_fifo_DATA_WIDTH32_DEPTH16_CNT_WIDTH5_1 cell fifo_reg[15][24] fifo_reg_15__24_
eth_fifo_DATA_WIDTH32_DEPTH16_CNT_WIDTH5_1 cell fifo_reg[15][23] fifo_reg_15__23_
eth_fifo_DATA_WIDTH32_DEPTH16_CNT_WIDTH5_1 cell fifo_reg[15][22] fifo_reg_15__22_
eth_fifo_DATA_WIDTH32_DEPTH16_CNT_WIDTH5_1 cell fifo_reg[15][21] fifo_reg_15__21_
eth_fifo_DATA_WIDTH32_DEPTH16_CNT_WIDTH5_1 cell fifo_reg[15][20] fifo_reg_15__20_
eth_fifo_DATA_WIDTH32_DEPTH16_CNT_WIDTH5_1 cell fifo_reg[15][19] fifo_reg_15__19_
eth_fifo_DATA_WIDTH32_DEPTH16_CNT_WIDTH5_1 cell fifo_reg[15][18] fifo_reg_15__18_
eth_fifo_DATA_WIDTH32_DEPTH16_CNT_WIDTH5_1 cell fifo_reg[15][17] fifo_reg_15__17_
eth_fifo_DATA_WIDTH32_DEPTH16_CNT_WIDTH5_1 cell fifo_reg[15][16] fifo_reg_15__16_
eth_fifo_DATA_WIDTH32_DEPTH16_CNT_WIDTH5_1 cell fifo_reg[15][15] fifo_reg_15__15_
eth_fifo_DATA_WIDTH32_DEPTH16_CNT_WIDTH5_1 cell fifo_reg[15][14] fifo_reg_15__14_
eth_fifo_DATA_WIDTH32_DEPTH16_CNT_WIDTH5_1 cell fifo_reg[15][13] fifo_reg_15__13_
eth_fifo_DATA_WIDTH32_DEPTH16_CNT_WIDTH5_1 cell fifo_reg[15][11] fifo_reg_15__11_
eth_fifo_DATA_WIDTH32_DEPTH16_CNT_WIDTH5_1 cell fifo_reg[15][8] fifo_reg_15__8_
eth_fifo_DATA_WIDTH32_DEPTH16_CNT_WIDTH5_1 cell fifo_reg[15][7] fifo_reg_15__7_
eth_fifo_DATA_WIDTH32_DEPTH16_CNT_WIDTH5_1 cell fifo_reg[15][6] fifo_reg_15__6_
eth_fifo_DATA_WIDTH32_DEPTH16_CNT_WIDTH5_1 cell fifo_reg[15][5] fifo_reg_15__5_
eth_fifo_DATA_WIDTH32_DEPTH16_CNT_WIDTH5_1 cell fifo_reg[15][4] fifo_reg_15__4_
eth_fifo_DATA_WIDTH32_DEPTH16_CNT_WIDTH5_1 cell fifo_reg[15][3] fifo_reg_15__3_
eth_fifo_DATA_WIDTH32_DEPTH16_CNT_WIDTH5_1 cell fifo_reg[15][2] fifo_reg_15__2_
eth_fifo_DATA_WIDTH32_DEPTH16_CNT_WIDTH5_1 cell fifo_reg[15][1] fifo_reg_15__1_
eth_fifo_DATA_WIDTH32_DEPTH16_CNT_WIDTH5_1 cell fifo_reg[15][0] fifo_reg_15__0_
eth_fifo_DATA_WIDTH32_DEPTH16_CNT_WIDTH5_1 cell fifo_reg[7][29] fifo_reg_7__29_
eth_fifo_DATA_WIDTH32_DEPTH16_CNT_WIDTH5_1 cell fifo_reg[4][27] fifo_reg_4__27_
eth_fifo_DATA_WIDTH32_DEPTH16_CNT_WIDTH5_1 cell fifo_reg[4][24] fifo_reg_4__24_
eth_fifo_DATA_WIDTH32_DEPTH16_CNT_WIDTH5_1 cell fifo_reg[4][23] fifo_reg_4__23_
eth_fifo_DATA_WIDTH32_DEPTH16_CNT_WIDTH5_1 cell fifo_reg[6][0] fifo_reg_6__0_
eth_fifo_DATA_WIDTH32_DEPTH16_CNT_WIDTH5_1 cell fifo_reg[12][13] fifo_reg_12__13_
eth_fifo_DATA_WIDTH32_DEPTH16_CNT_WIDTH5_1 cell fifo_reg[12][11] fifo_reg_12__11_
eth_fifo_DATA_WIDTH32_DEPTH16_CNT_WIDTH5_1 cell fifo_reg[14][6] fifo_reg_14__6_
eth_fifo_DATA_WIDTH32_DEPTH16_CNT_WIDTH5_1 cell fifo_reg[14][4] fifo_reg_14__4_
eth_fifo_DATA_WIDTH32_DEPTH16_CNT_WIDTH5_1 cell fifo_reg[14][2] fifo_reg_14__2_
eth_fifo_DATA_WIDTH32_DEPTH16_CNT_WIDTH5_1 cell fifo_reg[14][1] fifo_reg_14__1_
eth_fifo_DATA_WIDTH32_DEPTH16_CNT_WIDTH5_1 cell fifo_reg[15][10] fifo_reg_15__10_
eth_fifo_DATA_WIDTH32_DEPTH16_CNT_WIDTH5_1 cell fifo_reg[15][9] fifo_reg_15__9_
eth_fifo_DATA_WIDTH32_DEPTH16_CNT_WIDTH5_1 cell fifo_reg[1][29] fifo_reg_1__29_
eth_fifo_DATA_WIDTH32_DEPTH16_CNT_WIDTH5_1 cell fifo_reg[1][28] fifo_reg_1__28_
eth_fifo_DATA_WIDTH32_DEPTH16_CNT_WIDTH5_1 cell fifo_reg[1][27] fifo_reg_1__27_
eth_fifo_DATA_WIDTH32_DEPTH16_CNT_WIDTH5_1 cell fifo_reg[1][26] fifo_reg_1__26_
eth_fifo_DATA_WIDTH32_DEPTH16_CNT_WIDTH5_1 cell fifo_reg[1][25] fifo_reg_1__25_
eth_fifo_DATA_WIDTH32_DEPTH16_CNT_WIDTH5_1 cell fifo_reg[1][23] fifo_reg_1__23_
eth_fifo_DATA_WIDTH32_DEPTH16_CNT_WIDTH5_1 cell fifo_reg[1][22] fifo_reg_1__22_
eth_fifo_DATA_WIDTH32_DEPTH16_CNT_WIDTH5_1 cell fifo_reg[1][21] fifo_reg_1__21_
eth_fifo_DATA_WIDTH32_DEPTH16_CNT_WIDTH5_1 cell fifo_reg[1][20] fifo_reg_1__20_
eth_fifo_DATA_WIDTH32_DEPTH16_CNT_WIDTH5_1 cell fifo_reg[1][19] fifo_reg_1__19_
eth_fifo_DATA_WIDTH32_DEPTH16_CNT_WIDTH5_1 cell fifo_reg[1][18] fifo_reg_1__18_
eth_fifo_DATA_WIDTH32_DEPTH16_CNT_WIDTH5_1 cell fifo_reg[1][17] fifo_reg_1__17_
eth_fifo_DATA_WIDTH32_DEPTH16_CNT_WIDTH5_1 cell fifo_reg[1][16] fifo_reg_1__16_
eth_fifo_DATA_WIDTH32_DEPTH16_CNT_WIDTH5_1 cell fifo_reg[1][15] fifo_reg_1__15_
eth_fifo_DATA_WIDTH32_DEPTH16_CNT_WIDTH5_1 cell fifo_reg[1][14] fifo_reg_1__14_
eth_fifo_DATA_WIDTH32_DEPTH16_CNT_WIDTH5_1 cell fifo_reg[1][13] fifo_reg_1__13_
eth_fifo_DATA_WIDTH32_DEPTH16_CNT_WIDTH5_1 cell fifo_reg[1][12] fifo_reg_1__12_
eth_fifo_DATA_WIDTH32_DEPTH16_CNT_WIDTH5_1 cell fifo_reg[1][11] fifo_reg_1__11_
eth_fifo_DATA_WIDTH32_DEPTH16_CNT_WIDTH5_1 cell fifo_reg[1][10] fifo_reg_1__10_
eth_fifo_DATA_WIDTH32_DEPTH16_CNT_WIDTH5_1 cell fifo_reg[1][7] fifo_reg_1__7_
eth_fifo_DATA_WIDTH32_DEPTH16_CNT_WIDTH5_1 cell fifo_reg[1][6] fifo_reg_1__6_
eth_fifo_DATA_WIDTH32_DEPTH16_CNT_WIDTH5_1 cell fifo_reg[1][0] fifo_reg_1__0_
eth_fifo_DATA_WIDTH32_DEPTH16_CNT_WIDTH5_1 cell fifo_reg[2][31] fifo_reg_2__31_
eth_fifo_DATA_WIDTH32_DEPTH16_CNT_WIDTH5_1 cell fifo_reg[2][30] fifo_reg_2__30_
eth_fifo_DATA_WIDTH32_DEPTH16_CNT_WIDTH5_1 cell fifo_reg[2][27] fifo_reg_2__27_
eth_fifo_DATA_WIDTH32_DEPTH16_CNT_WIDTH5_1 cell fifo_reg[2][26] fifo_reg_2__26_
eth_fifo_DATA_WIDTH32_DEPTH16_CNT_WIDTH5_1 cell fifo_reg[2][25] fifo_reg_2__25_
eth_fifo_DATA_WIDTH32_DEPTH16_CNT_WIDTH5_1 cell fifo_reg[2][24] fifo_reg_2__24_
eth_fifo_DATA_WIDTH32_DEPTH16_CNT_WIDTH5_1 cell fifo_reg[2][23] fifo_reg_2__23_
eth_fifo_DATA_WIDTH32_DEPTH16_CNT_WIDTH5_1 cell fifo_reg[2][22] fifo_reg_2__22_
eth_fifo_DATA_WIDTH32_DEPTH16_CNT_WIDTH5_1 cell fifo_reg[2][21] fifo_reg_2__21_
eth_fifo_DATA_WIDTH32_DEPTH16_CNT_WIDTH5_1 cell fifo_reg[2][20] fifo_reg_2__20_
eth_fifo_DATA_WIDTH32_DEPTH16_CNT_WIDTH5_1 cell fifo_reg[2][19] fifo_reg_2__19_
eth_fifo_DATA_WIDTH32_DEPTH16_CNT_WIDTH5_1 cell fifo_reg[2][17] fifo_reg_2__17_
eth_fifo_DATA_WIDTH32_DEPTH16_CNT_WIDTH5_1 cell fifo_reg[2][16] fifo_reg_2__16_
eth_fifo_DATA_WIDTH32_DEPTH16_CNT_WIDTH5_1 cell fifo_reg[2][15] fifo_reg_2__15_
eth_fifo_DATA_WIDTH32_DEPTH16_CNT_WIDTH5_1 cell fifo_reg[2][14] fifo_reg_2__14_
eth_fifo_DATA_WIDTH32_DEPTH16_CNT_WIDTH5_1 cell fifo_reg[2][13] fifo_reg_2__13_
eth_fifo_DATA_WIDTH32_DEPTH16_CNT_WIDTH5_1 cell fifo_reg[2][12] fifo_reg_2__12_
eth_fifo_DATA_WIDTH32_DEPTH16_CNT_WIDTH5_1 cell fifo_reg[2][11] fifo_reg_2__11_
eth_fifo_DATA_WIDTH32_DEPTH16_CNT_WIDTH5_1 cell fifo_reg[2][10] fifo_reg_2__10_
eth_fifo_DATA_WIDTH32_DEPTH16_CNT_WIDTH5_1 cell fifo_reg[2][9] fifo_reg_2__9_
eth_fifo_DATA_WIDTH32_DEPTH16_CNT_WIDTH5_1 cell fifo_reg[2][6] fifo_reg_2__6_
eth_fifo_DATA_WIDTH32_DEPTH16_CNT_WIDTH5_1 cell fifo_reg[2][5] fifo_reg_2__5_
eth_fifo_DATA_WIDTH32_DEPTH16_CNT_WIDTH5_1 cell fifo_reg[2][4] fifo_reg_2__4_
eth_fifo_DATA_WIDTH32_DEPTH16_CNT_WIDTH5_1 cell fifo_reg[2][3] fifo_reg_2__3_
eth_fifo_DATA_WIDTH32_DEPTH16_CNT_WIDTH5_1 cell fifo_reg[3][26] fifo_reg_3__26_
eth_fifo_DATA_WIDTH32_DEPTH16_CNT_WIDTH5_1 cell fifo_reg[3][24] fifo_reg_3__24_
eth_fifo_DATA_WIDTH32_DEPTH16_CNT_WIDTH5_1 cell fifo_reg[3][23] fifo_reg_3__23_
eth_fifo_DATA_WIDTH32_DEPTH16_CNT_WIDTH5_1 cell fifo_reg[3][22] fifo_reg_3__22_
eth_fifo_DATA_WIDTH32_DEPTH16_CNT_WIDTH5_1 cell fifo_reg[3][20] fifo_reg_3__20_
eth_fifo_DATA_WIDTH32_DEPTH16_CNT_WIDTH5_1 cell fifo_reg[3][17] fifo_reg_3__17_
eth_fifo_DATA_WIDTH32_DEPTH16_CNT_WIDTH5_1 cell fifo_reg[3][15] fifo_reg_3__15_
eth_fifo_DATA_WIDTH32_DEPTH16_CNT_WIDTH5_1 cell fifo_reg[3][14] fifo_reg_3__14_
eth_fifo_DATA_WIDTH32_DEPTH16_CNT_WIDTH5_1 cell fifo_reg[3][13] fifo_reg_3__13_
eth_fifo_DATA_WIDTH32_DEPTH16_CNT_WIDTH5_1 cell fifo_reg[3][12] fifo_reg_3__12_
eth_fifo_DATA_WIDTH32_DEPTH16_CNT_WIDTH5_1 cell fifo_reg[3][10] fifo_reg_3__10_
eth_fifo_DATA_WIDTH32_DEPTH16_CNT_WIDTH5_1 cell fifo_reg[3][9] fifo_reg_3__9_
eth_fifo_DATA_WIDTH32_DEPTH16_CNT_WIDTH5_1 cell fifo_reg[3][8] fifo_reg_3__8_
eth_fifo_DATA_WIDTH32_DEPTH16_CNT_WIDTH5_1 cell fifo_reg[3][7] fifo_reg_3__7_
eth_fifo_DATA_WIDTH32_DEPTH16_CNT_WIDTH5_1 cell fifo_reg[3][6] fifo_reg_3__6_
eth_fifo_DATA_WIDTH32_DEPTH16_CNT_WIDTH5_1 cell fifo_reg[3][4] fifo_reg_3__4_
eth_fifo_DATA_WIDTH32_DEPTH16_CNT_WIDTH5_1 cell fifo_reg[3][3] fifo_reg_3__3_
eth_fifo_DATA_WIDTH32_DEPTH16_CNT_WIDTH5_1 cell fifo_reg[3][2] fifo_reg_3__2_
eth_fifo_DATA_WIDTH32_DEPTH16_CNT_WIDTH5_1 cell fifo_reg[3][1] fifo_reg_3__1_
eth_fifo_DATA_WIDTH32_DEPTH16_CNT_WIDTH5_1 cell fifo_reg[3][0] fifo_reg_3__0_
eth_fifo_DATA_WIDTH32_DEPTH16_CNT_WIDTH5_1 cell fifo_reg[8][31] fifo_reg_8__31_
eth_fifo_DATA_WIDTH32_DEPTH16_CNT_WIDTH5_1 cell fifo_reg[8][30] fifo_reg_8__30_
eth_fifo_DATA_WIDTH32_DEPTH16_CNT_WIDTH5_1 cell fifo_reg[8][29] fifo_reg_8__29_
eth_fifo_DATA_WIDTH32_DEPTH16_CNT_WIDTH5_1 cell fifo_reg[8][28] fifo_reg_8__28_
eth_fifo_DATA_WIDTH32_DEPTH16_CNT_WIDTH5_1 cell fifo_reg[8][27] fifo_reg_8__27_
eth_fifo_DATA_WIDTH32_DEPTH16_CNT_WIDTH5_1 cell fifo_reg[8][26] fifo_reg_8__26_
eth_fifo_DATA_WIDTH32_DEPTH16_CNT_WIDTH5_1 cell fifo_reg[8][25] fifo_reg_8__25_
eth_fifo_DATA_WIDTH32_DEPTH16_CNT_WIDTH5_1 cell fifo_reg[8][24] fifo_reg_8__24_
eth_fifo_DATA_WIDTH32_DEPTH16_CNT_WIDTH5_1 cell fifo_reg[8][20] fifo_reg_8__20_
eth_fifo_DATA_WIDTH32_DEPTH16_CNT_WIDTH5_1 cell fifo_reg[8][15] fifo_reg_8__15_
eth_fifo_DATA_WIDTH32_DEPTH16_CNT_WIDTH5_1 cell fifo_reg[8][14] fifo_reg_8__14_
eth_fifo_DATA_WIDTH32_DEPTH16_CNT_WIDTH5_1 cell fifo_reg[8][13] fifo_reg_8__13_
eth_fifo_DATA_WIDTH32_DEPTH16_CNT_WIDTH5_1 cell fifo_reg[8][12] fifo_reg_8__12_
eth_fifo_DATA_WIDTH32_DEPTH16_CNT_WIDTH5_1 cell fifo_reg[8][11] fifo_reg_8__11_
eth_fifo_DATA_WIDTH32_DEPTH16_CNT_WIDTH5_1 cell fifo_reg[8][10] fifo_reg_8__10_
eth_fifo_DATA_WIDTH32_DEPTH16_CNT_WIDTH5_1 cell fifo_reg[8][9] fifo_reg_8__9_
eth_fifo_DATA_WIDTH32_DEPTH16_CNT_WIDTH5_1 cell fifo_reg[8][8] fifo_reg_8__8_
eth_fifo_DATA_WIDTH32_DEPTH16_CNT_WIDTH5_1 cell fifo_reg[8][7] fifo_reg_8__7_
eth_fifo_DATA_WIDTH32_DEPTH16_CNT_WIDTH5_1 cell fifo_reg[8][6] fifo_reg_8__6_
eth_fifo_DATA_WIDTH32_DEPTH16_CNT_WIDTH5_1 cell fifo_reg[8][5] fifo_reg_8__5_
eth_fifo_DATA_WIDTH32_DEPTH16_CNT_WIDTH5_1 cell fifo_reg[8][4] fifo_reg_8__4_
eth_fifo_DATA_WIDTH32_DEPTH16_CNT_WIDTH5_1 cell fifo_reg[8][3] fifo_reg_8__3_
eth_fifo_DATA_WIDTH32_DEPTH16_CNT_WIDTH5_1 cell fifo_reg[9][30] fifo_reg_9__30_
eth_fifo_DATA_WIDTH32_DEPTH16_CNT_WIDTH5_1 cell fifo_reg[9][28] fifo_reg_9__28_
eth_fifo_DATA_WIDTH32_DEPTH16_CNT_WIDTH5_1 cell fifo_reg[9][27] fifo_reg_9__27_
eth_fifo_DATA_WIDTH32_DEPTH16_CNT_WIDTH5_1 cell fifo_reg[9][26] fifo_reg_9__26_
eth_fifo_DATA_WIDTH32_DEPTH16_CNT_WIDTH5_1 cell fifo_reg[9][23] fifo_reg_9__23_
eth_fifo_DATA_WIDTH32_DEPTH16_CNT_WIDTH5_1 cell fifo_reg[9][22] fifo_reg_9__22_
eth_fifo_DATA_WIDTH32_DEPTH16_CNT_WIDTH5_1 cell fifo_reg[9][21] fifo_reg_9__21_
eth_fifo_DATA_WIDTH32_DEPTH16_CNT_WIDTH5_1 cell fifo_reg[9][20] fifo_reg_9__20_
eth_fifo_DATA_WIDTH32_DEPTH16_CNT_WIDTH5_1 cell fifo_reg[9][19] fifo_reg_9__19_
eth_fifo_DATA_WIDTH32_DEPTH16_CNT_WIDTH5_1 cell fifo_reg[9][18] fifo_reg_9__18_
eth_fifo_DATA_WIDTH32_DEPTH16_CNT_WIDTH5_1 cell fifo_reg[9][17] fifo_reg_9__17_
eth_fifo_DATA_WIDTH32_DEPTH16_CNT_WIDTH5_1 cell fifo_reg[9][16] fifo_reg_9__16_
eth_fifo_DATA_WIDTH32_DEPTH16_CNT_WIDTH5_1 cell fifo_reg[9][15] fifo_reg_9__15_
eth_fifo_DATA_WIDTH32_DEPTH16_CNT_WIDTH5_1 cell fifo_reg[9][14] fifo_reg_9__14_
eth_fifo_DATA_WIDTH32_DEPTH16_CNT_WIDTH5_1 cell fifo_reg[9][13] fifo_reg_9__13_
eth_fifo_DATA_WIDTH32_DEPTH16_CNT_WIDTH5_1 cell fifo_reg[9][11] fifo_reg_9__11_
eth_fifo_DATA_WIDTH32_DEPTH16_CNT_WIDTH5_1 cell fifo_reg[9][10] fifo_reg_9__10_
eth_fifo_DATA_WIDTH32_DEPTH16_CNT_WIDTH5_1 cell fifo_reg[9][9] fifo_reg_9__9_
eth_fifo_DATA_WIDTH32_DEPTH16_CNT_WIDTH5_1 cell fifo_reg[9][8] fifo_reg_9__8_
eth_fifo_DATA_WIDTH32_DEPTH16_CNT_WIDTH5_1 cell fifo_reg[9][7] fifo_reg_9__7_
eth_fifo_DATA_WIDTH32_DEPTH16_CNT_WIDTH5_1 cell fifo_reg[9][5] fifo_reg_9__5_
eth_fifo_DATA_WIDTH32_DEPTH16_CNT_WIDTH5_1 cell fifo_reg[9][4] fifo_reg_9__4_
eth_fifo_DATA_WIDTH32_DEPTH16_CNT_WIDTH5_1 cell fifo_reg[9][3] fifo_reg_9__3_
eth_fifo_DATA_WIDTH32_DEPTH16_CNT_WIDTH5_1 cell fifo_reg[9][2] fifo_reg_9__2_
eth_fifo_DATA_WIDTH32_DEPTH16_CNT_WIDTH5_1 cell fifo_reg[9][1] fifo_reg_9__1_
eth_fifo_DATA_WIDTH32_DEPTH16_CNT_WIDTH5_1 cell fifo_reg[9][0] fifo_reg_9__0_
eth_fifo_DATA_WIDTH32_DEPTH16_CNT_WIDTH5_1 cell fifo_reg[11][31] fifo_reg_11__31_
eth_fifo_DATA_WIDTH32_DEPTH16_CNT_WIDTH5_1 cell fifo_reg[11][30] fifo_reg_11__30_
eth_fifo_DATA_WIDTH32_DEPTH16_CNT_WIDTH5_1 cell fifo_reg[11][29] fifo_reg_11__29_
eth_fifo_DATA_WIDTH32_DEPTH16_CNT_WIDTH5_1 cell fifo_reg[11][27] fifo_reg_11__27_
eth_fifo_DATA_WIDTH32_DEPTH16_CNT_WIDTH5_1 cell fifo_reg[11][26] fifo_reg_11__26_
eth_fifo_DATA_WIDTH32_DEPTH16_CNT_WIDTH5_1 cell fifo_reg[11][25] fifo_reg_11__25_
eth_fifo_DATA_WIDTH32_DEPTH16_CNT_WIDTH5_1 cell fifo_reg[11][24] fifo_reg_11__24_
eth_fifo_DATA_WIDTH32_DEPTH16_CNT_WIDTH5_1 cell fifo_reg[11][23] fifo_reg_11__23_
eth_fifo_DATA_WIDTH32_DEPTH16_CNT_WIDTH5_1 cell fifo_reg[11][22] fifo_reg_11__22_
eth_fifo_DATA_WIDTH32_DEPTH16_CNT_WIDTH5_1 cell fifo_reg[11][21] fifo_reg_11__21_
eth_fifo_DATA_WIDTH32_DEPTH16_CNT_WIDTH5_1 cell fifo_reg[11][20] fifo_reg_11__20_
eth_fifo_DATA_WIDTH32_DEPTH16_CNT_WIDTH5_1 cell fifo_reg[11][19] fifo_reg_11__19_
eth_fifo_DATA_WIDTH32_DEPTH16_CNT_WIDTH5_1 cell fifo_reg[11][18] fifo_reg_11__18_
eth_fifo_DATA_WIDTH32_DEPTH16_CNT_WIDTH5_1 cell fifo_reg[11][17] fifo_reg_11__17_
eth_fifo_DATA_WIDTH32_DEPTH16_CNT_WIDTH5_1 cell fifo_reg[11][16] fifo_reg_11__16_
eth_fifo_DATA_WIDTH32_DEPTH16_CNT_WIDTH5_1 cell fifo_reg[11][15] fifo_reg_11__15_
eth_fifo_DATA_WIDTH32_DEPTH16_CNT_WIDTH5_1 cell fifo_reg[11][14] fifo_reg_11__14_
eth_fifo_DATA_WIDTH32_DEPTH16_CNT_WIDTH5_1 cell fifo_reg[11][12] fifo_reg_11__12_
eth_fifo_DATA_WIDTH32_DEPTH16_CNT_WIDTH5_1 cell fifo_reg[11][11] fifo_reg_11__11_
eth_fifo_DATA_WIDTH32_DEPTH16_CNT_WIDTH5_1 cell fifo_reg[11][10] fifo_reg_11__10_
eth_fifo_DATA_WIDTH32_DEPTH16_CNT_WIDTH5_1 cell fifo_reg[11][9] fifo_reg_11__9_
eth_fifo_DATA_WIDTH32_DEPTH16_CNT_WIDTH5_1 cell fifo_reg[11][8] fifo_reg_11__8_
eth_fifo_DATA_WIDTH32_DEPTH16_CNT_WIDTH5_1 cell fifo_reg[11][7] fifo_reg_11__7_
eth_fifo_DATA_WIDTH32_DEPTH16_CNT_WIDTH5_1 cell fifo_reg[11][6] fifo_reg_11__6_
eth_fifo_DATA_WIDTH32_DEPTH16_CNT_WIDTH5_1 cell fifo_reg[11][5] fifo_reg_11__5_
eth_fifo_DATA_WIDTH32_DEPTH16_CNT_WIDTH5_1 cell fifo_reg[11][4] fifo_reg_11__4_
eth_fifo_DATA_WIDTH32_DEPTH16_CNT_WIDTH5_1 cell fifo_reg[11][3] fifo_reg_11__3_
eth_fifo_DATA_WIDTH32_DEPTH16_CNT_WIDTH5_1 cell fifo_reg[11][2] fifo_reg_11__2_
eth_fifo_DATA_WIDTH32_DEPTH16_CNT_WIDTH5_1 cell fifo_reg[11][1] fifo_reg_11__1_
eth_fifo_DATA_WIDTH32_DEPTH16_CNT_WIDTH5_1 cell fifo_reg[1][31] fifo_reg_1__31_
eth_fifo_DATA_WIDTH32_DEPTH16_CNT_WIDTH5_1 cell fifo_reg[1][30] fifo_reg_1__30_
eth_fifo_DATA_WIDTH32_DEPTH16_CNT_WIDTH5_1 cell fifo_reg[1][5] fifo_reg_1__5_
eth_fifo_DATA_WIDTH32_DEPTH16_CNT_WIDTH5_1 cell fifo_reg[1][4] fifo_reg_1__4_
eth_fifo_DATA_WIDTH32_DEPTH16_CNT_WIDTH5_1 cell fifo_reg[1][3] fifo_reg_1__3_
eth_fifo_DATA_WIDTH32_DEPTH16_CNT_WIDTH5_1 cell fifo_reg[1][2] fifo_reg_1__2_
eth_fifo_DATA_WIDTH32_DEPTH16_CNT_WIDTH5_1 cell fifo_reg[1][1] fifo_reg_1__1_
eth_fifo_DATA_WIDTH32_DEPTH16_CNT_WIDTH5_1 cell fifo_reg[2][29] fifo_reg_2__29_
eth_fifo_DATA_WIDTH32_DEPTH16_CNT_WIDTH5_1 cell fifo_reg[2][28] fifo_reg_2__28_
eth_fifo_DATA_WIDTH32_DEPTH16_CNT_WIDTH5_1 cell fifo_reg[2][8] fifo_reg_2__8_
eth_fifo_DATA_WIDTH32_DEPTH16_CNT_WIDTH5_1 cell fifo_reg[2][7] fifo_reg_2__7_
eth_fifo_DATA_WIDTH32_DEPTH16_CNT_WIDTH5_1 cell fifo_reg[2][2] fifo_reg_2__2_
eth_fifo_DATA_WIDTH32_DEPTH16_CNT_WIDTH5_1 cell fifo_reg[2][1] fifo_reg_2__1_
eth_fifo_DATA_WIDTH32_DEPTH16_CNT_WIDTH5_1 cell fifo_reg[2][0] fifo_reg_2__0_
eth_fifo_DATA_WIDTH32_DEPTH16_CNT_WIDTH5_1 cell fifo_reg[3][31] fifo_reg_3__31_
eth_fifo_DATA_WIDTH32_DEPTH16_CNT_WIDTH5_1 cell fifo_reg[3][30] fifo_reg_3__30_
eth_fifo_DATA_WIDTH32_DEPTH16_CNT_WIDTH5_1 cell fifo_reg[3][28] fifo_reg_3__28_
eth_fifo_DATA_WIDTH32_DEPTH16_CNT_WIDTH5_1 cell fifo_reg[3][27] fifo_reg_3__27_
eth_fifo_DATA_WIDTH32_DEPTH16_CNT_WIDTH5_1 cell fifo_reg[3][21] fifo_reg_3__21_
eth_fifo_DATA_WIDTH32_DEPTH16_CNT_WIDTH5_1 cell fifo_reg[3][19] fifo_reg_3__19_
eth_fifo_DATA_WIDTH32_DEPTH16_CNT_WIDTH5_1 cell fifo_reg[3][18] fifo_reg_3__18_
eth_fifo_DATA_WIDTH32_DEPTH16_CNT_WIDTH5_1 cell fifo_reg[3][16] fifo_reg_3__16_
eth_fifo_DATA_WIDTH32_DEPTH16_CNT_WIDTH5_1 cell fifo_reg[3][11] fifo_reg_3__11_
eth_fifo_DATA_WIDTH32_DEPTH16_CNT_WIDTH5_1 cell fifo_reg[8][23] fifo_reg_8__23_
eth_fifo_DATA_WIDTH32_DEPTH16_CNT_WIDTH5_1 cell fifo_reg[8][22] fifo_reg_8__22_
eth_fifo_DATA_WIDTH32_DEPTH16_CNT_WIDTH5_1 cell fifo_reg[8][21] fifo_reg_8__21_
eth_fifo_DATA_WIDTH32_DEPTH16_CNT_WIDTH5_1 cell fifo_reg[8][18] fifo_reg_8__18_
eth_fifo_DATA_WIDTH32_DEPTH16_CNT_WIDTH5_1 cell fifo_reg[8][17] fifo_reg_8__17_
eth_fifo_DATA_WIDTH32_DEPTH16_CNT_WIDTH5_1 cell fifo_reg[8][16] fifo_reg_8__16_
eth_fifo_DATA_WIDTH32_DEPTH16_CNT_WIDTH5_1 cell fifo_reg[8][2] fifo_reg_8__2_
eth_fifo_DATA_WIDTH32_DEPTH16_CNT_WIDTH5_1 cell fifo_reg[8][0] fifo_reg_8__0_
eth_fifo_DATA_WIDTH32_DEPTH16_CNT_WIDTH5_1 cell fifo_reg[9][31] fifo_reg_9__31_
eth_fifo_DATA_WIDTH32_DEPTH16_CNT_WIDTH5_1 cell fifo_reg[9][25] fifo_reg_9__25_
eth_fifo_DATA_WIDTH32_DEPTH16_CNT_WIDTH5_1 cell fifo_reg[9][24] fifo_reg_9__24_
eth_fifo_DATA_WIDTH32_DEPTH16_CNT_WIDTH5_1 cell fifo_reg[9][6] fifo_reg_9__6_
eth_fifo_DATA_WIDTH32_DEPTH16_CNT_WIDTH5_1 cell fifo_reg[11][0] fifo_reg_11__0_
eth_fifo_DATA_WIDTH32_DEPTH16_CNT_WIDTH5_1 cell fifo_reg[0][31] fifo_reg_0__31_
eth_fifo_DATA_WIDTH32_DEPTH16_CNT_WIDTH5_1 cell fifo_reg[0][30] fifo_reg_0__30_
eth_fifo_DATA_WIDTH32_DEPTH16_CNT_WIDTH5_1 cell fifo_reg[0][29] fifo_reg_0__29_
eth_fifo_DATA_WIDTH32_DEPTH16_CNT_WIDTH5_1 cell fifo_reg[0][28] fifo_reg_0__28_
eth_fifo_DATA_WIDTH32_DEPTH16_CNT_WIDTH5_1 cell fifo_reg[0][27] fifo_reg_0__27_
eth_fifo_DATA_WIDTH32_DEPTH16_CNT_WIDTH5_1 cell fifo_reg[0][26] fifo_reg_0__26_
eth_fifo_DATA_WIDTH32_DEPTH16_CNT_WIDTH5_1 cell fifo_reg[0][25] fifo_reg_0__25_
eth_fifo_DATA_WIDTH32_DEPTH16_CNT_WIDTH5_1 cell fifo_reg[0][24] fifo_reg_0__24_
eth_fifo_DATA_WIDTH32_DEPTH16_CNT_WIDTH5_1 cell fifo_reg[0][22] fifo_reg_0__22_
eth_fifo_DATA_WIDTH32_DEPTH16_CNT_WIDTH5_1 cell fifo_reg[0][21] fifo_reg_0__21_
eth_fifo_DATA_WIDTH32_DEPTH16_CNT_WIDTH5_1 cell fifo_reg[0][20] fifo_reg_0__20_
eth_fifo_DATA_WIDTH32_DEPTH16_CNT_WIDTH5_1 cell fifo_reg[0][19] fifo_reg_0__19_
eth_fifo_DATA_WIDTH32_DEPTH16_CNT_WIDTH5_1 cell fifo_reg[0][18] fifo_reg_0__18_
eth_fifo_DATA_WIDTH32_DEPTH16_CNT_WIDTH5_1 cell fifo_reg[0][17] fifo_reg_0__17_
eth_fifo_DATA_WIDTH32_DEPTH16_CNT_WIDTH5_1 cell fifo_reg[0][16] fifo_reg_0__16_
eth_fifo_DATA_WIDTH32_DEPTH16_CNT_WIDTH5_1 cell fifo_reg[0][15] fifo_reg_0__15_
eth_fifo_DATA_WIDTH32_DEPTH16_CNT_WIDTH5_1 cell fifo_reg[0][14] fifo_reg_0__14_
eth_fifo_DATA_WIDTH32_DEPTH16_CNT_WIDTH5_1 cell fifo_reg[0][13] fifo_reg_0__13_
eth_fifo_DATA_WIDTH32_DEPTH16_CNT_WIDTH5_1 cell fifo_reg[0][12] fifo_reg_0__12_
eth_fifo_DATA_WIDTH32_DEPTH16_CNT_WIDTH5_1 cell fifo_reg[0][11] fifo_reg_0__11_
eth_fifo_DATA_WIDTH32_DEPTH16_CNT_WIDTH5_1 cell fifo_reg[0][10] fifo_reg_0__10_
eth_fifo_DATA_WIDTH32_DEPTH16_CNT_WIDTH5_1 cell fifo_reg[0][9] fifo_reg_0__9_
eth_fifo_DATA_WIDTH32_DEPTH16_CNT_WIDTH5_1 cell fifo_reg[0][7] fifo_reg_0__7_
eth_fifo_DATA_WIDTH32_DEPTH16_CNT_WIDTH5_1 cell fifo_reg[0][6] fifo_reg_0__6_
eth_fifo_DATA_WIDTH32_DEPTH16_CNT_WIDTH5_1 cell fifo_reg[0][5] fifo_reg_0__5_
eth_fifo_DATA_WIDTH32_DEPTH16_CNT_WIDTH5_1 cell fifo_reg[0][4] fifo_reg_0__4_
eth_fifo_DATA_WIDTH32_DEPTH16_CNT_WIDTH5_1 cell fifo_reg[0][3] fifo_reg_0__3_
eth_fifo_DATA_WIDTH32_DEPTH16_CNT_WIDTH5_1 cell fifo_reg[0][2] fifo_reg_0__2_
eth_fifo_DATA_WIDTH32_DEPTH16_CNT_WIDTH5_1 cell fifo_reg[0][1] fifo_reg_0__1_
eth_fifo_DATA_WIDTH32_DEPTH16_CNT_WIDTH5_1 cell fifo_reg[0][0] fifo_reg_0__0_
eth_fifo_DATA_WIDTH32_DEPTH16_CNT_WIDTH5_1 cell fifo_reg[10][31] fifo_reg_10__31_
eth_fifo_DATA_WIDTH32_DEPTH16_CNT_WIDTH5_1 cell fifo_reg[10][30] fifo_reg_10__30_
eth_fifo_DATA_WIDTH32_DEPTH16_CNT_WIDTH5_1 cell fifo_reg[10][29] fifo_reg_10__29_
eth_fifo_DATA_WIDTH32_DEPTH16_CNT_WIDTH5_1 cell fifo_reg[10][28] fifo_reg_10__28_
eth_fifo_DATA_WIDTH32_DEPTH16_CNT_WIDTH5_1 cell fifo_reg[10][27] fifo_reg_10__27_
eth_fifo_DATA_WIDTH32_DEPTH16_CNT_WIDTH5_1 cell fifo_reg[10][26] fifo_reg_10__26_
eth_fifo_DATA_WIDTH32_DEPTH16_CNT_WIDTH5_1 cell fifo_reg[10][24] fifo_reg_10__24_
eth_fifo_DATA_WIDTH32_DEPTH16_CNT_WIDTH5_1 cell fifo_reg[10][23] fifo_reg_10__23_
eth_fifo_DATA_WIDTH32_DEPTH16_CNT_WIDTH5_1 cell fifo_reg[10][22] fifo_reg_10__22_
eth_fifo_DATA_WIDTH32_DEPTH16_CNT_WIDTH5_1 cell fifo_reg[10][21] fifo_reg_10__21_
eth_fifo_DATA_WIDTH32_DEPTH16_CNT_WIDTH5_1 cell fifo_reg[10][20] fifo_reg_10__20_
eth_fifo_DATA_WIDTH32_DEPTH16_CNT_WIDTH5_1 cell fifo_reg[10][19] fifo_reg_10__19_
eth_fifo_DATA_WIDTH32_DEPTH16_CNT_WIDTH5_1 cell fifo_reg[10][18] fifo_reg_10__18_
eth_fifo_DATA_WIDTH32_DEPTH16_CNT_WIDTH5_1 cell fifo_reg[10][17] fifo_reg_10__17_
eth_fifo_DATA_WIDTH32_DEPTH16_CNT_WIDTH5_1 cell fifo_reg[10][16] fifo_reg_10__16_
eth_fifo_DATA_WIDTH32_DEPTH16_CNT_WIDTH5_1 cell fifo_reg[10][15] fifo_reg_10__15_
eth_fifo_DATA_WIDTH32_DEPTH16_CNT_WIDTH5_1 cell fifo_reg[10][14] fifo_reg_10__14_
eth_fifo_DATA_WIDTH32_DEPTH16_CNT_WIDTH5_1 cell fifo_reg[10][13] fifo_reg_10__13_
eth_fifo_DATA_WIDTH32_DEPTH16_CNT_WIDTH5_1 cell fifo_reg[10][12] fifo_reg_10__12_
eth_fifo_DATA_WIDTH32_DEPTH16_CNT_WIDTH5_1 cell fifo_reg[10][11] fifo_reg_10__11_
eth_fifo_DATA_WIDTH32_DEPTH16_CNT_WIDTH5_1 cell fifo_reg[10][9] fifo_reg_10__9_
eth_fifo_DATA_WIDTH32_DEPTH16_CNT_WIDTH5_1 cell fifo_reg[10][8] fifo_reg_10__8_
eth_fifo_DATA_WIDTH32_DEPTH16_CNT_WIDTH5_1 cell fifo_reg[10][7] fifo_reg_10__7_
eth_fifo_DATA_WIDTH32_DEPTH16_CNT_WIDTH5_1 cell fifo_reg[10][6] fifo_reg_10__6_
eth_fifo_DATA_WIDTH32_DEPTH16_CNT_WIDTH5_1 cell fifo_reg[10][5] fifo_reg_10__5_
eth_fifo_DATA_WIDTH32_DEPTH16_CNT_WIDTH5_1 cell fifo_reg[10][4] fifo_reg_10__4_
eth_fifo_DATA_WIDTH32_DEPTH16_CNT_WIDTH5_1 cell fifo_reg[10][3] fifo_reg_10__3_
eth_fifo_DATA_WIDTH32_DEPTH16_CNT_WIDTH5_1 cell fifo_reg[10][2] fifo_reg_10__2_
eth_fifo_DATA_WIDTH32_DEPTH16_CNT_WIDTH5_1 cell fifo_reg[10][1] fifo_reg_10__1_
eth_fifo_DATA_WIDTH32_DEPTH16_CNT_WIDTH5_1 cell fifo_reg[10][0] fifo_reg_10__0_
eth_fifo_DATA_WIDTH32_DEPTH16_CNT_WIDTH5_1 cell read_pointer_reg[1] read_pointer_reg_1_
eth_fifo_DATA_WIDTH32_DEPTH16_CNT_WIDTH5_1 cell data_out_reg[23] data_out_reg_23_
eth_fifo_DATA_WIDTH32_DEPTH16_CNT_WIDTH5_1 cell data_out_reg[8] data_out_reg_8_
eth_fifo_DATA_WIDTH32_DEPTH16_CNT_WIDTH5_1 cell fifo_reg[7][24] fifo_reg_7__24_
eth_fifo_DATA_WIDTH32_DEPTH16_CNT_WIDTH5_1 cell fifo_reg[7][9] fifo_reg_7__9_
eth_fifo_DATA_WIDTH32_DEPTH16_CNT_WIDTH5_1 cell fifo_reg[4][25] fifo_reg_4__25_
eth_fifo_DATA_WIDTH32_DEPTH16_CNT_WIDTH5_1 cell fifo_reg[4][7] fifo_reg_4__7_
eth_fifo_DATA_WIDTH32_DEPTH16_CNT_WIDTH5_1 cell fifo_reg[5][24] fifo_reg_5__24_
eth_fifo_DATA_WIDTH32_DEPTH16_CNT_WIDTH5_1 cell fifo_reg[5][9] fifo_reg_5__9_
eth_fifo_DATA_WIDTH32_DEPTH16_CNT_WIDTH5_1 cell fifo_reg[6][26] fifo_reg_6__26_
eth_fifo_DATA_WIDTH32_DEPTH16_CNT_WIDTH5_1 cell fifo_reg[6][11] fifo_reg_6__11_
eth_fifo_DATA_WIDTH32_DEPTH16_CNT_WIDTH5_1 cell fifo_reg[12][27] fifo_reg_12__27_
eth_fifo_DATA_WIDTH32_DEPTH16_CNT_WIDTH5_1 cell fifo_reg[12][10] fifo_reg_12__10_
eth_fifo_DATA_WIDTH32_DEPTH16_CNT_WIDTH5_1 cell fifo_reg[13][27] fifo_reg_13__27_
eth_fifo_DATA_WIDTH32_DEPTH16_CNT_WIDTH5_1 cell fifo_reg[13][12] fifo_reg_13__12_
eth_fifo_DATA_WIDTH32_DEPTH16_CNT_WIDTH5_1 cell fifo_reg[14][29] fifo_reg_14__29_
eth_fifo_DATA_WIDTH32_DEPTH16_CNT_WIDTH5_1 cell fifo_reg[14][14] fifo_reg_14__14_
eth_fifo_DATA_WIDTH32_DEPTH16_CNT_WIDTH5_1 cell fifo_reg[15][27] fifo_reg_15__27_
eth_fifo_DATA_WIDTH32_DEPTH16_CNT_WIDTH5_1 cell fifo_reg[15][12] fifo_reg_15__12_
eth_fifo_DATA_WIDTH32_DEPTH16_CNT_WIDTH5_1 cell fifo_reg[4][13] fifo_reg_4__13_
eth_fifo_DATA_WIDTH32_DEPTH16_CNT_WIDTH5_1 cell fifo_reg[1][24] fifo_reg_1__24_
eth_fifo_DATA_WIDTH32_DEPTH16_CNT_WIDTH5_1 cell fifo_reg[1][8] fifo_reg_1__8_
eth_fifo_DATA_WIDTH32_DEPTH16_CNT_WIDTH5_1 cell fifo_reg[2][18] fifo_reg_2__18_
eth_fifo_DATA_WIDTH32_DEPTH16_CNT_WIDTH5_1 cell fifo_reg[3][25] fifo_reg_3__25_
eth_fifo_DATA_WIDTH32_DEPTH16_CNT_WIDTH5_1 cell fifo_reg[3][5] fifo_reg_3__5_
eth_fifo_DATA_WIDTH32_DEPTH16_CNT_WIDTH5_1 cell fifo_reg[8][19] fifo_reg_8__19_
eth_fifo_DATA_WIDTH32_DEPTH16_CNT_WIDTH5_1 cell fifo_reg[9][29] fifo_reg_9__29_
eth_fifo_DATA_WIDTH32_DEPTH16_CNT_WIDTH5_1 cell fifo_reg[9][12] fifo_reg_9__12_
eth_fifo_DATA_WIDTH32_DEPTH16_CNT_WIDTH5_1 cell fifo_reg[11][28] fifo_reg_11__28_
eth_fifo_DATA_WIDTH32_DEPTH16_CNT_WIDTH5_1 cell fifo_reg[11][13] fifo_reg_11__13_
eth_fifo_DATA_WIDTH32_DEPTH16_CNT_WIDTH5_1 cell fifo_reg[1][9] fifo_reg_1__9_
eth_fifo_DATA_WIDTH32_DEPTH16_CNT_WIDTH5_1 cell fifo_reg[3][29] fifo_reg_3__29_
eth_fifo_DATA_WIDTH32_DEPTH16_CNT_WIDTH5_1 cell fifo_reg[8][1] fifo_reg_8__1_
eth_fifo_DATA_WIDTH32_DEPTH16_CNT_WIDTH5_1 cell fifo_reg[0][23] fifo_reg_0__23_
eth_fifo_DATA_WIDTH32_DEPTH16_CNT_WIDTH5_1 cell fifo_reg[0][8] fifo_reg_0__8_
eth_fifo_DATA_WIDTH32_DEPTH16_CNT_WIDTH5_1 cell fifo_reg[10][25] fifo_reg_10__25_
eth_fifo_DATA_WIDTH32_DEPTH16_CNT_WIDTH5_1 cell fifo_reg[10][10] fifo_reg_10__10_
eth_fifo_DATA_WIDTH32_DEPTH16_CNT_WIDTH5_1 net data_out[23] data_out_23_
eth_fifo_DATA_WIDTH32_DEPTH16_CNT_WIDTH5_1 net data_out[22] data_out_22_
eth_fifo_DATA_WIDTH32_DEPTH16_CNT_WIDTH5_1 net data_out[21] data_out_21_
eth_fifo_DATA_WIDTH32_DEPTH16_CNT_WIDTH5_1 net data_out[20] data_out_20_
eth_fifo_DATA_WIDTH32_DEPTH16_CNT_WIDTH5_1 net data_out[19] data_out_19_
eth_fifo_DATA_WIDTH32_DEPTH16_CNT_WIDTH5_1 net data_out[18] data_out_18_
eth_fifo_DATA_WIDTH32_DEPTH16_CNT_WIDTH5_1 net data_out[17] data_out_17_
eth_fifo_DATA_WIDTH32_DEPTH16_CNT_WIDTH5_1 net data_out[16] data_out_16_
eth_fifo_DATA_WIDTH32_DEPTH16_CNT_WIDTH5_1 net data_out[15] data_out_15_
eth_fifo_DATA_WIDTH32_DEPTH16_CNT_WIDTH5_1 net data_out[14] data_out_14_
eth_fifo_DATA_WIDTH32_DEPTH16_CNT_WIDTH5_1 net data_out[13] data_out_13_
eth_fifo_DATA_WIDTH32_DEPTH16_CNT_WIDTH5_1 net data_out[12] data_out_12_
eth_fifo_DATA_WIDTH32_DEPTH16_CNT_WIDTH5_1 net data_out[11] data_out_11_
eth_fifo_DATA_WIDTH32_DEPTH16_CNT_WIDTH5_1 net data_out[10] data_out_10_
eth_fifo_DATA_WIDTH32_DEPTH16_CNT_WIDTH5_1 net data_out[9] data_out_9_
eth_fifo_DATA_WIDTH32_DEPTH16_CNT_WIDTH5_1 net data_out[8] data_out_8_
eth_fifo_DATA_WIDTH32_DEPTH16_CNT_WIDTH5_1 net data_out[7] data_out_7_
eth_fifo_DATA_WIDTH32_DEPTH16_CNT_WIDTH5_1 net data_out[6] data_out_6_
eth_fifo_DATA_WIDTH32_DEPTH16_CNT_WIDTH5_1 net data_out[5] data_out_5_
eth_fifo_DATA_WIDTH32_DEPTH16_CNT_WIDTH5_1 net data_out[4] data_out_4_
eth_fifo_DATA_WIDTH32_DEPTH16_CNT_WIDTH5_1 net data_out[3] data_out_3_
eth_fifo_DATA_WIDTH32_DEPTH16_CNT_WIDTH5_1 net data_out[2] data_out_2_
eth_fifo_DATA_WIDTH32_DEPTH16_CNT_WIDTH5_1 net data_out[1] data_out_1_
eth_fifo_DATA_WIDTH32_DEPTH16_CNT_WIDTH5_1 net data_out[0] data_out_0_
eth_fifo_DATA_WIDTH32_DEPTH16_CNT_WIDTH5_1 net N182 almost_empty
eth_fifo_DATA_WIDTH32_DEPTH16_CNT_WIDTH5_1 net N188 full
eth_fifo_DATA_WIDTH32_DEPTH16_CNT_WIDTH5_1 net data_out[24]_BAR data_out_24__BAR
eth_fifo_DATA_WIDTH32_DEPTH16_CNT_WIDTH5_1 net data_out[25]_BAR data_out_25__BAR
eth_fifo_DATA_WIDTH32_DEPTH16_CNT_WIDTH5_1 net data_out[26]_BAR data_out_26__BAR
eth_fifo_DATA_WIDTH32_DEPTH16_CNT_WIDTH5_1 net data_out[27]_BAR data_out_27__BAR
eth_fifo_DATA_WIDTH32_DEPTH16_CNT_WIDTH5_1 net data_out[28]_BAR data_out_28__BAR
eth_fifo_DATA_WIDTH32_DEPTH16_CNT_WIDTH5_1 net data_out[29]_BAR data_out_29__BAR
eth_fifo_DATA_WIDTH32_DEPTH16_CNT_WIDTH5_1 net data_out[30]_BAR data_out_30__BAR
eth_fifo_DATA_WIDTH32_DEPTH16_CNT_WIDTH5_1 net data_out[31]_BAR data_out_31__BAR
eth_fifo_DATA_WIDTH32_DEPTH16_CNT_WIDTH5_0 cell cnt_reg[4] cnt_reg_4_
eth_fifo_DATA_WIDTH32_DEPTH16_CNT_WIDTH5_0 cell cnt_reg[3] cnt_reg_3_
eth_fifo_DATA_WIDTH32_DEPTH16_CNT_WIDTH5_0 cell cnt_reg[2] cnt_reg_2_
eth_fifo_DATA_WIDTH32_DEPTH16_CNT_WIDTH5_0 cell cnt_reg[1] cnt_reg_1_
eth_fifo_DATA_WIDTH32_DEPTH16_CNT_WIDTH5_0 cell read_pointer_reg[0] read_pointer_reg_0_
eth_fifo_DATA_WIDTH32_DEPTH16_CNT_WIDTH5_0 cell read_pointer_reg[1] read_pointer_reg_1_
eth_fifo_DATA_WIDTH32_DEPTH16_CNT_WIDTH5_0 cell read_pointer_reg[2] read_pointer_reg_2_
eth_fifo_DATA_WIDTH32_DEPTH16_CNT_WIDTH5_0 cell read_pointer_reg[3] read_pointer_reg_3_
eth_fifo_DATA_WIDTH32_DEPTH16_CNT_WIDTH5_0 cell write_pointer_reg[0] write_pointer_reg_0_
eth_fifo_DATA_WIDTH32_DEPTH16_CNT_WIDTH5_0 cell write_pointer_reg[1] write_pointer_reg_1_
eth_fifo_DATA_WIDTH32_DEPTH16_CNT_WIDTH5_0 cell write_pointer_reg[2] write_pointer_reg_2_
eth_fifo_DATA_WIDTH32_DEPTH16_CNT_WIDTH5_0 cell write_pointer_reg[3] write_pointer_reg_3_
eth_fifo_DATA_WIDTH32_DEPTH16_CNT_WIDTH5_0 cell data_out_reg[31] data_out_reg_31_
eth_fifo_DATA_WIDTH32_DEPTH16_CNT_WIDTH5_0 cell data_out_reg[30] data_out_reg_30_
eth_fifo_DATA_WIDTH32_DEPTH16_CNT_WIDTH5_0 cell data_out_reg[29] data_out_reg_29_
eth_fifo_DATA_WIDTH32_DEPTH16_CNT_WIDTH5_0 cell data_out_reg[28] data_out_reg_28_
eth_fifo_DATA_WIDTH32_DEPTH16_CNT_WIDTH5_0 cell data_out_reg[27] data_out_reg_27_
eth_fifo_DATA_WIDTH32_DEPTH16_CNT_WIDTH5_0 cell data_out_reg[26] data_out_reg_26_
eth_fifo_DATA_WIDTH32_DEPTH16_CNT_WIDTH5_0 cell data_out_reg[24] data_out_reg_24_
eth_fifo_DATA_WIDTH32_DEPTH16_CNT_WIDTH5_0 cell data_out_reg[23] data_out_reg_23_
eth_fifo_DATA_WIDTH32_DEPTH16_CNT_WIDTH5_0 cell data_out_reg[22] data_out_reg_22_
eth_fifo_DATA_WIDTH32_DEPTH16_CNT_WIDTH5_0 cell data_out_reg[21] data_out_reg_21_
eth_fifo_DATA_WIDTH32_DEPTH16_CNT_WIDTH5_0 cell data_out_reg[20] data_out_reg_20_
eth_fifo_DATA_WIDTH32_DEPTH16_CNT_WIDTH5_0 cell data_out_reg[19] data_out_reg_19_
eth_fifo_DATA_WIDTH32_DEPTH16_CNT_WIDTH5_0 cell data_out_reg[18] data_out_reg_18_
eth_fifo_DATA_WIDTH32_DEPTH16_CNT_WIDTH5_0 cell data_out_reg[17] data_out_reg_17_
eth_fifo_DATA_WIDTH32_DEPTH16_CNT_WIDTH5_0 cell data_out_reg[16] data_out_reg_16_
eth_fifo_DATA_WIDTH32_DEPTH16_CNT_WIDTH5_0 cell data_out_reg[15] data_out_reg_15_
eth_fifo_DATA_WIDTH32_DEPTH16_CNT_WIDTH5_0 cell data_out_reg[14] data_out_reg_14_
eth_fifo_DATA_WIDTH32_DEPTH16_CNT_WIDTH5_0 cell data_out_reg[13] data_out_reg_13_
eth_fifo_DATA_WIDTH32_DEPTH16_CNT_WIDTH5_0 cell data_out_reg[12] data_out_reg_12_
eth_fifo_DATA_WIDTH32_DEPTH16_CNT_WIDTH5_0 cell data_out_reg[11] data_out_reg_11_
eth_fifo_DATA_WIDTH32_DEPTH16_CNT_WIDTH5_0 cell data_out_reg[9] data_out_reg_9_
eth_fifo_DATA_WIDTH32_DEPTH16_CNT_WIDTH5_0 cell data_out_reg[8] data_out_reg_8_
eth_fifo_DATA_WIDTH32_DEPTH16_CNT_WIDTH5_0 cell data_out_reg[7] data_out_reg_7_
eth_fifo_DATA_WIDTH32_DEPTH16_CNT_WIDTH5_0 cell data_out_reg[6] data_out_reg_6_
eth_fifo_DATA_WIDTH32_DEPTH16_CNT_WIDTH5_0 cell data_out_reg[5] data_out_reg_5_
eth_fifo_DATA_WIDTH32_DEPTH16_CNT_WIDTH5_0 cell data_out_reg[4] data_out_reg_4_
eth_fifo_DATA_WIDTH32_DEPTH16_CNT_WIDTH5_0 cell data_out_reg[3] data_out_reg_3_
eth_fifo_DATA_WIDTH32_DEPTH16_CNT_WIDTH5_0 cell data_out_reg[2] data_out_reg_2_
eth_fifo_DATA_WIDTH32_DEPTH16_CNT_WIDTH5_0 cell data_out_reg[1] data_out_reg_1_
eth_fifo_DATA_WIDTH32_DEPTH16_CNT_WIDTH5_0 cell data_out_reg[0] data_out_reg_0_
eth_fifo_DATA_WIDTH32_DEPTH16_CNT_WIDTH5_0 cell fifo_reg[7][31] fifo_reg_7__31_
eth_fifo_DATA_WIDTH32_DEPTH16_CNT_WIDTH5_0 cell fifo_reg[7][30] fifo_reg_7__30_
eth_fifo_DATA_WIDTH32_DEPTH16_CNT_WIDTH5_0 cell fifo_reg[7][28] fifo_reg_7__28_
eth_fifo_DATA_WIDTH32_DEPTH16_CNT_WIDTH5_0 cell fifo_reg[7][27] fifo_reg_7__27_
eth_fifo_DATA_WIDTH32_DEPTH16_CNT_WIDTH5_0 cell fifo_reg[7][25] fifo_reg_7__25_
eth_fifo_DATA_WIDTH32_DEPTH16_CNT_WIDTH5_0 cell fifo_reg[7][24] fifo_reg_7__24_
eth_fifo_DATA_WIDTH32_DEPTH16_CNT_WIDTH5_0 cell fifo_reg[7][23] fifo_reg_7__23_
eth_fifo_DATA_WIDTH32_DEPTH16_CNT_WIDTH5_0 cell fifo_reg[7][22] fifo_reg_7__22_
eth_fifo_DATA_WIDTH32_DEPTH16_CNT_WIDTH5_0 cell fifo_reg[7][21] fifo_reg_7__21_
eth_fifo_DATA_WIDTH32_DEPTH16_CNT_WIDTH5_0 cell fifo_reg[7][20] fifo_reg_7__20_
eth_fifo_DATA_WIDTH32_DEPTH16_CNT_WIDTH5_0 cell fifo_reg[7][19] fifo_reg_7__19_
eth_fifo_DATA_WIDTH32_DEPTH16_CNT_WIDTH5_0 cell fifo_reg[7][18] fifo_reg_7__18_
eth_fifo_DATA_WIDTH32_DEPTH16_CNT_WIDTH5_0 cell fifo_reg[7][17] fifo_reg_7__17_
eth_fifo_DATA_WIDTH32_DEPTH16_CNT_WIDTH5_0 cell fifo_reg[7][16] fifo_reg_7__16_
eth_fifo_DATA_WIDTH32_DEPTH16_CNT_WIDTH5_0 cell fifo_reg[7][15] fifo_reg_7__15_
eth_fifo_DATA_WIDTH32_DEPTH16_CNT_WIDTH5_0 cell fifo_reg[7][14] fifo_reg_7__14_
eth_fifo_DATA_WIDTH32_DEPTH16_CNT_WIDTH5_0 cell fifo_reg[7][13] fifo_reg_7__13_
eth_fifo_DATA_WIDTH32_DEPTH16_CNT_WIDTH5_0 cell fifo_reg[7][12] fifo_reg_7__12_
eth_fifo_DATA_WIDTH32_DEPTH16_CNT_WIDTH5_0 cell fifo_reg[7][10] fifo_reg_7__10_
eth_fifo_DATA_WIDTH32_DEPTH16_CNT_WIDTH5_0 cell fifo_reg[7][9] fifo_reg_7__9_
eth_fifo_DATA_WIDTH32_DEPTH16_CNT_WIDTH5_0 cell fifo_reg[7][8] fifo_reg_7__8_
eth_fifo_DATA_WIDTH32_DEPTH16_CNT_WIDTH5_0 cell fifo_reg[7][7] fifo_reg_7__7_
eth_fifo_DATA_WIDTH32_DEPTH16_CNT_WIDTH5_0 cell fifo_reg[7][6] fifo_reg_7__6_
eth_fifo_DATA_WIDTH32_DEPTH16_CNT_WIDTH5_0 cell fifo_reg[7][5] fifo_reg_7__5_
eth_fifo_DATA_WIDTH32_DEPTH16_CNT_WIDTH5_0 cell fifo_reg[7][4] fifo_reg_7__4_
eth_fifo_DATA_WIDTH32_DEPTH16_CNT_WIDTH5_0 cell fifo_reg[7][3] fifo_reg_7__3_
eth_fifo_DATA_WIDTH32_DEPTH16_CNT_WIDTH5_0 cell fifo_reg[7][2] fifo_reg_7__2_
eth_fifo_DATA_WIDTH32_DEPTH16_CNT_WIDTH5_0 cell fifo_reg[7][1] fifo_reg_7__1_
eth_fifo_DATA_WIDTH32_DEPTH16_CNT_WIDTH5_0 cell fifo_reg[7][0] fifo_reg_7__0_
eth_fifo_DATA_WIDTH32_DEPTH16_CNT_WIDTH5_0 cell fifo_reg[4][31] fifo_reg_4__31_
eth_fifo_DATA_WIDTH32_DEPTH16_CNT_WIDTH5_0 cell fifo_reg[4][30] fifo_reg_4__30_
eth_fifo_DATA_WIDTH32_DEPTH16_CNT_WIDTH5_0 cell fifo_reg[4][29] fifo_reg_4__29_
eth_fifo_DATA_WIDTH32_DEPTH16_CNT_WIDTH5_0 cell fifo_reg[4][26] fifo_reg_4__26_
eth_fifo_DATA_WIDTH32_DEPTH16_CNT_WIDTH5_0 cell fifo_reg[4][25] fifo_reg_4__25_
eth_fifo_DATA_WIDTH32_DEPTH16_CNT_WIDTH5_0 cell fifo_reg[4][22] fifo_reg_4__22_
eth_fifo_DATA_WIDTH32_DEPTH16_CNT_WIDTH5_0 cell fifo_reg[4][21] fifo_reg_4__21_
eth_fifo_DATA_WIDTH32_DEPTH16_CNT_WIDTH5_0 cell fifo_reg[4][20] fifo_reg_4__20_
eth_fifo_DATA_WIDTH32_DEPTH16_CNT_WIDTH5_0 cell fifo_reg[4][19] fifo_reg_4__19_
eth_fifo_DATA_WIDTH32_DEPTH16_CNT_WIDTH5_0 cell fifo_reg[4][18] fifo_reg_4__18_
eth_fifo_DATA_WIDTH32_DEPTH16_CNT_WIDTH5_0 cell fifo_reg[4][17] fifo_reg_4__17_
eth_fifo_DATA_WIDTH32_DEPTH16_CNT_WIDTH5_0 cell fifo_reg[4][16] fifo_reg_4__16_
eth_fifo_DATA_WIDTH32_DEPTH16_CNT_WIDTH5_0 cell fifo_reg[4][15] fifo_reg_4__15_
eth_fifo_DATA_WIDTH32_DEPTH16_CNT_WIDTH5_0 cell fifo_reg[4][14] fifo_reg_4__14_
eth_fifo_DATA_WIDTH32_DEPTH16_CNT_WIDTH5_0 cell fifo_reg[4][12] fifo_reg_4__12_
eth_fifo_DATA_WIDTH32_DEPTH16_CNT_WIDTH5_0 cell fifo_reg[4][11] fifo_reg_4__11_
eth_fifo_DATA_WIDTH32_DEPTH16_CNT_WIDTH5_0 cell fifo_reg[4][10] fifo_reg_4__10_
eth_fifo_DATA_WIDTH32_DEPTH16_CNT_WIDTH5_0 cell fifo_reg[4][8] fifo_reg_4__8_
eth_fifo_DATA_WIDTH32_DEPTH16_CNT_WIDTH5_0 cell fifo_reg[4][7] fifo_reg_4__7_
eth_fifo_DATA_WIDTH32_DEPTH16_CNT_WIDTH5_0 cell fifo_reg[4][6] fifo_reg_4__6_
eth_fifo_DATA_WIDTH32_DEPTH16_CNT_WIDTH5_0 cell fifo_reg[4][5] fifo_reg_4__5_
eth_fifo_DATA_WIDTH32_DEPTH16_CNT_WIDTH5_0 cell fifo_reg[4][4] fifo_reg_4__4_
eth_fifo_DATA_WIDTH32_DEPTH16_CNT_WIDTH5_0 cell fifo_reg[4][3] fifo_reg_4__3_
eth_fifo_DATA_WIDTH32_DEPTH16_CNT_WIDTH5_0 cell fifo_reg[4][2] fifo_reg_4__2_
eth_fifo_DATA_WIDTH32_DEPTH16_CNT_WIDTH5_0 cell fifo_reg[4][1] fifo_reg_4__1_
eth_fifo_DATA_WIDTH32_DEPTH16_CNT_WIDTH5_0 cell fifo_reg[4][0] fifo_reg_4__0_
eth_fifo_DATA_WIDTH32_DEPTH16_CNT_WIDTH5_0 cell fifo_reg[5][31] fifo_reg_5__31_
eth_fifo_DATA_WIDTH32_DEPTH16_CNT_WIDTH5_0 cell fifo_reg[5][30] fifo_reg_5__30_
eth_fifo_DATA_WIDTH32_DEPTH16_CNT_WIDTH5_0 cell fifo_reg[5][29] fifo_reg_5__29_
eth_fifo_DATA_WIDTH32_DEPTH16_CNT_WIDTH5_0 cell fifo_reg[5][28] fifo_reg_5__28_
eth_fifo_DATA_WIDTH32_DEPTH16_CNT_WIDTH5_0 cell fifo_reg[5][27] fifo_reg_5__27_
eth_fifo_DATA_WIDTH32_DEPTH16_CNT_WIDTH5_0 cell fifo_reg[5][25] fifo_reg_5__25_
eth_fifo_DATA_WIDTH32_DEPTH16_CNT_WIDTH5_0 cell fifo_reg[5][24] fifo_reg_5__24_
eth_fifo_DATA_WIDTH32_DEPTH16_CNT_WIDTH5_0 cell fifo_reg[5][23] fifo_reg_5__23_
eth_fifo_DATA_WIDTH32_DEPTH16_CNT_WIDTH5_0 cell fifo_reg[5][22] fifo_reg_5__22_
eth_fifo_DATA_WIDTH32_DEPTH16_CNT_WIDTH5_0 cell fifo_reg[5][21] fifo_reg_5__21_
eth_fifo_DATA_WIDTH32_DEPTH16_CNT_WIDTH5_0 cell fifo_reg[5][20] fifo_reg_5__20_
eth_fifo_DATA_WIDTH32_DEPTH16_CNT_WIDTH5_0 cell fifo_reg[5][19] fifo_reg_5__19_
eth_fifo_DATA_WIDTH32_DEPTH16_CNT_WIDTH5_0 cell fifo_reg[5][18] fifo_reg_5__18_
eth_fifo_DATA_WIDTH32_DEPTH16_CNT_WIDTH5_0 cell fifo_reg[5][17] fifo_reg_5__17_
eth_fifo_DATA_WIDTH32_DEPTH16_CNT_WIDTH5_0 cell fifo_reg[5][16] fifo_reg_5__16_
eth_fifo_DATA_WIDTH32_DEPTH16_CNT_WIDTH5_0 cell fifo_reg[5][15] fifo_reg_5__15_
eth_fifo_DATA_WIDTH32_DEPTH16_CNT_WIDTH5_0 cell fifo_reg[5][14] fifo_reg_5__14_
eth_fifo_DATA_WIDTH32_DEPTH16_CNT_WIDTH5_0 cell fifo_reg[5][13] fifo_reg_5__13_
eth_fifo_DATA_WIDTH32_DEPTH16_CNT_WIDTH5_0 cell fifo_reg[5][12] fifo_reg_5__12_
eth_fifo_DATA_WIDTH32_DEPTH16_CNT_WIDTH5_0 cell fifo_reg[5][10] fifo_reg_5__10_
eth_fifo_DATA_WIDTH32_DEPTH16_CNT_WIDTH5_0 cell fifo_reg[5][9] fifo_reg_5__9_
eth_fifo_DATA_WIDTH32_DEPTH16_CNT_WIDTH5_0 cell fifo_reg[5][8] fifo_reg_5__8_
eth_fifo_DATA_WIDTH32_DEPTH16_CNT_WIDTH5_0 cell fifo_reg[5][7] fifo_reg_5__7_
eth_fifo_DATA_WIDTH32_DEPTH16_CNT_WIDTH5_0 cell fifo_reg[5][6] fifo_reg_5__6_
eth_fifo_DATA_WIDTH32_DEPTH16_CNT_WIDTH5_0 cell fifo_reg[5][5] fifo_reg_5__5_
eth_fifo_DATA_WIDTH32_DEPTH16_CNT_WIDTH5_0 cell fifo_reg[5][4] fifo_reg_5__4_
eth_fifo_DATA_WIDTH32_DEPTH16_CNT_WIDTH5_0 cell fifo_reg[5][3] fifo_reg_5__3_
eth_fifo_DATA_WIDTH32_DEPTH16_CNT_WIDTH5_0 cell fifo_reg[5][2] fifo_reg_5__2_
eth_fifo_DATA_WIDTH32_DEPTH16_CNT_WIDTH5_0 cell fifo_reg[5][1] fifo_reg_5__1_
eth_fifo_DATA_WIDTH32_DEPTH16_CNT_WIDTH5_0 cell fifo_reg[5][0] fifo_reg_5__0_
eth_fifo_DATA_WIDTH32_DEPTH16_CNT_WIDTH5_0 cell fifo_reg[6][31] fifo_reg_6__31_
eth_fifo_DATA_WIDTH32_DEPTH16_CNT_WIDTH5_0 cell fifo_reg[6][30] fifo_reg_6__30_
eth_fifo_DATA_WIDTH32_DEPTH16_CNT_WIDTH5_0 cell fifo_reg[6][29] fifo_reg_6__29_
eth_fifo_DATA_WIDTH32_DEPTH16_CNT_WIDTH5_0 cell fifo_reg[6][27] fifo_reg_6__27_
eth_fifo_DATA_WIDTH32_DEPTH16_CNT_WIDTH5_0 cell fifo_reg[6][26] fifo_reg_6__26_
eth_fifo_DATA_WIDTH32_DEPTH16_CNT_WIDTH5_0 cell fifo_reg[6][25] fifo_reg_6__25_
eth_fifo_DATA_WIDTH32_DEPTH16_CNT_WIDTH5_0 cell fifo_reg[6][24] fifo_reg_6__24_
eth_fifo_DATA_WIDTH32_DEPTH16_CNT_WIDTH5_0 cell fifo_reg[6][23] fifo_reg_6__23_
eth_fifo_DATA_WIDTH32_DEPTH16_CNT_WIDTH5_0 cell fifo_reg[6][22] fifo_reg_6__22_
eth_fifo_DATA_WIDTH32_DEPTH16_CNT_WIDTH5_0 cell fifo_reg[6][21] fifo_reg_6__21_
eth_fifo_DATA_WIDTH32_DEPTH16_CNT_WIDTH5_0 cell fifo_reg[6][20] fifo_reg_6__20_
eth_fifo_DATA_WIDTH32_DEPTH16_CNT_WIDTH5_0 cell fifo_reg[6][19] fifo_reg_6__19_
eth_fifo_DATA_WIDTH32_DEPTH16_CNT_WIDTH5_0 cell fifo_reg[6][18] fifo_reg_6__18_
eth_fifo_DATA_WIDTH32_DEPTH16_CNT_WIDTH5_0 cell fifo_reg[6][17] fifo_reg_6__17_
eth_fifo_DATA_WIDTH32_DEPTH16_CNT_WIDTH5_0 cell fifo_reg[6][16] fifo_reg_6__16_
eth_fifo_DATA_WIDTH32_DEPTH16_CNT_WIDTH5_0 cell fifo_reg[6][15] fifo_reg_6__15_
eth_fifo_DATA_WIDTH32_DEPTH16_CNT_WIDTH5_0 cell fifo_reg[6][14] fifo_reg_6__14_
eth_fifo_DATA_WIDTH32_DEPTH16_CNT_WIDTH5_0 cell fifo_reg[6][12] fifo_reg_6__12_
eth_fifo_DATA_WIDTH32_DEPTH16_CNT_WIDTH5_0 cell fifo_reg[6][11] fifo_reg_6__11_
eth_fifo_DATA_WIDTH32_DEPTH16_CNT_WIDTH5_0 cell fifo_reg[6][10] fifo_reg_6__10_
eth_fifo_DATA_WIDTH32_DEPTH16_CNT_WIDTH5_0 cell fifo_reg[6][9] fifo_reg_6__9_
eth_fifo_DATA_WIDTH32_DEPTH16_CNT_WIDTH5_0 cell fifo_reg[6][8] fifo_reg_6__8_
eth_fifo_DATA_WIDTH32_DEPTH16_CNT_WIDTH5_0 cell fifo_reg[6][7] fifo_reg_6__7_
eth_fifo_DATA_WIDTH32_DEPTH16_CNT_WIDTH5_0 cell fifo_reg[6][6] fifo_reg_6__6_
eth_fifo_DATA_WIDTH32_DEPTH16_CNT_WIDTH5_0 cell fifo_reg[6][5] fifo_reg_6__5_
eth_fifo_DATA_WIDTH32_DEPTH16_CNT_WIDTH5_0 cell fifo_reg[6][4] fifo_reg_6__4_
eth_fifo_DATA_WIDTH32_DEPTH16_CNT_WIDTH5_0 cell fifo_reg[6][3] fifo_reg_6__3_
eth_fifo_DATA_WIDTH32_DEPTH16_CNT_WIDTH5_0 cell fifo_reg[6][2] fifo_reg_6__2_
eth_fifo_DATA_WIDTH32_DEPTH16_CNT_WIDTH5_0 cell fifo_reg[6][1] fifo_reg_6__1_
eth_fifo_DATA_WIDTH32_DEPTH16_CNT_WIDTH5_0 cell fifo_reg[12][31] fifo_reg_12__31_
eth_fifo_DATA_WIDTH32_DEPTH16_CNT_WIDTH5_0 cell fifo_reg[12][30] fifo_reg_12__30_
eth_fifo_DATA_WIDTH32_DEPTH16_CNT_WIDTH5_0 cell fifo_reg[12][28] fifo_reg_12__28_
eth_fifo_DATA_WIDTH32_DEPTH16_CNT_WIDTH5_0 cell fifo_reg[12][27] fifo_reg_12__27_
eth_fifo_DATA_WIDTH32_DEPTH16_CNT_WIDTH5_0 cell fifo_reg[12][26] fifo_reg_12__26_
eth_fifo_DATA_WIDTH32_DEPTH16_CNT_WIDTH5_0 cell fifo_reg[12][25] fifo_reg_12__25_
eth_fifo_DATA_WIDTH32_DEPTH16_CNT_WIDTH5_0 cell fifo_reg[12][24] fifo_reg_12__24_
eth_fifo_DATA_WIDTH32_DEPTH16_CNT_WIDTH5_0 cell fifo_reg[12][23] fifo_reg_12__23_
eth_fifo_DATA_WIDTH32_DEPTH16_CNT_WIDTH5_0 cell fifo_reg[12][22] fifo_reg_12__22_
eth_fifo_DATA_WIDTH32_DEPTH16_CNT_WIDTH5_0 cell fifo_reg[12][21] fifo_reg_12__21_
eth_fifo_DATA_WIDTH32_DEPTH16_CNT_WIDTH5_0 cell fifo_reg[12][20] fifo_reg_12__20_
eth_fifo_DATA_WIDTH32_DEPTH16_CNT_WIDTH5_0 cell fifo_reg[12][19] fifo_reg_12__19_
eth_fifo_DATA_WIDTH32_DEPTH16_CNT_WIDTH5_0 cell fifo_reg[12][18] fifo_reg_12__18_
eth_fifo_DATA_WIDTH32_DEPTH16_CNT_WIDTH5_0 cell fifo_reg[12][17] fifo_reg_12__17_
eth_fifo_DATA_WIDTH32_DEPTH16_CNT_WIDTH5_0 cell fifo_reg[12][16] fifo_reg_12__16_
eth_fifo_DATA_WIDTH32_DEPTH16_CNT_WIDTH5_0 cell fifo_reg[12][15] fifo_reg_12__15_
eth_fifo_DATA_WIDTH32_DEPTH16_CNT_WIDTH5_0 cell fifo_reg[12][12] fifo_reg_12__12_
eth_fifo_DATA_WIDTH32_DEPTH16_CNT_WIDTH5_0 cell fifo_reg[12][10] fifo_reg_12__10_
eth_fifo_DATA_WIDTH32_DEPTH16_CNT_WIDTH5_0 cell fifo_reg[12][9] fifo_reg_12__9_
eth_fifo_DATA_WIDTH32_DEPTH16_CNT_WIDTH5_0 cell fifo_reg[12][8] fifo_reg_12__8_
eth_fifo_DATA_WIDTH32_DEPTH16_CNT_WIDTH5_0 cell fifo_reg[12][7] fifo_reg_12__7_
eth_fifo_DATA_WIDTH32_DEPTH16_CNT_WIDTH5_0 cell fifo_reg[12][6] fifo_reg_12__6_
eth_fifo_DATA_WIDTH32_DEPTH16_CNT_WIDTH5_0 cell fifo_reg[12][5] fifo_reg_12__5_
eth_fifo_DATA_WIDTH32_DEPTH16_CNT_WIDTH5_0 cell fifo_reg[12][4] fifo_reg_12__4_
eth_fifo_DATA_WIDTH32_DEPTH16_CNT_WIDTH5_0 cell fifo_reg[12][3] fifo_reg_12__3_
eth_fifo_DATA_WIDTH32_DEPTH16_CNT_WIDTH5_0 cell fifo_reg[12][2] fifo_reg_12__2_
eth_fifo_DATA_WIDTH32_DEPTH16_CNT_WIDTH5_0 cell fifo_reg[12][1] fifo_reg_12__1_
eth_fifo_DATA_WIDTH32_DEPTH16_CNT_WIDTH5_0 cell fifo_reg[12][0] fifo_reg_12__0_
eth_fifo_DATA_WIDTH32_DEPTH16_CNT_WIDTH5_0 cell fifo_reg[13][31] fifo_reg_13__31_
eth_fifo_DATA_WIDTH32_DEPTH16_CNT_WIDTH5_0 cell fifo_reg[13][30] fifo_reg_13__30_
eth_fifo_DATA_WIDTH32_DEPTH16_CNT_WIDTH5_0 cell fifo_reg[13][28] fifo_reg_13__28_
eth_fifo_DATA_WIDTH32_DEPTH16_CNT_WIDTH5_0 cell fifo_reg[13][27] fifo_reg_13__27_
eth_fifo_DATA_WIDTH32_DEPTH16_CNT_WIDTH5_0 cell fifo_reg[13][26] fifo_reg_13__26_
eth_fifo_DATA_WIDTH32_DEPTH16_CNT_WIDTH5_0 cell fifo_reg[13][25] fifo_reg_13__25_
eth_fifo_DATA_WIDTH32_DEPTH16_CNT_WIDTH5_0 cell fifo_reg[13][24] fifo_reg_13__24_
eth_fifo_DATA_WIDTH32_DEPTH16_CNT_WIDTH5_0 cell fifo_reg[13][23] fifo_reg_13__23_
eth_fifo_DATA_WIDTH32_DEPTH16_CNT_WIDTH5_0 cell fifo_reg[13][22] fifo_reg_13__22_
eth_fifo_DATA_WIDTH32_DEPTH16_CNT_WIDTH5_0 cell fifo_reg[13][21] fifo_reg_13__21_
eth_fifo_DATA_WIDTH32_DEPTH16_CNT_WIDTH5_0 cell fifo_reg[13][20] fifo_reg_13__20_
eth_fifo_DATA_WIDTH32_DEPTH16_CNT_WIDTH5_0 cell fifo_reg[13][19] fifo_reg_13__19_
eth_fifo_DATA_WIDTH32_DEPTH16_CNT_WIDTH5_0 cell fifo_reg[13][18] fifo_reg_13__18_
eth_fifo_DATA_WIDTH32_DEPTH16_CNT_WIDTH5_0 cell fifo_reg[13][17] fifo_reg_13__17_
eth_fifo_DATA_WIDTH32_DEPTH16_CNT_WIDTH5_0 cell fifo_reg[13][16] fifo_reg_13__16_
eth_fifo_DATA_WIDTH32_DEPTH16_CNT_WIDTH5_0 cell fifo_reg[13][15] fifo_reg_13__15_
eth_fifo_DATA_WIDTH32_DEPTH16_CNT_WIDTH5_0 cell fifo_reg[13][13] fifo_reg_13__13_
eth_fifo_DATA_WIDTH32_DEPTH16_CNT_WIDTH5_0 cell fifo_reg[13][12] fifo_reg_13__12_
eth_fifo_DATA_WIDTH32_DEPTH16_CNT_WIDTH5_0 cell fifo_reg[13][11] fifo_reg_13__11_
eth_fifo_DATA_WIDTH32_DEPTH16_CNT_WIDTH5_0 cell fifo_reg[13][10] fifo_reg_13__10_
eth_fifo_DATA_WIDTH32_DEPTH16_CNT_WIDTH5_0 cell fifo_reg[13][9] fifo_reg_13__9_
eth_fifo_DATA_WIDTH32_DEPTH16_CNT_WIDTH5_0 cell fifo_reg[13][8] fifo_reg_13__8_
eth_fifo_DATA_WIDTH32_DEPTH16_CNT_WIDTH5_0 cell fifo_reg[13][7] fifo_reg_13__7_
eth_fifo_DATA_WIDTH32_DEPTH16_CNT_WIDTH5_0 cell fifo_reg[13][6] fifo_reg_13__6_
eth_fifo_DATA_WIDTH32_DEPTH16_CNT_WIDTH5_0 cell fifo_reg[13][5] fifo_reg_13__5_
eth_fifo_DATA_WIDTH32_DEPTH16_CNT_WIDTH5_0 cell fifo_reg[13][4] fifo_reg_13__4_
eth_fifo_DATA_WIDTH32_DEPTH16_CNT_WIDTH5_0 cell fifo_reg[13][3] fifo_reg_13__3_
eth_fifo_DATA_WIDTH32_DEPTH16_CNT_WIDTH5_0 cell fifo_reg[13][2] fifo_reg_13__2_
eth_fifo_DATA_WIDTH32_DEPTH16_CNT_WIDTH5_0 cell fifo_reg[13][1] fifo_reg_13__1_
eth_fifo_DATA_WIDTH32_DEPTH16_CNT_WIDTH5_0 cell fifo_reg[13][0] fifo_reg_13__0_
eth_fifo_DATA_WIDTH32_DEPTH16_CNT_WIDTH5_0 cell fifo_reg[14][30] fifo_reg_14__30_
eth_fifo_DATA_WIDTH32_DEPTH16_CNT_WIDTH5_0 cell fifo_reg[14][29] fifo_reg_14__29_
eth_fifo_DATA_WIDTH32_DEPTH16_CNT_WIDTH5_0 cell fifo_reg[14][28] fifo_reg_14__28_
eth_fifo_DATA_WIDTH32_DEPTH16_CNT_WIDTH5_0 cell fifo_reg[14][27] fifo_reg_14__27_
eth_fifo_DATA_WIDTH32_DEPTH16_CNT_WIDTH5_0 cell fifo_reg[14][26] fifo_reg_14__26_
eth_fifo_DATA_WIDTH32_DEPTH16_CNT_WIDTH5_0 cell fifo_reg[14][25] fifo_reg_14__25_
eth_fifo_DATA_WIDTH32_DEPTH16_CNT_WIDTH5_0 cell fifo_reg[14][24] fifo_reg_14__24_
eth_fifo_DATA_WIDTH32_DEPTH16_CNT_WIDTH5_0 cell fifo_reg[14][23] fifo_reg_14__23_
eth_fifo_DATA_WIDTH32_DEPTH16_CNT_WIDTH5_0 cell fifo_reg[14][22] fifo_reg_14__22_
eth_fifo_DATA_WIDTH32_DEPTH16_CNT_WIDTH5_0 cell fifo_reg[14][21] fifo_reg_14__21_
eth_fifo_DATA_WIDTH32_DEPTH16_CNT_WIDTH5_0 cell fifo_reg[14][20] fifo_reg_14__20_
eth_fifo_DATA_WIDTH32_DEPTH16_CNT_WIDTH5_0 cell fifo_reg[14][19] fifo_reg_14__19_
eth_fifo_DATA_WIDTH32_DEPTH16_CNT_WIDTH5_0 cell fifo_reg[14][18] fifo_reg_14__18_
eth_fifo_DATA_WIDTH32_DEPTH16_CNT_WIDTH5_0 cell fifo_reg[14][17] fifo_reg_14__17_
eth_fifo_DATA_WIDTH32_DEPTH16_CNT_WIDTH5_0 cell fifo_reg[14][15] fifo_reg_14__15_
eth_fifo_DATA_WIDTH32_DEPTH16_CNT_WIDTH5_0 cell fifo_reg[14][14] fifo_reg_14__14_
eth_fifo_DATA_WIDTH32_DEPTH16_CNT_WIDTH5_0 cell fifo_reg[14][13] fifo_reg_14__13_
eth_fifo_DATA_WIDTH32_DEPTH16_CNT_WIDTH5_0 cell fifo_reg[14][12] fifo_reg_14__12_
eth_fifo_DATA_WIDTH32_DEPTH16_CNT_WIDTH5_0 cell fifo_reg[14][11] fifo_reg_14__11_
eth_fifo_DATA_WIDTH32_DEPTH16_CNT_WIDTH5_0 cell fifo_reg[14][10] fifo_reg_14__10_
eth_fifo_DATA_WIDTH32_DEPTH16_CNT_WIDTH5_0 cell fifo_reg[14][9] fifo_reg_14__9_
eth_fifo_DATA_WIDTH32_DEPTH16_CNT_WIDTH5_0 cell fifo_reg[14][8] fifo_reg_14__8_
eth_fifo_DATA_WIDTH32_DEPTH16_CNT_WIDTH5_0 cell fifo_reg[14][7] fifo_reg_14__7_
eth_fifo_DATA_WIDTH32_DEPTH16_CNT_WIDTH5_0 cell fifo_reg[14][5] fifo_reg_14__5_
eth_fifo_DATA_WIDTH32_DEPTH16_CNT_WIDTH5_0 cell fifo_reg[14][3] fifo_reg_14__3_
eth_fifo_DATA_WIDTH32_DEPTH16_CNT_WIDTH5_0 cell fifo_reg[14][0] fifo_reg_14__0_
eth_fifo_DATA_WIDTH32_DEPTH16_CNT_WIDTH5_0 cell fifo_reg[15][31] fifo_reg_15__31_
eth_fifo_DATA_WIDTH32_DEPTH16_CNT_WIDTH5_0 cell fifo_reg[15][30] fifo_reg_15__30_
eth_fifo_DATA_WIDTH32_DEPTH16_CNT_WIDTH5_0 cell fifo_reg[15][28] fifo_reg_15__28_
eth_fifo_DATA_WIDTH32_DEPTH16_CNT_WIDTH5_0 cell fifo_reg[15][27] fifo_reg_15__27_
eth_fifo_DATA_WIDTH32_DEPTH16_CNT_WIDTH5_0 cell fifo_reg[15][26] fifo_reg_15__26_
eth_fifo_DATA_WIDTH32_DEPTH16_CNT_WIDTH5_0 cell fifo_reg[15][25] fifo_reg_15__25_
eth_fifo_DATA_WIDTH32_DEPTH16_CNT_WIDTH5_0 cell fifo_reg[15][24] fifo_reg_15__24_
eth_fifo_DATA_WIDTH32_DEPTH16_CNT_WIDTH5_0 cell fifo_reg[15][23] fifo_reg_15__23_
eth_fifo_DATA_WIDTH32_DEPTH16_CNT_WIDTH5_0 cell fifo_reg[15][22] fifo_reg_15__22_
eth_fifo_DATA_WIDTH32_DEPTH16_CNT_WIDTH5_0 cell fifo_reg[15][21] fifo_reg_15__21_
eth_fifo_DATA_WIDTH32_DEPTH16_CNT_WIDTH5_0 cell fifo_reg[15][20] fifo_reg_15__20_
eth_fifo_DATA_WIDTH32_DEPTH16_CNT_WIDTH5_0 cell fifo_reg[15][19] fifo_reg_15__19_
eth_fifo_DATA_WIDTH32_DEPTH16_CNT_WIDTH5_0 cell fifo_reg[15][18] fifo_reg_15__18_
eth_fifo_DATA_WIDTH32_DEPTH16_CNT_WIDTH5_0 cell fifo_reg[15][17] fifo_reg_15__17_
eth_fifo_DATA_WIDTH32_DEPTH16_CNT_WIDTH5_0 cell fifo_reg[15][16] fifo_reg_15__16_
eth_fifo_DATA_WIDTH32_DEPTH16_CNT_WIDTH5_0 cell fifo_reg[15][15] fifo_reg_15__15_
eth_fifo_DATA_WIDTH32_DEPTH16_CNT_WIDTH5_0 cell fifo_reg[15][13] fifo_reg_15__13_
eth_fifo_DATA_WIDTH32_DEPTH16_CNT_WIDTH5_0 cell fifo_reg[15][12] fifo_reg_15__12_
eth_fifo_DATA_WIDTH32_DEPTH16_CNT_WIDTH5_0 cell fifo_reg[15][11] fifo_reg_15__11_
eth_fifo_DATA_WIDTH32_DEPTH16_CNT_WIDTH5_0 cell fifo_reg[15][8] fifo_reg_15__8_
eth_fifo_DATA_WIDTH32_DEPTH16_CNT_WIDTH5_0 cell fifo_reg[15][7] fifo_reg_15__7_
eth_fifo_DATA_WIDTH32_DEPTH16_CNT_WIDTH5_0 cell fifo_reg[15][6] fifo_reg_15__6_
eth_fifo_DATA_WIDTH32_DEPTH16_CNT_WIDTH5_0 cell fifo_reg[15][5] fifo_reg_15__5_
eth_fifo_DATA_WIDTH32_DEPTH16_CNT_WIDTH5_0 cell fifo_reg[15][4] fifo_reg_15__4_
eth_fifo_DATA_WIDTH32_DEPTH16_CNT_WIDTH5_0 cell fifo_reg[15][3] fifo_reg_15__3_
eth_fifo_DATA_WIDTH32_DEPTH16_CNT_WIDTH5_0 cell fifo_reg[15][2] fifo_reg_15__2_
eth_fifo_DATA_WIDTH32_DEPTH16_CNT_WIDTH5_0 cell fifo_reg[15][1] fifo_reg_15__1_
eth_fifo_DATA_WIDTH32_DEPTH16_CNT_WIDTH5_0 cell fifo_reg[15][0] fifo_reg_15__0_
eth_fifo_DATA_WIDTH32_DEPTH16_CNT_WIDTH5_0 cell fifo_reg[7][29] fifo_reg_7__29_
eth_fifo_DATA_WIDTH32_DEPTH16_CNT_WIDTH5_0 cell fifo_reg[4][27] fifo_reg_4__27_
eth_fifo_DATA_WIDTH32_DEPTH16_CNT_WIDTH5_0 cell fifo_reg[4][23] fifo_reg_4__23_
eth_fifo_DATA_WIDTH32_DEPTH16_CNT_WIDTH5_0 cell fifo_reg[4][13] fifo_reg_4__13_
eth_fifo_DATA_WIDTH32_DEPTH16_CNT_WIDTH5_0 cell fifo_reg[6][0] fifo_reg_6__0_
eth_fifo_DATA_WIDTH32_DEPTH16_CNT_WIDTH5_0 cell fifo_reg[12][13] fifo_reg_12__13_
eth_fifo_DATA_WIDTH32_DEPTH16_CNT_WIDTH5_0 cell fifo_reg[12][11] fifo_reg_12__11_
eth_fifo_DATA_WIDTH32_DEPTH16_CNT_WIDTH5_0 cell fifo_reg[14][6] fifo_reg_14__6_
eth_fifo_DATA_WIDTH32_DEPTH16_CNT_WIDTH5_0 cell fifo_reg[14][4] fifo_reg_14__4_
eth_fifo_DATA_WIDTH32_DEPTH16_CNT_WIDTH5_0 cell fifo_reg[14][2] fifo_reg_14__2_
eth_fifo_DATA_WIDTH32_DEPTH16_CNT_WIDTH5_0 cell fifo_reg[14][1] fifo_reg_14__1_
eth_fifo_DATA_WIDTH32_DEPTH16_CNT_WIDTH5_0 cell fifo_reg[15][10] fifo_reg_15__10_
eth_fifo_DATA_WIDTH32_DEPTH16_CNT_WIDTH5_0 cell fifo_reg[15][9] fifo_reg_15__9_
eth_fifo_DATA_WIDTH32_DEPTH16_CNT_WIDTH5_0 cell fifo_reg[1][29] fifo_reg_1__29_
eth_fifo_DATA_WIDTH32_DEPTH16_CNT_WIDTH5_0 cell fifo_reg[1][28] fifo_reg_1__28_
eth_fifo_DATA_WIDTH32_DEPTH16_CNT_WIDTH5_0 cell fifo_reg[1][27] fifo_reg_1__27_
eth_fifo_DATA_WIDTH32_DEPTH16_CNT_WIDTH5_0 cell fifo_reg[1][25] fifo_reg_1__25_
eth_fifo_DATA_WIDTH32_DEPTH16_CNT_WIDTH5_0 cell fifo_reg[1][24] fifo_reg_1__24_
eth_fifo_DATA_WIDTH32_DEPTH16_CNT_WIDTH5_0 cell fifo_reg[1][23] fifo_reg_1__23_
eth_fifo_DATA_WIDTH32_DEPTH16_CNT_WIDTH5_0 cell fifo_reg[1][22] fifo_reg_1__22_
eth_fifo_DATA_WIDTH32_DEPTH16_CNT_WIDTH5_0 cell fifo_reg[1][21] fifo_reg_1__21_
eth_fifo_DATA_WIDTH32_DEPTH16_CNT_WIDTH5_0 cell fifo_reg[1][20] fifo_reg_1__20_
eth_fifo_DATA_WIDTH32_DEPTH16_CNT_WIDTH5_0 cell fifo_reg[1][19] fifo_reg_1__19_
eth_fifo_DATA_WIDTH32_DEPTH16_CNT_WIDTH5_0 cell fifo_reg[1][18] fifo_reg_1__18_
eth_fifo_DATA_WIDTH32_DEPTH16_CNT_WIDTH5_0 cell fifo_reg[1][17] fifo_reg_1__17_
eth_fifo_DATA_WIDTH32_DEPTH16_CNT_WIDTH5_0 cell fifo_reg[1][16] fifo_reg_1__16_
eth_fifo_DATA_WIDTH32_DEPTH16_CNT_WIDTH5_0 cell fifo_reg[1][15] fifo_reg_1__15_
eth_fifo_DATA_WIDTH32_DEPTH16_CNT_WIDTH5_0 cell fifo_reg[1][14] fifo_reg_1__14_
eth_fifo_DATA_WIDTH32_DEPTH16_CNT_WIDTH5_0 cell fifo_reg[1][13] fifo_reg_1__13_
eth_fifo_DATA_WIDTH32_DEPTH16_CNT_WIDTH5_0 cell fifo_reg[1][12] fifo_reg_1__12_
eth_fifo_DATA_WIDTH32_DEPTH16_CNT_WIDTH5_0 cell fifo_reg[1][10] fifo_reg_1__10_
eth_fifo_DATA_WIDTH32_DEPTH16_CNT_WIDTH5_0 cell fifo_reg[1][8] fifo_reg_1__8_
eth_fifo_DATA_WIDTH32_DEPTH16_CNT_WIDTH5_0 cell fifo_reg[1][7] fifo_reg_1__7_
eth_fifo_DATA_WIDTH32_DEPTH16_CNT_WIDTH5_0 cell fifo_reg[1][6] fifo_reg_1__6_
eth_fifo_DATA_WIDTH32_DEPTH16_CNT_WIDTH5_0 cell fifo_reg[1][0] fifo_reg_1__0_
eth_fifo_DATA_WIDTH32_DEPTH16_CNT_WIDTH5_0 cell fifo_reg[2][31] fifo_reg_2__31_
eth_fifo_DATA_WIDTH32_DEPTH16_CNT_WIDTH5_0 cell fifo_reg[2][30] fifo_reg_2__30_
eth_fifo_DATA_WIDTH32_DEPTH16_CNT_WIDTH5_0 cell fifo_reg[2][27] fifo_reg_2__27_
eth_fifo_DATA_WIDTH32_DEPTH16_CNT_WIDTH5_0 cell fifo_reg[2][26] fifo_reg_2__26_
eth_fifo_DATA_WIDTH32_DEPTH16_CNT_WIDTH5_0 cell fifo_reg[2][25] fifo_reg_2__25_
eth_fifo_DATA_WIDTH32_DEPTH16_CNT_WIDTH5_0 cell fifo_reg[2][24] fifo_reg_2__24_
eth_fifo_DATA_WIDTH32_DEPTH16_CNT_WIDTH5_0 cell fifo_reg[2][23] fifo_reg_2__23_
eth_fifo_DATA_WIDTH32_DEPTH16_CNT_WIDTH5_0 cell fifo_reg[2][22] fifo_reg_2__22_
eth_fifo_DATA_WIDTH32_DEPTH16_CNT_WIDTH5_0 cell fifo_reg[2][21] fifo_reg_2__21_
eth_fifo_DATA_WIDTH32_DEPTH16_CNT_WIDTH5_0 cell fifo_reg[2][19] fifo_reg_2__19_
eth_fifo_DATA_WIDTH32_DEPTH16_CNT_WIDTH5_0 cell fifo_reg[2][18] fifo_reg_2__18_
eth_fifo_DATA_WIDTH32_DEPTH16_CNT_WIDTH5_0 cell fifo_reg[2][17] fifo_reg_2__17_
eth_fifo_DATA_WIDTH32_DEPTH16_CNT_WIDTH5_0 cell fifo_reg[2][16] fifo_reg_2__16_
eth_fifo_DATA_WIDTH32_DEPTH16_CNT_WIDTH5_0 cell fifo_reg[2][15] fifo_reg_2__15_
eth_fifo_DATA_WIDTH32_DEPTH16_CNT_WIDTH5_0 cell fifo_reg[2][14] fifo_reg_2__14_
eth_fifo_DATA_WIDTH32_DEPTH16_CNT_WIDTH5_0 cell fifo_reg[2][13] fifo_reg_2__13_
eth_fifo_DATA_WIDTH32_DEPTH16_CNT_WIDTH5_0 cell fifo_reg[2][12] fifo_reg_2__12_
eth_fifo_DATA_WIDTH32_DEPTH16_CNT_WIDTH5_0 cell fifo_reg[2][11] fifo_reg_2__11_
eth_fifo_DATA_WIDTH32_DEPTH16_CNT_WIDTH5_0 cell fifo_reg[2][10] fifo_reg_2__10_
eth_fifo_DATA_WIDTH32_DEPTH16_CNT_WIDTH5_0 cell fifo_reg[2][9] fifo_reg_2__9_
eth_fifo_DATA_WIDTH32_DEPTH16_CNT_WIDTH5_0 cell fifo_reg[2][6] fifo_reg_2__6_
eth_fifo_DATA_WIDTH32_DEPTH16_CNT_WIDTH5_0 cell fifo_reg[2][5] fifo_reg_2__5_
eth_fifo_DATA_WIDTH32_DEPTH16_CNT_WIDTH5_0 cell fifo_reg[2][4] fifo_reg_2__4_
eth_fifo_DATA_WIDTH32_DEPTH16_CNT_WIDTH5_0 cell fifo_reg[3][26] fifo_reg_3__26_
eth_fifo_DATA_WIDTH32_DEPTH16_CNT_WIDTH5_0 cell fifo_reg[3][25] fifo_reg_3__25_
eth_fifo_DATA_WIDTH32_DEPTH16_CNT_WIDTH5_0 cell fifo_reg[3][24] fifo_reg_3__24_
eth_fifo_DATA_WIDTH32_DEPTH16_CNT_WIDTH5_0 cell fifo_reg[3][23] fifo_reg_3__23_
eth_fifo_DATA_WIDTH32_DEPTH16_CNT_WIDTH5_0 cell fifo_reg[3][22] fifo_reg_3__22_
eth_fifo_DATA_WIDTH32_DEPTH16_CNT_WIDTH5_0 cell fifo_reg[3][20] fifo_reg_3__20_
eth_fifo_DATA_WIDTH32_DEPTH16_CNT_WIDTH5_0 cell fifo_reg[3][17] fifo_reg_3__17_
eth_fifo_DATA_WIDTH32_DEPTH16_CNT_WIDTH5_0 cell fifo_reg[3][15] fifo_reg_3__15_
eth_fifo_DATA_WIDTH32_DEPTH16_CNT_WIDTH5_0 cell fifo_reg[3][14] fifo_reg_3__14_
eth_fifo_DATA_WIDTH32_DEPTH16_CNT_WIDTH5_0 cell fifo_reg[3][13] fifo_reg_3__13_
eth_fifo_DATA_WIDTH32_DEPTH16_CNT_WIDTH5_0 cell fifo_reg[3][12] fifo_reg_3__12_
eth_fifo_DATA_WIDTH32_DEPTH16_CNT_WIDTH5_0 cell fifo_reg[3][10] fifo_reg_3__10_
eth_fifo_DATA_WIDTH32_DEPTH16_CNT_WIDTH5_0 cell fifo_reg[3][9] fifo_reg_3__9_
eth_fifo_DATA_WIDTH32_DEPTH16_CNT_WIDTH5_0 cell fifo_reg[3][8] fifo_reg_3__8_
eth_fifo_DATA_WIDTH32_DEPTH16_CNT_WIDTH5_0 cell fifo_reg[3][6] fifo_reg_3__6_
eth_fifo_DATA_WIDTH32_DEPTH16_CNT_WIDTH5_0 cell fifo_reg[3][5] fifo_reg_3__5_
eth_fifo_DATA_WIDTH32_DEPTH16_CNT_WIDTH5_0 cell fifo_reg[3][4] fifo_reg_3__4_
eth_fifo_DATA_WIDTH32_DEPTH16_CNT_WIDTH5_0 cell fifo_reg[3][3] fifo_reg_3__3_
eth_fifo_DATA_WIDTH32_DEPTH16_CNT_WIDTH5_0 cell fifo_reg[3][2] fifo_reg_3__2_
eth_fifo_DATA_WIDTH32_DEPTH16_CNT_WIDTH5_0 cell fifo_reg[3][1] fifo_reg_3__1_
eth_fifo_DATA_WIDTH32_DEPTH16_CNT_WIDTH5_0 cell fifo_reg[3][0] fifo_reg_3__0_
eth_fifo_DATA_WIDTH32_DEPTH16_CNT_WIDTH5_0 cell fifo_reg[8][31] fifo_reg_8__31_
eth_fifo_DATA_WIDTH32_DEPTH16_CNT_WIDTH5_0 cell fifo_reg[8][30] fifo_reg_8__30_
eth_fifo_DATA_WIDTH32_DEPTH16_CNT_WIDTH5_0 cell fifo_reg[8][29] fifo_reg_8__29_
eth_fifo_DATA_WIDTH32_DEPTH16_CNT_WIDTH5_0 cell fifo_reg[8][28] fifo_reg_8__28_
eth_fifo_DATA_WIDTH32_DEPTH16_CNT_WIDTH5_0 cell fifo_reg[8][27] fifo_reg_8__27_
eth_fifo_DATA_WIDTH32_DEPTH16_CNT_WIDTH5_0 cell fifo_reg[8][26] fifo_reg_8__26_
eth_fifo_DATA_WIDTH32_DEPTH16_CNT_WIDTH5_0 cell fifo_reg[8][25] fifo_reg_8__25_
eth_fifo_DATA_WIDTH32_DEPTH16_CNT_WIDTH5_0 cell fifo_reg[8][20] fifo_reg_8__20_
eth_fifo_DATA_WIDTH32_DEPTH16_CNT_WIDTH5_0 cell fifo_reg[8][19] fifo_reg_8__19_
eth_fifo_DATA_WIDTH32_DEPTH16_CNT_WIDTH5_0 cell fifo_reg[8][15] fifo_reg_8__15_
eth_fifo_DATA_WIDTH32_DEPTH16_CNT_WIDTH5_0 cell fifo_reg[8][14] fifo_reg_8__14_
eth_fifo_DATA_WIDTH32_DEPTH16_CNT_WIDTH5_0 cell fifo_reg[8][13] fifo_reg_8__13_
eth_fifo_DATA_WIDTH32_DEPTH16_CNT_WIDTH5_0 cell fifo_reg[8][12] fifo_reg_8__12_
eth_fifo_DATA_WIDTH32_DEPTH16_CNT_WIDTH5_0 cell fifo_reg[8][11] fifo_reg_8__11_
eth_fifo_DATA_WIDTH32_DEPTH16_CNT_WIDTH5_0 cell fifo_reg[8][10] fifo_reg_8__10_
eth_fifo_DATA_WIDTH32_DEPTH16_CNT_WIDTH5_0 cell fifo_reg[8][9] fifo_reg_8__9_
eth_fifo_DATA_WIDTH32_DEPTH16_CNT_WIDTH5_0 cell fifo_reg[8][8] fifo_reg_8__8_
eth_fifo_DATA_WIDTH32_DEPTH16_CNT_WIDTH5_0 cell fifo_reg[8][7] fifo_reg_8__7_
eth_fifo_DATA_WIDTH32_DEPTH16_CNT_WIDTH5_0 cell fifo_reg[8][6] fifo_reg_8__6_
eth_fifo_DATA_WIDTH32_DEPTH16_CNT_WIDTH5_0 cell fifo_reg[8][5] fifo_reg_8__5_
eth_fifo_DATA_WIDTH32_DEPTH16_CNT_WIDTH5_0 cell fifo_reg[8][4] fifo_reg_8__4_
eth_fifo_DATA_WIDTH32_DEPTH16_CNT_WIDTH5_0 cell fifo_reg[9][30] fifo_reg_9__30_
eth_fifo_DATA_WIDTH32_DEPTH16_CNT_WIDTH5_0 cell fifo_reg[9][29] fifo_reg_9__29_
eth_fifo_DATA_WIDTH32_DEPTH16_CNT_WIDTH5_0 cell fifo_reg[9][28] fifo_reg_9__28_
eth_fifo_DATA_WIDTH32_DEPTH16_CNT_WIDTH5_0 cell fifo_reg[9][27] fifo_reg_9__27_
eth_fifo_DATA_WIDTH32_DEPTH16_CNT_WIDTH5_0 cell fifo_reg[9][26] fifo_reg_9__26_
eth_fifo_DATA_WIDTH32_DEPTH16_CNT_WIDTH5_0 cell fifo_reg[9][23] fifo_reg_9__23_
eth_fifo_DATA_WIDTH32_DEPTH16_CNT_WIDTH5_0 cell fifo_reg[9][22] fifo_reg_9__22_
eth_fifo_DATA_WIDTH32_DEPTH16_CNT_WIDTH5_0 cell fifo_reg[9][21] fifo_reg_9__21_
eth_fifo_DATA_WIDTH32_DEPTH16_CNT_WIDTH5_0 cell fifo_reg[9][20] fifo_reg_9__20_
eth_fifo_DATA_WIDTH32_DEPTH16_CNT_WIDTH5_0 cell fifo_reg[9][19] fifo_reg_9__19_
eth_fifo_DATA_WIDTH32_DEPTH16_CNT_WIDTH5_0 cell fifo_reg[9][18] fifo_reg_9__18_
eth_fifo_DATA_WIDTH32_DEPTH16_CNT_WIDTH5_0 cell fifo_reg[9][17] fifo_reg_9__17_
eth_fifo_DATA_WIDTH32_DEPTH16_CNT_WIDTH5_0 cell fifo_reg[9][16] fifo_reg_9__16_
eth_fifo_DATA_WIDTH32_DEPTH16_CNT_WIDTH5_0 cell fifo_reg[9][15] fifo_reg_9__15_
eth_fifo_DATA_WIDTH32_DEPTH16_CNT_WIDTH5_0 cell fifo_reg[9][13] fifo_reg_9__13_
eth_fifo_DATA_WIDTH32_DEPTH16_CNT_WIDTH5_0 cell fifo_reg[9][12] fifo_reg_9__12_
eth_fifo_DATA_WIDTH32_DEPTH16_CNT_WIDTH5_0 cell fifo_reg[9][11] fifo_reg_9__11_
eth_fifo_DATA_WIDTH32_DEPTH16_CNT_WIDTH5_0 cell fifo_reg[9][10] fifo_reg_9__10_
eth_fifo_DATA_WIDTH32_DEPTH16_CNT_WIDTH5_0 cell fifo_reg[9][9] fifo_reg_9__9_
eth_fifo_DATA_WIDTH32_DEPTH16_CNT_WIDTH5_0 cell fifo_reg[9][8] fifo_reg_9__8_
eth_fifo_DATA_WIDTH32_DEPTH16_CNT_WIDTH5_0 cell fifo_reg[9][7] fifo_reg_9__7_
eth_fifo_DATA_WIDTH32_DEPTH16_CNT_WIDTH5_0 cell fifo_reg[9][5] fifo_reg_9__5_
eth_fifo_DATA_WIDTH32_DEPTH16_CNT_WIDTH5_0 cell fifo_reg[9][4] fifo_reg_9__4_
eth_fifo_DATA_WIDTH32_DEPTH16_CNT_WIDTH5_0 cell fifo_reg[9][3] fifo_reg_9__3_
eth_fifo_DATA_WIDTH32_DEPTH16_CNT_WIDTH5_0 cell fifo_reg[9][2] fifo_reg_9__2_
eth_fifo_DATA_WIDTH32_DEPTH16_CNT_WIDTH5_0 cell fifo_reg[9][1] fifo_reg_9__1_
eth_fifo_DATA_WIDTH32_DEPTH16_CNT_WIDTH5_0 cell fifo_reg[9][0] fifo_reg_9__0_
eth_fifo_DATA_WIDTH32_DEPTH16_CNT_WIDTH5_0 cell fifo_reg[11][31] fifo_reg_11__31_
eth_fifo_DATA_WIDTH32_DEPTH16_CNT_WIDTH5_0 cell fifo_reg[11][29] fifo_reg_11__29_
eth_fifo_DATA_WIDTH32_DEPTH16_CNT_WIDTH5_0 cell fifo_reg[11][28] fifo_reg_11__28_
eth_fifo_DATA_WIDTH32_DEPTH16_CNT_WIDTH5_0 cell fifo_reg[11][27] fifo_reg_11__27_
eth_fifo_DATA_WIDTH32_DEPTH16_CNT_WIDTH5_0 cell fifo_reg[11][26] fifo_reg_11__26_
eth_fifo_DATA_WIDTH32_DEPTH16_CNT_WIDTH5_0 cell fifo_reg[11][25] fifo_reg_11__25_
eth_fifo_DATA_WIDTH32_DEPTH16_CNT_WIDTH5_0 cell fifo_reg[11][24] fifo_reg_11__24_
eth_fifo_DATA_WIDTH32_DEPTH16_CNT_WIDTH5_0 cell fifo_reg[11][23] fifo_reg_11__23_
eth_fifo_DATA_WIDTH32_DEPTH16_CNT_WIDTH5_0 cell fifo_reg[11][22] fifo_reg_11__22_
eth_fifo_DATA_WIDTH32_DEPTH16_CNT_WIDTH5_0 cell fifo_reg[11][21] fifo_reg_11__21_
eth_fifo_DATA_WIDTH32_DEPTH16_CNT_WIDTH5_0 cell fifo_reg[11][20] fifo_reg_11__20_
eth_fifo_DATA_WIDTH32_DEPTH16_CNT_WIDTH5_0 cell fifo_reg[11][19] fifo_reg_11__19_
eth_fifo_DATA_WIDTH32_DEPTH16_CNT_WIDTH5_0 cell fifo_reg[11][18] fifo_reg_11__18_
eth_fifo_DATA_WIDTH32_DEPTH16_CNT_WIDTH5_0 cell fifo_reg[11][17] fifo_reg_11__17_
eth_fifo_DATA_WIDTH32_DEPTH16_CNT_WIDTH5_0 cell fifo_reg[11][16] fifo_reg_11__16_
eth_fifo_DATA_WIDTH32_DEPTH16_CNT_WIDTH5_0 cell fifo_reg[11][14] fifo_reg_11__14_
eth_fifo_DATA_WIDTH32_DEPTH16_CNT_WIDTH5_0 cell fifo_reg[11][13] fifo_reg_11__13_
eth_fifo_DATA_WIDTH32_DEPTH16_CNT_WIDTH5_0 cell fifo_reg[11][12] fifo_reg_11__12_
eth_fifo_DATA_WIDTH32_DEPTH16_CNT_WIDTH5_0 cell fifo_reg[11][11] fifo_reg_11__11_
eth_fifo_DATA_WIDTH32_DEPTH16_CNT_WIDTH5_0 cell fifo_reg[11][10] fifo_reg_11__10_
eth_fifo_DATA_WIDTH32_DEPTH16_CNT_WIDTH5_0 cell fifo_reg[11][9] fifo_reg_11__9_
eth_fifo_DATA_WIDTH32_DEPTH16_CNT_WIDTH5_0 cell fifo_reg[11][8] fifo_reg_11__8_
eth_fifo_DATA_WIDTH32_DEPTH16_CNT_WIDTH5_0 cell fifo_reg[11][7] fifo_reg_11__7_
eth_fifo_DATA_WIDTH32_DEPTH16_CNT_WIDTH5_0 cell fifo_reg[11][6] fifo_reg_11__6_
eth_fifo_DATA_WIDTH32_DEPTH16_CNT_WIDTH5_0 cell fifo_reg[11][5] fifo_reg_11__5_
eth_fifo_DATA_WIDTH32_DEPTH16_CNT_WIDTH5_0 cell fifo_reg[11][4] fifo_reg_11__4_
eth_fifo_DATA_WIDTH32_DEPTH16_CNT_WIDTH5_0 cell fifo_reg[11][3] fifo_reg_11__3_
eth_fifo_DATA_WIDTH32_DEPTH16_CNT_WIDTH5_0 cell fifo_reg[11][2] fifo_reg_11__2_
eth_fifo_DATA_WIDTH32_DEPTH16_CNT_WIDTH5_0 cell fifo_reg[11][1] fifo_reg_11__1_
eth_fifo_DATA_WIDTH32_DEPTH16_CNT_WIDTH5_0 cell fifo_reg[1][30] fifo_reg_1__30_
eth_fifo_DATA_WIDTH32_DEPTH16_CNT_WIDTH5_0 cell fifo_reg[1][9] fifo_reg_1__9_
eth_fifo_DATA_WIDTH32_DEPTH16_CNT_WIDTH5_0 cell fifo_reg[1][5] fifo_reg_1__5_
eth_fifo_DATA_WIDTH32_DEPTH16_CNT_WIDTH5_0 cell fifo_reg[1][4] fifo_reg_1__4_
eth_fifo_DATA_WIDTH32_DEPTH16_CNT_WIDTH5_0 cell fifo_reg[1][3] fifo_reg_1__3_
eth_fifo_DATA_WIDTH32_DEPTH16_CNT_WIDTH5_0 cell fifo_reg[1][2] fifo_reg_1__2_
eth_fifo_DATA_WIDTH32_DEPTH16_CNT_WIDTH5_0 cell fifo_reg[1][1] fifo_reg_1__1_
eth_fifo_DATA_WIDTH32_DEPTH16_CNT_WIDTH5_0 cell fifo_reg[2][29] fifo_reg_2__29_
eth_fifo_DATA_WIDTH32_DEPTH16_CNT_WIDTH5_0 cell fifo_reg[2][28] fifo_reg_2__28_
eth_fifo_DATA_WIDTH32_DEPTH16_CNT_WIDTH5_0 cell fifo_reg[2][8] fifo_reg_2__8_
eth_fifo_DATA_WIDTH32_DEPTH16_CNT_WIDTH5_0 cell fifo_reg[2][7] fifo_reg_2__7_
eth_fifo_DATA_WIDTH32_DEPTH16_CNT_WIDTH5_0 cell fifo_reg[2][2] fifo_reg_2__2_
eth_fifo_DATA_WIDTH32_DEPTH16_CNT_WIDTH5_0 cell fifo_reg[2][1] fifo_reg_2__1_
eth_fifo_DATA_WIDTH32_DEPTH16_CNT_WIDTH5_0 cell fifo_reg[2][0] fifo_reg_2__0_
eth_fifo_DATA_WIDTH32_DEPTH16_CNT_WIDTH5_0 cell fifo_reg[3][30] fifo_reg_3__30_
eth_fifo_DATA_WIDTH32_DEPTH16_CNT_WIDTH5_0 cell fifo_reg[3][29] fifo_reg_3__29_
eth_fifo_DATA_WIDTH32_DEPTH16_CNT_WIDTH5_0 cell fifo_reg[3][28] fifo_reg_3__28_
eth_fifo_DATA_WIDTH32_DEPTH16_CNT_WIDTH5_0 cell fifo_reg[3][27] fifo_reg_3__27_
eth_fifo_DATA_WIDTH32_DEPTH16_CNT_WIDTH5_0 cell fifo_reg[3][21] fifo_reg_3__21_
eth_fifo_DATA_WIDTH32_DEPTH16_CNT_WIDTH5_0 cell fifo_reg[3][19] fifo_reg_3__19_
eth_fifo_DATA_WIDTH32_DEPTH16_CNT_WIDTH5_0 cell fifo_reg[3][18] fifo_reg_3__18_
eth_fifo_DATA_WIDTH32_DEPTH16_CNT_WIDTH5_0 cell fifo_reg[3][16] fifo_reg_3__16_
eth_fifo_DATA_WIDTH32_DEPTH16_CNT_WIDTH5_0 cell fifo_reg[3][11] fifo_reg_3__11_
eth_fifo_DATA_WIDTH32_DEPTH16_CNT_WIDTH5_0 cell fifo_reg[8][23] fifo_reg_8__23_
eth_fifo_DATA_WIDTH32_DEPTH16_CNT_WIDTH5_0 cell fifo_reg[8][22] fifo_reg_8__22_
eth_fifo_DATA_WIDTH32_DEPTH16_CNT_WIDTH5_0 cell fifo_reg[8][21] fifo_reg_8__21_
eth_fifo_DATA_WIDTH32_DEPTH16_CNT_WIDTH5_0 cell fifo_reg[8][18] fifo_reg_8__18_
eth_fifo_DATA_WIDTH32_DEPTH16_CNT_WIDTH5_0 cell fifo_reg[8][17] fifo_reg_8__17_
eth_fifo_DATA_WIDTH32_DEPTH16_CNT_WIDTH5_0 cell fifo_reg[8][2] fifo_reg_8__2_
eth_fifo_DATA_WIDTH32_DEPTH16_CNT_WIDTH5_0 cell fifo_reg[8][1] fifo_reg_8__1_
eth_fifo_DATA_WIDTH32_DEPTH16_CNT_WIDTH5_0 cell fifo_reg[8][0] fifo_reg_8__0_
eth_fifo_DATA_WIDTH32_DEPTH16_CNT_WIDTH5_0 cell fifo_reg[9][31] fifo_reg_9__31_
eth_fifo_DATA_WIDTH32_DEPTH16_CNT_WIDTH5_0 cell fifo_reg[9][25] fifo_reg_9__25_
eth_fifo_DATA_WIDTH32_DEPTH16_CNT_WIDTH5_0 cell fifo_reg[9][24] fifo_reg_9__24_
eth_fifo_DATA_WIDTH32_DEPTH16_CNT_WIDTH5_0 cell fifo_reg[9][6] fifo_reg_9__6_
eth_fifo_DATA_WIDTH32_DEPTH16_CNT_WIDTH5_0 cell fifo_reg[11][0] fifo_reg_11__0_
eth_fifo_DATA_WIDTH32_DEPTH16_CNT_WIDTH5_0 cell fifo_reg[0][31] fifo_reg_0__31_
eth_fifo_DATA_WIDTH32_DEPTH16_CNT_WIDTH5_0 cell fifo_reg[0][30] fifo_reg_0__30_
eth_fifo_DATA_WIDTH32_DEPTH16_CNT_WIDTH5_0 cell fifo_reg[0][29] fifo_reg_0__29_
eth_fifo_DATA_WIDTH32_DEPTH16_CNT_WIDTH5_0 cell fifo_reg[0][28] fifo_reg_0__28_
eth_fifo_DATA_WIDTH32_DEPTH16_CNT_WIDTH5_0 cell fifo_reg[0][27] fifo_reg_0__27_
eth_fifo_DATA_WIDTH32_DEPTH16_CNT_WIDTH5_0 cell fifo_reg[0][26] fifo_reg_0__26_
eth_fifo_DATA_WIDTH32_DEPTH16_CNT_WIDTH5_0 cell fifo_reg[0][24] fifo_reg_0__24_
eth_fifo_DATA_WIDTH32_DEPTH16_CNT_WIDTH5_0 cell fifo_reg[0][23] fifo_reg_0__23_
eth_fifo_DATA_WIDTH32_DEPTH16_CNT_WIDTH5_0 cell fifo_reg[0][22] fifo_reg_0__22_
eth_fifo_DATA_WIDTH32_DEPTH16_CNT_WIDTH5_0 cell fifo_reg[0][21] fifo_reg_0__21_
eth_fifo_DATA_WIDTH32_DEPTH16_CNT_WIDTH5_0 cell fifo_reg[0][20] fifo_reg_0__20_
eth_fifo_DATA_WIDTH32_DEPTH16_CNT_WIDTH5_0 cell fifo_reg[0][19] fifo_reg_0__19_
eth_fifo_DATA_WIDTH32_DEPTH16_CNT_WIDTH5_0 cell fifo_reg[0][18] fifo_reg_0__18_
eth_fifo_DATA_WIDTH32_DEPTH16_CNT_WIDTH5_0 cell fifo_reg[0][17] fifo_reg_0__17_
eth_fifo_DATA_WIDTH32_DEPTH16_CNT_WIDTH5_0 cell fifo_reg[0][16] fifo_reg_0__16_
eth_fifo_DATA_WIDTH32_DEPTH16_CNT_WIDTH5_0 cell fifo_reg[0][15] fifo_reg_0__15_
eth_fifo_DATA_WIDTH32_DEPTH16_CNT_WIDTH5_0 cell fifo_reg[0][14] fifo_reg_0__14_
eth_fifo_DATA_WIDTH32_DEPTH16_CNT_WIDTH5_0 cell fifo_reg[0][13] fifo_reg_0__13_
eth_fifo_DATA_WIDTH32_DEPTH16_CNT_WIDTH5_0 cell fifo_reg[0][12] fifo_reg_0__12_
eth_fifo_DATA_WIDTH32_DEPTH16_CNT_WIDTH5_0 cell fifo_reg[0][11] fifo_reg_0__11_
eth_fifo_DATA_WIDTH32_DEPTH16_CNT_WIDTH5_0 cell fifo_reg[0][9] fifo_reg_0__9_
eth_fifo_DATA_WIDTH32_DEPTH16_CNT_WIDTH5_0 cell fifo_reg[0][8] fifo_reg_0__8_
eth_fifo_DATA_WIDTH32_DEPTH16_CNT_WIDTH5_0 cell fifo_reg[0][7] fifo_reg_0__7_
eth_fifo_DATA_WIDTH32_DEPTH16_CNT_WIDTH5_0 cell fifo_reg[0][6] fifo_reg_0__6_
eth_fifo_DATA_WIDTH32_DEPTH16_CNT_WIDTH5_0 cell fifo_reg[0][5] fifo_reg_0__5_
eth_fifo_DATA_WIDTH32_DEPTH16_CNT_WIDTH5_0 cell fifo_reg[0][4] fifo_reg_0__4_
eth_fifo_DATA_WIDTH32_DEPTH16_CNT_WIDTH5_0 cell fifo_reg[0][3] fifo_reg_0__3_
eth_fifo_DATA_WIDTH32_DEPTH16_CNT_WIDTH5_0 cell fifo_reg[0][2] fifo_reg_0__2_
eth_fifo_DATA_WIDTH32_DEPTH16_CNT_WIDTH5_0 cell fifo_reg[0][1] fifo_reg_0__1_
eth_fifo_DATA_WIDTH32_DEPTH16_CNT_WIDTH5_0 cell fifo_reg[0][0] fifo_reg_0__0_
eth_fifo_DATA_WIDTH32_DEPTH16_CNT_WIDTH5_0 cell fifo_reg[10][31] fifo_reg_10__31_
eth_fifo_DATA_WIDTH32_DEPTH16_CNT_WIDTH5_0 cell fifo_reg[10][30] fifo_reg_10__30_
eth_fifo_DATA_WIDTH32_DEPTH16_CNT_WIDTH5_0 cell fifo_reg[10][29] fifo_reg_10__29_
eth_fifo_DATA_WIDTH32_DEPTH16_CNT_WIDTH5_0 cell fifo_reg[10][28] fifo_reg_10__28_
eth_fifo_DATA_WIDTH32_DEPTH16_CNT_WIDTH5_0 cell fifo_reg[10][26] fifo_reg_10__26_
eth_fifo_DATA_WIDTH32_DEPTH16_CNT_WIDTH5_0 cell fifo_reg[10][25] fifo_reg_10__25_
eth_fifo_DATA_WIDTH32_DEPTH16_CNT_WIDTH5_0 cell fifo_reg[10][24] fifo_reg_10__24_
eth_fifo_DATA_WIDTH32_DEPTH16_CNT_WIDTH5_0 cell fifo_reg[10][23] fifo_reg_10__23_
eth_fifo_DATA_WIDTH32_DEPTH16_CNT_WIDTH5_0 cell fifo_reg[10][22] fifo_reg_10__22_
eth_fifo_DATA_WIDTH32_DEPTH16_CNT_WIDTH5_0 cell fifo_reg[10][21] fifo_reg_10__21_
eth_fifo_DATA_WIDTH32_DEPTH16_CNT_WIDTH5_0 cell fifo_reg[10][20] fifo_reg_10__20_
eth_fifo_DATA_WIDTH32_DEPTH16_CNT_WIDTH5_0 cell fifo_reg[10][19] fifo_reg_10__19_
eth_fifo_DATA_WIDTH32_DEPTH16_CNT_WIDTH5_0 cell fifo_reg[10][18] fifo_reg_10__18_
eth_fifo_DATA_WIDTH32_DEPTH16_CNT_WIDTH5_0 cell fifo_reg[10][17] fifo_reg_10__17_
eth_fifo_DATA_WIDTH32_DEPTH16_CNT_WIDTH5_0 cell fifo_reg[10][16] fifo_reg_10__16_
eth_fifo_DATA_WIDTH32_DEPTH16_CNT_WIDTH5_0 cell fifo_reg[10][15] fifo_reg_10__15_
eth_fifo_DATA_WIDTH32_DEPTH16_CNT_WIDTH5_0 cell fifo_reg[10][14] fifo_reg_10__14_
eth_fifo_DATA_WIDTH32_DEPTH16_CNT_WIDTH5_0 cell fifo_reg[10][13] fifo_reg_10__13_
eth_fifo_DATA_WIDTH32_DEPTH16_CNT_WIDTH5_0 cell fifo_reg[10][11] fifo_reg_10__11_
eth_fifo_DATA_WIDTH32_DEPTH16_CNT_WIDTH5_0 cell fifo_reg[10][10] fifo_reg_10__10_
eth_fifo_DATA_WIDTH32_DEPTH16_CNT_WIDTH5_0 cell fifo_reg[10][9] fifo_reg_10__9_
eth_fifo_DATA_WIDTH32_DEPTH16_CNT_WIDTH5_0 cell fifo_reg[10][8] fifo_reg_10__8_
eth_fifo_DATA_WIDTH32_DEPTH16_CNT_WIDTH5_0 cell fifo_reg[10][7] fifo_reg_10__7_
eth_fifo_DATA_WIDTH32_DEPTH16_CNT_WIDTH5_0 cell fifo_reg[10][6] fifo_reg_10__6_
eth_fifo_DATA_WIDTH32_DEPTH16_CNT_WIDTH5_0 cell fifo_reg[10][5] fifo_reg_10__5_
eth_fifo_DATA_WIDTH32_DEPTH16_CNT_WIDTH5_0 cell fifo_reg[10][4] fifo_reg_10__4_
eth_fifo_DATA_WIDTH32_DEPTH16_CNT_WIDTH5_0 cell fifo_reg[10][3] fifo_reg_10__3_
eth_fifo_DATA_WIDTH32_DEPTH16_CNT_WIDTH5_0 cell fifo_reg[10][2] fifo_reg_10__2_
eth_fifo_DATA_WIDTH32_DEPTH16_CNT_WIDTH5_0 cell fifo_reg[10][1] fifo_reg_10__1_
eth_fifo_DATA_WIDTH32_DEPTH16_CNT_WIDTH5_0 cell fifo_reg[10][0] fifo_reg_10__0_
eth_fifo_DATA_WIDTH32_DEPTH16_CNT_WIDTH5_0 cell cnt_reg[0] cnt_reg_0_
eth_fifo_DATA_WIDTH32_DEPTH16_CNT_WIDTH5_0 cell data_out_reg[25] data_out_reg_25_
eth_fifo_DATA_WIDTH32_DEPTH16_CNT_WIDTH5_0 cell data_out_reg[10] data_out_reg_10_
eth_fifo_DATA_WIDTH32_DEPTH16_CNT_WIDTH5_0 cell fifo_reg[7][26] fifo_reg_7__26_
eth_fifo_DATA_WIDTH32_DEPTH16_CNT_WIDTH5_0 cell fifo_reg[7][11] fifo_reg_7__11_
eth_fifo_DATA_WIDTH32_DEPTH16_CNT_WIDTH5_0 cell fifo_reg[4][28] fifo_reg_4__28_
eth_fifo_DATA_WIDTH32_DEPTH16_CNT_WIDTH5_0 cell fifo_reg[4][9] fifo_reg_4__9_
eth_fifo_DATA_WIDTH32_DEPTH16_CNT_WIDTH5_0 cell fifo_reg[5][26] fifo_reg_5__26_
eth_fifo_DATA_WIDTH32_DEPTH16_CNT_WIDTH5_0 cell fifo_reg[5][11] fifo_reg_5__11_
eth_fifo_DATA_WIDTH32_DEPTH16_CNT_WIDTH5_0 cell fifo_reg[6][28] fifo_reg_6__28_
eth_fifo_DATA_WIDTH32_DEPTH16_CNT_WIDTH5_0 cell fifo_reg[6][13] fifo_reg_6__13_
eth_fifo_DATA_WIDTH32_DEPTH16_CNT_WIDTH5_0 cell fifo_reg[12][29] fifo_reg_12__29_
eth_fifo_DATA_WIDTH32_DEPTH16_CNT_WIDTH5_0 cell fifo_reg[12][14] fifo_reg_12__14_
eth_fifo_DATA_WIDTH32_DEPTH16_CNT_WIDTH5_0 cell fifo_reg[13][29] fifo_reg_13__29_
eth_fifo_DATA_WIDTH32_DEPTH16_CNT_WIDTH5_0 cell fifo_reg[13][14] fifo_reg_13__14_
eth_fifo_DATA_WIDTH32_DEPTH16_CNT_WIDTH5_0 cell fifo_reg[14][31] fifo_reg_14__31_
eth_fifo_DATA_WIDTH32_DEPTH16_CNT_WIDTH5_0 cell fifo_reg[14][16] fifo_reg_14__16_
eth_fifo_DATA_WIDTH32_DEPTH16_CNT_WIDTH5_0 cell fifo_reg[15][29] fifo_reg_15__29_
eth_fifo_DATA_WIDTH32_DEPTH16_CNT_WIDTH5_0 cell fifo_reg[15][14] fifo_reg_15__14_
eth_fifo_DATA_WIDTH32_DEPTH16_CNT_WIDTH5_0 cell fifo_reg[4][24] fifo_reg_4__24_
eth_fifo_DATA_WIDTH32_DEPTH16_CNT_WIDTH5_0 cell fifo_reg[1][26] fifo_reg_1__26_
eth_fifo_DATA_WIDTH32_DEPTH16_CNT_WIDTH5_0 cell fifo_reg[1][11] fifo_reg_1__11_
eth_fifo_DATA_WIDTH32_DEPTH16_CNT_WIDTH5_0 cell fifo_reg[2][20] fifo_reg_2__20_
eth_fifo_DATA_WIDTH32_DEPTH16_CNT_WIDTH5_0 cell fifo_reg[2][3] fifo_reg_2__3_
eth_fifo_DATA_WIDTH32_DEPTH16_CNT_WIDTH5_0 cell fifo_reg[3][7] fifo_reg_3__7_
eth_fifo_DATA_WIDTH32_DEPTH16_CNT_WIDTH5_0 cell fifo_reg[8][24] fifo_reg_8__24_
eth_fifo_DATA_WIDTH32_DEPTH16_CNT_WIDTH5_0 cell fifo_reg[8][3] fifo_reg_8__3_
eth_fifo_DATA_WIDTH32_DEPTH16_CNT_WIDTH5_0 cell fifo_reg[9][14] fifo_reg_9__14_
eth_fifo_DATA_WIDTH32_DEPTH16_CNT_WIDTH5_0 cell fifo_reg[11][30] fifo_reg_11__30_
eth_fifo_DATA_WIDTH32_DEPTH16_CNT_WIDTH5_0 cell fifo_reg[11][15] fifo_reg_11__15_
eth_fifo_DATA_WIDTH32_DEPTH16_CNT_WIDTH5_0 cell fifo_reg[1][31] fifo_reg_1__31_
eth_fifo_DATA_WIDTH32_DEPTH16_CNT_WIDTH5_0 cell fifo_reg[3][31] fifo_reg_3__31_
eth_fifo_DATA_WIDTH32_DEPTH16_CNT_WIDTH5_0 cell fifo_reg[8][16] fifo_reg_8__16_
eth_fifo_DATA_WIDTH32_DEPTH16_CNT_WIDTH5_0 cell fifo_reg[0][25] fifo_reg_0__25_
eth_fifo_DATA_WIDTH32_DEPTH16_CNT_WIDTH5_0 cell fifo_reg[0][10] fifo_reg_0__10_
eth_fifo_DATA_WIDTH32_DEPTH16_CNT_WIDTH5_0 cell fifo_reg[10][27] fifo_reg_10__27_
eth_fifo_DATA_WIDTH32_DEPTH16_CNT_WIDTH5_0 cell fifo_reg[10][12] fifo_reg_10__12_
eth_fifo_DATA_WIDTH32_DEPTH16_CNT_WIDTH5_0 net N182 almost_empty
eth_fifo_DATA_WIDTH32_DEPTH16_CNT_WIDTH5_0 net N188 full
a25_execute_0 cell load_rd_r_reg[2] load_rd_r_reg_2_
a25_execute_0 cell load_rd_r_reg[1] load_rd_r_reg_1_
a25_execute_0 cell read_data_filtered_r_reg[29] read_data_filtered_r_reg_29_
a25_execute_0 cell read_data_filtered_r_reg[28] read_data_filtered_r_reg_28_
a25_execute_0 cell read_data_filtered_r_reg[27] read_data_filtered_r_reg_27_
a25_execute_0 cell read_data_filtered_r_reg[26] read_data_filtered_r_reg_26_
a25_execute_0 cell read_data_filtered_r_reg[25] read_data_filtered_r_reg_25_
a25_execute_0 cell read_data_filtered_r_reg[24] read_data_filtered_r_reg_24_
a25_execute_0 cell read_data_filtered_r_reg[23] read_data_filtered_r_reg_23_
a25_execute_0 cell read_data_filtered_r_reg[22] read_data_filtered_r_reg_22_
a25_execute_0 cell read_data_filtered_r_reg[21] read_data_filtered_r_reg_21_
a25_execute_0 cell read_data_filtered_r_reg[20] read_data_filtered_r_reg_20_
a25_execute_0 cell read_data_filtered_r_reg[19] read_data_filtered_r_reg_19_
a25_execute_0 cell read_data_filtered_r_reg[18] read_data_filtered_r_reg_18_
a25_execute_0 cell read_data_filtered_r_reg[17] read_data_filtered_r_reg_17_
a25_execute_0 cell read_data_filtered_r_reg[16] read_data_filtered_r_reg_16_
a25_execute_0 cell read_data_filtered_r_reg[13] read_data_filtered_r_reg_13_
a25_execute_0 cell read_data_filtered_r_reg[12] read_data_filtered_r_reg_12_
a25_execute_0 cell read_data_filtered_r_reg[11] read_data_filtered_r_reg_11_
a25_execute_0 cell read_data_filtered_r_reg[10] read_data_filtered_r_reg_10_
a25_execute_0 cell read_data_filtered_r_reg[9] read_data_filtered_r_reg_9_
a25_execute_0 cell read_data_filtered_r_reg[8] read_data_filtered_r_reg_8_
a25_execute_0 cell read_data_filtered_r_reg[7] read_data_filtered_r_reg_7_
a25_execute_0 cell read_data_filtered_r_reg[6] read_data_filtered_r_reg_6_
a25_execute_0 cell read_data_filtered_r_reg[5] read_data_filtered_r_reg_5_
a25_execute_0 cell read_data_filtered_r_reg[4] read_data_filtered_r_reg_4_
a25_execute_0 cell read_data_filtered_r_reg[3] read_data_filtered_r_reg_3_
a25_execute_0 cell read_data_filtered_r_reg[2] read_data_filtered_r_reg_2_
a25_execute_0 cell read_data_filtered_r_reg[1] read_data_filtered_r_reg_1_
a25_execute_0 cell base_address_reg[0] base_address_reg_0_
a25_execute_0 cell o_daddress_reg[2] o_daddress_reg_2_
a25_execute_0 cell o_daddress_reg[3] o_daddress_reg_3_
a25_execute_0 cell o_daddress_reg[4] o_daddress_reg_4_
a25_execute_0 cell o_daddress_reg[5] o_daddress_reg_5_
a25_execute_0 cell o_daddress_reg[6] o_daddress_reg_6_
a25_execute_0 cell o_daddress_reg[7] o_daddress_reg_7_
a25_execute_0 cell o_daddress_reg[8] o_daddress_reg_8_
a25_execute_0 cell o_daddress_reg[9] o_daddress_reg_9_
a25_execute_0 cell o_daddress_reg[10] o_daddress_reg_10_
a25_execute_0 cell o_daddress_reg[11] o_daddress_reg_11_
a25_execute_0 cell o_daddress_reg[12] o_daddress_reg_12_
a25_execute_0 cell o_daddress_reg[13] o_daddress_reg_13_
a25_execute_0 cell o_daddress_reg[14] o_daddress_reg_14_
a25_execute_0 cell o_daddress_reg[15] o_daddress_reg_15_
a25_execute_0 cell o_daddress_reg[16] o_daddress_reg_16_
a25_execute_0 cell o_daddress_reg[18] o_daddress_reg_18_
a25_execute_0 cell o_daddress_reg[19] o_daddress_reg_19_
a25_execute_0 cell o_daddress_reg[20] o_daddress_reg_20_
a25_execute_0 cell o_daddress_reg[21] o_daddress_reg_21_
a25_execute_0 cell o_daddress_reg[22] o_daddress_reg_22_
a25_execute_0 cell o_iaddress_reg[2] o_iaddress_reg_2_
a25_execute_0 cell o_iaddress_reg[3] o_iaddress_reg_3_
a25_execute_0 cell o_iaddress_reg[4] o_iaddress_reg_4_
a25_execute_0 cell o_iaddress_reg[5] o_iaddress_reg_5_
a25_execute_0 cell o_iaddress_reg[6] o_iaddress_reg_6_
a25_execute_0 cell o_iaddress_reg[7] o_iaddress_reg_7_
a25_execute_0 cell o_iaddress_reg[9] o_iaddress_reg_9_
a25_execute_0 cell o_iaddress_reg[10] o_iaddress_reg_10_
a25_execute_0 cell o_iaddress_reg[12] o_iaddress_reg_12_
a25_execute_0 cell o_iaddress_reg[13] o_iaddress_reg_13_
a25_execute_0 cell o_iaddress_reg[14] o_iaddress_reg_14_
a25_execute_0 cell o_iaddress_reg[15] o_iaddress_reg_15_
a25_execute_0 cell o_iaddress_reg[16] o_iaddress_reg_16_
a25_execute_0 cell o_iaddress_reg[17] o_iaddress_reg_17_
a25_execute_0 cell o_iaddress_reg[18] o_iaddress_reg_18_
a25_execute_0 cell o_iaddress_reg[19] o_iaddress_reg_19_
a25_execute_0 cell o_iaddress_reg[20] o_iaddress_reg_20_
a25_execute_0 cell o_iaddress_reg[21] o_iaddress_reg_21_
a25_execute_0 cell o_iaddress_reg[22] o_iaddress_reg_22_
a25_execute_0 cell o_iaddress_reg[25] o_iaddress_reg_25_
a25_execute_0 cell o_daddress_reg[0] o_daddress_reg_0_
a25_execute_0 cell o_daddress_reg[1] o_daddress_reg_1_
a25_execute_0 cell o_iaddress_reg[0] o_iaddress_reg_0_
a25_execute_0 cell o_iaddress_reg[1] o_iaddress_reg_1_
a25_execute_0 cell o_iaddress_reg[26] o_iaddress_reg_26_
a25_execute_0 cell o_iaddress_reg[27] o_iaddress_reg_27_
a25_execute_0 cell o_iaddress_reg[28] o_iaddress_reg_28_
a25_execute_0 cell o_iaddress_reg[29] o_iaddress_reg_29_
a25_execute_0 cell o_iaddress_reg[30] o_iaddress_reg_30_
a25_execute_0 cell base_address_reg[31] base_address_reg_31_
a25_execute_0 cell base_address_reg[30] base_address_reg_30_
a25_execute_0 cell base_address_reg[29] base_address_reg_29_
a25_execute_0 cell base_address_reg[28] base_address_reg_28_
a25_execute_0 cell base_address_reg[27] base_address_reg_27_
a25_execute_0 cell base_address_reg[26] base_address_reg_26_
a25_execute_0 cell base_address_reg[24] base_address_reg_24_
a25_execute_0 cell base_address_reg[23] base_address_reg_23_
a25_execute_0 cell base_address_reg[22] base_address_reg_22_
a25_execute_0 cell base_address_reg[21] base_address_reg_21_
a25_execute_0 cell base_address_reg[20] base_address_reg_20_
a25_execute_0 cell base_address_reg[19] base_address_reg_19_
a25_execute_0 cell base_address_reg[18] base_address_reg_18_
a25_execute_0 cell base_address_reg[17] base_address_reg_17_
a25_execute_0 cell base_address_reg[16] base_address_reg_16_
a25_execute_0 cell base_address_reg[15] base_address_reg_15_
a25_execute_0 cell base_address_reg[14] base_address_reg_14_
a25_execute_0 cell base_address_reg[13] base_address_reg_13_
a25_execute_0 cell base_address_reg[12] base_address_reg_12_
a25_execute_0 cell base_address_reg[11] base_address_reg_11_
a25_execute_0 cell base_address_reg[9] base_address_reg_9_
a25_execute_0 cell base_address_reg[8] base_address_reg_8_
a25_execute_0 cell base_address_reg[7] base_address_reg_7_
a25_execute_0 cell base_address_reg[6] base_address_reg_6_
a25_execute_0 cell base_address_reg[5] base_address_reg_5_
a25_execute_0 cell base_address_reg[4] base_address_reg_4_
a25_execute_0 cell base_address_reg[3] base_address_reg_3_
a25_execute_0 cell base_address_reg[2] base_address_reg_2_
a25_execute_0 cell base_address_reg[1] base_address_reg_1_
a25_execute_0 cell o_exec_load_rd_reg[0] o_exec_load_rd_reg_0_
a25_execute_0 cell o_exec_load_rd_reg[1] o_exec_load_rd_reg_1_
a25_execute_0 cell o_exec_load_rd_reg[3] o_exec_load_rd_reg_3_
a25_execute_0 cell o_exec_load_rd_reg[4] o_exec_load_rd_reg_4_
a25_execute_0 cell o_exec_load_rd_reg[5] o_exec_load_rd_reg_5_
a25_execute_0 cell o_exec_load_rd_reg[6] o_exec_load_rd_reg_6_
a25_execute_0 cell o_exec_load_rd_reg[7] o_exec_load_rd_reg_7_
a25_execute_0 cell o_byte_enable_reg[0] o_byte_enable_reg_0_
a25_execute_0 cell o_byte_enable_reg[1] o_byte_enable_reg_1_
a25_execute_0 cell o_byte_enable_reg[2] o_byte_enable_reg_2_
a25_execute_0 cell o_byte_enable_reg[3] o_byte_enable_reg_3_
a25_execute_0 cell o_write_data_reg[0] o_write_data_reg_0_
a25_execute_0 cell o_write_data_reg[1] o_write_data_reg_1_
a25_execute_0 cell o_write_data_reg[2] o_write_data_reg_2_
a25_execute_0 cell o_write_data_reg[3] o_write_data_reg_3_
a25_execute_0 cell o_write_data_reg[5] o_write_data_reg_5_
a25_execute_0 cell o_write_data_reg[6] o_write_data_reg_6_
a25_execute_0 cell o_write_data_reg[7] o_write_data_reg_7_
a25_execute_0 cell o_write_data_reg[8] o_write_data_reg_8_
a25_execute_0 cell o_write_data_reg[9] o_write_data_reg_9_
a25_execute_0 cell o_write_data_reg[10] o_write_data_reg_10_
a25_execute_0 cell o_write_data_reg[11] o_write_data_reg_11_
a25_execute_0 cell o_write_data_reg[12] o_write_data_reg_12_
a25_execute_0 cell o_write_data_reg[13] o_write_data_reg_13_
a25_execute_0 cell o_write_data_reg[14] o_write_data_reg_14_
a25_execute_0 cell o_write_data_reg[15] o_write_data_reg_15_
a25_execute_0 cell o_write_data_reg[16] o_write_data_reg_16_
a25_execute_0 cell o_write_data_reg[17] o_write_data_reg_17_
a25_execute_0 cell o_write_data_reg[18] o_write_data_reg_18_
a25_execute_0 cell o_write_data_reg[20] o_write_data_reg_20_
a25_execute_0 cell o_write_data_reg[21] o_write_data_reg_21_
a25_execute_0 cell o_write_data_reg[22] o_write_data_reg_22_
a25_execute_0 cell o_write_data_reg[23] o_write_data_reg_23_
a25_execute_0 cell o_write_data_reg[24] o_write_data_reg_24_
a25_execute_0 cell o_write_data_reg[26] o_write_data_reg_26_
a25_execute_0 cell o_write_data_reg[27] o_write_data_reg_27_
a25_execute_0 cell o_write_data_reg[28] o_write_data_reg_28_
a25_execute_0 cell o_write_data_reg[29] o_write_data_reg_29_
a25_execute_0 cell o_write_data_reg[30] o_write_data_reg_30_
a25_execute_0 cell o_write_data_reg[31] o_write_data_reg_31_
a25_execute_0 cell o_copro_write_data_reg[8] o_copro_write_data_reg_8_
a25_execute_0 cell o_copro_write_data_reg[9] o_copro_write_data_reg_9_
a25_execute_0 cell o_copro_write_data_reg[10] o_copro_write_data_reg_10_
a25_execute_0 cell o_copro_write_data_reg[12] o_copro_write_data_reg_12_
a25_execute_0 cell o_copro_write_data_reg[13] o_copro_write_data_reg_13_
a25_execute_0 cell o_copro_write_data_reg[14] o_copro_write_data_reg_14_
a25_execute_0 cell o_copro_write_data_reg[16] o_copro_write_data_reg_16_
a25_execute_0 cell o_copro_write_data_reg[17] o_copro_write_data_reg_17_
a25_execute_0 cell o_copro_write_data_reg[18] o_copro_write_data_reg_18_
a25_execute_0 cell o_copro_write_data_reg[19] o_copro_write_data_reg_19_
a25_execute_0 cell o_copro_write_data_reg[20] o_copro_write_data_reg_20_
a25_execute_0 cell o_copro_write_data_reg[21] o_copro_write_data_reg_21_
a25_execute_0 cell o_copro_write_data_reg[22] o_copro_write_data_reg_22_
a25_execute_0 cell o_copro_write_data_reg[26] o_copro_write_data_reg_26_
a25_execute_0 cell o_copro_write_data_reg[27] o_copro_write_data_reg_27_
a25_execute_0 cell o_copro_write_data_reg[28] o_copro_write_data_reg_28_
a25_execute_0 cell o_copro_write_data_reg[29] o_copro_write_data_reg_29_
a25_execute_0 cell o_copro_write_data_reg[31] o_copro_write_data_reg_31_
a25_execute_0 cell o_daddress_reg[23] o_daddress_reg_23_
a25_execute_0 cell o_daddress_reg[25] o_daddress_reg_25_
a25_execute_0 cell o_copro_write_data_reg[7] o_copro_write_data_reg_7_
a25_execute_0 cell o_copro_write_data_reg[6] o_copro_write_data_reg_6_
a25_execute_0 cell o_copro_write_data_reg[4] o_copro_write_data_reg_4_
a25_execute_0 cell o_copro_write_data_reg[3] o_copro_write_data_reg_3_
a25_execute_0 cell o_copro_write_data_reg[2] o_copro_write_data_reg_2_
a25_execute_0 cell o_copro_write_data_reg[1] o_copro_write_data_reg_1_
a25_execute_0 cell o_copro_write_data_reg[0] o_copro_write_data_reg_0_
a25_execute_0 cell o_iaddress_reg[23] o_iaddress_reg_23_
a25_execute_0 cell o_daddress_reg[24] o_daddress_reg_24_
a25_execute_0 cell read_data_filtered_r_reg[30] read_data_filtered_r_reg_30_
a25_execute_0 cell read_data_filtered_r_reg[15] read_data_filtered_r_reg_15_
a25_execute_0 cell read_data_filtered_r_reg[0] read_data_filtered_r_reg_0_
a25_execute_0 cell o_iaddress_reg[8] o_iaddress_reg_8_
a25_execute_0 cell o_iaddress_reg[24] o_iaddress_reg_24_
a25_execute_0 cell o_copro_write_data_reg[15] o_copro_write_data_reg_15_
a25_execute_0 cell status_bits_mode_rds_oh_reg[1] status_bits_mode_rds_oh_reg_1_
a25_execute_0 cell status_bits_mode_reg[0] status_bits_mode_reg_0_
a25_execute_0 cell o_daddress_reg[29] o_daddress_reg_29_
a25_execute_0 cell o_daddress_reg[28] o_daddress_reg_28_
a25_execute_0 cell o_write_data_reg[25] o_write_data_reg_25_
a25_execute_0 cell status_bits_mode_reg[1] status_bits_mode_reg_1_
a25_execute_0 cell o_daddress_reg[27] o_daddress_reg_27_
a25_execute_0 cell read_data_filtered_r_reg[31] read_data_filtered_r_reg_31_
a25_execute_0 cell read_data_filtered_r_reg[14] read_data_filtered_r_reg_14_
a25_execute_0 cell o_daddress_reg[17] o_daddress_reg_17_
a25_execute_0 cell o_iaddress_reg[11] o_iaddress_reg_11_
a25_execute_0 cell o_exec_load_rd_reg[2] o_exec_load_rd_reg_2_
a25_execute_0 cell o_write_data_reg[4] o_write_data_reg_4_
a25_execute_0 cell o_copro_write_data_reg[11] o_copro_write_data_reg_11_
a25_execute_0 cell o_copro_write_data_reg[30] o_copro_write_data_reg_30_
a25_execute_0 cell o_copro_write_data_reg[5] o_copro_write_data_reg_5_
a25_execute_0 cell o_daddress_reg[26] o_daddress_reg_26_
a25_execute_0 cell base_address_reg[10] base_address_reg_10_
a25_execute_0 cell base_address_reg[25] base_address_reg_25_
a25_execute_0 cell o_write_data_reg[19] o_write_data_reg_19_
a25_execute_0 net o_status_bits_1 o_status_bits[1]
a25_execute_0 net multiply_flags[0] multiply_flags_0_
a25_execute_0 net status_bits_mode_rds_oh[1] status_bits_mode_rds_oh_1_
a25_register_bank_0 cell r8_reg[22] r8_reg_22_
a25_register_bank_0 cell r8_reg[20] r8_reg_20_
a25_register_bank_0 cell r8_reg[17] r8_reg_17_
a25_register_bank_0 cell r8_reg[16] r8_reg_16_
a25_register_bank_0 cell r8_reg[15] r8_reg_15_
a25_register_bank_0 cell r8_reg[14] r8_reg_14_
a25_register_bank_0 cell r8_reg[13] r8_reg_13_
a25_register_bank_0 cell r8_reg[12] r8_reg_12_
a25_register_bank_0 cell r8_reg[11] r8_reg_11_
a25_register_bank_0 cell r8_reg[10] r8_reg_10_
a25_register_bank_0 cell r8_reg[9] r8_reg_9_
a25_register_bank_0 cell r8_reg[8] r8_reg_8_
a25_register_bank_0 cell r8_reg[7] r8_reg_7_
a25_register_bank_0 cell r8_reg[5] r8_reg_5_
a25_register_bank_0 cell r8_reg[4] r8_reg_4_
a25_register_bank_0 cell r8_reg[3] r8_reg_3_
a25_register_bank_0 cell r8_reg[2] r8_reg_2_
a25_register_bank_0 cell r8_reg[1] r8_reg_1_
a25_register_bank_0 cell r8_reg[0] r8_reg_0_
a25_register_bank_0 cell r3_reg[22] r3_reg_22_
a25_register_bank_0 cell r3_reg[20] r3_reg_20_
a25_register_bank_0 cell r3_reg[17] r3_reg_17_
a25_register_bank_0 cell r3_reg[14] r3_reg_14_
a25_register_bank_0 cell r3_reg[8] r3_reg_8_
a25_register_bank_0 cell r3_reg[2] r3_reg_2_
a25_register_bank_0 cell r3_reg[1] r3_reg_1_
a25_register_bank_0 cell r9_reg[22] r9_reg_22_
a25_register_bank_0 cell r9_reg[17] r9_reg_17_
a25_register_bank_0 cell r9_reg[16] r9_reg_16_
a25_register_bank_0 cell r9_reg[15] r9_reg_15_
a25_register_bank_0 cell r9_reg[14] r9_reg_14_
a25_register_bank_0 cell r9_reg[13] r9_reg_13_
a25_register_bank_0 cell r9_reg[12] r9_reg_12_
a25_register_bank_0 cell r9_reg[11] r9_reg_11_
a25_register_bank_0 cell r9_reg[10] r9_reg_10_
a25_register_bank_0 cell r9_reg[9] r9_reg_9_
a25_register_bank_0 cell r9_reg[8] r9_reg_8_
a25_register_bank_0 cell r9_reg[6] r9_reg_6_
a25_register_bank_0 cell r9_reg[5] r9_reg_5_
a25_register_bank_0 cell r9_reg[4] r9_reg_4_
a25_register_bank_0 cell r9_reg[3] r9_reg_3_
a25_register_bank_0 cell r9_reg[1] r9_reg_1_
a25_register_bank_0 cell r9_reg[0] r9_reg_0_
a25_register_bank_0 cell r13_firq_reg[1] r13_firq_reg_1_
a25_register_bank_0 cell r13_firq_reg[0] r13_firq_reg_0_
a25_register_bank_0 cell r8_firq_reg[22] r8_firq_reg_22_
a25_register_bank_0 cell r8_firq_reg[20] r8_firq_reg_20_
a25_register_bank_0 cell r8_firq_reg[17] r8_firq_reg_17_
a25_register_bank_0 cell r8_firq_reg[14] r8_firq_reg_14_
a25_register_bank_0 cell r8_firq_reg[8] r8_firq_reg_8_
a25_register_bank_0 cell r8_firq_reg[2] r8_firq_reg_2_
a25_register_bank_0 cell r8_firq_reg[1] r8_firq_reg_1_
a25_register_bank_0 cell r8_firq_reg[0] r8_firq_reg_0_
a25_register_bank_0 cell r14_firq_reg[1] r14_firq_reg_1_
a25_register_bank_0 cell r14_firq_reg[0] r14_firq_reg_0_
a25_register_bank_0 cell r10_firq_reg[20] r10_firq_reg_20_
a25_register_bank_0 cell r10_firq_reg[17] r10_firq_reg_17_
a25_register_bank_0 cell r10_firq_reg[16] r10_firq_reg_16_
a25_register_bank_0 cell r10_firq_reg[15] r10_firq_reg_15_
a25_register_bank_0 cell r10_firq_reg[14] r10_firq_reg_14_
a25_register_bank_0 cell r10_firq_reg[13] r10_firq_reg_13_
a25_register_bank_0 cell r10_firq_reg[12] r10_firq_reg_12_
a25_register_bank_0 cell r10_firq_reg[11] r10_firq_reg_11_
a25_register_bank_0 cell r10_firq_reg[10] r10_firq_reg_10_
a25_register_bank_0 cell r10_firq_reg[9] r10_firq_reg_9_
a25_register_bank_0 cell r10_firq_reg[8] r10_firq_reg_8_
a25_register_bank_0 cell r10_firq_reg[7] r10_firq_reg_7_
a25_register_bank_0 cell r10_firq_reg[6] r10_firq_reg_6_
a25_register_bank_0 cell r10_firq_reg[5] r10_firq_reg_5_
a25_register_bank_0 cell r10_firq_reg[3] r10_firq_reg_3_
a25_register_bank_0 cell r10_firq_reg[2] r10_firq_reg_2_
a25_register_bank_0 cell r10_firq_reg[1] r10_firq_reg_1_
a25_register_bank_0 cell r10_firq_reg[0] r10_firq_reg_0_
a25_register_bank_0 cell r9_firq_reg[22] r9_firq_reg_22_
a25_register_bank_0 cell r9_firq_reg[20] r9_firq_reg_20_
a25_register_bank_0 cell r9_firq_reg[17] r9_firq_reg_17_
a25_register_bank_0 cell r9_firq_reg[14] r9_firq_reg_14_
a25_register_bank_0 cell r9_firq_reg[4] r9_firq_reg_4_
a25_register_bank_0 cell r9_firq_reg[2] r9_firq_reg_2_
a25_register_bank_0 cell r9_firq_reg[1] r9_firq_reg_1_
a25_register_bank_0 cell r9_firq_reg[0] r9_firq_reg_0_
a25_register_bank_0 cell r7_reg[22] r7_reg_22_
a25_register_bank_0 cell r7_reg[20] r7_reg_20_
a25_register_bank_0 cell r7_reg[14] r7_reg_14_
a25_register_bank_0 cell r7_reg[8] r7_reg_8_
a25_register_bank_0 cell r7_reg[4] r7_reg_4_
a25_register_bank_0 cell r7_reg[2] r7_reg_2_
a25_register_bank_0 cell r7_reg[1] r7_reg_1_
a25_register_bank_0 cell r11_firq_reg[22] r11_firq_reg_22_
a25_register_bank_0 cell r11_firq_reg[20] r11_firq_reg_20_
a25_register_bank_0 cell r11_firq_reg[16] r11_firq_reg_16_
a25_register_bank_0 cell r11_firq_reg[15] r11_firq_reg_15_
a25_register_bank_0 cell r11_firq_reg[14] r11_firq_reg_14_
a25_register_bank_0 cell r11_firq_reg[13] r11_firq_reg_13_
a25_register_bank_0 cell r11_firq_reg[12] r11_firq_reg_12_
a25_register_bank_0 cell r11_firq_reg[11] r11_firq_reg_11_
a25_register_bank_0 cell r11_firq_reg[10] r11_firq_reg_10_
a25_register_bank_0 cell r11_firq_reg[8] r11_firq_reg_8_
a25_register_bank_0 cell r11_firq_reg[7] r11_firq_reg_7_
a25_register_bank_0 cell r11_firq_reg[6] r11_firq_reg_6_
a25_register_bank_0 cell r11_firq_reg[5] r11_firq_reg_5_
a25_register_bank_0 cell r11_firq_reg[4] r11_firq_reg_4_
a25_register_bank_0 cell r11_firq_reg[3] r11_firq_reg_3_
a25_register_bank_0 cell r11_firq_reg[2] r11_firq_reg_2_
a25_register_bank_0 cell r11_firq_reg[1] r11_firq_reg_1_
a25_register_bank_0 cell r11_firq_reg[0] r11_firq_reg_0_
a25_register_bank_0 cell r14_irq_reg[22] r14_irq_reg_22_
a25_register_bank_0 cell r14_irq_reg[20] r14_irq_reg_20_
a25_register_bank_0 cell r14_irq_reg[17] r14_irq_reg_17_
a25_register_bank_0 cell r14_irq_reg[14] r14_irq_reg_14_
a25_register_bank_0 cell r14_irq_reg[8] r14_irq_reg_8_
a25_register_bank_0 cell r13_svc_reg[22] r13_svc_reg_22_
a25_register_bank_0 cell r13_svc_reg[20] r13_svc_reg_20_
a25_register_bank_0 cell r13_svc_reg[17] r13_svc_reg_17_
a25_register_bank_0 cell r13_svc_reg[16] r13_svc_reg_16_
a25_register_bank_0 cell r13_svc_reg[15] r13_svc_reg_15_
a25_register_bank_0 cell r13_svc_reg[14] r13_svc_reg_14_
a25_register_bank_0 cell r13_svc_reg[12] r13_svc_reg_12_
a25_register_bank_0 cell r13_svc_reg[11] r13_svc_reg_11_
a25_register_bank_0 cell r13_svc_reg[10] r13_svc_reg_10_
a25_register_bank_0 cell r13_svc_reg[9] r13_svc_reg_9_
a25_register_bank_0 cell r13_svc_reg[8] r13_svc_reg_8_
a25_register_bank_0 cell r13_svc_reg[7] r13_svc_reg_7_
a25_register_bank_0 cell r13_svc_reg[6] r13_svc_reg_6_
a25_register_bank_0 cell r13_svc_reg[5] r13_svc_reg_5_
a25_register_bank_0 cell r13_svc_reg[3] r13_svc_reg_3_
a25_register_bank_0 cell r13_svc_reg[2] r13_svc_reg_2_
a25_register_bank_0 cell r13_svc_reg[1] r13_svc_reg_1_
a25_register_bank_0 cell r13_svc_reg[0] r13_svc_reg_0_
a25_register_bank_0 cell r14_reg[22] r14_reg_22_
a25_register_bank_0 cell r14_reg[17] r14_reg_17_
a25_register_bank_0 cell r14_reg[16] r14_reg_16_
a25_register_bank_0 cell r14_reg[15] r14_reg_15_
a25_register_bank_0 cell r14_reg[14] r14_reg_14_
a25_register_bank_0 cell r14_reg[13] r14_reg_13_
a25_register_bank_0 cell r14_reg[12] r14_reg_12_
a25_register_bank_0 cell r14_reg[11] r14_reg_11_
a25_register_bank_0 cell r14_reg[10] r14_reg_10_
a25_register_bank_0 cell r14_reg[9] r14_reg_9_
a25_register_bank_0 cell r14_reg[7] r14_reg_7_
a25_register_bank_0 cell r14_reg[6] r14_reg_6_
a25_register_bank_0 cell r14_reg[5] r14_reg_5_
a25_register_bank_0 cell r14_reg[4] r14_reg_4_
a25_register_bank_0 cell r14_reg[2] r14_reg_2_
a25_register_bank_0 cell r14_reg[1] r14_reg_1_
a25_register_bank_0 cell r14_reg[0] r14_reg_0_
a25_register_bank_0 cell r15_reg[21] r15_reg_21_
a25_register_bank_0 cell r15_reg[20] r15_reg_20_
a25_register_bank_0 cell r15_reg[19] r15_reg_19_
a25_register_bank_0 cell r15_reg[18] r15_reg_18_
a25_register_bank_0 cell r15_reg[17] r15_reg_17_
a25_register_bank_0 cell r15_reg[16] r15_reg_16_
a25_register_bank_0 cell r15_reg[15] r15_reg_15_
a25_register_bank_0 cell r15_reg[13] r15_reg_13_
a25_register_bank_0 cell r15_reg[12] r15_reg_12_
a25_register_bank_0 cell r15_reg[11] r15_reg_11_
a25_register_bank_0 cell r15_reg[9] r15_reg_9_
a25_register_bank_0 cell r15_reg[8] r15_reg_8_
a25_register_bank_0 cell r15_reg[7] r15_reg_7_
a25_register_bank_0 cell r15_reg[6] r15_reg_6_
a25_register_bank_0 cell r15_reg[5] r15_reg_5_
a25_register_bank_0 cell r15_reg[4] r15_reg_4_
a25_register_bank_0 cell r15_reg[3] r15_reg_3_
a25_register_bank_0 cell r15_reg[2] r15_reg_2_
a25_register_bank_0 cell r15_reg[1] r15_reg_1_
a25_register_bank_0 cell r15_reg[0] r15_reg_0_
a25_register_bank_0 cell r12_reg[22] r12_reg_22_
a25_register_bank_0 cell r12_reg[17] r12_reg_17_
a25_register_bank_0 cell r12_reg[16] r12_reg_16_
a25_register_bank_0 cell r12_reg[14] r12_reg_14_
a25_register_bank_0 cell r12_reg[13] r12_reg_13_
a25_register_bank_0 cell r12_reg[12] r12_reg_12_
a25_register_bank_0 cell r12_reg[11] r12_reg_11_
a25_register_bank_0 cell r12_reg[10] r12_reg_10_
a25_register_bank_0 cell r12_reg[9] r12_reg_9_
a25_register_bank_0 cell r12_reg[8] r12_reg_8_
a25_register_bank_0 cell r12_reg[7] r12_reg_7_
a25_register_bank_0 cell r12_reg[6] r12_reg_6_
a25_register_bank_0 cell r12_reg[5] r12_reg_5_
a25_register_bank_0 cell r12_reg[4] r12_reg_4_
a25_register_bank_0 cell r12_reg[3] r12_reg_3_
a25_register_bank_0 cell r12_reg[1] r12_reg_1_
a25_register_bank_0 cell r13_reg[1] r13_reg_1_
a25_register_bank_0 cell r13_reg[0] r13_reg_0_
a25_register_bank_0 cell r6_reg[22] r6_reg_22_
a25_register_bank_0 cell r6_reg[20] r6_reg_20_
a25_register_bank_0 cell r6_reg[17] r6_reg_17_
a25_register_bank_0 cell r6_reg[14] r6_reg_14_
a25_register_bank_0 cell r6_reg[8] r6_reg_8_
a25_register_bank_0 cell r6_reg[4] r6_reg_4_
a25_register_bank_0 cell r6_reg[2] r6_reg_2_
a25_register_bank_0 cell r6_reg[1] r6_reg_1_
a25_register_bank_0 cell r0_reg[22] r0_reg_22_
a25_register_bank_0 cell r0_reg[20] r0_reg_20_
a25_register_bank_0 cell r0_reg[17] r0_reg_17_
a25_register_bank_0 cell r0_reg[4] r0_reg_4_
a25_register_bank_0 cell r0_reg[2] r0_reg_2_
a25_register_bank_0 cell r0_reg[1] r0_reg_1_
a25_register_bank_0 cell r4_reg[22] r4_reg_22_
a25_register_bank_0 cell r4_reg[20] r4_reg_20_
a25_register_bank_0 cell r4_reg[17] r4_reg_17_
a25_register_bank_0 cell r4_reg[14] r4_reg_14_
a25_register_bank_0 cell r4_reg[8] r4_reg_8_
a25_register_bank_0 cell r4_reg[4] r4_reg_4_
a25_register_bank_0 cell r4_reg[2] r4_reg_2_
a25_register_bank_0 cell r4_reg[1] r4_reg_1_
a25_register_bank_0 cell r10_reg[22] r10_reg_22_
a25_register_bank_0 cell r10_reg[20] r10_reg_20_
a25_register_bank_0 cell r10_reg[17] r10_reg_17_
a25_register_bank_0 cell r10_reg[14] r10_reg_14_
a25_register_bank_0 cell r10_reg[13] r10_reg_13_
a25_register_bank_0 cell r10_reg[12] r10_reg_12_
a25_register_bank_0 cell r10_reg[11] r10_reg_11_
a25_register_bank_0 cell r10_reg[10] r10_reg_10_
a25_register_bank_0 cell r10_reg[9] r10_reg_9_
a25_register_bank_0 cell r10_reg[8] r10_reg_8_
a25_register_bank_0 cell r10_reg[7] r10_reg_7_
a25_register_bank_0 cell r10_reg[6] r10_reg_6_
a25_register_bank_0 cell r10_reg[5] r10_reg_5_
a25_register_bank_0 cell r10_reg[4] r10_reg_4_
a25_register_bank_0 cell r10_reg[3] r10_reg_3_
a25_register_bank_0 cell r10_reg[2] r10_reg_2_
a25_register_bank_0 cell r10_reg[1] r10_reg_1_
a25_register_bank_0 cell r5_reg[22] r5_reg_22_
a25_register_bank_0 cell r5_reg[20] r5_reg_20_
a25_register_bank_0 cell r5_reg[17] r5_reg_17_
a25_register_bank_0 cell r5_reg[14] r5_reg_14_
a25_register_bank_0 cell r5_reg[8] r5_reg_8_
a25_register_bank_0 cell r5_reg[4] r5_reg_4_
a25_register_bank_0 cell r5_reg[2] r5_reg_2_
a25_register_bank_0 cell r5_reg[1] r5_reg_1_
a25_register_bank_0 cell r11_reg[22] r11_reg_22_
a25_register_bank_0 cell r11_reg[20] r11_reg_20_
a25_register_bank_0 cell r11_reg[17] r11_reg_17_
a25_register_bank_0 cell r11_reg[16] r11_reg_16_
a25_register_bank_0 cell r11_reg[15] r11_reg_15_
a25_register_bank_0 cell r11_reg[13] r11_reg_13_
a25_register_bank_0 cell r11_reg[11] r11_reg_11_
a25_register_bank_0 cell r11_reg[10] r11_reg_10_
a25_register_bank_0 cell r11_reg[9] r11_reg_9_
a25_register_bank_0 cell r11_reg[8] r11_reg_8_
a25_register_bank_0 cell r11_reg[7] r11_reg_7_
a25_register_bank_0 cell r11_reg[6] r11_reg_6_
a25_register_bank_0 cell r11_reg[5] r11_reg_5_
a25_register_bank_0 cell r11_reg[4] r11_reg_4_
a25_register_bank_0 cell r11_reg[3] r11_reg_3_
a25_register_bank_0 cell r11_reg[2] r11_reg_2_
a25_register_bank_0 cell r11_reg[1] r11_reg_1_
a25_register_bank_0 cell r11_reg[0] r11_reg_0_
a25_register_bank_0 cell r1_reg[20] r1_reg_20_
a25_register_bank_0 cell r1_reg[17] r1_reg_17_
a25_register_bank_0 cell r1_reg[8] r1_reg_8_
a25_register_bank_0 cell r1_reg[4] r1_reg_4_
a25_register_bank_0 cell r1_reg[2] r1_reg_2_
a25_register_bank_0 cell r1_reg[1] r1_reg_1_
a25_register_bank_0 cell r2_reg[22] r2_reg_22_
a25_register_bank_0 cell r2_reg[20] r2_reg_20_
a25_register_bank_0 cell r2_reg[17] r2_reg_17_
a25_register_bank_0 cell r2_reg[14] r2_reg_14_
a25_register_bank_0 cell r2_reg[8] r2_reg_8_
a25_register_bank_0 cell r2_reg[4] r2_reg_4_
a25_register_bank_0 cell r2_reg[2] r2_reg_2_
a25_register_bank_0 cell r2_reg[1] r2_reg_1_
a25_register_bank_0 cell r13_irq_reg[22] r13_irq_reg_22_
a25_register_bank_0 cell r13_firq_reg[22] r13_firq_reg_22_
a25_register_bank_0 cell r13_reg[22] r13_reg_22_
a25_register_bank_0 cell r13_firq_reg[20] r13_firq_reg_20_
a25_register_bank_0 cell r13_reg[20] r13_reg_20_
a25_register_bank_0 cell r13_irq_reg[17] r13_irq_reg_17_
a25_register_bank_0 cell r13_firq_reg[17] r13_firq_reg_17_
a25_register_bank_0 cell r13_reg[17] r13_reg_17_
a25_register_bank_0 cell r13_irq_reg[16] r13_irq_reg_16_
a25_register_bank_0 cell r13_firq_reg[16] r13_firq_reg_16_
a25_register_bank_0 cell r13_reg[16] r13_reg_16_
a25_register_bank_0 cell r13_irq_reg[15] r13_irq_reg_15_
a25_register_bank_0 cell r13_firq_reg[15] r13_firq_reg_15_
a25_register_bank_0 cell r13_reg[15] r13_reg_15_
a25_register_bank_0 cell r13_irq_reg[14] r13_irq_reg_14_
a25_register_bank_0 cell r13_firq_reg[14] r13_firq_reg_14_
a25_register_bank_0 cell r13_reg[14] r13_reg_14_
a25_register_bank_0 cell r13_firq_reg[13] r13_firq_reg_13_
a25_register_bank_0 cell r13_reg[13] r13_reg_13_
a25_register_bank_0 cell r13_irq_reg[12] r13_irq_reg_12_
a25_register_bank_0 cell r13_firq_reg[12] r13_firq_reg_12_
a25_register_bank_0 cell r13_reg[12] r13_reg_12_
a25_register_bank_0 cell r13_irq_reg[11] r13_irq_reg_11_
a25_register_bank_0 cell r13_firq_reg[11] r13_firq_reg_11_
a25_register_bank_0 cell r13_reg[11] r13_reg_11_
a25_register_bank_0 cell r13_irq_reg[10] r13_irq_reg_10_
a25_register_bank_0 cell r13_firq_reg[10] r13_firq_reg_10_
a25_register_bank_0 cell r13_reg[10] r13_reg_10_
a25_register_bank_0 cell r13_irq_reg[9] r13_irq_reg_9_
a25_register_bank_0 cell r13_firq_reg[9] r13_firq_reg_9_
a25_register_bank_0 cell r13_reg[9] r13_reg_9_
a25_register_bank_0 cell r13_firq_reg[8] r13_firq_reg_8_
a25_register_bank_0 cell r13_reg[8] r13_reg_8_
a25_register_bank_0 cell r8_firq_reg[15] r8_firq_reg_15_
a25_register_bank_0 cell r8_firq_reg[11] r8_firq_reg_11_
a25_register_bank_0 cell r8_firq_reg[10] r8_firq_reg_10_
a25_register_bank_0 cell r8_firq_reg[9] r8_firq_reg_9_
a25_register_bank_0 cell r9_firq_reg[15] r9_firq_reg_15_
a25_register_bank_0 cell r12_firq_reg[15] r12_firq_reg_15_
a25_register_bank_0 cell r9_firq_reg[11] r9_firq_reg_11_
a25_register_bank_0 cell r8_firq_reg[16] r8_firq_reg_16_
a25_register_bank_0 cell r8_firq_reg[13] r8_firq_reg_13_
a25_register_bank_0 cell r9_firq_reg[10] r9_firq_reg_10_
a25_register_bank_0 cell r9_firq_reg[9] r9_firq_reg_9_
a25_register_bank_0 cell r12_firq_reg[11] r12_firq_reg_11_
a25_register_bank_0 cell r12_firq_reg[17] r12_firq_reg_17_
a25_register_bank_0 cell r12_firq_reg[10] r12_firq_reg_10_
a25_register_bank_0 cell r12_firq_reg[9] r12_firq_reg_9_
a25_register_bank_0 cell r12_firq_reg[8] r12_firq_reg_8_
a25_register_bank_0 cell r9_firq_reg[16] r9_firq_reg_16_
a25_register_bank_0 cell r14_svc_reg[17] r14_svc_reg_17_
a25_register_bank_0 cell r9_firq_reg[13] r9_firq_reg_13_
a25_register_bank_0 cell r14_svc_reg[19] r14_svc_reg_19_
a25_register_bank_0 cell r14_svc_reg[18] r14_svc_reg_18_
a25_register_bank_0 cell r14_firq_reg[18] r14_firq_reg_18_
a25_register_bank_0 cell r14_firq_reg[19] r14_firq_reg_19_
a25_register_bank_0 cell r8_firq_reg[12] r8_firq_reg_12_
a25_register_bank_0 cell r12_firq_reg[16] r12_firq_reg_16_
a25_register_bank_0 cell r12_firq_reg[13] r12_firq_reg_13_
a25_register_bank_0 cell r14_svc_reg[16] r14_svc_reg_16_
a25_register_bank_0 cell r9_firq_reg[12] r9_firq_reg_12_
a25_register_bank_0 cell r14_firq_reg[21] r14_firq_reg_21_
a25_register_bank_0 cell r12_firq_reg[20] r12_firq_reg_20_
a25_register_bank_0 cell r12_firq_reg[12] r12_firq_reg_12_
a25_register_bank_0 cell r14_svc_reg[20] r14_svc_reg_20_
a25_register_bank_0 cell r12_firq_reg[22] r12_firq_reg_22_
a25_register_bank_0 cell r12_firq_reg[14] r12_firq_reg_14_
a25_register_bank_0 cell r14_svc_reg[22] r14_svc_reg_22_
a25_register_bank_0 cell r14_svc_reg[14] r14_svc_reg_14_
a25_register_bank_0 cell r13_irq_reg[0] r13_irq_reg_0_
a25_register_bank_0 cell r13_irq_reg[1] r13_irq_reg_1_
a25_register_bank_0 cell r12_firq_reg[5] r12_firq_reg_5_
a25_register_bank_0 cell r12_firq_reg[6] r12_firq_reg_6_
a25_register_bank_0 cell r12_firq_reg[2] r12_firq_reg_2_
a25_register_bank_0 cell r13_irq_reg[5] r13_irq_reg_5_
a25_register_bank_0 cell r8_firq_reg[7] r8_firq_reg_7_
a25_register_bank_0 cell r13_firq_reg[5] r13_firq_reg_5_
a25_register_bank_0 cell r8_firq_reg[6] r8_firq_reg_6_
a25_register_bank_0 cell r13_irq_reg[7] r13_irq_reg_7_
a25_register_bank_0 cell r13_firq_reg[7] r13_firq_reg_7_
a25_register_bank_0 cell r13_irq_reg[6] r13_irq_reg_6_
a25_register_bank_0 cell r13_firq_reg[6] r13_firq_reg_6_
a25_register_bank_0 cell r13_irq_reg[2] r13_irq_reg_2_
a25_register_bank_0 cell r13_firq_reg[2] r13_firq_reg_2_
a25_register_bank_0 cell r9_firq_reg[5] r9_firq_reg_5_
a25_register_bank_0 cell r9_firq_reg[7] r9_firq_reg_7_
a25_register_bank_0 cell r9_firq_reg[6] r9_firq_reg_6_
a25_register_bank_0 cell r13_reg[7] r13_reg_7_
a25_register_bank_0 cell r13_reg[6] r13_reg_6_
a25_register_bank_0 cell r13_reg[2] r13_reg_2_
a25_register_bank_0 cell r12_firq_reg[3] r12_firq_reg_3_
a25_register_bank_0 cell r8_firq_reg[3] r8_firq_reg_3_
a25_register_bank_0 cell r13_irq_reg[3] r13_irq_reg_3_
a25_register_bank_0 cell r13_firq_reg[3] r13_firq_reg_3_
a25_register_bank_0 cell r9_firq_reg[3] r9_firq_reg_3_
a25_register_bank_0 cell r13_reg[3] r13_reg_3_
a25_register_bank_0 cell r14_firq_reg[15] r14_firq_reg_15_
a25_register_bank_0 cell r14_irq_reg[15] r14_irq_reg_15_
a25_register_bank_0 cell r14_svc_reg[11] r14_svc_reg_11_
a25_register_bank_0 cell r14_firq_reg[11] r14_firq_reg_11_
a25_register_bank_0 cell r14_svc_reg[10] r14_svc_reg_10_
a25_register_bank_0 cell r14_svc_reg[9] r14_svc_reg_9_
a25_register_bank_0 cell r14_firq_reg[9] r14_firq_reg_9_
a25_register_bank_0 cell r14_firq_reg[16] r14_firq_reg_16_
a25_register_bank_0 cell r14_firq_reg[13] r14_firq_reg_13_
a25_register_bank_0 cell r14_irq_reg[13] r14_irq_reg_13_
a25_register_bank_0 cell r14_svc_reg[12] r14_svc_reg_12_
a25_register_bank_0 cell r14_svc_reg[0] r14_svc_reg_0_
a25_register_bank_0 cell r14_firq_reg[12] r14_firq_reg_12_
a25_register_bank_0 cell r14_svc_reg[1] r14_svc_reg_1_
a25_register_bank_0 cell r14_svc_reg[5] r14_svc_reg_5_
a25_register_bank_0 cell r14_svc_reg[7] r14_svc_reg_7_
a25_register_bank_0 cell r14_svc_reg[6] r14_svc_reg_6_
a25_register_bank_0 cell r14_firq_reg[6] r14_firq_reg_6_
a25_register_bank_0 cell r14_svc_reg[2] r14_svc_reg_2_
a25_register_bank_0 cell r14_svc_reg[3] r14_svc_reg_3_
a25_register_bank_0 cell r14_firq_reg[2] r14_firq_reg_2_
a25_register_bank_0 cell r12_firq_reg[4] r12_firq_reg_4_
a25_register_bank_0 cell r14_firq_reg[4] r14_firq_reg_4_
a25_register_bank_0 cell r13_firq_reg[4] r13_firq_reg_4_
a25_register_bank_0 cell r13_reg[4] r13_reg_4_
a25_register_bank_0 cell r14_irq_reg[11] r14_irq_reg_11_
a25_register_bank_0 cell r14_firq_reg[17] r14_firq_reg_17_
a25_register_bank_0 cell r14_irq_reg[10] r14_irq_reg_10_
a25_register_bank_0 cell r14_irq_reg[9] r14_irq_reg_9_
a25_register_bank_0 cell r14_firq_reg[8] r14_firq_reg_8_
a25_register_bank_0 cell r14_svc_reg[13] r14_svc_reg_13_
a25_register_bank_0 cell r14_irq_reg[16] r14_irq_reg_16_
a25_register_bank_0 cell r14_firq_reg[20] r14_firq_reg_20_
a25_register_bank_0 cell r14_firq_reg[22] r14_firq_reg_22_
a25_register_bank_0 cell r14_firq_reg[14] r14_firq_reg_14_
a25_register_bank_0 cell r14_irq_reg[0] r14_irq_reg_0_
a25_register_bank_0 cell r14_irq_reg[1] r14_irq_reg_1_
a25_register_bank_0 cell r14_irq_reg[5] r14_irq_reg_5_
a25_register_bank_0 cell r14_irq_reg[7] r14_irq_reg_7_
a25_register_bank_0 cell r14_irq_reg[6] r14_irq_reg_6_
a25_register_bank_0 cell r14_irq_reg[2] r14_irq_reg_2_
a25_register_bank_0 cell r13_irq_reg[4] r13_irq_reg_4_
a25_register_bank_0 cell r14_irq_reg[3] r14_irq_reg_3_
a25_register_bank_0 cell r14_firq_reg[5] r14_firq_reg_5_
a25_register_bank_0 cell r14_firq_reg[7] r14_firq_reg_7_
a25_register_bank_0 cell r14_firq_reg[3] r14_firq_reg_3_
a25_register_bank_0 cell r3_reg[4] r3_reg_4_
a25_register_bank_0 cell r9_reg[7] r9_reg_7_
a25_register_bank_0 cell r8_firq_reg[4] r8_firq_reg_4_
a25_register_bank_0 cell r9_firq_reg[8] r9_firq_reg_8_
a25_register_bank_0 cell r11_firq_reg[17] r11_firq_reg_17_
a25_register_bank_0 cell r13_svc_reg[13] r13_svc_reg_13_
a25_register_bank_0 cell r14_reg[20] r14_reg_20_
a25_register_bank_0 cell r14_reg[3] r14_reg_3_
a25_register_bank_0 cell r15_reg[10] r15_reg_10_
a25_register_bank_0 cell r12_reg[15] r12_reg_15_
a25_register_bank_0 cell r12_reg[0] r12_reg_0_
a25_register_bank_0 cell r10_reg[16] r10_reg_16_
a25_register_bank_0 cell r11_reg[14] r11_reg_14_
a25_register_bank_0 cell r1_reg[22] r1_reg_22_
a25_register_bank_0 cell r12_firq_reg[7] r12_firq_reg_7_
a25_register_bank_0 cell r12_firq_reg[1] r12_firq_reg_1_
a25_register_bank_0 cell r12_firq_reg[0] r12_firq_reg_0_
a25_register_bank_0 cell r8_reg[6] r8_reg_6_
a25_register_bank_0 cell r9_reg[20] r9_reg_20_
a25_register_bank_0 cell r9_reg[2] r9_reg_2_
a25_register_bank_0 cell r10_firq_reg[22] r10_firq_reg_22_
a25_register_bank_0 cell r10_firq_reg[4] r10_firq_reg_4_
a25_register_bank_0 cell r7_reg[17] r7_reg_17_
a25_register_bank_0 cell r11_firq_reg[9] r11_firq_reg_9_
a25_register_bank_0 cell r14_irq_reg[4] r14_irq_reg_4_
a25_register_bank_0 cell r13_svc_reg[4] r13_svc_reg_4_
a25_register_bank_0 cell r14_reg[8] r14_reg_8_
a25_register_bank_0 cell r15_reg[14] r15_reg_14_
a25_register_bank_0 cell r12_reg[20] r12_reg_20_
a25_register_bank_0 cell r12_reg[2] r12_reg_2_
a25_register_bank_0 cell r0_reg[14] r0_reg_14_
a25_register_bank_0 cell r10_reg[15] r10_reg_15_
a25_register_bank_0 cell r10_reg[0] r10_reg_0_
a25_register_bank_0 cell r11_reg[12] r11_reg_12_
a25_register_bank_0 cell r1_reg[14] r1_reg_14_
a25_register_bank_0 cell r13_irq_reg[20] r13_irq_reg_20_
a25_register_bank_0 cell r13_irq_reg[13] r13_irq_reg_13_
a25_register_bank_0 cell r13_irq_reg[8] r13_irq_reg_8_
a25_register_bank_0 cell r14_svc_reg[15] r14_svc_reg_15_
a25_register_bank_0 cell r14_svc_reg[8] r14_svc_reg_8_
a25_register_bank_0 cell r8_firq_reg[5] r8_firq_reg_5_
a25_register_bank_0 cell r13_reg[5] r13_reg_5_
a25_register_bank_0 cell r14_firq_reg[10] r14_firq_reg_10_
a25_register_bank_0 cell r14_svc_reg[4] r14_svc_reg_4_
a25_register_bank_0 cell r14_irq_reg[12] r14_irq_reg_12_
a25_register_bank_0 cell r0_reg[8] r0_reg_8_
a25_register_bank_0 net r15_out_rm_1 i_mode_exec[1]
a25_register_bank_0 net r15_out_rm_0 i_mode_exec[0]
a25_register_bank_0 net n746 n[746]
a25_register_bank_0 net n748 n[748]
a25_register_bank_0 net n751 n[751]
a25_register_bank_0 net n752 n[752]
a25_register_bank_0 net n753 n[753]
a25_register_bank_0 net n754 n[754]
a25_register_bank_0 net n755 n[755]
a25_register_bank_0 net n756 n[756]
a25_register_bank_0 net n757 n[757]
a25_register_bank_0 net n758 n[758]
a25_register_bank_0 net n759 n[759]
a25_register_bank_0 net n760 n[760]
a25_register_bank_0 net n761 n[761]
a25_register_bank_0 net n762 n[762]
a25_register_bank_0 net n763 n[763]
a25_register_bank_0 net n764 n[764]
a25_register_bank_0 net n765 n[765]
a25_register_bank_0 net n766 n[766]
a25_decode_0 cell o_barrel_shift_data_sel_reg[0] o_barrel_shift_data_sel_reg_0_
a25_decode_0 cell hold_instruction_reg[26] hold_instruction_reg_26_
a25_decode_0 cell hold_instruction_reg[15] hold_instruction_reg_15_
a25_decode_0 cell o_multiply_function_reg[1] o_multiply_function_reg_1_
a25_decode_0 cell control_state_reg[4] control_state_reg_4_
a25_decode_0 cell hold_instruction_reg[27] hold_instruction_reg_27_
a25_decode_0 cell fetch_instruction_r_reg[2] fetch_instruction_r_reg_2_
a25_decode_0 cell fetch_instruction_r_reg[4] fetch_instruction_r_reg_4_
a25_decode_0 cell fetch_instruction_r_reg[5] fetch_instruction_r_reg_5_
a25_decode_0 cell fetch_instruction_r_reg[6] fetch_instruction_r_reg_6_
a25_decode_0 cell fetch_instruction_r_reg[11] fetch_instruction_r_reg_11_
a25_decode_0 cell fetch_instruction_r_reg[12] fetch_instruction_r_reg_12_
a25_decode_0 cell fetch_instruction_r_reg[13] fetch_instruction_r_reg_13_
a25_decode_0 cell fetch_instruction_r_reg[14] fetch_instruction_r_reg_14_
a25_decode_0 cell fetch_instruction_r_reg[16] fetch_instruction_r_reg_16_
a25_decode_0 cell fetch_instruction_r_reg[17] fetch_instruction_r_reg_17_
a25_decode_0 cell fetch_instruction_r_reg[18] fetch_instruction_r_reg_18_
a25_decode_0 cell fetch_instruction_r_reg[19] fetch_instruction_r_reg_19_
a25_decode_0 cell fetch_instruction_r_reg[21] fetch_instruction_r_reg_21_
a25_decode_0 cell fetch_instruction_r_reg[22] fetch_instruction_r_reg_22_
a25_decode_0 cell fetch_instruction_r_reg[23] fetch_instruction_r_reg_23_
a25_decode_0 cell fetch_instruction_r_reg[24] fetch_instruction_r_reg_24_
a25_decode_0 cell fetch_instruction_r_reg[25] fetch_instruction_r_reg_25_
a25_decode_0 cell fetch_instruction_r_reg[26] fetch_instruction_r_reg_26_
a25_decode_0 cell fetch_instruction_r_reg[27] fetch_instruction_r_reg_27_
a25_decode_0 cell fetch_instruction_r_reg[28] fetch_instruction_r_reg_28_
a25_decode_0 cell fetch_instruction_r_reg[29] fetch_instruction_r_reg_29_
a25_decode_0 cell fetch_instruction_r_reg[30] fetch_instruction_r_reg_30_
a25_decode_0 cell fetch_address_r_reg[0] fetch_address_r_reg_0_
a25_decode_0 cell fetch_address_r_reg[1] fetch_address_r_reg_1_
a25_decode_0 cell fetch_address_r_reg[2] fetch_address_r_reg_2_
a25_decode_0 cell fetch_address_r_reg[3] fetch_address_r_reg_3_
a25_decode_0 cell fetch_address_r_reg[5] fetch_address_r_reg_5_
a25_decode_0 cell fetch_address_r_reg[6] fetch_address_r_reg_6_
a25_decode_0 cell fetch_address_r_reg[7] fetch_address_r_reg_7_
a25_decode_0 cell fetch_address_r_reg[8] fetch_address_r_reg_8_
a25_decode_0 cell fetch_address_r_reg[9] fetch_address_r_reg_9_
a25_decode_0 cell fetch_address_r_reg[10] fetch_address_r_reg_10_
a25_decode_0 cell fetch_address_r_reg[11] fetch_address_r_reg_11_
a25_decode_0 cell fetch_address_r_reg[12] fetch_address_r_reg_12_
a25_decode_0 cell fetch_address_r_reg[13] fetch_address_r_reg_13_
a25_decode_0 cell fetch_address_r_reg[14] fetch_address_r_reg_14_
a25_decode_0 cell fetch_address_r_reg[16] fetch_address_r_reg_16_
a25_decode_0 cell fetch_address_r_reg[17] fetch_address_r_reg_17_
a25_decode_0 cell fetch_address_r_reg[18] fetch_address_r_reg_18_
a25_decode_0 cell fetch_address_r_reg[20] fetch_address_r_reg_20_
a25_decode_0 cell fetch_address_r_reg[21] fetch_address_r_reg_21_
a25_decode_0 cell fetch_address_r_reg[22] fetch_address_r_reg_22_
a25_decode_0 cell fetch_address_r_reg[23] fetch_address_r_reg_23_
a25_decode_0 cell fetch_address_r_reg[24] fetch_address_r_reg_24_
a25_decode_0 cell fetch_address_r_reg[25] fetch_address_r_reg_25_
a25_decode_0 cell fetch_address_r_reg[26] fetch_address_r_reg_26_
a25_decode_0 cell fetch_address_r_reg[27] fetch_address_r_reg_27_
a25_decode_0 cell fetch_address_r_reg[28] fetch_address_r_reg_28_
a25_decode_0 cell fetch_address_r_reg[29] fetch_address_r_reg_29_
a25_decode_0 cell fetch_address_r_reg[30] fetch_address_r_reg_30_
a25_decode_0 cell pre_fetch_instruction_reg[4] pre_fetch_instruction_reg_4_
a25_decode_0 cell pre_fetch_instruction_reg[6] pre_fetch_instruction_reg_6_
a25_decode_0 cell pre_fetch_instruction_reg[11] pre_fetch_instruction_reg_11_
a25_decode_0 cell pre_fetch_instruction_reg[12] pre_fetch_instruction_reg_12_
a25_decode_0 cell pre_fetch_instruction_reg[13] pre_fetch_instruction_reg_13_
a25_decode_0 cell pre_fetch_instruction_reg[14] pre_fetch_instruction_reg_14_
a25_decode_0 cell hold_instruction_reg[14] hold_instruction_reg_14_
a25_decode_0 cell pre_fetch_instruction_reg[15] pre_fetch_instruction_reg_15_
a25_decode_0 cell pre_fetch_instruction_reg[16] pre_fetch_instruction_reg_16_
a25_decode_0 cell o_rn_sel_reg[0] o_rn_sel_reg_0_
a25_decode_0 cell o_copro_crn_reg[0] o_copro_crn_reg_0_
a25_decode_0 cell hold_instruction_reg[16] hold_instruction_reg_16_
a25_decode_0 cell pre_fetch_instruction_reg[17] pre_fetch_instruction_reg_17_
a25_decode_0 cell o_copro_crn_reg[1] o_copro_crn_reg_1_
a25_decode_0 cell pre_fetch_instruction_reg[18] pre_fetch_instruction_reg_18_
a25_decode_0 cell o_rn_sel_reg[2] o_rn_sel_reg_2_
a25_decode_0 cell o_copro_crn_reg[2] o_copro_crn_reg_2_
a25_decode_0 cell hold_instruction_reg[18] hold_instruction_reg_18_
a25_decode_0 cell pre_fetch_instruction_reg[19] pre_fetch_instruction_reg_19_
a25_decode_0 cell o_copro_crn_reg[3] o_copro_crn_reg_3_
a25_decode_0 cell hold_instruction_reg[19] hold_instruction_reg_19_
a25_decode_0 cell pre_fetch_instruction_reg[22] pre_fetch_instruction_reg_22_
a25_decode_0 cell o_load_rd_reg[4] o_load_rd_reg_4_
a25_decode_0 cell pre_fetch_instruction_reg[23] pre_fetch_instruction_reg_23_
a25_decode_0 cell hold_instruction_reg[23] hold_instruction_reg_23_
a25_decode_0 cell pre_fetch_instruction_reg[24] pre_fetch_instruction_reg_24_
a25_decode_0 cell o_alu_function_reg[4] o_alu_function_reg_4_
a25_decode_0 cell hold_instruction_reg[25] hold_instruction_reg_25_
a25_decode_0 cell pre_fetch_instruction_reg[27] pre_fetch_instruction_reg_27_
a25_decode_0 cell pre_fetch_instruction_address_reg[0] pre_fetch_instruction_address_reg_0_
a25_decode_0 cell hold_instruction_address_reg[0] hold_instruction_address_reg_0_
a25_decode_0 cell pre_fetch_instruction_address_reg[1] pre_fetch_instruction_address_reg_1_
a25_decode_0 cell hold_instruction_address_reg[1] hold_instruction_address_reg_1_
a25_decode_0 cell pre_fetch_instruction_address_reg[2] pre_fetch_instruction_address_reg_2_
a25_decode_0 cell pre_fetch_instruction_address_reg[3] pre_fetch_instruction_address_reg_3_
a25_decode_0 cell hold_instruction_address_reg[3] hold_instruction_address_reg_3_
a25_decode_0 cell pre_fetch_instruction_address_reg[4] pre_fetch_instruction_address_reg_4_
a25_decode_0 cell hold_instruction_address_reg[4] hold_instruction_address_reg_4_
a25_decode_0 cell pre_fetch_instruction_address_reg[5] pre_fetch_instruction_address_reg_5_
a25_decode_0 cell pre_fetch_instruction_address_reg[6] pre_fetch_instruction_address_reg_6_
a25_decode_0 cell pre_fetch_instruction_address_reg[7] pre_fetch_instruction_address_reg_7_
a25_decode_0 cell pre_fetch_instruction_address_reg[8] pre_fetch_instruction_address_reg_8_
a25_decode_0 cell pre_fetch_instruction_address_reg[9] pre_fetch_instruction_address_reg_9_
a25_decode_0 cell hold_instruction_address_reg[9] hold_instruction_address_reg_9_
a25_decode_0 cell pre_fetch_instruction_address_reg[10] pre_fetch_instruction_address_reg_10_
a25_decode_0 cell hold_instruction_address_reg[10] hold_instruction_address_reg_10_
a25_decode_0 cell pre_fetch_instruction_address_reg[11] pre_fetch_instruction_address_reg_11_
a25_decode_0 cell pre_fetch_instruction_address_reg[12] pre_fetch_instruction_address_reg_12_
a25_decode_0 cell hold_instruction_address_reg[12] hold_instruction_address_reg_12_
a25_decode_0 cell pre_fetch_instruction_address_reg[13] pre_fetch_instruction_address_reg_13_
a25_decode_0 cell hold_instruction_address_reg[13] hold_instruction_address_reg_13_
a25_decode_0 cell pre_fetch_instruction_address_reg[14] pre_fetch_instruction_address_reg_14_
a25_decode_0 cell hold_instruction_address_reg[14] hold_instruction_address_reg_14_
a25_decode_0 cell pre_fetch_instruction_address_reg[15] pre_fetch_instruction_address_reg_15_
a25_decode_0 cell hold_instruction_address_reg[15] hold_instruction_address_reg_15_
a25_decode_0 cell hold_instruction_address_reg[16] hold_instruction_address_reg_16_
a25_decode_0 cell pre_fetch_instruction_address_reg[17] pre_fetch_instruction_address_reg_17_
a25_decode_0 cell pre_fetch_instruction_address_reg[18] pre_fetch_instruction_address_reg_18_
a25_decode_0 cell hold_instruction_address_reg[18] hold_instruction_address_reg_18_
a25_decode_0 cell pre_fetch_instruction_address_reg[19] pre_fetch_instruction_address_reg_19_
a25_decode_0 cell hold_instruction_address_reg[19] hold_instruction_address_reg_19_
a25_decode_0 cell pre_fetch_instruction_address_reg[20] pre_fetch_instruction_address_reg_20_
a25_decode_0 cell hold_instruction_address_reg[21] hold_instruction_address_reg_21_
a25_decode_0 cell pre_fetch_instruction_address_reg[22] pre_fetch_instruction_address_reg_22_
a25_decode_0 cell hold_instruction_address_reg[22] hold_instruction_address_reg_22_
a25_decode_0 cell pre_fetch_instruction_address_reg[23] pre_fetch_instruction_address_reg_23_
a25_decode_0 cell pre_fetch_instruction_address_reg[24] pre_fetch_instruction_address_reg_24_
a25_decode_0 cell hold_instruction_address_reg[24] hold_instruction_address_reg_24_
a25_decode_0 cell pre_fetch_instruction_address_reg[25] pre_fetch_instruction_address_reg_25_
a25_decode_0 cell hold_instruction_address_reg[26] hold_instruction_address_reg_26_
a25_decode_0 cell pre_fetch_instruction_address_reg[28] pre_fetch_instruction_address_reg_28_
a25_decode_0 cell pre_fetch_instruction_address_reg[29] pre_fetch_instruction_address_reg_29_
a25_decode_0 cell hold_instruction_address_reg[29] hold_instruction_address_reg_29_
a25_decode_0 cell pre_fetch_instruction_address_reg[30] pre_fetch_instruction_address_reg_30_
a25_decode_0 cell o_rm_sel_reg[0] o_rm_sel_reg_0_
a25_decode_0 cell hold_instruction_reg[0] hold_instruction_reg_0_
a25_decode_0 cell o_rm_sel_reg[1] o_rm_sel_reg_1_
a25_decode_0 cell saved_current_instruction_reg[1] saved_current_instruction_reg_1_
a25_decode_0 cell o_rm_sel_reg[2] o_rm_sel_reg_2_
a25_decode_0 cell hold_instruction_reg[3] hold_instruction_reg_3_
a25_decode_0 cell hold_instruction_reg[4] hold_instruction_reg_4_
a25_decode_0 cell hold_instruction_reg[5] hold_instruction_reg_5_
a25_decode_0 cell o_imm_shift_amount_reg[0] o_imm_shift_amount_reg_0_
a25_decode_0 cell o_imm_shift_amount_reg[1] o_imm_shift_amount_reg_1_
a25_decode_0 cell hold_instruction_reg[8] hold_instruction_reg_8_
a25_decode_0 cell o_imm_shift_amount_reg[2] o_imm_shift_amount_reg_2_
a25_decode_0 cell hold_instruction_reg[9] hold_instruction_reg_9_
a25_decode_0 cell saved_current_instruction_reg[9] saved_current_instruction_reg_9_
a25_decode_0 cell o_imm_shift_amount_reg[3] o_imm_shift_amount_reg_3_
a25_decode_0 cell hold_instruction_reg[10] hold_instruction_reg_10_
a25_decode_0 cell o_imm_shift_amount_reg[4] o_imm_shift_amount_reg_4_
a25_decode_0 cell o_imm32_reg[24] o_imm32_reg_24_
a25_decode_0 cell o_imm32_reg[25] o_imm32_reg_25_
a25_decode_0 cell hold_instruction_reg[11] hold_instruction_reg_11_
a25_decode_0 cell hold_instruction_reg[12] hold_instruction_reg_12_
a25_decode_0 cell hold_instruction_reg[13] hold_instruction_reg_13_
a25_decode_0 cell o_imm32_reg[16] o_imm32_reg_16_
a25_decode_0 cell o_imm32_reg[18] o_imm32_reg_18_
a25_decode_0 cell o_imm32_reg[19] o_imm32_reg_19_
a25_decode_0 cell o_imm32_reg[20] o_imm32_reg_20_
a25_decode_0 cell o_imm32_reg[21] o_imm32_reg_21_
a25_decode_0 cell o_imm32_reg[26] o_imm32_reg_26_
a25_decode_0 cell o_imm32_reg[27] o_imm32_reg_27_
a25_decode_0 cell o_imm32_reg[28] o_imm32_reg_28_
a25_decode_0 cell o_imm32_reg[29] o_imm32_reg_29_
a25_decode_0 cell o_imm32_reg[30] o_imm32_reg_30_
a25_decode_0 cell o_imm32_reg[31] o_imm32_reg_31_
a25_decode_0 cell o_load_rd_reg[3] o_load_rd_reg_3_
a25_decode_0 cell o_imm32_reg[12] o_imm32_reg_12_
a25_decode_0 cell o_imm32_reg[13] o_imm32_reg_13_
a25_decode_0 cell o_imm32_reg[14] o_imm32_reg_14_
a25_decode_0 cell o_byte_enable_sel_reg[0] o_byte_enable_sel_reg_0_
a25_decode_0 cell o_load_rd_reg[6] o_load_rd_reg_6_
a25_decode_0 cell o_load_rd_reg[7] o_load_rd_reg_7_
a25_decode_0 cell o_imm32_reg[22] o_imm32_reg_22_
a25_decode_0 cell o_copro_operation_reg[1] o_copro_operation_reg_1_
a25_decode_0 cell o_status_bits_sel_reg[2] o_status_bits_sel_reg_2_
a25_decode_0 cell pre_fetch_instruction_reg[21] pre_fetch_instruction_reg_21_
a25_decode_0 cell o_alu_function_reg[5] o_alu_function_reg_5_
a25_decode_0 cell o_alu_function_reg[7] o_alu_function_reg_7_
a25_decode_0 cell o_alu_function_reg[1] o_alu_function_reg_1_
a25_decode_0 cell o_alu_function_reg[2] o_alu_function_reg_2_
a25_decode_0 cell o_alu_function_reg[3] o_alu_function_reg_3_
a25_decode_0 cell o_alu_function_reg[8] o_alu_function_reg_8_
a25_decode_0 cell o_load_rd_reg[5] o_load_rd_reg_5_
a25_decode_0 cell o_imm32_reg[23] o_imm32_reg_23_
a25_decode_0 cell hold_instruction_reg[21] hold_instruction_reg_21_
a25_decode_0 cell pre_fetch_instruction_reg[26] pre_fetch_instruction_reg_26_
a25_decode_0 cell pre_fetch_instruction_reg[28] pre_fetch_instruction_reg_28_
a25_decode_0 cell o_condition_reg[0] o_condition_reg_0_
a25_decode_0 cell hold_instruction_reg[28] hold_instruction_reg_28_
a25_decode_0 cell pre_fetch_instruction_reg[29] pre_fetch_instruction_reg_29_
a25_decode_0 cell o_condition_reg[1] o_condition_reg_1_
a25_decode_0 cell hold_instruction_reg[29] hold_instruction_reg_29_
a25_decode_0 cell pre_fetch_instruction_reg[30] pre_fetch_instruction_reg_30_
a25_decode_0 cell o_condition_reg[2] o_condition_reg_2_
a25_decode_0 cell hold_instruction_reg[30] hold_instruction_reg_30_
a25_decode_0 cell o_interrupt_vector_sel_reg[0] o_interrupt_vector_sel_reg_0_
a25_decode_0 cell pre_fetch_instruction_iabt_status_reg[0] pre_fetch_instruction_iabt_status_reg_0_
a25_decode_0 cell hold_instruction_iabt_status_reg[0] hold_instruction_iabt_status_reg_0_
a25_decode_0 cell pre_fetch_instruction_iabt_status_reg[1] pre_fetch_instruction_iabt_status_reg_1_
a25_decode_0 cell hold_instruction_iabt_status_reg[1] hold_instruction_iabt_status_reg_1_
a25_decode_0 cell pre_fetch_instruction_iabt_status_reg[2] pre_fetch_instruction_iabt_status_reg_2_
a25_decode_0 cell hold_instruction_iabt_status_reg[2] hold_instruction_iabt_status_reg_2_
a25_decode_0 cell pre_fetch_instruction_iabt_status_reg[3] pre_fetch_instruction_iabt_status_reg_3_
a25_decode_0 cell hold_instruction_iabt_status_reg[3] hold_instruction_iabt_status_reg_3_
a25_decode_0 cell pre_fetch_instruction_iabt_status_reg[4] pre_fetch_instruction_iabt_status_reg_4_
a25_decode_0 cell hold_instruction_iabt_status_reg[4] hold_instruction_iabt_status_reg_4_
a25_decode_0 cell hold_instruction_iabt_status_reg[5] hold_instruction_iabt_status_reg_5_
a25_decode_0 cell pre_fetch_instruction_iabt_status_reg[6] pre_fetch_instruction_iabt_status_reg_6_
a25_decode_0 cell hold_instruction_iabt_status_reg[6] hold_instruction_iabt_status_reg_6_
a25_decode_0 cell pre_fetch_instruction_iabt_status_reg[7] pre_fetch_instruction_iabt_status_reg_7_
a25_decode_0 cell hold_instruction_iabt_status_reg[7] hold_instruction_iabt_status_reg_7_
a25_decode_0 cell o_daddress_sel_reg[0] o_daddress_sel_reg_0_
a25_decode_0 cell load_rd_d1_reg[4] load_rd_d1_reg_4_
a25_decode_0 cell o_imm32_reg[0] o_imm32_reg_0_
a25_decode_0 cell o_imm32_reg[1] o_imm32_reg_1_
a25_decode_0 cell o_imm32_reg[2] o_imm32_reg_2_
a25_decode_0 cell o_imm32_reg[3] o_imm32_reg_3_
a25_decode_0 cell o_imm32_reg[5] o_imm32_reg_5_
a25_decode_0 cell o_imm32_reg[6] o_imm32_reg_6_
a25_decode_0 cell o_imm32_reg[7] o_imm32_reg_7_
a25_decode_0 cell o_imm32_reg[8] o_imm32_reg_8_
a25_decode_0 cell o_imm32_reg[9] o_imm32_reg_9_
a25_decode_0 cell o_reg_bank_wen_reg[4] o_reg_bank_wen_reg_4_
a25_decode_0 cell o_reg_bank_wen_reg[5] o_reg_bank_wen_reg_5_
a25_decode_0 cell o_reg_bank_wen_reg[6] o_reg_bank_wen_reg_6_
a25_decode_0 cell o_reg_bank_wen_reg[0] o_reg_bank_wen_reg_0_
a25_decode_0 cell o_reg_bank_wen_reg[1] o_reg_bank_wen_reg_1_
a25_decode_0 cell o_reg_bank_wen_reg[2] o_reg_bank_wen_reg_2_
a25_decode_0 cell o_reg_bank_wen_reg[3] o_reg_bank_wen_reg_3_
a25_decode_0 cell o_reg_bank_wen_reg[8] o_reg_bank_wen_reg_8_
a25_decode_0 cell o_reg_bank_wen_reg[10] o_reg_bank_wen_reg_10_
a25_decode_0 cell o_reg_bank_wen_reg[11] o_reg_bank_wen_reg_11_
a25_decode_0 cell o_reg_bank_wen_reg[12] o_reg_bank_wen_reg_12_
a25_decode_0 cell o_reg_bank_wen_reg[13] o_reg_bank_wen_reg_13_
a25_decode_0 cell o_pc_sel_reg[0] o_pc_sel_reg_0_
a25_decode_0 cell o_alu_function_reg[0] o_alu_function_reg_0_
a25_decode_0 cell o_reg_write_sel_reg[0] o_reg_write_sel_reg_0_
a25_decode_0 cell o_pc_sel_reg[1] o_pc_sel_reg_1_
a25_decode_0 cell o_copro_operation_reg[0] o_copro_operation_reg_0_
a25_decode_0 cell o_iaddress_sel_reg[0] o_iaddress_sel_reg_0_
a25_decode_0 cell o_iaddress_sel_reg[1] o_iaddress_sel_reg_1_
a25_decode_0 cell o_reg_write_sel_reg[2] o_reg_write_sel_reg_2_
a25_decode_0 cell o_interrupt_vector_sel_reg[1] o_interrupt_vector_sel_reg_1_
a25_decode_0 cell o_status_bits_mode_reg[0] o_status_bits_mode_reg_0_
a25_decode_0 cell o_daddress_sel_reg[2] o_daddress_sel_reg_2_
a25_decode_0 cell o_barrel_shift_data_sel_reg[1] o_barrel_shift_data_sel_reg_1_
a25_decode_0 cell o_barrel_shift_function_reg[0] o_barrel_shift_function_reg_0_
a25_decode_0 cell o_barrel_shift_amount_sel_reg[1] o_barrel_shift_amount_sel_reg_1_
a25_decode_0 cell o_multiply_function_reg[0] o_multiply_function_reg_0_
a25_decode_0 cell o_status_bits_sel_reg[1] o_status_bits_sel_reg_1_
a25_decode_0 cell hold_instruction_reg[31] hold_instruction_reg_31_
a25_decode_0 cell control_state_reg[0] control_state_reg_0_
a25_decode_0 cell load_rd_d1_reg[3] load_rd_d1_reg_3_
a25_decode_0 cell o_barrel_shift_function_reg[1] o_barrel_shift_function_reg_1_
a25_decode_0 cell pre_fetch_instruction_address_reg[31] pre_fetch_instruction_address_reg_31_
a25_decode_0 cell pre_fetch_instruction_address_reg[27] pre_fetch_instruction_address_reg_27_
a25_decode_0 cell pre_fetch_instruction_address_reg[21] pre_fetch_instruction_address_reg_21_
a25_decode_0 cell pre_fetch_instruction_reg[20] pre_fetch_instruction_reg_20_
a25_decode_0 cell pre_fetch_instruction_reg[7] pre_fetch_instruction_reg_7_
a25_decode_0 cell pre_fetch_instruction_reg[3] pre_fetch_instruction_reg_3_
a25_decode_0 cell pre_fetch_instruction_reg[1] pre_fetch_instruction_reg_1_
a25_decode_0 cell pre_fetch_instruction_reg[0] pre_fetch_instruction_reg_0_
a25_decode_0 cell pre_fetch_instruction_reg[10] pre_fetch_instruction_reg_10_
a25_decode_0 cell pre_fetch_instruction_reg[8] pre_fetch_instruction_reg_8_
a25_decode_0 cell hold_instruction_reg[24] hold_instruction_reg_24_
a25_decode_0 cell o_barrel_shift_amount_sel_reg[0] o_barrel_shift_amount_sel_reg_0_
a25_decode_0 cell load_rd_d1_reg[2] load_rd_d1_reg_2_
a25_decode_0 cell load_rd_d1_reg[1] load_rd_d1_reg_1_
a25_decode_0 cell o_reg_bank_wen_reg[14] o_reg_bank_wen_reg_14_
a25_decode_0 cell o_condition_reg[3] o_condition_reg_3_
a25_decode_0 cell pre_fetch_instruction_reg[9] pre_fetch_instruction_reg_9_
a25_decode_0 cell hold_instruction_reg[22] hold_instruction_reg_22_
a25_decode_0 cell o_rm_sel_reg[3] o_rm_sel_reg_3_
a25_decode_0 cell load_rd_d1_reg[0] load_rd_d1_reg_0_
a25_decode_0 cell fetch_instruction_r_reg[20] fetch_instruction_r_reg_20_
a25_decode_0 cell hold_instruction_reg[2] hold_instruction_reg_2_
a25_decode_0 cell fetch_instruction_r_reg[0] fetch_instruction_r_reg_0_
a25_decode_0 cell fetch_instruction_r_reg[3] fetch_instruction_r_reg_3_
a25_decode_0 cell fetch_instruction_r_reg[10] fetch_instruction_r_reg_10_
a25_decode_0 cell fetch_instruction_r_reg[9] fetch_instruction_r_reg_9_
a25_decode_0 cell fetch_instruction_r_reg[8] fetch_instruction_r_reg_8_
a25_decode_0 cell hold_instruction_reg[1] hold_instruction_reg_1_
a25_decode_0 cell fetch_instruction_r_reg[1] fetch_instruction_r_reg_1_
a25_decode_0 cell abt_status_reg_reg[0] abt_status_reg_reg_0_
a25_decode_0 cell o_imm32_reg[11] o_imm32_reg_11_
a25_decode_0 cell fetch_address_r_reg[4] fetch_address_r_reg_4_
a25_decode_0 cell fetch_address_r_reg[19] fetch_address_r_reg_19_
a25_decode_0 cell pre_fetch_instruction_reg[5] pre_fetch_instruction_reg_5_
a25_decode_0 cell o_daddress_sel_reg[1] o_daddress_sel_reg_1_
a25_decode_0 cell hold_instruction_reg[6] hold_instruction_reg_6_
a25_decode_0 cell saved_current_instruction_reg[13] saved_current_instruction_reg_13_
a25_decode_0 cell o_imm32_reg[4] o_imm32_reg_4_
a25_decode_0 cell o_reg_bank_wen_reg[9] o_reg_bank_wen_reg_9_
a25_decode_0 cell o_reg_write_sel_reg[1] o_reg_write_sel_reg_1_
a25_decode_0 cell o_status_bits_sel_reg[0] o_status_bits_sel_reg_0_
a25_decode_0 cell o_load_rd_reg[2] o_load_rd_reg_2_
a25_decode_0 cell o_load_rd_reg[0] o_load_rd_reg_0_
a25_decode_0 cell control_state_reg[2] control_state_reg_2_
a25_decode_0 cell control_state_reg[1] control_state_reg_1_
a25_decode_0 cell o_load_rd_reg[1] o_load_rd_reg_1_
a25_decode_0 cell o_imm32_reg[10] o_imm32_reg_10_
a25_decode_0 cell o_interrupt_vector_sel_reg[2] o_interrupt_vector_sel_reg_2_
a25_decode_0 cell hold_instruction_address_reg[2] hold_instruction_address_reg_2_
a25_decode_0 cell hold_instruction_address_reg[5] hold_instruction_address_reg_5_
a25_decode_0 cell hold_instruction_address_reg[6] hold_instruction_address_reg_6_
a25_decode_0 cell hold_instruction_address_reg[8] hold_instruction_address_reg_8_
a25_decode_0 cell hold_instruction_address_reg[11] hold_instruction_address_reg_11_
a25_decode_0 cell hold_instruction_address_reg[17] hold_instruction_address_reg_17_
a25_decode_0 cell hold_instruction_address_reg[20] hold_instruction_address_reg_20_
a25_decode_0 cell hold_instruction_address_reg[23] hold_instruction_address_reg_23_
a25_decode_0 cell hold_instruction_address_reg[25] hold_instruction_address_reg_25_
a25_decode_0 cell hold_instruction_address_reg[27] hold_instruction_address_reg_27_
a25_decode_0 cell hold_instruction_address_reg[28] hold_instruction_address_reg_28_
a25_decode_0 cell hold_instruction_address_reg[30] hold_instruction_address_reg_30_
a25_decode_0 cell hold_instruction_address_reg[31] hold_instruction_address_reg_31_
a25_decode_0 cell o_rn_sel_reg[1] o_rn_sel_reg_1_
a25_decode_0 cell control_state_reg[3] control_state_reg_3_
a25_decode_0 cell pre_fetch_instruction_reg[2] pre_fetch_instruction_reg_2_
a25_decode_0 cell fetch_instruction_r_reg[15] fetch_instruction_r_reg_15_
a25_decode_0 cell fetch_instruction_r_reg[31] fetch_instruction_r_reg_31_
a25_decode_0 cell fetch_address_r_reg[15] fetch_address_r_reg_15_
a25_decode_0 cell fetch_address_r_reg[31] fetch_address_r_reg_31_
a25_decode_0 cell hold_instruction_reg[17] hold_instruction_reg_17_
a25_decode_0 cell pre_fetch_instruction_reg[25] pre_fetch_instruction_reg_25_
a25_decode_0 cell hold_instruction_address_reg[7] hold_instruction_address_reg_7_
a25_decode_0 cell pre_fetch_instruction_address_reg[16] pre_fetch_instruction_address_reg_16_
a25_decode_0 cell pre_fetch_instruction_address_reg[26] pre_fetch_instruction_address_reg_26_
a25_decode_0 cell hold_instruction_reg[7] hold_instruction_reg_7_
a25_decode_0 cell o_imm32_reg[17] o_imm32_reg_17_
a25_decode_0 cell o_imm32_reg[15] o_imm32_reg_15_
a25_decode_0 cell o_alu_function_reg[6] o_alu_function_reg_6_
a25_decode_0 cell pre_fetch_instruction_reg[31] pre_fetch_instruction_reg_31_
a25_decode_0 cell pre_fetch_instruction_iabt_status_reg[5] pre_fetch_instruction_iabt_status_reg_5_
a25_decode_0 cell o_reg_bank_wen_reg[7] o_reg_bank_wen_reg_7_
a25_decode_0 cell o_status_bits_mode_reg[1] o_status_bits_mode_reg_1_
a25_decode_0 cell fetch_instruction_r_reg[7] fetch_instruction_r_reg_7_
a25_decode_0 cell hold_instruction_reg[20] hold_instruction_reg_20_
a25_decode_0 cell saved_current_instruction_reg[15] saved_current_instruction_reg_15_
a25_decode_0 net i_execute_status_bits_1 i_execute_status_bits[1]
a25_decode_0 net i_execute_status_bits_0 i_execute_status_bits[0]
a25_decode_0 net control_state[3] control_state_3_
a25_decode_0 net load_rd_d1[4] load_rd_d1_4_
a25_decode_0 net add_x_490/SUM[2] add_x_490_SUM_2_
a25_decode_0 net add_x_490/SUM[1] add_x_490_SUM_1_
a25_decode_0 net add_x_490/SUM[0] add_x_490_SUM_0_
a25_decode_0 net add_x_490/n54 add_x_490_n54
a25_decode_0 net add_x_489/SUM[2] add_x_489_SUM_2_
a25_decode_0 net add_x_489/SUM[1] add_x_489_SUM_1_
a25_decode_0 net add_x_489/SUM[0] add_x_489_SUM_0_
a25_decode_0 net add_x_489/n54 add_x_489_n54
uart_0 cell uart0_cts_n_d_reg[0] uart0_cts_n_d_reg_0_
uart_0 cell uart0_cts_n_d_reg[1] uart0_cts_n_d_reg_1_
uart_0 cell uart0_cts_n_d_reg[2] uart0_cts_n_d_reg_2_
uart_0 cell uart0_cts_n_d_reg[3] uart0_cts_n_d_reg_3_
uart_0 cell rxd_d_reg[0] rxd_d_reg_0_
uart_0 cell rxd_d_reg[1] rxd_d_reg_1_
uart_0 cell rxd_d_reg[2] rxd_d_reg_2_
uart_0 cell rxd_d_reg[3] rxd_d_reg_3_
uart_0 cell uart_rsr_reg_reg[7] uart_rsr_reg_reg_7_
uart_0 cell uart_rsr_reg_reg[5] uart_rsr_reg_reg_5_
uart_0 cell uart_rsr_reg_reg[3] uart_rsr_reg_reg_3_
uart_0 cell uart_rsr_reg_reg[2] uart_rsr_reg_reg_2_
uart_0 cell uart_rsr_reg_reg[1] uart_rsr_reg_reg_1_
uart_0 cell uart_lcrm_reg_reg[2] uart_lcrm_reg_reg_2_
uart_0 cell uart_lcrh_reg_reg[7] uart_lcrh_reg_reg_7_
uart_0 cell uart_lcrh_reg_reg[6] uart_lcrh_reg_reg_6_
uart_0 cell uart_lcrh_reg_reg[5] uart_lcrh_reg_reg_5_
uart_0 cell rx_bit_pulse_count_reg[0] rx_bit_pulse_count_reg_0_
uart_0 cell rx_bit_pulse_count_reg[1] rx_bit_pulse_count_reg_1_
uart_0 cell rx_bit_pulse_count_reg[2] rx_bit_pulse_count_reg_2_
uart_0 cell rx_bit_pulse_count_reg[3] rx_bit_pulse_count_reg_3_
uart_0 cell rx_bit_pulse_count_reg[4] rx_bit_pulse_count_reg_4_
uart_0 cell rx_bit_pulse_count_reg[6] rx_bit_pulse_count_reg_6_
uart_0 cell rx_bit_pulse_count_reg[7] rx_bit_pulse_count_reg_7_
uart_0 cell rx_bit_pulse_count_reg[8] rx_bit_pulse_count_reg_8_
uart_0 cell rx_bit_pulse_count_reg[9] rx_bit_pulse_count_reg_9_
uart_0 cell rxd_state_reg[3] rxd_state_reg_3_
uart_0 cell rxd_state_reg[1] rxd_state_reg_1_
uart_0 cell rxd_state_reg[0] rxd_state_reg_0_
uart_0 cell rxd_state_reg[2] rxd_state_reg_2_
uart_0 cell rx_fifo_rp_reg[3] rx_fifo_rp_reg_3_
uart_0 cell rx_fifo_rp_reg[4] rx_fifo_rp_reg_4_
uart_0 cell rx_int_timer_reg[22] rx_int_timer_reg_22_
uart_0 cell rx_int_timer_reg[23] rx_int_timer_reg_23_
uart_0 cell rx_int_timer_reg[0] rx_int_timer_reg_0_
uart_0 cell rx_int_timer_reg[1] rx_int_timer_reg_1_
uart_0 cell rx_int_timer_reg[3] rx_int_timer_reg_3_
uart_0 cell rx_int_timer_reg[4] rx_int_timer_reg_4_
uart_0 cell rx_int_timer_reg[5] rx_int_timer_reg_5_
uart_0 cell rx_int_timer_reg[6] rx_int_timer_reg_6_
uart_0 cell rx_int_timer_reg[7] rx_int_timer_reg_7_
uart_0 cell rx_int_timer_reg[8] rx_int_timer_reg_8_
uart_0 cell rx_int_timer_reg[9] rx_int_timer_reg_9_
uart_0 cell rx_int_timer_reg[10] rx_int_timer_reg_10_
uart_0 cell rx_int_timer_reg[11] rx_int_timer_reg_11_
uart_0 cell rx_int_timer_reg[12] rx_int_timer_reg_12_
uart_0 cell rx_int_timer_reg[13] rx_int_timer_reg_13_
uart_0 cell rx_int_timer_reg[14] rx_int_timer_reg_14_
uart_0 cell rx_int_timer_reg[15] rx_int_timer_reg_15_
uart_0 cell rx_int_timer_reg[16] rx_int_timer_reg_16_
uart_0 cell rx_int_timer_reg[18] rx_int_timer_reg_18_
uart_0 cell rx_int_timer_reg[19] rx_int_timer_reg_19_
uart_0 cell rx_int_timer_reg[20] rx_int_timer_reg_20_
uart_0 cell rx_int_timer_reg[21] rx_int_timer_reg_21_
uart_0 cell rx_fifo_wp_reg[1] rx_fifo_wp_reg_1_
uart_0 cell rx_fifo_wp_reg[2] rx_fifo_wp_reg_2_
uart_0 cell rx_fifo_wp_reg[3] rx_fifo_wp_reg_3_
uart_0 cell rx_fifo_reg[14][0] rx_fifo_reg_14__0_
uart_0 cell rx_fifo_reg[4][1] rx_fifo_reg_4__1_
uart_0 cell rx_fifo_reg[0][1] rx_fifo_reg_0__1_
uart_0 cell rx_fifo_wp_reg[4] rx_fifo_wp_reg_4_
uart_0 cell rx_fifo_count_reg[4] rx_fifo_count_reg_4_
uart_0 cell rx_fifo_count_reg[0] rx_fifo_count_reg_0_
uart_0 cell rx_fifo_count_reg[1] rx_fifo_count_reg_1_
uart_0 cell rx_fifo_count_reg[3] rx_fifo_count_reg_3_
uart_0 cell tx_fifo_wp_reg[0] tx_fifo_wp_reg_0_
uart_0 cell tx_fifo_wp_reg[3] tx_fifo_wp_reg_3_
uart_0 cell tx_fifo_wp_reg[4] tx_fifo_wp_reg_4_
uart_0 cell tx_fifo_reg[14][0] tx_fifo_reg_14__0_
uart_0 cell tx_fifo_reg[14][1] tx_fifo_reg_14__1_
uart_0 cell tx_fifo_reg[14][2] tx_fifo_reg_14__2_
uart_0 cell tx_fifo_reg[14][3] tx_fifo_reg_14__3_
uart_0 cell tx_fifo_reg[14][4] tx_fifo_reg_14__4_
uart_0 cell tx_fifo_reg[14][5] tx_fifo_reg_14__5_
uart_0 cell tx_fifo_reg[14][6] tx_fifo_reg_14__6_
uart_0 cell tx_fifo_reg[14][7] tx_fifo_reg_14__7_
uart_0 cell tx_fifo_reg[12][0] tx_fifo_reg_12__0_
uart_0 cell tx_fifo_reg[12][2] tx_fifo_reg_12__2_
uart_0 cell tx_fifo_reg[12][3] tx_fifo_reg_12__3_
uart_0 cell tx_fifo_reg[12][4] tx_fifo_reg_12__4_
uart_0 cell tx_fifo_reg[12][5] tx_fifo_reg_12__5_
uart_0 cell tx_fifo_reg[12][6] tx_fifo_reg_12__6_
uart_0 cell tx_fifo_reg[12][7] tx_fifo_reg_12__7_
uart_0 cell tx_fifo_reg[10][0] tx_fifo_reg_10__0_
uart_0 cell tx_fifo_reg[10][1] tx_fifo_reg_10__1_
uart_0 cell tx_fifo_reg[10][2] tx_fifo_reg_10__2_
uart_0 cell tx_fifo_reg[10][3] tx_fifo_reg_10__3_
uart_0 cell tx_fifo_reg[10][4] tx_fifo_reg_10__4_
uart_0 cell tx_fifo_reg[10][5] tx_fifo_reg_10__5_
uart_0 cell tx_fifo_reg[10][6] tx_fifo_reg_10__6_
uart_0 cell tx_fifo_reg[10][7] tx_fifo_reg_10__7_
uart_0 cell tx_fifo_reg[8][1] tx_fifo_reg_8__1_
uart_0 cell tx_fifo_reg[8][2] tx_fifo_reg_8__2_
uart_0 cell tx_fifo_reg[8][3] tx_fifo_reg_8__3_
uart_0 cell tx_fifo_reg[8][4] tx_fifo_reg_8__4_
uart_0 cell tx_fifo_reg[8][5] tx_fifo_reg_8__5_
uart_0 cell tx_fifo_reg[8][6] tx_fifo_reg_8__6_
uart_0 cell tx_fifo_reg[8][7] tx_fifo_reg_8__7_
uart_0 cell tx_fifo_reg[6][0] tx_fifo_reg_6__0_
uart_0 cell tx_fifo_reg[6][1] tx_fifo_reg_6__1_
uart_0 cell tx_fifo_reg[6][2] tx_fifo_reg_6__2_
uart_0 cell tx_fifo_reg[6][3] tx_fifo_reg_6__3_
uart_0 cell tx_fifo_reg[6][4] tx_fifo_reg_6__4_
uart_0 cell tx_fifo_reg[6][5] tx_fifo_reg_6__5_
uart_0 cell tx_fifo_reg[6][6] tx_fifo_reg_6__6_
uart_0 cell tx_fifo_reg[4][0] tx_fifo_reg_4__0_
uart_0 cell tx_fifo_reg[4][1] tx_fifo_reg_4__1_
uart_0 cell tx_fifo_reg[4][2] tx_fifo_reg_4__2_
uart_0 cell tx_fifo_reg[4][3] tx_fifo_reg_4__3_
uart_0 cell tx_fifo_reg[4][4] tx_fifo_reg_4__4_
uart_0 cell tx_fifo_reg[4][5] tx_fifo_reg_4__5_
uart_0 cell tx_fifo_reg[4][6] tx_fifo_reg_4__6_
uart_0 cell tx_fifo_reg[4][7] tx_fifo_reg_4__7_
uart_0 cell tx_fifo_reg[2][0] tx_fifo_reg_2__0_
uart_0 cell tx_fifo_reg[2][1] tx_fifo_reg_2__1_
uart_0 cell tx_fifo_reg[2][2] tx_fifo_reg_2__2_
uart_0 cell tx_fifo_reg[2][3] tx_fifo_reg_2__3_
uart_0 cell tx_fifo_reg[2][4] tx_fifo_reg_2__4_
uart_0 cell tx_fifo_reg[2][5] tx_fifo_reg_2__5_
uart_0 cell tx_fifo_reg[2][7] tx_fifo_reg_2__7_
uart_0 cell tx_fifo_reg[15][0] tx_fifo_reg_15__0_
uart_0 cell tx_fifo_reg[15][1] tx_fifo_reg_15__1_
uart_0 cell tx_fifo_reg[15][2] tx_fifo_reg_15__2_
uart_0 cell tx_fifo_reg[15][3] tx_fifo_reg_15__3_
uart_0 cell tx_fifo_reg[15][4] tx_fifo_reg_15__4_
uart_0 cell tx_fifo_reg[15][5] tx_fifo_reg_15__5_
uart_0 cell tx_fifo_reg[15][6] tx_fifo_reg_15__6_
uart_0 cell tx_fifo_reg[15][7] tx_fifo_reg_15__7_
uart_0 cell tx_fifo_reg[13][0] tx_fifo_reg_13__0_
uart_0 cell tx_fifo_reg[13][1] tx_fifo_reg_13__1_
uart_0 cell tx_fifo_reg[13][2] tx_fifo_reg_13__2_
uart_0 cell tx_fifo_reg[13][3] tx_fifo_reg_13__3_
uart_0 cell tx_fifo_reg[13][4] tx_fifo_reg_13__4_
uart_0 cell tx_fifo_reg[13][6] tx_fifo_reg_13__6_
uart_0 cell tx_fifo_reg[13][7] tx_fifo_reg_13__7_
uart_0 cell tx_fifo_reg[11][0] tx_fifo_reg_11__0_
uart_0 cell tx_fifo_reg[11][1] tx_fifo_reg_11__1_
uart_0 cell tx_fifo_reg[11][2] tx_fifo_reg_11__2_
uart_0 cell tx_fifo_reg[11][3] tx_fifo_reg_11__3_
uart_0 cell tx_fifo_reg[11][4] tx_fifo_reg_11__4_
uart_0 cell tx_fifo_reg[11][5] tx_fifo_reg_11__5_
uart_0 cell tx_fifo_reg[11][6] tx_fifo_reg_11__6_
uart_0 cell tx_fifo_reg[11][7] tx_fifo_reg_11__7_
uart_0 cell tx_fifo_reg[9][0] tx_fifo_reg_9__0_
uart_0 cell tx_fifo_reg[9][1] tx_fifo_reg_9__1_
uart_0 cell tx_fifo_reg[9][2] tx_fifo_reg_9__2_
uart_0 cell tx_fifo_reg[9][3] tx_fifo_reg_9__3_
uart_0 cell tx_fifo_reg[9][5] tx_fifo_reg_9__5_
uart_0 cell tx_fifo_reg[9][6] tx_fifo_reg_9__6_
uart_0 cell tx_fifo_reg[9][7] tx_fifo_reg_9__7_
uart_0 cell tx_fifo_reg[7][0] tx_fifo_reg_7__0_
uart_0 cell tx_fifo_reg[7][1] tx_fifo_reg_7__1_
uart_0 cell tx_fifo_reg[7][2] tx_fifo_reg_7__2_
uart_0 cell tx_fifo_reg[7][3] tx_fifo_reg_7__3_
uart_0 cell tx_fifo_reg[7][4] tx_fifo_reg_7__4_
uart_0 cell tx_fifo_reg[7][5] tx_fifo_reg_7__5_
uart_0 cell tx_fifo_reg[7][6] tx_fifo_reg_7__6_
uart_0 cell tx_fifo_reg[7][7] tx_fifo_reg_7__7_
uart_0 cell tx_fifo_reg[5][0] tx_fifo_reg_5__0_
uart_0 cell tx_fifo_reg[5][1] tx_fifo_reg_5__1_
uart_0 cell tx_fifo_reg[5][2] tx_fifo_reg_5__2_
uart_0 cell tx_fifo_reg[5][4] tx_fifo_reg_5__4_
uart_0 cell tx_fifo_reg[5][5] tx_fifo_reg_5__5_
uart_0 cell tx_fifo_reg[5][6] tx_fifo_reg_5__6_
uart_0 cell tx_fifo_reg[5][7] tx_fifo_reg_5__7_
uart_0 cell tx_fifo_reg[3][0] tx_fifo_reg_3__0_
uart_0 cell tx_fifo_reg[3][1] tx_fifo_reg_3__1_
uart_0 cell tx_fifo_reg[3][2] tx_fifo_reg_3__2_
uart_0 cell tx_fifo_reg[3][3] tx_fifo_reg_3__3_
uart_0 cell tx_fifo_reg[3][4] tx_fifo_reg_3__4_
uart_0 cell tx_fifo_reg[3][5] tx_fifo_reg_3__5_
uart_0 cell tx_fifo_reg[3][6] tx_fifo_reg_3__6_
uart_0 cell tx_fifo_reg[3][7] tx_fifo_reg_3__7_
uart_0 cell tx_fifo_reg[1][0] tx_fifo_reg_1__0_
uart_0 cell tx_fifo_reg[1][1] tx_fifo_reg_1__1_
uart_0 cell tx_fifo_reg[1][3] tx_fifo_reg_1__3_
uart_0 cell tx_fifo_reg[1][4] tx_fifo_reg_1__4_
uart_0 cell tx_fifo_reg[1][5] tx_fifo_reg_1__5_
uart_0 cell tx_fifo_reg[1][6] tx_fifo_reg_1__6_
uart_0 cell tx_fifo_reg[1][7] tx_fifo_reg_1__7_
uart_0 cell tx_bit_pulse_count_reg[0] tx_bit_pulse_count_reg_0_
uart_0 cell tx_bit_pulse_count_reg[1] tx_bit_pulse_count_reg_1_
uart_0 cell tx_bit_pulse_count_reg[2] tx_bit_pulse_count_reg_2_
uart_0 cell tx_bit_pulse_count_reg[4] tx_bit_pulse_count_reg_4_
uart_0 cell tx_bit_pulse_count_reg[5] tx_bit_pulse_count_reg_5_
uart_0 cell tx_bit_pulse_count_reg[6] tx_bit_pulse_count_reg_6_
uart_0 cell tx_bit_pulse_count_reg[7] tx_bit_pulse_count_reg_7_
uart_0 cell tx_bit_pulse_count_reg[8] tx_bit_pulse_count_reg_8_
uart_0 cell tx_bit_pulse_count_reg[9] tx_bit_pulse_count_reg_9_
uart_0 cell tx_fifo_rp_reg[2] tx_fifo_rp_reg_2_
uart_0 cell tx_fifo_rp_reg[3] tx_fifo_rp_reg_3_
uart_0 cell tx_fifo_rp_reg[4] tx_fifo_rp_reg_4_
uart_0 cell tx_fifo_count_reg[0] tx_fifo_count_reg_0_
uart_0 cell tx_fifo_count_reg[1] tx_fifo_count_reg_1_
uart_0 cell tx_fifo_count_reg[2] tx_fifo_count_reg_2_
uart_0 cell tx_fifo_count_reg[3] tx_fifo_count_reg_3_
uart_0 cell tx_fifo_count_reg[4] tx_fifo_count_reg_4_
uart_0 cell wb_rdata_reg[16] wb_rdata_reg_16_
uart_0 cell wb_rdata_reg[7] wb_rdata_reg_7_
uart_0 cell wb_rdata_reg[6] wb_rdata_reg_6_
uart_0 cell wb_rdata_reg[5] wb_rdata_reg_5_
uart_0 cell wb_rdata_reg[3] wb_rdata_reg_3_
uart_0 cell wb_rdata_reg[2] wb_rdata_reg_2_
uart_0 cell txd_state_reg[2] txd_state_reg_2_
uart_0 cell rx_fifo_rp_reg[0] rx_fifo_rp_reg_0_
uart_0 cell txd_state_reg[3] txd_state_reg_3_
uart_0 cell wb_rdata_reg[10] wb_rdata_reg_10_
uart_0 cell wb_rdata_reg[1] wb_rdata_reg_1_
uart_0 cell wb_rdata_reg[0] wb_rdata_reg_0_
uart_0 cell uart_lcrl_reg_reg[4] uart_lcrl_reg_reg_4_
uart_0 cell uart_lcrl_reg_reg[3] uart_lcrl_reg_reg_3_
uart_0 cell uart_lcrl_reg_reg[2] uart_lcrl_reg_reg_2_
uart_0 cell uart_lcrl_reg_reg[0] uart_lcrl_reg_reg_0_
uart_0 cell uart_cr_reg_reg[7] uart_cr_reg_reg_7_
uart_0 cell uart_cr_reg_reg[6] uart_cr_reg_reg_6_
uart_0 cell uart_cr_reg_reg[3] uart_cr_reg_reg_3_
uart_0 cell uart_lcrm_reg_reg[5] uart_lcrm_reg_reg_5_
uart_0 cell uart_lcrm_reg_reg[1] uart_lcrm_reg_reg_1_
uart_0 cell rx_fifo_reg[15][0] rx_fifo_reg_15__0_
uart_0 cell rx_fifo_reg[15][1] rx_fifo_reg_15__1_
uart_0 cell rx_fifo_reg[15][3] rx_fifo_reg_15__3_
uart_0 cell rx_fifo_reg[15][4] rx_fifo_reg_15__4_
uart_0 cell rx_fifo_reg[15][5] rx_fifo_reg_15__5_
uart_0 cell rx_fifo_reg[15][6] rx_fifo_reg_15__6_
uart_0 cell rx_fifo_reg[14][1] rx_fifo_reg_14__1_
uart_0 cell rx_fifo_reg[11][0] rx_fifo_reg_11__0_
uart_0 cell rx_fifo_reg[11][1] rx_fifo_reg_11__1_
uart_0 cell rx_fifo_reg[11][2] rx_fifo_reg_11__2_
uart_0 cell rx_fifo_reg[11][3] rx_fifo_reg_11__3_
uart_0 cell rx_fifo_reg[11][5] rx_fifo_reg_11__5_
uart_0 cell rx_fifo_reg[11][6] rx_fifo_reg_11__6_
uart_0 cell rx_fifo_reg[10][0] rx_fifo_reg_10__0_
uart_0 cell rx_fifo_reg[10][1] rx_fifo_reg_10__1_
uart_0 cell rx_fifo_reg[10][2] rx_fifo_reg_10__2_
uart_0 cell rx_fifo_reg[10][3] rx_fifo_reg_10__3_
uart_0 cell rx_fifo_reg[10][4] rx_fifo_reg_10__4_
uart_0 cell rx_fifo_reg[10][5] rx_fifo_reg_10__5_
uart_0 cell rx_fifo_reg[10][6] rx_fifo_reg_10__6_
uart_0 cell rx_fifo_reg[13][0] rx_fifo_reg_13__0_
uart_0 cell rx_fifo_reg[13][1] rx_fifo_reg_13__1_
uart_0 cell rx_fifo_reg[13][2] rx_fifo_reg_13__2_
uart_0 cell rx_fifo_reg[13][3] rx_fifo_reg_13__3_
uart_0 cell rx_fifo_reg[13][4] rx_fifo_reg_13__4_
uart_0 cell rx_fifo_reg[12][1] rx_fifo_reg_12__1_
uart_0 cell rx_fifo_reg[12][2] rx_fifo_reg_12__2_
uart_0 cell rx_fifo_reg[12][3] rx_fifo_reg_12__3_
uart_0 cell rx_fifo_reg[12][4] rx_fifo_reg_12__4_
uart_0 cell rx_fifo_reg[7][0] rx_fifo_reg_7__0_
uart_0 cell rx_fifo_reg[7][1] rx_fifo_reg_7__1_
uart_0 cell rx_fifo_reg[7][2] rx_fifo_reg_7__2_
uart_0 cell rx_fifo_reg[7][3] rx_fifo_reg_7__3_
uart_0 cell rx_fifo_reg[7][4] rx_fifo_reg_7__4_
uart_0 cell rx_fifo_reg[7][5] rx_fifo_reg_7__5_
uart_0 cell rx_fifo_reg[7][6] rx_fifo_reg_7__6_
uart_0 cell rx_fifo_reg[6][1] rx_fifo_reg_6__1_
uart_0 cell rx_fifo_reg[2][0] rx_fifo_reg_2__0_
uart_0 cell rx_fifo_reg[2][2] rx_fifo_reg_2__2_
uart_0 cell rx_fifo_reg[2][4] rx_fifo_reg_2__4_
uart_0 cell rx_fifo_reg[2][5] rx_fifo_reg_2__5_
uart_0 cell rx_fifo_reg[2][6] rx_fifo_reg_2__6_
uart_0 cell tx_fifo_reg[0][6] tx_fifo_reg_0__6_
uart_0 cell tx_fifo_reg[0][7] tx_fifo_reg_0__7_
uart_0 cell uart_lcrh_reg_reg[3] uart_lcrh_reg_reg_3_
uart_0 cell uart_lcrh_reg_reg[1] uart_lcrh_reg_reg_1_
uart_0 cell rx_fifo_reg[15][2] rx_fifo_reg_15__2_
uart_0 cell rx_fifo_reg[13][6] rx_fifo_reg_13__6_
uart_0 cell rx_fifo_reg[12][0] rx_fifo_reg_12__0_
uart_0 cell rx_fifo_reg[12][5] rx_fifo_reg_12__5_
uart_0 cell rx_fifo_reg[12][6] rx_fifo_reg_12__6_
uart_0 cell rx_fifo_reg[8][0] rx_fifo_reg_8__0_
uart_0 cell rx_fifo_reg[8][2] rx_fifo_reg_8__2_
uart_0 cell rx_fifo_reg[8][4] rx_fifo_reg_8__4_
uart_0 cell rx_fifo_reg[8][5] rx_fifo_reg_8__5_
uart_0 cell rx_fifo_reg[8][6] rx_fifo_reg_8__6_
uart_0 cell rx_fifo_reg[15][7] rx_fifo_reg_15__7_
uart_0 cell rx_fifo_reg[13][7] rx_fifo_reg_13__7_
uart_0 cell rx_fifo_reg[12][7] rx_fifo_reg_12__7_
uart_0 cell rx_fifo_reg[11][7] rx_fifo_reg_11__7_
uart_0 cell rx_fifo_reg[10][7] rx_fifo_reg_10__7_
uart_0 cell rx_fifo_reg[8][7] rx_fifo_reg_8__7_
uart_0 cell rx_fifo_reg[7][7] rx_fifo_reg_7__7_
uart_0 cell rx_fifo_reg[2][7] rx_fifo_reg_2__7_
uart_0 cell uart_lcrl_reg_reg[6] uart_lcrl_reg_reg_6_
uart_0 cell uart_cr_reg_reg[1] uart_cr_reg_reg_1_
uart_0 cell rx_fifo_reg[14][6] rx_fifo_reg_14__6_
uart_0 cell rx_fifo_reg[6][0] rx_fifo_reg_6__0_
uart_0 cell rx_fifo_reg[6][2] rx_fifo_reg_6__2_
uart_0 cell rx_fifo_reg[6][3] rx_fifo_reg_6__3_
uart_0 cell rx_fifo_reg[6][4] rx_fifo_reg_6__4_
uart_0 cell rx_fifo_reg[6][5] rx_fifo_reg_6__5_
uart_0 cell rx_fifo_reg[6][6] rx_fifo_reg_6__6_
uart_0 cell rx_fifo_reg[3][0] rx_fifo_reg_3__0_
uart_0 cell rx_fifo_reg[3][1] rx_fifo_reg_3__1_
uart_0 cell rx_fifo_reg[3][2] rx_fifo_reg_3__2_
uart_0 cell rx_fifo_reg[3][3] rx_fifo_reg_3__3_
uart_0 cell rx_fifo_reg[3][4] rx_fifo_reg_3__4_
uart_0 cell rx_fifo_reg[3][5] rx_fifo_reg_3__5_
uart_0 cell rx_fifo_reg[3][6] rx_fifo_reg_3__6_
uart_0 cell rx_fifo_reg[5][1] rx_fifo_reg_5__1_
uart_0 cell rx_fifo_reg[5][2] rx_fifo_reg_5__2_
uart_0 cell rx_fifo_reg[5][3] rx_fifo_reg_5__3_
uart_0 cell rx_fifo_reg[1][1] rx_fifo_reg_1__1_
uart_0 cell tx_fifo_reg[0][1] tx_fifo_reg_0__1_
uart_0 cell uart_lcrh_reg_reg[2] uart_lcrh_reg_reg_2_
uart_0 cell uart_lcrh_reg_reg[0] uart_lcrh_reg_reg_0_
uart_0 cell uart_lcrl_reg_reg[7] uart_lcrl_reg_reg_7_
uart_0 cell uart_lcrl_reg_reg[5] uart_lcrl_reg_reg_5_
uart_0 cell uart_lcrl_reg_reg[1] uart_lcrl_reg_reg_1_
uart_0 cell uart_cr_reg_reg[2] uart_cr_reg_reg_2_
uart_0 cell uart_cr_reg_reg[0] uart_cr_reg_reg_0_
uart_0 cell uart_rsr_reg_reg[6] uart_rsr_reg_reg_6_
uart_0 cell uart_rsr_reg_reg[4] uart_rsr_reg_reg_4_
uart_0 cell uart_lcrm_reg_reg[7] uart_lcrm_reg_reg_7_
uart_0 cell uart_lcrm_reg_reg[6] uart_lcrm_reg_reg_6_
uart_0 cell uart_lcrm_reg_reg[4] uart_lcrm_reg_reg_4_
uart_0 cell uart_lcrm_reg_reg[3] uart_lcrm_reg_reg_3_
uart_0 cell uart_lcrm_reg_reg[0] uart_lcrm_reg_reg_0_
uart_0 cell rx_fifo_reg[14][2] rx_fifo_reg_14__2_
uart_0 cell rx_fifo_reg[14][3] rx_fifo_reg_14__3_
uart_0 cell rx_fifo_reg[14][4] rx_fifo_reg_14__4_
uart_0 cell rx_fifo_reg[9][0] rx_fifo_reg_9__0_
uart_0 cell rx_fifo_reg[9][2] rx_fifo_reg_9__2_
uart_0 cell rx_fifo_reg[9][3] rx_fifo_reg_9__3_
uart_0 cell rx_fifo_reg[9][4] rx_fifo_reg_9__4_
uart_0 cell rx_fifo_reg[9][5] rx_fifo_reg_9__5_
uart_0 cell rx_fifo_reg[9][6] rx_fifo_reg_9__6_
uart_0 cell rx_fifo_reg[5][4] rx_fifo_reg_5__4_
uart_0 cell rx_fifo_reg[4][0] rx_fifo_reg_4__0_
uart_0 cell rx_fifo_reg[4][3] rx_fifo_reg_4__3_
uart_0 cell rx_fifo_reg[4][4] rx_fifo_reg_4__4_
uart_0 cell rx_fifo_reg[4][5] rx_fifo_reg_4__5_
uart_0 cell rx_fifo_reg[1][0] rx_fifo_reg_1__0_
uart_0 cell rx_fifo_reg[1][2] rx_fifo_reg_1__2_
uart_0 cell rx_fifo_reg[1][3] rx_fifo_reg_1__3_
uart_0 cell rx_fifo_reg[1][4] rx_fifo_reg_1__4_
uart_0 cell rx_fifo_reg[1][5] rx_fifo_reg_1__5_
uart_0 cell tx_fifo_reg[0][2] tx_fifo_reg_0__2_
uart_0 cell rx_fifo_reg[9][1] rx_fifo_reg_9__1_
uart_0 cell rx_fifo_reg[8][1] rx_fifo_reg_8__1_
uart_0 cell rx_fifo_reg[5][5] rx_fifo_reg_5__5_
uart_0 cell rx_fifo_reg[4][2] rx_fifo_reg_4__2_
uart_0 cell rx_fifo_reg[4][6] rx_fifo_reg_4__6_
uart_0 cell rx_fifo_reg[1][6] rx_fifo_reg_1__6_
uart_0 cell rx_fifo_reg[14][7] rx_fifo_reg_14__7_
uart_0 cell rx_fifo_reg[9][7] rx_fifo_reg_9__7_
uart_0 cell rx_fifo_reg[6][7] rx_fifo_reg_6__7_
uart_0 cell rx_fifo_reg[5][7] rx_fifo_reg_5__7_
uart_0 cell rx_fifo_reg[4][7] rx_fifo_reg_4__7_
uart_0 cell rx_fifo_reg[3][7] rx_fifo_reg_3__7_
uart_0 cell rx_fifo_reg[1][7] rx_fifo_reg_1__7_
uart_0 cell tx_bit_pulse_count_reg[3] tx_bit_pulse_count_reg_3_
uart_0 cell tx_fifo_reg[0][5] tx_fifo_reg_0__5_
uart_0 cell tx_fifo_reg[0][0] tx_fifo_reg_0__0_
uart_0 cell tx_fifo_reg[0][4] tx_fifo_reg_0__4_
uart_0 cell rx_fifo_rp_reg[2] rx_fifo_rp_reg_2_
uart_0 cell rx_fifo_reg[0][0] rx_fifo_reg_0__0_
uart_0 cell rx_fifo_reg[0][3] rx_fifo_reg_0__3_
uart_0 cell rx_fifo_reg[0][7] rx_fifo_reg_0__7_
uart_0 cell rx_fifo_reg[0][4] rx_fifo_reg_0__4_
uart_0 cell uart_cr_reg_reg[5] uart_cr_reg_reg_5_
uart_0 cell tx_fifo_reg[0][3] tx_fifo_reg_0__3_
uart_0 cell rx_fifo_reg[0][2] rx_fifo_reg_0__2_
uart_0 cell rx_fifo_reg[0][5] rx_fifo_reg_0__5_
uart_0 cell rx_fifo_reg[0][6] rx_fifo_reg_0__6_
uart_0 cell tx_fifo_wp_reg[1] tx_fifo_wp_reg_1_
uart_0 cell tx_fifo_wp_reg[2] tx_fifo_wp_reg_2_
uart_0 cell rx_fifo_rp_reg[1] rx_fifo_rp_reg_1_
uart_0 cell txd_state_reg[0] txd_state_reg_0_
uart_0 cell txd_state_reg[1] txd_state_reg_1_
uart_0 cell rx_byte_reg[0] rx_byte_reg_0_
uart_0 cell rx_byte_reg[1] rx_byte_reg_1_
uart_0 cell rx_byte_reg[2] rx_byte_reg_2_
uart_0 cell rx_byte_reg[3] rx_byte_reg_3_
uart_0 cell rx_byte_reg[4] rx_byte_reg_4_
uart_0 cell rx_byte_reg[6] rx_byte_reg_6_
uart_0 cell rx_byte_reg[7] rx_byte_reg_7_
uart_0 cell rx_byte_reg[5] rx_byte_reg_5_
uart_0 cell rxd_d_reg[4] rxd_d_reg_4_
uart_0 cell rx_bit_pulse_count_reg[5] rx_bit_pulse_count_reg_5_
uart_0 cell rx_int_timer_reg[2] rx_int_timer_reg_2_
uart_0 cell rx_int_timer_reg[17] rx_int_timer_reg_17_
uart_0 cell rx_fifo_count_reg[2] rx_fifo_count_reg_2_
uart_0 cell tx_fifo_reg[12][1] tx_fifo_reg_12__1_
uart_0 cell tx_fifo_reg[8][0] tx_fifo_reg_8__0_
uart_0 cell tx_fifo_reg[6][7] tx_fifo_reg_6__7_
uart_0 cell tx_fifo_reg[2][6] tx_fifo_reg_2__6_
uart_0 cell tx_fifo_reg[13][5] tx_fifo_reg_13__5_
uart_0 cell tx_fifo_reg[9][4] tx_fifo_reg_9__4_
uart_0 cell tx_fifo_reg[5][3] tx_fifo_reg_5__3_
uart_0 cell tx_fifo_reg[1][2] tx_fifo_reg_1__2_
uart_0 cell tx_fifo_rp_reg[1] tx_fifo_rp_reg_1_
uart_0 cell wb_rdata_reg[4] wb_rdata_reg_4_
uart_0 cell uart_cr_reg_reg[4] uart_cr_reg_reg_4_
uart_0 cell rx_fifo_reg[11][4] rx_fifo_reg_11__4_
uart_0 cell rx_fifo_reg[13][5] rx_fifo_reg_13__5_
uart_0 cell rx_fifo_reg[2][3] rx_fifo_reg_2__3_
uart_0 cell rx_fifo_reg[8][3] rx_fifo_reg_8__3_
uart_0 cell rx_fifo_reg[14][5] rx_fifo_reg_14__5_
uart_0 cell rx_fifo_reg[2][1] rx_fifo_reg_2__1_
uart_0 cell uart_rsr_reg_reg[0] uart_rsr_reg_reg_0_
uart_0 cell rx_fifo_reg[5][0] rx_fifo_reg_5__0_
uart_0 cell rx_fifo_reg[5][6] rx_fifo_reg_5__6_
uart_0 cell tx_fifo_rp_reg[0] tx_fifo_rp_reg_0_
uart_0 cell rx_fifo_wp_reg[0] rx_fifo_wp_reg_0_
uart_0 cell uart_lcrh_reg_reg[4] uart_lcrh_reg_reg_4_
uart_0 net uart_lcrh_reg[4] uart_lcrh_reg_4_
uart_0 net txd_state[3] txd_state_3_
uart_0 net rxd_state[3] rxd_state_3_
eth_register_8_40_0 cell DataOut_reg[7] DataOut_reg_7_
eth_register_8_40_0 cell DataOut_reg[6] DataOut_reg_6_
eth_register_8_40_0 cell DataOut_reg[5] DataOut_reg_5_
eth_register_8_40_0 cell DataOut_reg[4] DataOut_reg_4_
eth_register_8_40_0 cell DataOut_reg[3] DataOut_reg_3_
eth_register_8_40_0 cell DataOut_reg[2] DataOut_reg_2_
eth_register_8_40_0 cell DataOut_reg[1] DataOut_reg_1_
eth_register_8_40_0 cell DataOut_reg[0] DataOut_reg_0_
a25_coprocessor_0 cell fault_address_reg[23] fault_address_reg_23_
a25_coprocessor_0 cell fault_address_reg[22] fault_address_reg_22_
a25_coprocessor_0 cell fault_address_reg[21] fault_address_reg_21_
a25_coprocessor_0 cell fault_address_reg[20] fault_address_reg_20_
a25_coprocessor_0 cell fault_address_reg[19] fault_address_reg_19_
a25_coprocessor_0 cell fault_address_reg[18] fault_address_reg_18_
a25_coprocessor_0 cell fault_address_reg[16] fault_address_reg_16_
a25_coprocessor_0 cell disruptive_area_reg[31] disruptive_area_reg_31_
a25_coprocessor_0 cell disruptive_area_reg[30] disruptive_area_reg_30_
a25_coprocessor_0 cell disruptive_area_reg[29] disruptive_area_reg_29_
a25_coprocessor_0 cell disruptive_area_reg[28] disruptive_area_reg_28_
a25_coprocessor_0 cell disruptive_area_reg[27] disruptive_area_reg_27_
a25_coprocessor_0 cell disruptive_area_reg[26] disruptive_area_reg_26_
a25_coprocessor_0 cell disruptive_area_reg[25] disruptive_area_reg_25_
a25_coprocessor_0 cell disruptive_area_reg[24] disruptive_area_reg_24_
a25_coprocessor_0 cell disruptive_area_reg[23] disruptive_area_reg_23_
a25_coprocessor_0 cell disruptive_area_reg[22] disruptive_area_reg_22_
a25_coprocessor_0 cell disruptive_area_reg[21] disruptive_area_reg_21_
a25_coprocessor_0 cell disruptive_area_reg[20] disruptive_area_reg_20_
a25_coprocessor_0 cell disruptive_area_reg[19] disruptive_area_reg_19_
a25_coprocessor_0 cell disruptive_area_reg[17] disruptive_area_reg_17_
a25_coprocessor_0 cell disruptive_area_reg[16] disruptive_area_reg_16_
a25_coprocessor_0 cell disruptive_area_reg[15] disruptive_area_reg_15_
a25_coprocessor_0 cell disruptive_area_reg[14] disruptive_area_reg_14_
a25_coprocessor_0 cell disruptive_area_reg[13] disruptive_area_reg_13_
a25_coprocessor_0 cell disruptive_area_reg[12] disruptive_area_reg_12_
a25_coprocessor_0 cell disruptive_area_reg[11] disruptive_area_reg_11_
a25_coprocessor_0 cell disruptive_area_reg[10] disruptive_area_reg_10_
a25_coprocessor_0 cell disruptive_area_reg[9] disruptive_area_reg_9_
a25_coprocessor_0 cell disruptive_area_reg[8] disruptive_area_reg_8_
a25_coprocessor_0 cell disruptive_area_reg[7] disruptive_area_reg_7_
a25_coprocessor_0 cell disruptive_area_reg[6] disruptive_area_reg_6_
a25_coprocessor_0 cell disruptive_area_reg[5] disruptive_area_reg_5_
a25_coprocessor_0 cell disruptive_area_reg[4] disruptive_area_reg_4_
a25_coprocessor_0 cell disruptive_area_reg[2] disruptive_area_reg_2_
a25_coprocessor_0 cell disruptive_area_reg[1] disruptive_area_reg_1_
a25_coprocessor_0 cell disruptive_area_reg[0] disruptive_area_reg_0_
a25_coprocessor_0 cell cache_control_reg[2] cache_control_reg_2_
a25_coprocessor_0 cell cache_control_reg[1] cache_control_reg_1_
a25_coprocessor_0 cell cache_control_reg[0] cache_control_reg_0_
a25_coprocessor_0 cell updateable_area_reg[31] updateable_area_reg_31_
a25_coprocessor_0 cell updateable_area_reg[30] updateable_area_reg_30_
a25_coprocessor_0 cell updateable_area_reg[29] updateable_area_reg_29_
a25_coprocessor_0 cell updateable_area_reg[28] updateable_area_reg_28_
a25_coprocessor_0 cell updateable_area_reg[27] updateable_area_reg_27_
a25_coprocessor_0 cell updateable_area_reg[26] updateable_area_reg_26_
a25_coprocessor_0 cell updateable_area_reg[25] updateable_area_reg_25_
a25_coprocessor_0 cell updateable_area_reg[24] updateable_area_reg_24_
a25_coprocessor_0 cell updateable_area_reg[22] updateable_area_reg_22_
a25_coprocessor_0 cell updateable_area_reg[21] updateable_area_reg_21_
a25_coprocessor_0 cell updateable_area_reg[20] updateable_area_reg_20_
a25_coprocessor_0 cell updateable_area_reg[19] updateable_area_reg_19_
a25_coprocessor_0 cell updateable_area_reg[18] updateable_area_reg_18_
a25_coprocessor_0 cell updateable_area_reg[17] updateable_area_reg_17_
a25_coprocessor_0 cell updateable_area_reg[16] updateable_area_reg_16_
a25_coprocessor_0 cell updateable_area_reg[15] updateable_area_reg_15_
a25_coprocessor_0 cell updateable_area_reg[14] updateable_area_reg_14_
a25_coprocessor_0 cell updateable_area_reg[13] updateable_area_reg_13_
a25_coprocessor_0 cell updateable_area_reg[12] updateable_area_reg_12_
a25_coprocessor_0 cell updateable_area_reg[11] updateable_area_reg_11_
a25_coprocessor_0 cell updateable_area_reg[10] updateable_area_reg_10_
a25_coprocessor_0 cell updateable_area_reg[9] updateable_area_reg_9_
a25_coprocessor_0 cell updateable_area_reg[7] updateable_area_reg_7_
a25_coprocessor_0 cell updateable_area_reg[6] updateable_area_reg_6_
a25_coprocessor_0 cell updateable_area_reg[5] updateable_area_reg_5_
a25_coprocessor_0 cell updateable_area_reg[4] updateable_area_reg_4_
a25_coprocessor_0 cell updateable_area_reg[3] updateable_area_reg_3_
a25_coprocessor_0 cell updateable_area_reg[2] updateable_area_reg_2_
a25_coprocessor_0 cell updateable_area_reg[1] updateable_area_reg_1_
a25_coprocessor_0 cell updateable_area_reg[0] updateable_area_reg_0_
a25_coprocessor_0 cell cacheable_area_reg[31] cacheable_area_reg_31_
a25_coprocessor_0 cell cacheable_area_reg[30] cacheable_area_reg_30_
a25_coprocessor_0 cell cacheable_area_reg[29] cacheable_area_reg_29_
a25_coprocessor_0 cell cacheable_area_reg[28] cacheable_area_reg_28_
a25_coprocessor_0 cell cacheable_area_reg[27] cacheable_area_reg_27_
a25_coprocessor_0 cell cacheable_area_reg[26] cacheable_area_reg_26_
a25_coprocessor_0 cell cacheable_area_reg[25] cacheable_area_reg_25_
a25_coprocessor_0 cell cacheable_area_reg[24] cacheable_area_reg_24_
a25_coprocessor_0 cell cacheable_area_reg[23] cacheable_area_reg_23_
a25_coprocessor_0 cell cacheable_area_reg[22] cacheable_area_reg_22_
a25_coprocessor_0 cell cacheable_area_reg[21] cacheable_area_reg_21_
a25_coprocessor_0 cell cacheable_area_reg[20] cacheable_area_reg_20_
a25_coprocessor_0 cell cacheable_area_reg[19] cacheable_area_reg_19_
a25_coprocessor_0 cell cacheable_area_reg[18] cacheable_area_reg_18_
a25_coprocessor_0 cell cacheable_area_reg[17] cacheable_area_reg_17_
a25_coprocessor_0 cell cacheable_area_reg[16] cacheable_area_reg_16_
a25_coprocessor_0 cell cacheable_area_reg[15] cacheable_area_reg_15_
a25_coprocessor_0 cell cacheable_area_reg[14] cacheable_area_reg_14_
a25_coprocessor_0 cell cacheable_area_reg[13] cacheable_area_reg_13_
a25_coprocessor_0 cell cacheable_area_reg[12] cacheable_area_reg_12_
a25_coprocessor_0 cell cacheable_area_reg[11] cacheable_area_reg_11_
a25_coprocessor_0 cell cacheable_area_reg[9] cacheable_area_reg_9_
a25_coprocessor_0 cell cacheable_area_reg[8] cacheable_area_reg_8_
a25_coprocessor_0 cell cacheable_area_reg[7] cacheable_area_reg_7_
a25_coprocessor_0 cell cacheable_area_reg[6] cacheable_area_reg_6_
a25_coprocessor_0 cell cacheable_area_reg[5] cacheable_area_reg_5_
a25_coprocessor_0 cell cacheable_area_reg[4] cacheable_area_reg_4_
a25_coprocessor_0 cell cacheable_area_reg[3] cacheable_area_reg_3_
a25_coprocessor_0 cell cacheable_area_reg[2] cacheable_area_reg_2_
a25_coprocessor_0 cell cacheable_area_reg[1] cacheable_area_reg_1_
a25_coprocessor_0 cell cacheable_area_reg[0] cacheable_area_reg_0_
a25_coprocessor_0 cell o_copro_read_data_reg[24] o_copro_read_data_reg_24_
a25_coprocessor_0 cell o_copro_read_data_reg[22] o_copro_read_data_reg_22_
a25_coprocessor_0 cell o_copro_read_data_reg[20] o_copro_read_data_reg_20_
a25_coprocessor_0 cell o_copro_read_data_reg[19] o_copro_read_data_reg_19_
a25_coprocessor_0 cell o_copro_read_data_reg[17] o_copro_read_data_reg_17_
a25_coprocessor_0 cell o_copro_read_data_reg[16] o_copro_read_data_reg_16_
a25_coprocessor_0 cell o_copro_read_data_reg[13] o_copro_read_data_reg_13_
a25_coprocessor_0 cell o_copro_read_data_reg[12] o_copro_read_data_reg_12_
a25_coprocessor_0 cell o_copro_read_data_reg[10] o_copro_read_data_reg_10_
a25_coprocessor_0 cell o_copro_read_data_reg[9] o_copro_read_data_reg_9_
a25_coprocessor_0 cell o_copro_read_data_reg[8] o_copro_read_data_reg_8_
a25_coprocessor_0 cell o_copro_read_data_reg[4] o_copro_read_data_reg_4_
a25_coprocessor_0 cell o_copro_read_data_reg[7] o_copro_read_data_reg_7_
a25_coprocessor_0 cell o_copro_read_data_reg[6] o_copro_read_data_reg_6_
a25_coprocessor_0 cell o_copro_read_data_reg[5] o_copro_read_data_reg_5_
a25_coprocessor_0 cell o_copro_read_data_reg[3] o_copro_read_data_reg_3_
a25_coprocessor_0 cell o_copro_read_data_reg[21] o_copro_read_data_reg_21_
a25_coprocessor_0 cell o_copro_read_data_reg[14] o_copro_read_data_reg_14_
a25_coprocessor_0 cell o_copro_read_data_reg[25] o_copro_read_data_reg_25_
a25_coprocessor_0 cell o_copro_read_data_reg[23] o_copro_read_data_reg_23_
a25_coprocessor_0 cell o_copro_read_data_reg[2] o_copro_read_data_reg_2_
a25_coprocessor_0 cell o_copro_read_data_reg[27] o_copro_read_data_reg_27_
a25_coprocessor_0 cell o_copro_read_data_reg[26] o_copro_read_data_reg_26_
a25_coprocessor_0 cell o_copro_read_data_reg[31] o_copro_read_data_reg_31_
a25_coprocessor_0 cell o_copro_read_data_reg[29] o_copro_read_data_reg_29_
a25_coprocessor_0 cell o_copro_read_data_reg[28] o_copro_read_data_reg_28_
a25_coprocessor_0 cell o_copro_read_data_reg[0] o_copro_read_data_reg_0_
a25_coprocessor_0 cell o_copro_read_data_reg[30] o_copro_read_data_reg_30_
a25_coprocessor_0 cell o_copro_read_data_reg[15] o_copro_read_data_reg_15_
a25_coprocessor_0 cell o_copro_read_data_reg[11] o_copro_read_data_reg_11_
a25_coprocessor_0 cell disruptive_area_reg[3] disruptive_area_reg_3_
a25_coprocessor_0 cell updateable_area_reg[23] updateable_area_reg_23_
a25_coprocessor_0 cell updateable_area_reg[8] updateable_area_reg_8_
a25_coprocessor_0 cell cacheable_area_reg[10] cacheable_area_reg_10_
a25_coprocessor_0 cell o_copro_read_data_reg[18] o_copro_read_data_reg_18_
a25_coprocessor_0 cell o_copro_read_data_reg[1] o_copro_read_data_reg_1_
a25_coprocessor_0 cell disruptive_area_reg[18] disruptive_area_reg_18_
a25_coprocessor_0 cell fault_address_reg[17] fault_address_reg_17_
a25_fetch_0 net *Logic1* n_Logic1_
a25_fetch_0 net *Logic0* n_Logic0_
a25_wishbone_0 cell icache_read_addr_r_reg[31] icache_read_addr_r_reg_31_
a25_wishbone_0 cell icache_read_addr_r_reg[30] icache_read_addr_r_reg_30_
a25_wishbone_0 cell icache_read_addr_r_reg[29] icache_read_addr_r_reg_29_
a25_wishbone_0 cell icache_read_addr_r_reg[28] icache_read_addr_r_reg_28_
a25_wishbone_0 cell icache_read_addr_r_reg[27] icache_read_addr_r_reg_27_
a25_wishbone_0 cell icache_read_addr_r_reg[26] icache_read_addr_r_reg_26_
a25_wishbone_0 cell icache_read_addr_r_reg[25] icache_read_addr_r_reg_25_
a25_wishbone_0 cell icache_read_addr_r_reg[23] icache_read_addr_r_reg_23_
a25_wishbone_0 cell icache_read_addr_r_reg[22] icache_read_addr_r_reg_22_
a25_wishbone_0 cell icache_read_addr_r_reg[21] icache_read_addr_r_reg_21_
a25_wishbone_0 cell icache_read_addr_r_reg[20] icache_read_addr_r_reg_20_
a25_wishbone_0 cell icache_read_addr_r_reg[19] icache_read_addr_r_reg_19_
a25_wishbone_0 cell icache_read_addr_r_reg[18] icache_read_addr_r_reg_18_
a25_wishbone_0 cell icache_read_addr_r_reg[17] icache_read_addr_r_reg_17_
a25_wishbone_0 cell icache_read_addr_r_reg[16] icache_read_addr_r_reg_16_
a25_wishbone_0 cell icache_read_addr_r_reg[15] icache_read_addr_r_reg_15_
a25_wishbone_0 cell icache_read_addr_r_reg[14] icache_read_addr_r_reg_14_
a25_wishbone_0 cell icache_read_addr_r_reg[13] icache_read_addr_r_reg_13_
a25_wishbone_0 cell icache_read_addr_r_reg[12] icache_read_addr_r_reg_12_
a25_wishbone_0 cell icache_read_addr_r_reg[11] icache_read_addr_r_reg_11_
a25_wishbone_0 cell icache_read_addr_r_reg[10] icache_read_addr_r_reg_10_
a25_wishbone_0 cell icache_read_addr_r_reg[8] icache_read_addr_r_reg_8_
a25_wishbone_0 cell icache_read_addr_r_reg[7] icache_read_addr_r_reg_7_
a25_wishbone_0 cell icache_read_addr_r_reg[6] icache_read_addr_r_reg_6_
a25_wishbone_0 cell icache_read_addr_r_reg[5] icache_read_addr_r_reg_5_
a25_wishbone_0 cell icache_read_addr_r_reg[4] icache_read_addr_r_reg_4_
a25_wishbone_0 cell icache_read_addr_r_reg[3] icache_read_addr_r_reg_3_
a25_wishbone_0 cell icache_read_addr_r_reg[2] icache_read_addr_r_reg_2_
a25_wishbone_0 cell wishbone_st_reg[1] wishbone_st_reg_1_
a25_wishbone_0 cell wishbone_st_reg[0] wishbone_st_reg_0_
a25_wishbone_0 cell extra_write_data_r_reg[0] extra_write_data_r_reg_0_
a25_wishbone_0 cell extra_write_data_r_reg[1] extra_write_data_r_reg_1_
a25_wishbone_0 cell extra_write_data_r_reg[2] extra_write_data_r_reg_2_
a25_wishbone_0 cell extra_write_data_r_reg[3] extra_write_data_r_reg_3_
a25_wishbone_0 cell extra_write_data_r_reg[4] extra_write_data_r_reg_4_
a25_wishbone_0 cell extra_write_data_r_reg[5] extra_write_data_r_reg_5_
a25_wishbone_0 cell extra_write_data_r_reg[6] extra_write_data_r_reg_6_
a25_wishbone_0 cell extra_write_data_r_reg[7] extra_write_data_r_reg_7_
a25_wishbone_0 cell extra_write_data_r_reg[8] extra_write_data_r_reg_8_
a25_wishbone_0 cell extra_write_data_r_reg[9] extra_write_data_r_reg_9_
a25_wishbone_0 cell extra_write_data_r_reg[11] extra_write_data_r_reg_11_
a25_wishbone_0 cell extra_write_data_r_reg[12] extra_write_data_r_reg_12_
a25_wishbone_0 cell extra_write_data_r_reg[13] extra_write_data_r_reg_13_
a25_wishbone_0 cell extra_write_data_r_reg[14] extra_write_data_r_reg_14_
a25_wishbone_0 cell extra_write_data_r_reg[15] extra_write_data_r_reg_15_
a25_wishbone_0 cell extra_write_data_r_reg[16] extra_write_data_r_reg_16_
a25_wishbone_0 cell extra_write_data_r_reg[17] extra_write_data_r_reg_17_
a25_wishbone_0 cell extra_write_data_r_reg[18] extra_write_data_r_reg_18_
a25_wishbone_0 cell extra_write_data_r_reg[19] extra_write_data_r_reg_19_
a25_wishbone_0 cell extra_write_data_r_reg[20] extra_write_data_r_reg_20_
a25_wishbone_0 cell extra_write_data_r_reg[21] extra_write_data_r_reg_21_
a25_wishbone_0 cell extra_write_data_r_reg[22] extra_write_data_r_reg_22_
a25_wishbone_0 cell extra_write_data_r_reg[23] extra_write_data_r_reg_23_
a25_wishbone_0 cell extra_write_data_r_reg[24] extra_write_data_r_reg_24_
a25_wishbone_0 cell extra_write_data_r_reg[26] extra_write_data_r_reg_26_
a25_wishbone_0 cell extra_write_data_r_reg[27] extra_write_data_r_reg_27_
a25_wishbone_0 cell extra_write_data_r_reg[28] extra_write_data_r_reg_28_
a25_wishbone_0 cell extra_write_data_r_reg[29] extra_write_data_r_reg_29_
a25_wishbone_0 cell extra_write_data_r_reg[30] extra_write_data_r_reg_30_
a25_wishbone_0 cell extra_write_data_r_reg[31] extra_write_data_r_reg_31_
a25_wishbone_0 cell extra_write_address_r_reg[0] extra_write_address_r_reg_0_
a25_wishbone_0 cell extra_write_address_r_reg[2] extra_write_address_r_reg_2_
a25_wishbone_0 cell extra_write_address_r_reg[3] extra_write_address_r_reg_3_
a25_wishbone_0 cell extra_write_address_r_reg[4] extra_write_address_r_reg_4_
a25_wishbone_0 cell extra_write_address_r_reg[5] extra_write_address_r_reg_5_
a25_wishbone_0 cell extra_write_address_r_reg[6] extra_write_address_r_reg_6_
a25_wishbone_0 cell extra_write_address_r_reg[7] extra_write_address_r_reg_7_
a25_wishbone_0 cell extra_write_address_r_reg[8] extra_write_address_r_reg_8_
a25_wishbone_0 cell extra_write_address_r_reg[10] extra_write_address_r_reg_10_
a25_wishbone_0 cell extra_write_address_r_reg[11] extra_write_address_r_reg_11_
a25_wishbone_0 cell extra_write_address_r_reg[12] extra_write_address_r_reg_12_
a25_wishbone_0 cell extra_write_address_r_reg[13] extra_write_address_r_reg_13_
a25_wishbone_0 cell extra_write_address_r_reg[14] extra_write_address_r_reg_14_
a25_wishbone_0 cell extra_write_address_r_reg[15] extra_write_address_r_reg_15_
a25_wishbone_0 cell extra_write_address_r_reg[16] extra_write_address_r_reg_16_
a25_wishbone_0 cell extra_write_address_r_reg[17] extra_write_address_r_reg_17_
a25_wishbone_0 cell extra_write_address_r_reg[18] extra_write_address_r_reg_18_
a25_wishbone_0 cell extra_write_address_r_reg[24] extra_write_address_r_reg_24_
a25_wishbone_0 cell extra_write_address_r_reg[25] extra_write_address_r_reg_25_
a25_wishbone_0 cell extra_write_address_r_reg[26] extra_write_address_r_reg_26_
a25_wishbone_0 cell extra_write_address_r_reg[28] extra_write_address_r_reg_28_
a25_wishbone_0 cell extra_write_address_r_reg[29] extra_write_address_r_reg_29_
a25_wishbone_0 cell extra_write_address_r_reg[31] extra_write_address_r_reg_31_
a25_wishbone_0 cell extra_write_be_r_reg[0] extra_write_be_r_reg_0_
a25_wishbone_0 cell extra_write_be_r_reg[1] extra_write_be_r_reg_1_
a25_wishbone_0 cell extra_write_be_r_reg[2] extra_write_be_r_reg_2_
a25_wishbone_0 cell extra_write_be_r_reg[3] extra_write_be_r_reg_3_
a25_wishbone_0 cell o_wb_sel_reg[0] o_wb_sel_reg_0_
a25_wishbone_0 cell o_wb_sel_reg[3] o_wb_sel_reg_3_
a25_wishbone_0 cell o_wb_sel_reg[2] o_wb_sel_reg_2_
a25_wishbone_0 cell o_wb_sel_reg[1] o_wb_sel_reg_1_
a25_wishbone_0 cell o_wb_adr_reg[31] o_wb_adr_reg_31_
a25_wishbone_0 cell o_wb_adr_reg[30] o_wb_adr_reg_30_
a25_wishbone_0 cell o_wb_adr_reg[29] o_wb_adr_reg_29_
a25_wishbone_0 cell o_wb_adr_reg[28] o_wb_adr_reg_28_
a25_wishbone_0 cell o_wb_adr_reg[26] o_wb_adr_reg_26_
a25_wishbone_0 cell o_wb_adr_reg[25] o_wb_adr_reg_25_
a25_wishbone_0 cell o_wb_adr_reg[24] o_wb_adr_reg_24_
a25_wishbone_0 cell o_wb_adr_reg[23] o_wb_adr_reg_23_
a25_wishbone_0 cell o_wb_adr_reg[22] o_wb_adr_reg_22_
a25_wishbone_0 cell o_wb_adr_reg[21] o_wb_adr_reg_21_
a25_wishbone_0 cell o_wb_adr_reg[20] o_wb_adr_reg_20_
a25_wishbone_0 cell o_wb_adr_reg[19] o_wb_adr_reg_19_
a25_wishbone_0 cell o_wb_adr_reg[18] o_wb_adr_reg_18_
a25_wishbone_0 cell o_wb_adr_reg[17] o_wb_adr_reg_17_
a25_wishbone_0 cell o_wb_adr_reg[16] o_wb_adr_reg_16_
a25_wishbone_0 cell o_wb_adr_reg[15] o_wb_adr_reg_15_
a25_wishbone_0 cell o_wb_adr_reg[14] o_wb_adr_reg_14_
a25_wishbone_0 cell o_wb_adr_reg[13] o_wb_adr_reg_13_
a25_wishbone_0 cell o_wb_adr_reg[11] o_wb_adr_reg_11_
a25_wishbone_0 cell o_wb_adr_reg[10] o_wb_adr_reg_10_
a25_wishbone_0 cell o_wb_adr_reg[9] o_wb_adr_reg_9_
a25_wishbone_0 cell o_wb_adr_reg[8] o_wb_adr_reg_8_
a25_wishbone_0 cell o_wb_adr_reg[7] o_wb_adr_reg_7_
a25_wishbone_0 cell o_wb_adr_reg[6] o_wb_adr_reg_6_
a25_wishbone_0 cell o_wb_adr_reg[5] o_wb_adr_reg_5_
a25_wishbone_0 cell o_wb_adr_reg[4] o_wb_adr_reg_4_
a25_wishbone_0 cell o_wb_adr_reg[0] o_wb_adr_reg_0_
a25_wishbone_0 cell o_wb_adr_reg[1] o_wb_adr_reg_1_
a25_wishbone_0 cell o_wb_adr_reg[2] o_wb_adr_reg_2_
a25_wishbone_0 cell o_wb_adr_reg[3] o_wb_adr_reg_3_
a25_wishbone_0 cell o_wb_dat_reg[0] o_wb_dat_reg_0_
a25_wishbone_0 cell o_wb_dat_reg[31] o_wb_dat_reg_31_
a25_wishbone_0 cell o_wb_dat_reg[30] o_wb_dat_reg_30_
a25_wishbone_0 cell o_wb_dat_reg[29] o_wb_dat_reg_29_
a25_wishbone_0 cell o_wb_dat_reg[27] o_wb_dat_reg_27_
a25_wishbone_0 cell o_wb_dat_reg[26] o_wb_dat_reg_26_
a25_wishbone_0 cell o_wb_dat_reg[25] o_wb_dat_reg_25_
a25_wishbone_0 cell o_wb_dat_reg[24] o_wb_dat_reg_24_
a25_wishbone_0 cell o_wb_dat_reg[23] o_wb_dat_reg_23_
a25_wishbone_0 cell o_wb_dat_reg[22] o_wb_dat_reg_22_
a25_wishbone_0 cell o_wb_dat_reg[21] o_wb_dat_reg_21_
a25_wishbone_0 cell o_wb_dat_reg[20] o_wb_dat_reg_20_
a25_wishbone_0 cell o_wb_dat_reg[19] o_wb_dat_reg_19_
a25_wishbone_0 cell o_wb_dat_reg[18] o_wb_dat_reg_18_
a25_wishbone_0 cell o_wb_dat_reg[17] o_wb_dat_reg_17_
a25_wishbone_0 cell o_wb_dat_reg[16] o_wb_dat_reg_16_
a25_wishbone_0 cell o_wb_dat_reg[15] o_wb_dat_reg_15_
a25_wishbone_0 cell o_wb_dat_reg[14] o_wb_dat_reg_14_
a25_wishbone_0 cell o_wb_dat_reg[12] o_wb_dat_reg_12_
a25_wishbone_0 cell o_wb_dat_reg[11] o_wb_dat_reg_11_
a25_wishbone_0 cell o_wb_dat_reg[10] o_wb_dat_reg_10_
a25_wishbone_0 cell o_wb_dat_reg[9] o_wb_dat_reg_9_
a25_wishbone_0 cell o_wb_dat_reg[8] o_wb_dat_reg_8_
a25_wishbone_0 cell o_wb_dat_reg[7] o_wb_dat_reg_7_
a25_wishbone_0 cell o_wb_dat_reg[6] o_wb_dat_reg_6_
a25_wishbone_0 cell o_wb_dat_reg[5] o_wb_dat_reg_5_
a25_wishbone_0 cell o_wb_dat_reg[4] o_wb_dat_reg_4_
a25_wishbone_0 cell o_wb_dat_reg[3] o_wb_dat_reg_3_
a25_wishbone_0 cell o_wb_dat_reg[2] o_wb_dat_reg_2_
a25_wishbone_0 cell o_wb_dat_reg[1] o_wb_dat_reg_1_
a25_wishbone_0 cell extra_write_address_r_reg[21] extra_write_address_r_reg_21_
a25_wishbone_0 cell extra_write_address_r_reg[27] extra_write_address_r_reg_27_
a25_wishbone_0 cell extra_write_address_r_reg[19] extra_write_address_r_reg_19_
a25_wishbone_0 cell extra_write_address_r_reg[23] extra_write_address_r_reg_23_
a25_wishbone_0 cell extra_write_address_r_reg[22] extra_write_address_r_reg_22_
a25_wishbone_0 cell o_wb_adr_reg[27] o_wb_adr_reg_27_
a25_wishbone_0 cell o_wb_adr_reg[12] o_wb_adr_reg_12_
a25_wishbone_0 cell icache_read_addr_r_reg[24] icache_read_addr_r_reg_24_
a25_wishbone_0 cell icache_read_addr_r_reg[9] icache_read_addr_r_reg_9_
a25_wishbone_0 cell wishbone_st_reg[2] wishbone_st_reg_2_
a25_wishbone_0 cell extra_write_data_r_reg[10] extra_write_data_r_reg_10_
a25_wishbone_0 cell extra_write_data_r_reg[25] extra_write_data_r_reg_25_
a25_wishbone_0 cell extra_write_address_r_reg[9] extra_write_address_r_reg_9_
a25_wishbone_0 cell extra_write_address_r_reg[30] extra_write_address_r_reg_30_
a25_wishbone_0 cell o_wb_dat_reg[28] o_wb_dat_reg_28_
a25_wishbone_0 cell o_wb_dat_reg[13] o_wb_dat_reg_13_
a25_wishbone_0 cell extra_write_address_r_reg[20] extra_write_address_r_reg_20_
a25_wishbone_0 net extra_write_address_r[3] extra_write_address_r_3_
a25_write_back_0 cell mem_read_data_r_reg[31] mem_read_data_r_reg_31_
a25_write_back_0 cell mem_read_data_r_reg[30] mem_read_data_r_reg_30_
a25_write_back_0 cell mem_read_data_r_reg[29] mem_read_data_r_reg_29_
a25_write_back_0 cell mem_read_data_r_reg[28] mem_read_data_r_reg_28_
a25_write_back_0 cell mem_read_data_r_reg[26] mem_read_data_r_reg_26_
a25_write_back_0 cell mem_read_data_r_reg[25] mem_read_data_r_reg_25_
a25_write_back_0 cell mem_read_data_r_reg[23] mem_read_data_r_reg_23_
a25_write_back_0 cell mem_read_data_r_reg[22] mem_read_data_r_reg_22_
a25_write_back_0 cell mem_read_data_r_reg[21] mem_read_data_r_reg_21_
a25_write_back_0 cell mem_read_data_r_reg[20] mem_read_data_r_reg_20_
a25_write_back_0 cell mem_read_data_r_reg[19] mem_read_data_r_reg_19_
a25_write_back_0 cell mem_read_data_r_reg[18] mem_read_data_r_reg_18_
a25_write_back_0 cell mem_read_data_r_reg[17] mem_read_data_r_reg_17_
a25_write_back_0 cell mem_read_data_r_reg[16] mem_read_data_r_reg_16_
a25_write_back_0 cell mem_read_data_r_reg[15] mem_read_data_r_reg_15_
a25_write_back_0 cell mem_read_data_r_reg[14] mem_read_data_r_reg_14_
a25_write_back_0 cell mem_read_data_r_reg[13] mem_read_data_r_reg_13_
a25_write_back_0 cell mem_read_data_r_reg[12] mem_read_data_r_reg_12_
a25_write_back_0 cell mem_read_data_r_reg[10] mem_read_data_r_reg_10_
a25_write_back_0 cell mem_read_data_r_reg[8] mem_read_data_r_reg_8_
a25_write_back_0 cell mem_read_data_r_reg[7] mem_read_data_r_reg_7_
a25_write_back_0 cell mem_read_data_r_reg[6] mem_read_data_r_reg_6_
a25_write_back_0 cell mem_read_data_r_reg[5] mem_read_data_r_reg_5_
a25_write_back_0 cell mem_read_data_r_reg[4] mem_read_data_r_reg_4_
a25_write_back_0 cell mem_read_data_r_reg[3] mem_read_data_r_reg_3_
a25_write_back_0 cell mem_read_data_r_reg[2] mem_read_data_r_reg_2_
a25_write_back_0 cell mem_read_data_r_reg[1] mem_read_data_r_reg_1_
a25_write_back_0 cell mem_read_data_r_reg[0] mem_read_data_r_reg_0_
a25_write_back_0 cell mem_load_rd_r_reg[7] mem_load_rd_r_reg_7_
a25_write_back_0 cell mem_load_rd_r_reg[6] mem_load_rd_r_reg_6_
a25_write_back_0 cell mem_load_rd_r_reg[5] mem_load_rd_r_reg_5_
a25_write_back_0 cell mem_load_rd_r_reg[1] mem_load_rd_r_reg_1_
a25_write_back_0 cell mem_load_rd_r_reg[2] mem_load_rd_r_reg_2_
a25_write_back_0 cell mem_read_data_r_reg[24] mem_read_data_r_reg_24_
a25_write_back_0 cell mem_read_data_r_reg[9] mem_read_data_r_reg_9_
a25_write_back_0 cell mem_read_data_r_reg[27] mem_read_data_r_reg_27_
a25_write_back_0 cell mem_read_data_r_reg[11] mem_read_data_r_reg_11_
a25_write_back_0 cell mem_load_rd_r_reg[4] mem_load_rd_r_reg_4_
eth_register_8_00_0 cell DataOut_reg[7] DataOut_reg_7_
eth_register_8_00_0 cell DataOut_reg[6] DataOut_reg_6_
eth_register_8_00_0 cell DataOut_reg[5] DataOut_reg_5_
eth_register_8_00_0 cell DataOut_reg[4] DataOut_reg_4_
eth_register_8_00_0 cell DataOut_reg[3] DataOut_reg_3_
eth_register_8_00_0 cell DataOut_reg[2] DataOut_reg_2_
eth_register_8_00_0 cell DataOut_reg[0] DataOut_reg_0_
eth_register_8_00_0 cell DataOut_reg[1] DataOut_reg_1_
eth_register_8_00_1 cell DataOut_reg[7] DataOut_reg_7_
eth_register_8_00_1 cell DataOut_reg[6] DataOut_reg_6_
eth_register_8_00_1 cell DataOut_reg[5] DataOut_reg_5_
eth_register_8_00_1 cell DataOut_reg[4] DataOut_reg_4_
eth_register_8_00_1 cell DataOut_reg[3] DataOut_reg_3_
eth_register_8_00_1 cell DataOut_reg[2] DataOut_reg_2_
eth_register_8_00_1 cell DataOut_reg[1] DataOut_reg_1_
eth_register_8_00_1 cell DataOut_reg[0] DataOut_reg_0_
eth_register_8_00_2 cell DataOut_reg[7] DataOut_reg_7_
eth_register_8_00_2 cell DataOut_reg[6] DataOut_reg_6_
eth_register_8_00_2 cell DataOut_reg[5] DataOut_reg_5_
eth_register_8_00_2 cell DataOut_reg[4] DataOut_reg_4_
eth_register_8_00_2 cell DataOut_reg[3] DataOut_reg_3_
eth_register_8_00_2 cell DataOut_reg[1] DataOut_reg_1_
eth_register_8_00_2 cell DataOut_reg[0] DataOut_reg_0_
eth_register_8_00_2 cell DataOut_reg[2] DataOut_reg_2_
eth_register_8_00_3 cell DataOut_reg[7] DataOut_reg_7_
eth_register_8_00_3 cell DataOut_reg[6] DataOut_reg_6_
eth_register_8_00_3 cell DataOut_reg[5] DataOut_reg_5_
eth_register_8_00_3 cell DataOut_reg[4] DataOut_reg_4_
eth_register_8_00_3 cell DataOut_reg[3] DataOut_reg_3_
eth_register_8_00_3 cell DataOut_reg[2] DataOut_reg_2_
eth_register_8_00_3 cell DataOut_reg[1] DataOut_reg_1_
eth_register_8_00_3 cell DataOut_reg[0] DataOut_reg_0_
eth_register_8_00_4 cell DataOut_reg[7] DataOut_reg_7_
eth_register_8_00_4 cell DataOut_reg[6] DataOut_reg_6_
eth_register_8_00_4 cell DataOut_reg[5] DataOut_reg_5_
eth_register_8_00_4 cell DataOut_reg[4] DataOut_reg_4_
eth_register_8_00_4 cell DataOut_reg[2] DataOut_reg_2_
eth_register_8_00_4 cell DataOut_reg[1] DataOut_reg_1_
eth_register_8_00_4 cell DataOut_reg[0] DataOut_reg_0_
eth_register_8_00_4 cell DataOut_reg[3] DataOut_reg_3_
eth_register_8_00_5 cell DataOut_reg[7] DataOut_reg_7_
eth_register_8_00_5 cell DataOut_reg[6] DataOut_reg_6_
eth_register_8_00_5 cell DataOut_reg[5] DataOut_reg_5_
eth_register_8_00_5 cell DataOut_reg[4] DataOut_reg_4_
eth_register_8_00_5 cell DataOut_reg[3] DataOut_reg_3_
eth_register_8_00_5 cell DataOut_reg[2] DataOut_reg_2_
eth_register_8_00_5 cell DataOut_reg[1] DataOut_reg_1_
eth_register_8_00_5 cell DataOut_reg[0] DataOut_reg_0_
eth_register_8_00_6 cell DataOut_reg[7] DataOut_reg_7_
eth_register_8_00_6 cell DataOut_reg[6] DataOut_reg_6_
eth_register_8_00_6 cell DataOut_reg[5] DataOut_reg_5_
eth_register_8_00_6 cell DataOut_reg[3] DataOut_reg_3_
eth_register_8_00_6 cell DataOut_reg[2] DataOut_reg_2_
eth_register_8_00_6 cell DataOut_reg[1] DataOut_reg_1_
eth_register_8_00_6 cell DataOut_reg[0] DataOut_reg_0_
eth_register_8_00_6 cell DataOut_reg[4] DataOut_reg_4_
eth_register_8_00_7 cell DataOut_reg[7] DataOut_reg_7_
eth_register_8_00_7 cell DataOut_reg[6] DataOut_reg_6_
eth_register_8_00_7 cell DataOut_reg[5] DataOut_reg_5_
eth_register_8_00_7 cell DataOut_reg[4] DataOut_reg_4_
eth_register_8_00_7 cell DataOut_reg[3] DataOut_reg_3_
eth_register_8_00_7 cell DataOut_reg[2] DataOut_reg_2_
eth_register_8_00_7 cell DataOut_reg[1] DataOut_reg_1_
eth_register_8_00_7 cell DataOut_reg[0] DataOut_reg_0_
eth_register_8_00_8 cell DataOut_reg[7] DataOut_reg_7_
eth_register_8_00_8 cell DataOut_reg[6] DataOut_reg_6_
eth_register_8_00_8 cell DataOut_reg[4] DataOut_reg_4_
eth_register_8_00_8 cell DataOut_reg[3] DataOut_reg_3_
eth_register_8_00_8 cell DataOut_reg[2] DataOut_reg_2_
eth_register_8_00_8 cell DataOut_reg[1] DataOut_reg_1_
eth_register_8_00_8 cell DataOut_reg[0] DataOut_reg_0_
eth_register_8_00_8 cell DataOut_reg[5] DataOut_reg_5_
eth_register_8_00_9 cell DataOut_reg[7] DataOut_reg_7_
eth_register_8_00_9 cell DataOut_reg[6] DataOut_reg_6_
eth_register_8_00_9 cell DataOut_reg[5] DataOut_reg_5_
eth_register_8_00_9 cell DataOut_reg[4] DataOut_reg_4_
eth_register_8_00_9 cell DataOut_reg[3] DataOut_reg_3_
eth_register_8_00_9 cell DataOut_reg[2] DataOut_reg_2_
eth_register_8_00_9 cell DataOut_reg[1] DataOut_reg_1_
eth_register_8_00_9 cell DataOut_reg[0] DataOut_reg_0_
eth_register_8_00_10 cell DataOut_reg[7] DataOut_reg_7_
eth_register_8_00_10 cell DataOut_reg[5] DataOut_reg_5_
eth_register_8_00_10 cell DataOut_reg[4] DataOut_reg_4_
eth_register_8_00_10 cell DataOut_reg[3] DataOut_reg_3_
eth_register_8_00_10 cell DataOut_reg[2] DataOut_reg_2_
eth_register_8_00_10 cell DataOut_reg[1] DataOut_reg_1_
eth_register_8_00_10 cell DataOut_reg[0] DataOut_reg_0_
eth_register_8_00_10 cell DataOut_reg[6] DataOut_reg_6_
eth_register_8_00_11 cell DataOut_reg[7] DataOut_reg_7_
eth_register_8_00_11 cell DataOut_reg[6] DataOut_reg_6_
eth_register_8_00_11 cell DataOut_reg[5] DataOut_reg_5_
eth_register_8_00_11 cell DataOut_reg[4] DataOut_reg_4_
eth_register_8_00_11 cell DataOut_reg[3] DataOut_reg_3_
eth_register_8_00_11 cell DataOut_reg[2] DataOut_reg_2_
eth_register_8_00_11 cell DataOut_reg[1] DataOut_reg_1_
eth_register_8_00_11 cell DataOut_reg[0] DataOut_reg_0_
eth_register_8_00_12 cell DataOut_reg[6] DataOut_reg_6_
eth_register_8_00_12 cell DataOut_reg[5] DataOut_reg_5_
eth_register_8_00_12 cell DataOut_reg[4] DataOut_reg_4_
eth_register_8_00_12 cell DataOut_reg[3] DataOut_reg_3_
eth_register_8_00_12 cell DataOut_reg[2] DataOut_reg_2_
eth_register_8_00_12 cell DataOut_reg[1] DataOut_reg_1_
eth_register_8_00_12 cell DataOut_reg[0] DataOut_reg_0_
eth_register_8_00_12 cell DataOut_reg[7] DataOut_reg_7_
eth_register_8_00_13 cell DataOut_reg[7] DataOut_reg_7_
eth_register_8_00_13 cell DataOut_reg[6] DataOut_reg_6_
eth_register_8_00_13 cell DataOut_reg[5] DataOut_reg_5_
eth_register_8_00_13 cell DataOut_reg[4] DataOut_reg_4_
eth_register_8_00_13 cell DataOut_reg[3] DataOut_reg_3_
eth_register_8_00_13 cell DataOut_reg[2] DataOut_reg_2_
eth_register_8_00_13 cell DataOut_reg[1] DataOut_reg_1_
eth_register_8_00_13 cell DataOut_reg[0] DataOut_reg_0_
eth_register_8_00_14 cell DataOut_reg[7] DataOut_reg_7_
eth_register_8_00_14 cell DataOut_reg[6] DataOut_reg_6_
eth_register_8_00_14 cell DataOut_reg[5] DataOut_reg_5_
eth_register_8_00_14 cell DataOut_reg[4] DataOut_reg_4_
eth_register_8_00_14 cell DataOut_reg[3] DataOut_reg_3_
eth_register_8_00_14 cell DataOut_reg[2] DataOut_reg_2_
eth_register_8_00_14 cell DataOut_reg[1] DataOut_reg_1_
eth_register_8_00_14 cell DataOut_reg[0] DataOut_reg_0_
eth_register_8_00_15 cell DataOut_reg[7] DataOut_reg_7_
eth_register_8_00_15 cell DataOut_reg[6] DataOut_reg_6_
eth_register_8_00_15 cell DataOut_reg[5] DataOut_reg_5_
eth_register_8_00_15 cell DataOut_reg[4] DataOut_reg_4_
eth_register_8_00_15 cell DataOut_reg[3] DataOut_reg_3_
eth_register_8_00_15 cell DataOut_reg[2] DataOut_reg_2_
eth_register_8_00_15 cell DataOut_reg[0] DataOut_reg_0_
eth_register_8_00_15 cell DataOut_reg[1] DataOut_reg_1_
eth_register_8_00_16 cell DataOut_reg[7] DataOut_reg_7_
eth_register_8_00_16 cell DataOut_reg[5] DataOut_reg_5_
eth_register_8_00_16 cell DataOut_reg[4] DataOut_reg_4_
eth_register_8_00_16 cell DataOut_reg[3] DataOut_reg_3_
eth_register_8_00_16 cell DataOut_reg[2] DataOut_reg_2_
eth_register_8_00_16 cell DataOut_reg[1] DataOut_reg_1_
eth_register_8_00_16 cell DataOut_reg[0] DataOut_reg_0_
eth_register_8_00_16 cell DataOut_reg[6] DataOut_reg_6_
eth_register_8_00_17 cell DataOut_reg[7] DataOut_reg_7_
eth_register_8_00_17 cell DataOut_reg[6] DataOut_reg_6_
eth_register_8_00_17 cell DataOut_reg[5] DataOut_reg_5_
eth_register_8_00_17 cell DataOut_reg[4] DataOut_reg_4_
eth_register_8_00_17 cell DataOut_reg[3] DataOut_reg_3_
eth_register_8_00_17 cell DataOut_reg[1] DataOut_reg_1_
eth_register_8_00_17 cell DataOut_reg[0] DataOut_reg_0_
eth_register_8_00_17 cell DataOut_reg[2] DataOut_reg_2_
eth_register_8_00_18 cell DataOut_reg[6] DataOut_reg_6_
eth_register_8_00_18 cell DataOut_reg[5] DataOut_reg_5_
eth_register_8_00_18 cell DataOut_reg[4] DataOut_reg_4_
eth_register_8_00_18 cell DataOut_reg[3] DataOut_reg_3_
eth_register_8_00_18 cell DataOut_reg[2] DataOut_reg_2_
eth_register_8_00_18 cell DataOut_reg[1] DataOut_reg_1_
eth_register_8_00_18 cell DataOut_reg[0] DataOut_reg_0_
eth_register_8_00_18 cell DataOut_reg[7] DataOut_reg_7_
eth_register_8_00_19 cell DataOut_reg[7] DataOut_reg_7_
eth_register_8_00_19 cell DataOut_reg[6] DataOut_reg_6_
eth_register_8_00_19 cell DataOut_reg[5] DataOut_reg_5_
eth_register_8_00_19 cell DataOut_reg[4] DataOut_reg_4_
eth_register_8_00_19 cell DataOut_reg[2] DataOut_reg_2_
eth_register_8_00_19 cell DataOut_reg[1] DataOut_reg_1_
eth_register_8_00_19 cell DataOut_reg[0] DataOut_reg_0_
eth_register_8_00_19 cell DataOut_reg[3] DataOut_reg_3_
eth_register_7_12_0 cell DataOut_reg[6] DataOut_reg_6_
eth_register_7_12_0 cell DataOut_reg[5] DataOut_reg_5_
eth_register_7_12_0 cell DataOut_reg[4] DataOut_reg_4_
eth_register_7_12_0 cell DataOut_reg[3] DataOut_reg_3_
eth_register_7_12_0 cell DataOut_reg[2] DataOut_reg_2_
eth_register_7_12_0 cell DataOut_reg[1] DataOut_reg_1_
eth_register_7_12_0 cell DataOut_reg[0] DataOut_reg_0_
interrupt_controller_0 cell firq1_enable_reg_reg[29] firq1_enable_reg_reg_29_
interrupt_controller_0 cell firq1_enable_reg_reg[25] firq1_enable_reg_reg_25_
interrupt_controller_0 cell firq1_enable_reg_reg[20] firq1_enable_reg_reg_20_
interrupt_controller_0 cell firq1_enable_reg_reg[17] firq1_enable_reg_reg_17_
interrupt_controller_0 cell firq1_enable_reg_reg[16] firq1_enable_reg_reg_16_
interrupt_controller_0 cell firq1_enable_reg_reg[14] firq1_enable_reg_reg_14_
interrupt_controller_0 cell firq1_enable_reg_reg[10] firq1_enable_reg_reg_10_
interrupt_controller_0 cell firq1_enable_reg_reg[7] firq1_enable_reg_reg_7_
interrupt_controller_0 cell firq1_enable_reg_reg[6] firq1_enable_reg_reg_6_
interrupt_controller_0 cell firq1_enable_reg_reg[5] firq1_enable_reg_reg_5_
interrupt_controller_0 cell firq1_enable_reg_reg[4] firq1_enable_reg_reg_4_
interrupt_controller_0 cell firq1_enable_reg_reg[2] firq1_enable_reg_reg_2_
interrupt_controller_0 cell firq1_enable_reg_reg[0] firq1_enable_reg_reg_0_
interrupt_controller_0 cell firq0_enable_reg_reg[31] firq0_enable_reg_reg_31_
interrupt_controller_0 cell firq0_enable_reg_reg[30] firq0_enable_reg_reg_30_
interrupt_controller_0 cell firq0_enable_reg_reg[29] firq0_enable_reg_reg_29_
interrupt_controller_0 cell firq0_enable_reg_reg[27] firq0_enable_reg_reg_27_
interrupt_controller_0 cell firq0_enable_reg_reg[26] firq0_enable_reg_reg_26_
interrupt_controller_0 cell firq0_enable_reg_reg[25] firq0_enable_reg_reg_25_
interrupt_controller_0 cell firq0_enable_reg_reg[24] firq0_enable_reg_reg_24_
interrupt_controller_0 cell firq0_enable_reg_reg[23] firq0_enable_reg_reg_23_
interrupt_controller_0 cell firq0_enable_reg_reg[22] firq0_enable_reg_reg_22_
interrupt_controller_0 cell firq0_enable_reg_reg[21] firq0_enable_reg_reg_21_
interrupt_controller_0 cell firq0_enable_reg_reg[20] firq0_enable_reg_reg_20_
interrupt_controller_0 cell firq0_enable_reg_reg[19] firq0_enable_reg_reg_19_
interrupt_controller_0 cell firq0_enable_reg_reg[18] firq0_enable_reg_reg_18_
interrupt_controller_0 cell firq0_enable_reg_reg[17] firq0_enable_reg_reg_17_
interrupt_controller_0 cell firq0_enable_reg_reg[16] firq0_enable_reg_reg_16_
interrupt_controller_0 cell firq0_enable_reg_reg[15] firq0_enable_reg_reg_15_
interrupt_controller_0 cell firq0_enable_reg_reg[14] firq0_enable_reg_reg_14_
interrupt_controller_0 cell firq0_enable_reg_reg[12] firq0_enable_reg_reg_12_
interrupt_controller_0 cell firq0_enable_reg_reg[11] firq0_enable_reg_reg_11_
interrupt_controller_0 cell firq0_enable_reg_reg[10] firq0_enable_reg_reg_10_
interrupt_controller_0 cell firq0_enable_reg_reg[9] firq0_enable_reg_reg_9_
interrupt_controller_0 cell firq0_enable_reg_reg[7] firq0_enable_reg_reg_7_
interrupt_controller_0 cell firq0_enable_reg_reg[6] firq0_enable_reg_reg_6_
interrupt_controller_0 cell firq0_enable_reg_reg[5] firq0_enable_reg_reg_5_
interrupt_controller_0 cell firq0_enable_reg_reg[4] firq0_enable_reg_reg_4_
interrupt_controller_0 cell firq0_enable_reg_reg[3] firq0_enable_reg_reg_3_
interrupt_controller_0 cell firq0_enable_reg_reg[2] firq0_enable_reg_reg_2_
interrupt_controller_0 cell firq0_enable_reg_reg[1] firq0_enable_reg_reg_1_
interrupt_controller_0 cell firq0_enable_reg_reg[0] firq0_enable_reg_reg_0_
interrupt_controller_0 cell irq1_enable_reg_reg[29] irq1_enable_reg_reg_29_
interrupt_controller_0 cell irq1_enable_reg_reg[25] irq1_enable_reg_reg_25_
interrupt_controller_0 cell irq1_enable_reg_reg[20] irq1_enable_reg_reg_20_
interrupt_controller_0 cell irq1_enable_reg_reg[17] irq1_enable_reg_reg_17_
interrupt_controller_0 cell irq1_enable_reg_reg[16] irq1_enable_reg_reg_16_
interrupt_controller_0 cell irq1_enable_reg_reg[14] irq1_enable_reg_reg_14_
interrupt_controller_0 cell irq1_enable_reg_reg[10] irq1_enable_reg_reg_10_
interrupt_controller_0 cell irq1_enable_reg_reg[7] irq1_enable_reg_reg_7_
interrupt_controller_0 cell irq1_enable_reg_reg[6] irq1_enable_reg_reg_6_
interrupt_controller_0 cell irq1_enable_reg_reg[5] irq1_enable_reg_reg_5_
interrupt_controller_0 cell irq1_enable_reg_reg[4] irq1_enable_reg_reg_4_
interrupt_controller_0 cell irq1_enable_reg_reg[2] irq1_enable_reg_reg_2_
interrupt_controller_0 cell irq1_enable_reg_reg[0] irq1_enable_reg_reg_0_
interrupt_controller_0 cell irq0_enable_reg_reg[29] irq0_enable_reg_reg_29_
interrupt_controller_0 cell irq0_enable_reg_reg[25] irq0_enable_reg_reg_25_
interrupt_controller_0 cell irq0_enable_reg_reg[20] irq0_enable_reg_reg_20_
interrupt_controller_0 cell irq0_enable_reg_reg[17] irq0_enable_reg_reg_17_
interrupt_controller_0 cell irq0_enable_reg_reg[16] irq0_enable_reg_reg_16_
interrupt_controller_0 cell irq0_enable_reg_reg[14] irq0_enable_reg_reg_14_
interrupt_controller_0 cell irq0_enable_reg_reg[10] irq0_enable_reg_reg_10_
interrupt_controller_0 cell irq0_enable_reg_reg[7] irq0_enable_reg_reg_7_
interrupt_controller_0 cell irq0_enable_reg_reg[6] irq0_enable_reg_reg_6_
interrupt_controller_0 cell irq0_enable_reg_reg[5] irq0_enable_reg_reg_5_
interrupt_controller_0 cell irq0_enable_reg_reg[4] irq0_enable_reg_reg_4_
interrupt_controller_0 cell irq0_enable_reg_reg[2] irq0_enable_reg_reg_2_
interrupt_controller_0 cell irq0_enable_reg_reg[0] irq0_enable_reg_reg_0_
interrupt_controller_0 cell wb_rdata_reg[29] wb_rdata_reg_29_
interrupt_controller_0 cell wb_rdata_reg[25] wb_rdata_reg_25_
interrupt_controller_0 cell wb_rdata_reg[21] wb_rdata_reg_21_
interrupt_controller_0 cell wb_rdata_reg[17] wb_rdata_reg_17_
interrupt_controller_0 cell wb_rdata_reg[16] wb_rdata_reg_16_
interrupt_controller_0 cell wb_rdata_reg[14] wb_rdata_reg_14_
interrupt_controller_0 cell wb_rdata_reg[10] wb_rdata_reg_10_
interrupt_controller_0 cell wb_rdata_reg[8] wb_rdata_reg_8_
interrupt_controller_0 cell wb_rdata_reg[7] wb_rdata_reg_7_
interrupt_controller_0 cell wb_rdata_reg[6] wb_rdata_reg_6_
interrupt_controller_0 cell wb_rdata_reg[5] wb_rdata_reg_5_
interrupt_controller_0 cell wb_rdata_reg[4] wb_rdata_reg_4_
interrupt_controller_0 cell wb_rdata_reg[2] wb_rdata_reg_2_
interrupt_controller_0 cell wb_rdata_reg[0] wb_rdata_reg_0_
interrupt_controller_0 cell wb_rdata_reg[30] wb_rdata_reg_30_
interrupt_controller_0 cell wb_rdata_reg[28] wb_rdata_reg_28_
interrupt_controller_0 cell wb_rdata_reg[27] wb_rdata_reg_27_
interrupt_controller_0 cell wb_rdata_reg[24] wb_rdata_reg_24_
interrupt_controller_0 cell wb_rdata_reg[23] wb_rdata_reg_23_
interrupt_controller_0 cell wb_rdata_reg[22] wb_rdata_reg_22_
interrupt_controller_0 cell wb_rdata_reg[19] wb_rdata_reg_19_
interrupt_controller_0 cell wb_rdata_reg[18] wb_rdata_reg_18_
interrupt_controller_0 cell wb_rdata_reg[15] wb_rdata_reg_15_
interrupt_controller_0 cell wb_rdata_reg[13] wb_rdata_reg_13_
interrupt_controller_0 cell wb_rdata_reg[12] wb_rdata_reg_12_
interrupt_controller_0 cell wb_rdata_reg[11] wb_rdata_reg_11_
interrupt_controller_0 cell wb_rdata_reg[9] wb_rdata_reg_9_
interrupt_controller_0 cell wb_rdata_reg[3] wb_rdata_reg_3_
interrupt_controller_0 cell wb_rdata_reg[1] wb_rdata_reg_1_
interrupt_controller_0 cell firq1_enable_reg_reg[31] firq1_enable_reg_reg_31_
interrupt_controller_0 cell irq1_enable_reg_reg[30] irq1_enable_reg_reg_30_
interrupt_controller_0 cell irq1_enable_reg_reg[27] irq1_enable_reg_reg_27_
interrupt_controller_0 cell irq1_enable_reg_reg[26] irq1_enable_reg_reg_26_
interrupt_controller_0 cell irq1_enable_reg_reg[24] irq1_enable_reg_reg_24_
interrupt_controller_0 cell irq1_enable_reg_reg[23] irq1_enable_reg_reg_23_
interrupt_controller_0 cell irq1_enable_reg_reg[22] irq1_enable_reg_reg_22_
interrupt_controller_0 cell irq1_enable_reg_reg[19] irq1_enable_reg_reg_19_
interrupt_controller_0 cell irq1_enable_reg_reg[18] irq1_enable_reg_reg_18_
interrupt_controller_0 cell irq1_enable_reg_reg[15] irq1_enable_reg_reg_15_
interrupt_controller_0 cell irq1_enable_reg_reg[13] irq1_enable_reg_reg_13_
interrupt_controller_0 cell irq1_enable_reg_reg[12] irq1_enable_reg_reg_12_
interrupt_controller_0 cell irq1_enable_reg_reg[11] irq1_enable_reg_reg_11_
interrupt_controller_0 cell irq1_enable_reg_reg[9] irq1_enable_reg_reg_9_
interrupt_controller_0 cell irq1_enable_reg_reg[3] irq1_enable_reg_reg_3_
interrupt_controller_0 cell irq1_enable_reg_reg[1] irq1_enable_reg_reg_1_
interrupt_controller_0 cell wb_rdata_reg[31] wb_rdata_reg_31_
interrupt_controller_0 cell firq1_enable_reg_reg[30] firq1_enable_reg_reg_30_
interrupt_controller_0 cell firq1_enable_reg_reg[28] firq1_enable_reg_reg_28_
interrupt_controller_0 cell firq1_enable_reg_reg[27] firq1_enable_reg_reg_27_
interrupt_controller_0 cell firq1_enable_reg_reg[26] firq1_enable_reg_reg_26_
interrupt_controller_0 cell firq1_enable_reg_reg[24] firq1_enable_reg_reg_24_
interrupt_controller_0 cell firq1_enable_reg_reg[23] firq1_enable_reg_reg_23_
interrupt_controller_0 cell firq1_enable_reg_reg[22] firq1_enable_reg_reg_22_
interrupt_controller_0 cell firq1_enable_reg_reg[19] firq1_enable_reg_reg_19_
interrupt_controller_0 cell firq1_enable_reg_reg[18] firq1_enable_reg_reg_18_
interrupt_controller_0 cell firq1_enable_reg_reg[15] firq1_enable_reg_reg_15_
interrupt_controller_0 cell firq1_enable_reg_reg[13] firq1_enable_reg_reg_13_
interrupt_controller_0 cell firq1_enable_reg_reg[12] firq1_enable_reg_reg_12_
interrupt_controller_0 cell firq1_enable_reg_reg[11] firq1_enable_reg_reg_11_
interrupt_controller_0 cell firq1_enable_reg_reg[3] firq1_enable_reg_reg_3_
interrupt_controller_0 cell firq1_enable_reg_reg[1] firq1_enable_reg_reg_1_
interrupt_controller_0 cell irq1_enable_reg_reg[31] irq1_enable_reg_reg_31_
interrupt_controller_0 cell irq0_enable_reg_reg[30] irq0_enable_reg_reg_30_
interrupt_controller_0 cell irq0_enable_reg_reg[28] irq0_enable_reg_reg_28_
interrupt_controller_0 cell irq0_enable_reg_reg[27] irq0_enable_reg_reg_27_
interrupt_controller_0 cell irq0_enable_reg_reg[26] irq0_enable_reg_reg_26_
interrupt_controller_0 cell irq0_enable_reg_reg[24] irq0_enable_reg_reg_24_
interrupt_controller_0 cell irq0_enable_reg_reg[23] irq0_enable_reg_reg_23_
interrupt_controller_0 cell irq0_enable_reg_reg[22] irq0_enable_reg_reg_22_
interrupt_controller_0 cell irq0_enable_reg_reg[19] irq0_enable_reg_reg_19_
interrupt_controller_0 cell irq0_enable_reg_reg[18] irq0_enable_reg_reg_18_
interrupt_controller_0 cell irq0_enable_reg_reg[15] irq0_enable_reg_reg_15_
interrupt_controller_0 cell irq0_enable_reg_reg[13] irq0_enable_reg_reg_13_
interrupt_controller_0 cell irq0_enable_reg_reg[11] irq0_enable_reg_reg_11_
interrupt_controller_0 cell irq0_enable_reg_reg[9] irq0_enable_reg_reg_9_
interrupt_controller_0 cell irq0_enable_reg_reg[3] irq0_enable_reg_reg_3_
interrupt_controller_0 cell irq0_enable_reg_reg[1] irq0_enable_reg_reg_1_
interrupt_controller_0 cell firq0_enable_reg_reg[8] firq0_enable_reg_reg_8_
interrupt_controller_0 cell irq0_enable_reg_reg[8] irq0_enable_reg_reg_8_
interrupt_controller_0 cell firq1_enable_reg_reg[8] firq1_enable_reg_reg_8_
interrupt_controller_0 cell irq1_enable_reg_reg[8] irq1_enable_reg_reg_8_
interrupt_controller_0 cell firq1_enable_reg_reg[21] firq1_enable_reg_reg_21_
interrupt_controller_0 cell firq0_enable_reg_reg[28] firq0_enable_reg_reg_28_
interrupt_controller_0 cell firq0_enable_reg_reg[13] firq0_enable_reg_reg_13_
interrupt_controller_0 cell irq1_enable_reg_reg[21] irq1_enable_reg_reg_21_
interrupt_controller_0 cell irq0_enable_reg_reg[21] irq0_enable_reg_reg_21_
interrupt_controller_0 cell wb_rdata_reg[20] wb_rdata_reg_20_
interrupt_controller_0 cell wb_rdata_reg[26] wb_rdata_reg_26_
interrupt_controller_0 cell irq1_enable_reg_reg[28] irq1_enable_reg_reg_28_
interrupt_controller_0 cell irq0_enable_reg_reg[31] irq0_enable_reg_reg_31_
interrupt_controller_0 cell firq1_enable_reg_reg[9] firq1_enable_reg_reg_9_
interrupt_controller_0 cell irq0_enable_reg_reg[12] irq0_enable_reg_reg_12_
eth_register_5_00_0 cell DataOut_reg[4] DataOut_reg_4_
eth_register_5_00_0 cell DataOut_reg[3] DataOut_reg_3_
eth_register_5_00_0 cell DataOut_reg[2] DataOut_reg_2_
eth_register_5_00_0 cell DataOut_reg[1] DataOut_reg_1_
eth_register_5_00_0 cell DataOut_reg[0] DataOut_reg_0_
a25_icache_0 cell rams[0].myram rams_0__myram
a25_icache_0 cell rams[1].myram rams_1__myram
a25_icache_0 cell rams[2].myram rams_2__myram
a25_icache_0 cell rams[3].myram rams_3__myram
a25_icache_0 cell address_r_reg[29] address_r_reg_29_
a25_icache_0 cell address_r_reg[28] address_r_reg_28_
a25_icache_0 cell address_r_reg[27] address_r_reg_27_
a25_icache_0 cell address_r_reg[26] address_r_reg_26_
a25_icache_0 cell address_r_reg[25] address_r_reg_25_
a25_icache_0 cell address_r_reg[24] address_r_reg_24_
a25_icache_0 cell address_r_reg[23] address_r_reg_23_
a25_icache_0 cell address_r_reg[22] address_r_reg_22_
a25_icache_0 cell address_r_reg[21] address_r_reg_21_
a25_icache_0 cell address_r_reg[20] address_r_reg_20_
a25_icache_0 cell address_r_reg[19] address_r_reg_19_
a25_icache_0 cell address_r_reg[18] address_r_reg_18_
a25_icache_0 cell address_r_reg[16] address_r_reg_16_
a25_icache_0 cell address_r_reg[15] address_r_reg_15_
a25_icache_0 cell address_r_reg[14] address_r_reg_14_
a25_icache_0 cell address_r_reg[13] address_r_reg_13_
a25_icache_0 cell address_r_reg[12] address_r_reg_12_
a25_icache_0 cell address_r_reg[11] address_r_reg_11_
a25_icache_0 cell address_r_reg[10] address_r_reg_10_
a25_icache_0 cell address_r_reg[9] address_r_reg_9_
a25_icache_0 cell address_r_reg[8] address_r_reg_8_
a25_icache_0 cell address_r_reg[7] address_r_reg_7_
a25_icache_0 cell address_r_reg[6] address_r_reg_6_
a25_icache_0 cell address_r_reg[5] address_r_reg_5_
a25_icache_0 cell address_r_reg[4] address_r_reg_4_
a25_icache_0 cell address_r_reg[3] address_r_reg_3_
a25_icache_0 cell address_r_reg[1] address_r_reg_1_
a25_icache_0 cell address_r_reg[0] address_r_reg_0_
a25_icache_0 cell valid_bits_r_reg[0] valid_bits_r_reg_0_
a25_icache_0 cell select_way_reg[2] select_way_reg_2_
a25_icache_0 cell c_state_reg[1] c_state_reg_1_
a25_icache_0 cell c_state_reg[0] c_state_reg_0_
a25_icache_0 cell init_count_reg[8] init_count_reg_8_
a25_icache_0 cell init_count_reg[0] init_count_reg_0_
a25_icache_0 cell init_count_reg[7] init_count_reg_7_
a25_icache_0 cell init_count_reg[6] init_count_reg_6_
a25_icache_0 cell init_count_reg[5] init_count_reg_5_
a25_icache_0 cell init_count_reg[4] init_count_reg_4_
a25_icache_0 cell init_count_reg[3] init_count_reg_3_
a25_icache_0 cell init_count_reg[2] init_count_reg_2_
a25_icache_0 cell random_num_reg[2] random_num_reg_2_
a25_icache_0 cell random_num_reg[3] random_num_reg_3_
a25_icache_0 cell random_num_reg[0] random_num_reg_0_
a25_icache_0 cell random_num_reg[1] random_num_reg_1_
a25_icache_0 cell valid_bits_r_reg[2] valid_bits_r_reg_2_
a25_icache_0 cell miss_address_reg[5] miss_address_reg_5_
a25_icache_0 cell miss_address_reg[6] miss_address_reg_6_
a25_icache_0 cell miss_address_reg[7] miss_address_reg_7_
a25_icache_0 cell miss_address_reg[8] miss_address_reg_8_
a25_icache_0 cell miss_address_reg[9] miss_address_reg_9_
a25_icache_0 cell miss_address_reg[10] miss_address_reg_10_
a25_icache_0 cell miss_address_reg[11] miss_address_reg_11_
a25_icache_0 cell miss_address_reg[12] miss_address_reg_12_
a25_icache_0 cell miss_address_reg[13] miss_address_reg_13_
a25_icache_0 cell miss_address_reg[15] miss_address_reg_15_
a25_icache_0 cell miss_address_reg[16] miss_address_reg_16_
a25_icache_0 cell miss_address_reg[17] miss_address_reg_17_
a25_icache_0 cell miss_address_reg[18] miss_address_reg_18_
a25_icache_0 cell miss_address_reg[19] miss_address_reg_19_
a25_icache_0 cell miss_address_reg[20] miss_address_reg_20_
a25_icache_0 cell miss_address_reg[21] miss_address_reg_21_
a25_icache_0 cell miss_address_reg[22] miss_address_reg_22_
a25_icache_0 cell miss_address_reg[23] miss_address_reg_23_
a25_icache_0 cell miss_address_reg[24] miss_address_reg_24_
a25_icache_0 cell miss_address_reg[25] miss_address_reg_25_
a25_icache_0 cell miss_address_reg[26] miss_address_reg_26_
a25_icache_0 cell miss_address_reg[27] miss_address_reg_27_
a25_icache_0 cell miss_address_reg[28] miss_address_reg_28_
a25_icache_0 cell miss_address_reg[30] miss_address_reg_30_
a25_icache_0 cell miss_address_reg[31] miss_address_reg_31_
a25_icache_0 cell miss_address_reg[4] miss_address_reg_4_
a25_icache_0 cell source_sel_reg[2] source_sel_reg_2_
a25_icache_0 cell valid_bits_r_reg[3] valid_bits_r_reg_3_
a25_icache_0 cell select_way_reg[0] select_way_reg_0_
a25_icache_0 cell select_way_reg[1] select_way_reg_1_
a25_icache_0 cell valid_bits_r_reg[1] valid_bits_r_reg_1_
a25_icache_0 cell select_way_reg[3] select_way_reg_3_
a25_icache_0 cell wb_address_reg[2] wb_address_reg_2_
a25_icache_0 cell wb_address_reg[0] wb_address_reg_0_
a25_icache_0 cell wb_address_reg[3] wb_address_reg_3_
a25_icache_0 cell wb_address_reg[31] wb_address_reg_31_
a25_icache_0 cell wb_address_reg[29] wb_address_reg_29_
a25_icache_0 cell wb_address_reg[28] wb_address_reg_28_
a25_icache_0 cell wb_address_reg[27] wb_address_reg_27_
a25_icache_0 cell wb_address_reg[26] wb_address_reg_26_
a25_icache_0 cell wb_address_reg[25] wb_address_reg_25_
a25_icache_0 cell wb_address_reg[24] wb_address_reg_24_
a25_icache_0 cell wb_address_reg[23] wb_address_reg_23_
a25_icache_0 cell wb_address_reg[22] wb_address_reg_22_
a25_icache_0 cell wb_address_reg[21] wb_address_reg_21_
a25_icache_0 cell wb_address_reg[20] wb_address_reg_20_
a25_icache_0 cell wb_address_reg[19] wb_address_reg_19_
a25_icache_0 cell wb_address_reg[18] wb_address_reg_18_
a25_icache_0 cell wb_address_reg[17] wb_address_reg_17_
a25_icache_0 cell wb_address_reg[16] wb_address_reg_16_
a25_icache_0 cell wb_address_reg[14] wb_address_reg_14_
a25_icache_0 cell wb_address_reg[13] wb_address_reg_13_
a25_icache_0 cell wb_address_reg[12] wb_address_reg_12_
a25_icache_0 cell wb_address_reg[11] wb_address_reg_11_
a25_icache_0 cell wb_address_reg[10] wb_address_reg_10_
a25_icache_0 cell wb_address_reg[9] wb_address_reg_9_
a25_icache_0 cell wb_address_reg[8] wb_address_reg_8_
a25_icache_0 cell wb_address_reg[7] wb_address_reg_7_
a25_icache_0 cell wb_address_reg[6] wb_address_reg_6_
a25_icache_0 cell wb_address_reg[5] wb_address_reg_5_
a25_icache_0 cell wb_address_reg[4] wb_address_reg_4_
a25_icache_0 cell source_sel_reg[0] source_sel_reg_0_
a25_icache_0 cell c_state_reg[3] c_state_reg_3_
a25_icache_0 cell c_state_reg[2] c_state_reg_2_
a25_icache_0 cell address_r_reg[17] address_r_reg_17_
a25_icache_0 cell address_r_reg[2] address_r_reg_2_
a25_icache_0 cell init_count_reg[1] init_count_reg_1_
a25_icache_0 cell miss_address_reg[14] miss_address_reg_14_
a25_icache_0 cell miss_address_reg[29] miss_address_reg_29_
a25_icache_0 cell wb_address_reg[30] wb_address_reg_30_
a25_icache_0 cell wb_address_reg[15] wb_address_reg_15_
a25_icache_0 cell address_r_reg[30] address_r_reg_30_
a25_icache_0 net tag_rdata_way[3][20] tag_rdata_way[83]
a25_icache_0 net tag_rdata_way[3][19] tag_rdata_way[82]
a25_icache_0 net tag_rdata_way[3][18] tag_rdata_way[81]
a25_icache_0 net tag_rdata_way[3][17] tag_rdata_way[80]
a25_icache_0 net tag_rdata_way[3][16] tag_rdata_way[79]
a25_icache_0 net tag_rdata_way[3][15] tag_rdata_way[78]
a25_icache_0 net tag_rdata_way[3][14] tag_rdata_way[77]
a25_icache_0 net tag_rdata_way[3][13] tag_rdata_way[76]
a25_icache_0 net tag_rdata_way[3][12] tag_rdata_way[75]
a25_icache_0 net tag_rdata_way[3][11] tag_rdata_way[74]
a25_icache_0 net tag_rdata_way[3][10] tag_rdata_way[73]
a25_icache_0 net tag_rdata_way[3][9] tag_rdata_way[72]
a25_icache_0 net tag_rdata_way[3][8] tag_rdata_way[71]
a25_icache_0 net tag_rdata_way[3][7] tag_rdata_way[70]
a25_icache_0 net tag_rdata_way[3][6] tag_rdata_way[69]
a25_icache_0 net tag_rdata_way[3][5] tag_rdata_way[68]
a25_icache_0 net tag_rdata_way[3][4] tag_rdata_way[67]
a25_icache_0 net tag_rdata_way[3][3] tag_rdata_way[66]
a25_icache_0 net tag_rdata_way[3][2] tag_rdata_way[65]
a25_icache_0 net tag_rdata_way[3][1] tag_rdata_way[64]
a25_icache_0 net tag_rdata_way[3][0] tag_rdata_way[63]
a25_icache_0 net tag_rdata_way[2][20] tag_rdata_way[62]
a25_icache_0 net tag_rdata_way[2][19] tag_rdata_way[61]
a25_icache_0 net tag_rdata_way[2][18] tag_rdata_way[60]
a25_icache_0 net tag_rdata_way[2][17] tag_rdata_way[59]
a25_icache_0 net tag_rdata_way[2][16] tag_rdata_way[58]
a25_icache_0 net tag_rdata_way[2][15] tag_rdata_way[57]
a25_icache_0 net tag_rdata_way[2][14] tag_rdata_way[56]
a25_icache_0 net tag_rdata_way[2][13] tag_rdata_way[55]
a25_icache_0 net tag_rdata_way[2][12] tag_rdata_way[54]
a25_icache_0 net tag_rdata_way[2][11] tag_rdata_way[53]
a25_icache_0 net tag_rdata_way[2][10] tag_rdata_way[52]
a25_icache_0 net tag_rdata_way[2][9] tag_rdata_way[51]
a25_icache_0 net tag_rdata_way[2][8] tag_rdata_way[50]
a25_icache_0 net tag_rdata_way[2][7] tag_rdata_way[49]
a25_icache_0 net tag_rdata_way[2][6] tag_rdata_way[48]
a25_icache_0 net tag_rdata_way[2][5] tag_rdata_way[47]
a25_icache_0 net tag_rdata_way[2][4] tag_rdata_way[46]
a25_icache_0 net tag_rdata_way[2][3] tag_rdata_way[45]
a25_icache_0 net tag_rdata_way[2][2] tag_rdata_way[44]
a25_icache_0 net tag_rdata_way[2][1] tag_rdata_way[43]
a25_icache_0 net tag_rdata_way[2][0] tag_rdata_way[42]
a25_icache_0 net tag_rdata_way[1][20] tag_rdata_way[41]
a25_icache_0 net tag_rdata_way[1][19] tag_rdata_way[40]
a25_icache_0 net tag_rdata_way[1][18] tag_rdata_way[39]
a25_icache_0 net tag_rdata_way[1][17] tag_rdata_way[38]
a25_icache_0 net tag_rdata_way[1][16] tag_rdata_way[37]
a25_icache_0 net tag_rdata_way[1][15] tag_rdata_way[36]
a25_icache_0 net tag_rdata_way[1][14] tag_rdata_way[35]
a25_icache_0 net tag_rdata_way[1][13] tag_rdata_way[34]
a25_icache_0 net tag_rdata_way[1][12] tag_rdata_way[33]
a25_icache_0 net tag_rdata_way[1][11] tag_rdata_way[32]
a25_icache_0 net tag_rdata_way[1][10] tag_rdata_way[31]
a25_icache_0 net tag_rdata_way[1][9] tag_rdata_way[30]
a25_icache_0 net tag_rdata_way[1][8] tag_rdata_way[29]
a25_icache_0 net tag_rdata_way[1][7] tag_rdata_way[28]
a25_icache_0 net tag_rdata_way[1][6] tag_rdata_way[27]
a25_icache_0 net tag_rdata_way[1][5] tag_rdata_way[26]
a25_icache_0 net tag_rdata_way[1][4] tag_rdata_way[25]
a25_icache_0 net tag_rdata_way[1][3] tag_rdata_way[24]
a25_icache_0 net tag_rdata_way[1][2] tag_rdata_way[23]
a25_icache_0 net tag_rdata_way[1][1] tag_rdata_way[22]
a25_icache_0 net tag_rdata_way[1][0] tag_rdata_way[21]
a25_icache_0 net tag_rdata_way[0][20] tag_rdata_way[20]
a25_icache_0 net tag_rdata_way[0][19] tag_rdata_way[19]
a25_icache_0 net tag_rdata_way[0][18] tag_rdata_way[18]
a25_icache_0 net tag_rdata_way[0][17] tag_rdata_way[17]
a25_icache_0 net tag_rdata_way[0][16] tag_rdata_way[16]
a25_icache_0 net tag_rdata_way[0][15] tag_rdata_way[15]
a25_icache_0 net tag_rdata_way[0][14] tag_rdata_way[14]
a25_icache_0 net tag_rdata_way[0][13] tag_rdata_way[13]
a25_icache_0 net tag_rdata_way[0][12] tag_rdata_way[12]
a25_icache_0 net tag_rdata_way[0][11] tag_rdata_way[11]
a25_icache_0 net tag_rdata_way[0][10] tag_rdata_way[10]
a25_icache_0 net tag_rdata_way[0][9] tag_rdata_way[9]
a25_icache_0 net tag_rdata_way[0][8] tag_rdata_way[8]
a25_icache_0 net tag_rdata_way[0][7] tag_rdata_way[7]
a25_icache_0 net tag_rdata_way[0][6] tag_rdata_way[6]
a25_icache_0 net tag_rdata_way[0][5] tag_rdata_way[5]
a25_icache_0 net tag_rdata_way[0][4] tag_rdata_way[4]
a25_icache_0 net tag_rdata_way[0][3] tag_rdata_way[3]
a25_icache_0 net tag_rdata_way[0][2] tag_rdata_way[2]
a25_icache_0 net tag_rdata_way[0][1] tag_rdata_way[1]
a25_icache_0 net tag_rdata_way[0][0] tag_rdata_way[0]
a25_icache_0 net c_state[3] c_state_3_
eth_register_1_0_1 cell DataOut_reg[0] DataOut_reg_0_
eth_register_1_0_1 net DataOut[0] DataOut
eth_register_1_0_1 net DataIn[0] DataIn
a25_alu_0 net N86 o_flags[2]
eth_register_WIDTH1_RESET_VALUE0_0 cell DataOut_reg[0] DataOut_reg_0_
eth_register_WIDTH1_RESET_VALUE0_0 net DataOut[0] DataOut
eth_register_WIDTH1_RESET_VALUE0_0 net DataIn[0] DataIn
a25_multiply_0 cell count_reg[0] count_reg_0_
a25_multiply_0 cell count_reg[1] count_reg_1_
a25_multiply_0 cell count_reg[2] count_reg_2_
a25_multiply_0 cell count_reg[4] count_reg_4_
a25_multiply_0 cell count_reg[5] count_reg_5_
a25_multiply_0 cell product_reg[33] product_reg_33_
a25_multiply_0 cell product_reg[31] product_reg_31_
a25_multiply_0 cell product_reg[30] product_reg_30_
a25_multiply_0 cell product_reg[28] product_reg_28_
a25_multiply_0 cell product_reg[27] product_reg_27_
a25_multiply_0 cell product_reg[26] product_reg_26_
a25_multiply_0 cell product_reg[25] product_reg_25_
a25_multiply_0 cell product_reg[24] product_reg_24_
a25_multiply_0 cell product_reg[23] product_reg_23_
a25_multiply_0 cell product_reg[22] product_reg_22_
a25_multiply_0 cell product_reg[21] product_reg_21_
a25_multiply_0 cell product_reg[18] product_reg_18_
a25_multiply_0 cell product_reg[17] product_reg_17_
a25_multiply_0 cell product_reg[16] product_reg_16_
a25_multiply_0 cell product_reg[15] product_reg_15_
a25_multiply_0 cell product_reg[14] product_reg_14_
a25_multiply_0 cell product_reg[13] product_reg_13_
a25_multiply_0 cell product_reg[12] product_reg_12_
a25_multiply_0 cell product_reg[11] product_reg_11_
a25_multiply_0 cell product_reg[10] product_reg_10_
a25_multiply_0 cell product_reg[9] product_reg_9_
a25_multiply_0 cell product_reg[8] product_reg_8_
a25_multiply_0 cell product_reg[7] product_reg_7_
a25_multiply_0 cell product_reg[6] product_reg_6_
a25_multiply_0 cell product_reg[5] product_reg_5_
a25_multiply_0 cell product_reg[2] product_reg_2_
a25_multiply_0 cell product_reg[1] product_reg_1_
a25_multiply_0 cell product_reg[0] product_reg_0_
a25_multiply_0 cell product_reg[34] product_reg_34_
a25_multiply_0 cell product_reg[35] product_reg_35_
a25_multiply_0 cell product_reg[36] product_reg_36_
a25_multiply_0 cell product_reg[37] product_reg_37_
a25_multiply_0 cell product_reg[38] product_reg_38_
a25_multiply_0 cell product_reg[39] product_reg_39_
a25_multiply_0 cell product_reg[40] product_reg_40_
a25_multiply_0 cell product_reg[41] product_reg_41_
a25_multiply_0 cell product_reg[42] product_reg_42_
a25_multiply_0 cell product_reg[43] product_reg_43_
a25_multiply_0 cell product_reg[45] product_reg_45_
a25_multiply_0 cell product_reg[47] product_reg_47_
a25_multiply_0 cell product_reg[48] product_reg_48_
a25_multiply_0 cell product_reg[49] product_reg_49_
a25_multiply_0 cell product_reg[50] product_reg_50_
a25_multiply_0 cell product_reg[51] product_reg_51_
a25_multiply_0 cell product_reg[52] product_reg_52_
a25_multiply_0 cell product_reg[53] product_reg_53_
a25_multiply_0 cell product_reg[54] product_reg_54_
a25_multiply_0 cell product_reg[55] product_reg_55_
a25_multiply_0 cell product_reg[56] product_reg_56_
a25_multiply_0 cell product_reg[57] product_reg_57_
a25_multiply_0 cell product_reg[58] product_reg_58_
a25_multiply_0 cell product_reg[60] product_reg_60_
a25_multiply_0 cell product_reg[61] product_reg_61_
a25_multiply_0 cell product_reg[63] product_reg_63_
a25_multiply_0 cell product_reg[64] product_reg_64_
a25_multiply_0 cell product_reg[19] product_reg_19_
a25_multiply_0 cell product_reg[4] product_reg_4_
a25_multiply_0 cell product_reg[44] product_reg_44_
a25_multiply_0 cell product_reg[59] product_reg_59_
a25_multiply_0 cell product_reg[66] product_reg_66_
a25_multiply_0 cell product_reg[67] product_reg_67_
a25_multiply_0 cell product_reg[32] product_reg_32_
a25_multiply_0 cell product_reg[29] product_reg_29_
a25_multiply_0 cell product_reg[65] product_reg_65_
a25_multiply_0 cell count_reg[3] count_reg_3_
a25_multiply_0 cell product_reg[20] product_reg_20_
a25_multiply_0 cell product_reg[3] product_reg_3_
a25_multiply_0 cell product_reg[46] product_reg_46_
a25_multiply_0 cell product_reg[62] product_reg_62_
a25_multiply_0 net N196 o_flags[0]
a25_multiply_0 net n1 n[1]
a25_multiply_0 net n2 n[2]
a25_multiply_0 net n3 n[3]
a25_multiply_0 net n4 n[4]
a25_multiply_0 net n5 n[5]
a25_multiply_0 net n6 n[6]
a25_multiply_0 net sum34_b[33] sum34_b_33_
